episode,path,player,side,won,player_winrate,opp_deck
90882616,/Users/nickzwart/Desktop/Palsystem 2/90882616.json,M Sato,1,1,0.6212,Ogerpon
90885979,/Users/nickzwart/Desktop/Palsystem 2/90885979.json,THIRD PTCG Club,0,0,0.5714,Ogerpon
90875034,/Users/nickzwart/Desktop/Palsystem 2/90875034.json,fishcat,1,0,0.4815,Ogerpon
90899503,/Users/nickzwart/Desktop/Palsystem 2/90899503.json,Challengestone,0,1,0.4419,Ogerpon
90901029,/Users/nickzwart/Desktop/Palsystem 2/90901029.json,齐乐,0,1,0.4322,Ogerpon
90890196,/Users/nickzwart/Desktop/Palsystem 2/90890196.json,M Sato,0,1,0.6212,Ogerpon
90892739,/Users/nickzwart/Desktop/Palsystem 2/90892739.json,AlphaStarmie,1,0,0.6129,Ogerpon
90904584,/Users/nickzwart/Desktop/Palsystem 2/90904584.json,vvs,1,1,0.5895,Ogerpon
90907145,/Users/nickzwart/Desktop/Palsystem 2/90907145.json,Team Rot-Weiß,1,1,0.528,other
90908005,/Users/nickzwart/Desktop/Palsystem 2/90908005.json,vvs,0,0,0.5895,Ogerpon
90908848,/Users/nickzwart/Desktop/Palsystem 2/90908848.json,MTADA,1,1,0.375,Ogerpon
91024153,/Users/nickzwart/Desktop/Palsystem 2/91024153.json,THIRD PTCG Club,0,1,0.5714,Ogerpon
91051900,/Users/nickzwart/Desktop/Palsystem 2/91051900.json,Petit Canard,1,1,0.697,Ogerpon
91143203,/Users/nickzwart/Desktop/Palsystem 2/91143203.json,AlphaStarmie,1,1,0.6129,Ogerpon
91545450,/Users/nickzwart/Desktop/Palsystem 2/91545450.json,AlphaStarmie,0,1,0.6129,Ogerpon
91153518,/Users/nickzwart/Desktop/8-8-2026/91153518.json,pokemon master,0,1,0.4865,Grimmsnarl
91153536,/Users/nickzwart/Desktop/8-8-2026/91153536.json,S4nkurero,0,1,0.5467,Grimmsnarl
91153603,/Users/nickzwart/Desktop/8-8-2026/91153603.json,Team Rot-Weiß,0,1,0.528,Grimmsnarl
91153661,/Users/nickzwart/Desktop/8-8-2026/91153661.json,haruto,1,1,0.4035,other
91153736,/Users/nickzwart/Desktop/8-8-2026/91153736.json,AlphaStarmie,0,1,0.6129,Grimmsnarl
91154436,/Users/nickzwart/Desktop/8-8-2026/91154436.json,pokemon master,1,1,0.4865,Dragapult
91154444,/Users/nickzwart/Desktop/8-8-2026/91154444.json,Juyong,0,0,0.4386,M-Lopunny
91154565,/Users/nickzwart/Desktop/8-8-2026/91154565.json,Can,0,1,0.4853,M-Kangaskhan
91154584,/Users/nickzwart/Desktop/8-8-2026/91154584.json,S4nkurero,1,0,0.5467,Hydrapple
91154707,/Users/nickzwart/Desktop/8-8-2026/91154707.json,S4nkurero,0,0,0.5467,M-Lucario
91154723,/Users/nickzwart/Desktop/8-8-2026/91154723.json,AlphaStarmie,1,0,0.6129,M-Kangaskhan
91154735,/Users/nickzwart/Desktop/8-8-2026/91154735.json,vvs,0,1,0.5895,M-Kangaskhan
91155420,/Users/nickzwart/Desktop/8-8-2026/91155420.json,pokemon master,1,0,0.4865,M-Kangaskhan
91155649,/Users/nickzwart/Desktop/8-8-2026/91155649.json,MR.h,0,0,0.5395,Grimmsnarl
91156292,/Users/nickzwart/Desktop/8-8-2026/91156292.json,Can,0,0,0.4853,Garchomp
91156309,/Users/nickzwart/Desktop/8-8-2026/91156309.json,pokemon master,0,1,0.4865,Grimmsnarl
91156323,/Users/nickzwart/Desktop/8-8-2026/91156323.json,S4nkurero,0,1,0.5467,Grimmsnarl
91156339,/Users/nickzwart/Desktop/8-8-2026/91156339.json,Can,1,1,0.4853,Grimmsnarl
91156479,/Users/nickzwart/Desktop/8-8-2026/91156479.json,ANDPAD kaggler team,0,0,0.5612,M-Lucario
91157313,/Users/nickzwart/Desktop/8-8-2026/91157313.json,What Lucario,0,1,0.5789,M-Lopunny
91157371,/Users/nickzwart/Desktop/8-8-2026/91157371.json,齐乐,1,0,0.4322,M-Lucario
91157181,/Users/nickzwart/Desktop/8-8-2026/91157181.json,pokemon master,1,0,0.4865,M-Lopunny
91157212,/Users/nickzwart/Desktop/8-8-2026/91157212.json,S4nkurero,1,0,0.5467,Grimmsnarl
91158020,/Users/nickzwart/Desktop/8-8-2026/91158020.json,Team,0,1,0.5161,Grimmsnarl
91158075,/Users/nickzwart/Desktop/8-8-2026/91158075.json,Can,1,0,0.4853,Grimmsnarl
91158080,/Users/nickzwart/Desktop/8-8-2026/91158080.json,"Bart, Edwyn",0,1,0.5982,M-Lucario
91158092,/Users/nickzwart/Desktop/8-8-2026/91158092.json,fishcat,1,0,0.4815,M-Lopunny
91158098,/Users/nickzwart/Desktop/8-8-2026/91158098.json,S4nkurero,1,0,0.5467,M-Kangaskhan
91158182,/Users/nickzwart/Desktop/8-8-2026/91158182.json,"Bart, Edwyn",0,1,0.5982,Grimmsnarl
91158244,/Users/nickzwart/Desktop/8-8-2026/91158244.json,NorthStar,1,0,0.2778,Ogerpon
91158947,/Users/nickzwart/Desktop/8-8-2026/91158947.json,Team Rot-Weiß,0,1,0.528,Alakazam
91158947,/Users/nickzwart/Desktop/8-8-2026/91158947.json,pokemon master,1,0,0.4865,Alakazam
91158974,/Users/nickzwart/Desktop/8-8-2026/91158974.json,S4nkurero,0,1,0.5467,M-Lopunny
91159109,/Users/nickzwart/Desktop/8-8-2026/91159109.json,S4nkurero,1,1,0.5467,Grimmsnarl
91159756,/Users/nickzwart/Desktop/8-8-2026/91159756.json,TMMT,0,1,0.5556,Grimmsnarl
91159774,/Users/nickzwart/Desktop/8-8-2026/91159774.json,Team Rot-Weiß,1,0,0.528,Ogerpon
91159826,/Users/nickzwart/Desktop/8-8-2026/91159826.json,Pushu?,0,1,0.4328,M-Lopunny
91159836,/Users/nickzwart/Desktop/8-8-2026/91159836.json,pokemon master,1,0,0.4865,Ogerpon
91159867,/Users/nickzwart/Desktop/8-8-2026/91159867.json,S4nkurero,0,0,0.5467,Garchomp
91160673,/Users/nickzwart/Desktop/8-8-2026/91160673.json,Challengestone,1,1,0.4419,M-Lopunny
91160705,/Users/nickzwart/Desktop/8-8-2026/91160705.json,S4nkurero,0,1,0.5467,Grimmsnarl
91160731,/Users/nickzwart/Desktop/8-8-2026/91160731.json,pokemon master,0,0,0.4865,Grimmsnarl
91160794,/Users/nickzwart/Desktop/8-8-2026/91160794.json,ei1333,1,0,0.5349,M-Lopunny
91161606,/Users/nickzwart/Desktop/8-8-2026/91161606.json,pokemon master,0,1,0.4865,Grimmsnarl
91161669,/Users/nickzwart/Desktop/8-8-2026/91161669.json,rhythm master,1,1,0.2857,M-Lopunny
91161696,/Users/nickzwart/Desktop/8-8-2026/91161696.json,Rmy,0,0,0.125,Crustle
91161521,/Users/nickzwart/Desktop/8-8-2026/91161521.json,Team,0,0,0.5161,Alakazam
91161521,/Users/nickzwart/Desktop/8-8-2026/91161521.json,TMMT,1,1,0.5556,Alakazam
91161715,/Users/nickzwart/Desktop/8-8-2026/91161715.json,What Lucario,1,1,0.5789,Grimmsnarl
91161781,/Users/nickzwart/Desktop/8-8-2026/91161781.json,Ghleii,0,1,0.5556,Grimmsnarl
91162326,/Users/nickzwart/Desktop/8-8-2026/91162326.json,NorthStar,1,1,0.2778,M-Lopunny
91162337,/Users/nickzwart/Desktop/8-8-2026/91162337.json,pokewaves,1,0,0.3889,Grimmsnarl
91162496,/Users/nickzwart/Desktop/8-8-2026/91162496.json,pokemon master,0,1,0.4865,Hydrapple
91162502,/Users/nickzwart/Desktop/8-8-2026/91162502.json,S4nkurero,1,1,0.5467,M-Lopunny
91162504,/Users/nickzwart/Desktop/8-8-2026/91162504.json,vvs,0,0,0.5895,Garchomp
91163375,/Users/nickzwart/Desktop/8-8-2026/91163375.json,爆爆盛焼脂油麺,0,1,0.4944,Grimmsnarl
91163400,/Users/nickzwart/Desktop/8-8-2026/91163400.json,pokemon master,0,1,0.4865,M-Kangaskhan
91163249,/Users/nickzwart/Desktop/8-8-2026/91163249.json,fishcat,1,0,0.4815,Grimmsnarl
91163306,/Users/nickzwart/Desktop/8-8-2026/91163306.json,哈基米南北绿豆,1,0,0.5125,Dragapult
91163318,/Users/nickzwart/Desktop/8-8-2026/91163318.json,TMMT,1,0,0.5556,Grimmsnarl
91163327,/Users/nickzwart/Desktop/8-8-2026/91163327.json,Team Rot-Weiß,0,1,0.528,Grimmsnarl
91164278,/Users/nickzwart/Desktop/8-8-2026/91164278.json,pokemon master,0,0,0.4865,M-Lopunny
91164300,/Users/nickzwart/Desktop/8-8-2026/91164300.json,S4nkurero,1,0,0.5467,other
91164301,/Users/nickzwart/Desktop/8-8-2026/91164301.json,Rmy,1,0,0.125,Garchomp
91164302,/Users/nickzwart/Desktop/8-8-2026/91164302.json,What Lucario,0,0,0.5789,Grimmsnarl
91163495,/Users/nickzwart/Desktop/8-8-2026/91163495.json,Ghleii,0,1,0.5556,Grimmsnarl
91164159,/Users/nickzwart/Desktop/8-8-2026/91164159.json,ANDPAD kaggler team,0,0,0.5612,Ogerpon
91165078,/Users/nickzwart/Desktop/8-8-2026/91165078.json,TMMT,1,1,0.5556,Grimmsnarl
91165161,/Users/nickzwart/Desktop/8-8-2026/91165161.json,pokemon master,0,1,0.4865,Grimmsnarl
91165206,/Users/nickzwart/Desktop/8-8-2026/91165206.json,Juyong,0,1,0.4386,other
91165281,/Users/nickzwart/Desktop/8-8-2026/91165281.json,ei1333,0,0,0.5349,Grimmsnarl
91165952,/Users/nickzwart/Desktop/8-8-2026/91165952.json,TMMT,0,0,0.5556,Grimmsnarl
91166067,/Users/nickzwart/Desktop/8-8-2026/91166067.json,S4nkurero,1,1,0.5467,M-Lopunny
91166185,/Users/nickzwart/Desktop/8-8-2026/91166185.json,What Lucario,1,0,0.5789,Grimmsnarl
91166793,/Users/nickzwart/Desktop/8-8-2026/91166793.json,ei1333,1,0,0.5349,Ogerpon
91166906,/Users/nickzwart/Desktop/8-8-2026/91166906.json,pokemon master,0,0,0.4865,M-Kangaskhan
91166943,/Users/nickzwart/Desktop/8-8-2026/91166943.json,S4nkurero,0,1,0.5467,M-Lucario
91167019,/Users/nickzwart/Desktop/8-8-2026/91167019.json,"Bart, Edwyn",1,1,0.5982,M-Kangaskhan
91167606,/Users/nickzwart/Desktop/8-8-2026/91167606.json,"kenkoooo @ estie, inc.",1,0,0.4154,Dudunsparce
91167619,/Users/nickzwart/Desktop/8-8-2026/91167619.json,隔壁老王,1,0,0.3125,Grimmsnarl
91167799,/Users/nickzwart/Desktop/8-8-2026/91167799.json,齐乐,1,0,0.4322,M-Lopunny
91167857,/Users/nickzwart/Desktop/8-8-2026/91167857.json,Rmy,0,0,0.125,M-Lopunny
91167878,/Users/nickzwart/Desktop/8-8-2026/91167878.json,pokemon master,1,1,0.4865,Grimmsnarl
91167892,/Users/nickzwart/Desktop/8-8-2026/91167892.json,S4nkurero,1,0,0.5467,Ogerpon
91167905,/Users/nickzwart/Desktop/8-8-2026/91167905.json,Can,0,1,0.4853,M-Lopunny
91168479,/Users/nickzwart/Desktop/8-8-2026/91168479.json,Team Rot-Weiß,0,0,0.528,Grimmsnarl
91168673,/Users/nickzwart/Desktop/8-8-2026/91168673.json,MR.h,0,1,0.5395,M-Lopunny
91168706,/Users/nickzwart/Desktop/8-8-2026/91168706.json,S4nkurero,0,0,0.5467,M-Kangaskhan
91168737,/Users/nickzwart/Desktop/8-8-2026/91168737.json,hotpotbro,1,0,0.2609,Grimmsnarl
91169603,/Users/nickzwart/Desktop/8-8-2026/91169603.json,Team Rot-Weiß,0,1,0.528,Grimmsnarl
91169344,/Users/nickzwart/Desktop/8-8-2026/91169344.json,MTADA,1,1,0.375,M-Kangaskhan
91169453,/Users/nickzwart/Desktop/8-8-2026/91169453.json,S4nkurero,0,1,0.5467,Ogerpon
91169465,/Users/nickzwart/Desktop/8-8-2026/91169465.json,ANDPAD kaggler team,0,0,0.5612,Dragapult
91169536,/Users/nickzwart/Desktop/8-8-2026/91169536.json,Rmy,0,0,0.125,M-Lopunny
91169555,/Users/nickzwart/Desktop/8-8-2026/91169555.json,pokemon master,0,0,0.4865,Dudunsparce
91169580,/Users/nickzwart/Desktop/8-8-2026/91169580.json,S4nkurero,1,0,0.5467,Ogerpon
91170291,/Users/nickzwart/Desktop/8-8-2026/91170291.json,Ghleii,0,1,0.5556,Grimmsnarl
91170410,/Users/nickzwart/Desktop/8-8-2026/91170410.json,pokemon master,1,1,0.4865,M-Lopunny
91170423,/Users/nickzwart/Desktop/8-8-2026/91170423.json,Team,0,1,0.5161,M-Lopunny
91170468,/Users/nickzwart/Desktop/8-8-2026/91170468.json,S4nkurero,0,0,0.5467,Alakazam
91170468,/Users/nickzwart/Desktop/8-8-2026/91170468.json,masspeaks,1,1,0.4757,Alakazam
91171307,/Users/nickzwart/Desktop/8-8-2026/91171307.json,pokemon master,0,1,0.4865,M-Lopunny
91171354,/Users/nickzwart/Desktop/8-8-2026/91171354.json,S4nkurero,0,1,0.5467,other
91172032,/Users/nickzwart/Desktop/8-8-2026/91172032.json,"kenkoooo @ estie, inc.",1,1,0.4154,M-Lucario
91172081,/Users/nickzwart/Desktop/8-8-2026/91172081.json,What Lucario,1,0,0.5789,Grimmsnarl
91172210,/Users/nickzwart/Desktop/8-8-2026/91172210.json,Can,0,1,0.4853,M-Lopunny
91172229,/Users/nickzwart/Desktop/8-8-2026/91172229.json,S4nkurero,1,1,0.5467,M-Kangaskhan
91172991,/Users/nickzwart/Desktop/8-8-2026/91172991.json,Jonathan Coletti,0,1,0.6226,Grimmsnarl
91173022,/Users/nickzwart/Desktop/8-8-2026/91173022.json,Luca,0,1,0.4,Ogerpon
91173073,/Users/nickzwart/Desktop/8-8-2026/91173073.json,pokemon master,1,0,0.4865,M-Kangaskhan
91172867,/Users/nickzwart/Desktop/8-8-2026/91172867.json,爆爆盛焼脂油麺,0,0,0.4944,Dragapult
91173960,/Users/nickzwart/Desktop/8-8-2026/91173960.json,Can,1,0,0.4853,Grimmsnarl
91173964,/Users/nickzwart/Desktop/8-8-2026/91173964.json,pokemon master,1,1,0.4865,Grimmsnarl
91173099,/Users/nickzwart/Desktop/8-8-2026/91173099.json,S4nkurero,0,1,0.5467,Dudunsparce
91173739,/Users/nickzwart/Desktop/8-8-2026/91173739.json,wkonishi,0,1,0.5103,Dragapult
91173760,/Users/nickzwart/Desktop/8-8-2026/91173760.json,bono,1,0,0.1905,Grimmsnarl
91174837,/Users/nickzwart/Desktop/8-8-2026/91174837.json,pokemon master,0,0,0.4865,Grimmsnarl
91174872,/Users/nickzwart/Desktop/8-8-2026/91174872.json,S4nkurero,1,1,0.5467,M-Lopunny
91174893,/Users/nickzwart/Desktop/8-8-2026/91174893.json,AdrianWang2003,0,0,0.2667,Grimmsnarl
91174930,/Users/nickzwart/Desktop/8-8-2026/91174930.json,AlphaStarmie,1,0,0.6129,Grimmsnarl
91175494,/Users/nickzwart/Desktop/8-8-2026/91175494.json,Magist,0,1,0.5484,M-Lopunny
91175525,/Users/nickzwart/Desktop/8-8-2026/91175525.json,ei1333,1,1,0.5349,Grimmsnarl
91175574,/Users/nickzwart/Desktop/8-8-2026/91175574.json,wkonishi,0,1,0.5103,Grimmsnarl
91175610,/Users/nickzwart/Desktop/8-8-2026/91175610.json,齐乐,1,0,0.4322,Dragapult
91175709,/Users/nickzwart/Desktop/8-8-2026/91175709.json,pokemon master,0,1,0.4865,Grimmsnarl
91175721,/Users/nickzwart/Desktop/8-8-2026/91175721.json,Can,0,0,0.4853,Alakazam
91175721,/Users/nickzwart/Desktop/8-8-2026/91175721.json,Juyong,1,1,0.4386,Alakazam
91175771,/Users/nickzwart/Desktop/8-8-2026/91175771.json,Team,1,1,0.5161,M-Froslass
91176420,/Users/nickzwart/Desktop/8-8-2026/91176420.json,齐乐,1,0,0.4322,Grimmsnarl
91176464,/Users/nickzwart/Desktop/8-8-2026/91176464.json,Team Rot-Weiß,0,0,0.528,Grimmsnarl
91176549,/Users/nickzwart/Desktop/8-8-2026/91176549.json,NorthStar,1,0,0.2778,Grimmsnarl
91176569,/Users/nickzwart/Desktop/8-8-2026/91176569.json,pokemon master,1,1,0.4865,Dragapult
91176633,/Users/nickzwart/Desktop/8-8-2026/91176633.json,masspeaks,0,1,0.4757,Garchomp
91176639,/Users/nickzwart/Desktop/8-8-2026/91176639.json,S4nkurero,0,1,0.5467,Ogerpon
91176702,/Users/nickzwart/Desktop/8-8-2026/91176702.json,haruto,1,0,0.4035,Hydrapple
91177258,/Users/nickzwart/Desktop/8-8-2026/91177258.json,Magist,1,0,0.5484,Dragapult
91177341,/Users/nickzwart/Desktop/8-8-2026/91177341.json,wkonishi,0,1,0.5103,M-Kangaskhan
91178113,/Users/nickzwart/Desktop/8-8-2026/91178113.json,wkonishi,1,1,0.5103,Ogerpon
91178149,/Users/nickzwart/Desktop/8-8-2026/91178149.json,Magist,1,0,0.5484,Grimmsnarl
91178190,/Users/nickzwart/Desktop/8-8-2026/91178190.json,哈基米南北绿豆,0,0,0.5125,Grimmsnarl
91177488,/Users/nickzwart/Desktop/8-8-2026/91177488.json,pokemon master,0,1,0.4865,Grimmsnarl
91177495,/Users/nickzwart/Desktop/8-8-2026/91177495.json,Can,1,1,0.4853,Grimmsnarl
91177526,/Users/nickzwart/Desktop/8-8-2026/91177526.json,redblackbst,0,0,0.3125,Alakazam
91177526,/Users/nickzwart/Desktop/8-8-2026/91177526.json,S4nkurero,1,1,0.5467,Alakazam
91178248,/Users/nickzwart/Desktop/8-8-2026/91178248.json,齐乐,1,1,0.4322,Ogerpon
91178268,/Users/nickzwart/Desktop/8-8-2026/91178268.json,AlphaStarmie,0,0,0.6129,Dragapult
91178291,/Users/nickzwart/Desktop/8-8-2026/91178291.json,fishcat,1,1,0.4815,Ogerpon
91178332,/Users/nickzwart/Desktop/8-8-2026/91178332.json,pokemon master,0,1,0.4865,Ogerpon
91178401,/Users/nickzwart/Desktop/8-8-2026/91178401.json,Evgeniy Zdoronok,0,0,0.5789,Alakazam
91178401,/Users/nickzwart/Desktop/8-8-2026/91178401.json,Team Rot-Weiß,1,1,0.528,Alakazam
91178410,/Users/nickzwart/Desktop/8-8-2026/91178410.json,S4nkurero,0,0,0.5467,Alakazam
91178410,/Users/nickzwart/Desktop/8-8-2026/91178410.json,ei1333,1,1,0.5349,Alakazam
91179305,/Users/nickzwart/Desktop/8-8-2026/91179305.json,S4nkurero,0,0,0.5467,M-Kangaskhan
91179343,/Users/nickzwart/Desktop/8-8-2026/91179343.json,haruto,0,1,0.4035,M-Lopunny
91179944,/Users/nickzwart/Desktop/8-8-2026/91179944.json,Magist,0,1,0.5484,M-Kangaskhan
91179102,/Users/nickzwart/Desktop/8-8-2026/91179102.json,Pokemon Fan,1,1,0.5417,M-Lopunny
91179105,/Users/nickzwart/Desktop/8-8-2026/91179105.json,ANDPAD kaggler team,0,1,0.5612,M-Kangaskhan
91179131,/Users/nickzwart/Desktop/8-8-2026/91179131.json,NorthStar,1,0,0.2778,Grimmsnarl
91179132,/Users/nickzwart/Desktop/8-8-2026/91179132.json,fishcat,0,1,0.4815,Alakazam
91179132,/Users/nickzwart/Desktop/8-8-2026/91179132.json,wkonishi,1,0,0.5103,Alakazam
91179139,/Users/nickzwart/Desktop/8-8-2026/91179139.json,Juyong,0,0,0.4386,Grimmsnarl
91179270,/Users/nickzwart/Desktop/8-8-2026/91179270.json,Mearyl,0,0,0.3913,Alakazam
91179270,/Users/nickzwart/Desktop/8-8-2026/91179270.json,Can,1,1,0.4853,Alakazam
91179271,/Users/nickzwart/Desktop/8-8-2026/91179271.json,Juyong,0,0,0.4386,Alakazam
91179271,/Users/nickzwart/Desktop/8-8-2026/91179271.json,pokemon master,1,1,0.4865,Alakazam
91179065,/Users/nickzwart/Desktop/8-8-2026/91179065.json,Magist,1,1,0.5484,M-Lopunny
91179992,/Users/nickzwart/Desktop/8-8-2026/91179992.json,Jonathan Coletti,1,1,0.6226,Crustle
91180026,/Users/nickzwart/Desktop/8-8-2026/91180026.json,wkonishi,0,1,0.5103,M-Kangaskhan
91180047,/Users/nickzwart/Desktop/8-8-2026/91180047.json,哈基米南北绿豆,1,0,0.5125,Ogerpon
91180146,/Users/nickzwart/Desktop/8-8-2026/91180146.json,vvs,0,1,0.5895,Alakazam
91180146,/Users/nickzwart/Desktop/8-8-2026/91180146.json,pokemon master,1,0,0.4865,Alakazam
91180239,/Users/nickzwart/Desktop/8-8-2026/91180239.json,宝糕手,1,0,0.5128,Grimmsnarl
91180806,/Users/nickzwart/Desktop/8-8-2026/91180806.json,Luca,1,0,0.4,Grimmsnarl
91180845,/Users/nickzwart/Desktop/8-8-2026/91180845.json,Magist,0,1,0.5484,Grimmsnarl
91180851,/Users/nickzwart/Desktop/8-8-2026/91180851.json,masspeaks,0,0,0.4757,Hydrapple
91180893,/Users/nickzwart/Desktop/8-8-2026/91180893.json,MTADA,1,0,0.375,Grimmsnarl
91180898,/Users/nickzwart/Desktop/8-8-2026/91180898.json,Pokemon Fan,1,1,0.5417,M-Kangaskhan
91180915,/Users/nickzwart/Desktop/8-8-2026/91180915.json,Magist,0,0,0.5484,Grimmsnarl
91180923,/Users/nickzwart/Desktop/8-8-2026/91180923.json,隔壁老王,0,0,0.3125,Grimmsnarl
91180926,/Users/nickzwart/Desktop/8-8-2026/91180926.json,wkonishi,0,0,0.5103,M-Kangaskhan
91181051,/Users/nickzwart/Desktop/8-8-2026/91181051.json,pokemon master,0,0,0.4865,M-Lopunny
91181068,/Users/nickzwart/Desktop/8-8-2026/91181068.json,Can,0,0,0.4853,Alakazam
91181068,/Users/nickzwart/Desktop/8-8-2026/91181068.json,pokewaves,1,1,0.3889,Alakazam
91181746,/Users/nickzwart/Desktop/8-8-2026/91181746.json,Magist,1,0,0.5484,Grimmsnarl
91181946,/Users/nickzwart/Desktop/8-8-2026/91181946.json,Team,0,1,0.5161,Alakazam
91181946,/Users/nickzwart/Desktop/8-8-2026/91181946.json,pokemon master,1,0,0.4865,Alakazam
91182627,/Users/nickzwart/Desktop/8-8-2026/91182627.json,pokemon master,1,0,0.4865,Dragapult
91182661,/Users/nickzwart/Desktop/8-8-2026/91182661.json,fishcat,1,0,0.4815,Grimmsnarl
91182686,/Users/nickzwart/Desktop/8-8-2026/91182686.json,NorthStar,0,0,0.2778,Grimmsnarl
91182706,/Users/nickzwart/Desktop/8-8-2026/91182706.json,Team,0,0,0.5161,Grimmsnarl
91182731,/Users/nickzwart/Desktop/8-8-2026/91182731.json,ANDPAD kaggler team,1,0,0.5612,Dragapult
91182788,/Users/nickzwart/Desktop/8-8-2026/91182788.json,Luca,1,0,0.4,Dragapult
91182799,/Users/nickzwart/Desktop/8-8-2026/91182799.json,vvs,1,1,0.5895,M-Lopunny
91181836,/Users/nickzwart/Desktop/8-8-2026/91181836.json,爆爆盛焼脂油麺,0,0,0.4944,Dragapult
91183457,/Users/nickzwart/Desktop/8-8-2026/91183457.json,fishcat,1,1,0.4815,Grimmsnarl
91183516,/Users/nickzwart/Desktop/8-8-2026/91183516.json,ANDPAD kaggler team,0,0,0.5612,Dragapult
91183583,/Users/nickzwart/Desktop/8-8-2026/91183583.json,Luca,0,1,0.4,Grimmsnarl
91183672,/Users/nickzwart/Desktop/8-8-2026/91183672.json,Team Rot-Weiß,1,1,0.528,Grimmsnarl
91183676,/Users/nickzwart/Desktop/8-8-2026/91183676.json,Team,0,0,0.5161,Grimmsnarl
91184424,/Users/nickzwart/Desktop/8-8-2026/91184424.json,Evgeniy Zdoronok,1,0,0.5789,M-Lopunny
91184454,/Users/nickzwart/Desktop/8-8-2026/91184454.json,S4nkurero,1,0,0.5467,Grimmsnarl
91184473,/Users/nickzwart/Desktop/8-8-2026/91184473.json,haruto,0,0,0.4035,Alakazam
91184473,/Users/nickzwart/Desktop/8-8-2026/91184473.json,wkonishi,1,1,0.5103,Alakazam
91186155,/Users/nickzwart/Desktop/8-8-2026/91186155.json,Juyong,0,1,0.4386,Alakazam
91186155,/Users/nickzwart/Desktop/8-8-2026/91186155.json,Magist,1,0,0.5484,Alakazam
91186225,/Users/nickzwart/Desktop/8-8-2026/91186225.json,Magist,0,1,0.5484,Grimmsnarl
91185398,/Users/nickzwart/Desktop/8-8-2026/91185398.json,哈基米南北绿豆,0,1,0.5125,Ogerpon
91186229,/Users/nickzwart/Desktop/8-8-2026/91186229.json,aaa,1,0,0.6279,Grimmsnarl
91186254,/Users/nickzwart/Desktop/8-8-2026/91186254.json,wkonishi,0,0,0.5103,Grimmsnarl
91186268,/Users/nickzwart/Desktop/8-8-2026/91186268.json,Evgeniy Zdoronok,0,0,0.5789,Grimmsnarl
91186291,/Users/nickzwart/Desktop/8-8-2026/91186291.json,"Bart, Edwyn",1,0,0.5982,Grimmsnarl
91186297,/Users/nickzwart/Desktop/8-8-2026/91186297.json,masspeaks,0,1,0.4757,Ogerpon
91186925,/Users/nickzwart/Desktop/8-8-2026/91186925.json,Magist,1,1,0.5484,Grimmsnarl
91186975,/Users/nickzwart/Desktop/8-8-2026/91186975.json,ei1333,0,1,0.5349,Grimmsnarl
91187132,/Users/nickzwart/Desktop/8-8-2026/91187132.json,齐乐,1,0,0.4322,Dragapult
91187150,/Users/nickzwart/Desktop/8-8-2026/91187150.json,wkonishi,1,0,0.5103,Grimmsnarl
91187983,/Users/nickzwart/Desktop/8-8-2026/91187983.json,masspeaks,1,1,0.4757,Ogerpon
91188784,/Users/nickzwart/Desktop/8-8-2026/91188784.json,masspeaks,0,0,0.4757,Alakazam
91188784,/Users/nickzwart/Desktop/8-8-2026/91188784.json,What Lucario,1,1,0.5789,Alakazam
91188053,/Users/nickzwart/Desktop/8-8-2026/91188053.json,Pushu?,0,1,0.4328,Ogerpon
91189038,/Users/nickzwart/Desktop/8-8-2026/91189038.json,"Bart, Edwyn",1,1,0.5982,Grimmsnarl
91189672,/Users/nickzwart/Desktop/8-8-2026/91189672.json,fishcat,0,1,0.4815,Hydrapple
91189731,/Users/nickzwart/Desktop/8-8-2026/91189731.json,masspeaks,0,1,0.4757,M-Lopunny
91190561,/Users/nickzwart/Desktop/8-8-2026/91190561.json,masspeaks,1,0,0.4757,M-Lopunny
91190681,/Users/nickzwart/Desktop/8-8-2026/91190681.json,哈基米南北绿豆,1,0,0.5125,Dragapult
91190787,/Users/nickzwart/Desktop/8-8-2026/91190787.json,爆爆盛焼脂油麺,1,1,0.4944,other
91191319,/Users/nickzwart/Desktop/8-8-2026/91191319.json,masspeaks,0,1,0.4757,Alakazam
91191319,/Users/nickzwart/Desktop/8-8-2026/91191319.json,pokewaves,1,0,0.3889,Alakazam
91191335,/Users/nickzwart/Desktop/8-8-2026/91191335.json,Luca,0,0,0.4,Grimmsnarl
91191468,/Users/nickzwart/Desktop/8-8-2026/91191468.json,Magist,1,0,0.5484,Grimmsnarl
91192316,/Users/nickzwart/Desktop/8-8-2026/91192316.json,masspeaks,1,1,0.4757,Grimmsnarl
91192342,/Users/nickzwart/Desktop/8-8-2026/91192342.json,Magist,1,0,0.5484,M-Lopunny
91192358,/Users/nickzwart/Desktop/8-8-2026/91192358.json,Magist,0,1,0.5484,M-Kangaskhan
91193220,/Users/nickzwart/Desktop/8-8-2026/91193220.json,masspeaks,1,1,0.4757,Ogerpon
91193257,/Users/nickzwart/Desktop/8-8-2026/91193257.json,Magist,1,1,0.5484,Crustle
91194116,/Users/nickzwart/Desktop/8-8-2026/91194116.json,Mearyl,1,0,0.3913,M-Kangaskhan
91194128,/Users/nickzwart/Desktop/8-8-2026/91194128.json,wkonishi,1,0,0.5103,M-Kangaskhan
91194216,/Users/nickzwart/Desktop/8-8-2026/91194216.json,Magist,1,1,0.5484,Grimmsnarl
91193285,/Users/nickzwart/Desktop/8-8-2026/91193285.json,爆爆盛焼脂油麺,1,0,0.4944,Grimmsnarl
91196036,/Users/nickzwart/Desktop/8-8-2026/91196036.json,S4nkurero,0,1,0.5467,Ogerpon
91194977,/Users/nickzwart/Desktop/8-8-2026/91194977.json,masspeaks,0,1,0.4757,M-Kangaskhan
91195057,/Users/nickzwart/Desktop/8-8-2026/91195057.json,hotpotbro,0,0,0.2609,Grimmsnarl
91197626,/Users/nickzwart/Desktop/8-8-2026/91197626.json,masspeaks,1,1,0.4757,Crustle
91197632,/Users/nickzwart/Desktop/8-8-2026/91197632.json,hotpotbro,0,1,0.2609,M-Lucario
91197670,/Users/nickzwart/Desktop/8-8-2026/91197670.json,Magist,0,0,0.5484,Grimmsnarl
91197677,/Users/nickzwart/Desktop/8-8-2026/91197677.json,pokemon master,1,0,0.4865,M-Kangaskhan
91198561,/Users/nickzwart/Desktop/8-8-2026/91198561.json,Magist,1,1,0.5484,M-Lopunny
91198615,/Users/nickzwart/Desktop/8-8-2026/91198615.json,pokewaves,0,1,0.3889,Grimmsnarl
91196596,/Users/nickzwart/Desktop/8-8-2026/91196596.json,miya,0,1,0.5179,M-Lopunny
91196710,/Users/nickzwart/Desktop/8-8-2026/91196710.json,Team Rot-Weiß,1,0,0.528,Dragapult
91196758,/Users/nickzwart/Desktop/8-8-2026/91196758.json,"Bart, Edwyn",1,0,0.5982,Grimmsnarl
91196908,/Users/nickzwart/Desktop/8-8-2026/91196908.json,哈基米南北绿豆,0,1,0.5125,Alakazam
91196908,/Users/nickzwart/Desktop/8-8-2026/91196908.json,wkonishi,1,0,0.5103,Alakazam
91197490,/Users/nickzwart/Desktop/8-8-2026/91197490.json,miya,0,1,0.5179,Garchomp
91198378,/Users/nickzwart/Desktop/8-8-2026/91198378.json,Jonathan Coletti,0,0,0.6226,Ogerpon
91198517,/Users/nickzwart/Desktop/8-8-2026/91198517.json,masspeaks,0,0,0.4757,Alakazam
91198517,/Users/nickzwart/Desktop/8-8-2026/91198517.json,pokemon master,1,1,0.4865,Alakazam
91199264,/Users/nickzwart/Desktop/8-8-2026/91199264.json,哈基米南北绿豆,1,0,0.5125,Ogerpon
91199396,/Users/nickzwart/Desktop/8-8-2026/91199396.json,masspeaks,0,0,0.4757,Alakazam
91199396,/Users/nickzwart/Desktop/8-8-2026/91199396.json,S4nkurero,1,1,0.5467,Alakazam
91199431,/Users/nickzwart/Desktop/8-8-2026/91199431.json,哈基米南北绿豆,1,1,0.5125,Hydrapple
91199554,/Users/nickzwart/Desktop/8-8-2026/91199554.json,MR.h,0,1,0.5395,M-Lopunny
91200101,/Users/nickzwart/Desktop/8-8-2026/91200101.json,Magist,0,1,0.5484,Ogerpon
91201095,/Users/nickzwart/Desktop/8-8-2026/91201095.json,What Lucario,0,1,0.5789,Grimmsnarl
91201173,/Users/nickzwart/Desktop/8-8-2026/91201173.json,masspeaks,0,0,0.4757,Grimmsnarl
91201177,/Users/nickzwart/Desktop/8-8-2026/91201177.json,aaa,1,0,0.6279,M-Lucario
91201197,/Users/nickzwart/Desktop/8-8-2026/91201197.json,Magist,0,1,0.5484,Grimmsnarl
91200227,/Users/nickzwart/Desktop/8-8-2026/91200227.json,ANDPAD kaggler team,0,1,0.5612,Dragapult
91200256,/Users/nickzwart/Desktop/8-8-2026/91200256.json,masspeaks,0,1,0.4757,Alakazam
91200256,/Users/nickzwart/Desktop/8-8-2026/91200256.json,pokemon master,1,0,0.4865,Alakazam
91200354,/Users/nickzwart/Desktop/8-8-2026/91200354.json,Team Rot-Weiß,0,0,0.528,Grimmsnarl
91201921,/Users/nickzwart/Desktop/8-8-2026/91201921.json,Team Rot-Weiß,1,1,0.528,Ogerpon
91202065,/Users/nickzwart/Desktop/8-8-2026/91202065.json,masspeaks,1,1,0.4757,Dudunsparce
91202946,/Users/nickzwart/Desktop/8-8-2026/91202946.json,masspeaks,1,1,0.4757,M-Kangaskhan
91202207,/Users/nickzwart/Desktop/8-8-2026/91202207.json,Can,1,1,0.4853,Hydrapple
91203844,/Users/nickzwart/Desktop/8-8-2026/91203844.json,masspeaks,0,0,0.4757,Grimmsnarl
91203862,/Users/nickzwart/Desktop/8-8-2026/91203862.json,Magist,0,1,0.5484,Grimmsnarl
91203653,/Users/nickzwart/Desktop/8-8-2026/91203653.json,Evgeniy Zdoronok,1,1,0.5789,Grimmsnarl
91203669,/Users/nickzwart/Desktop/8-8-2026/91203669.json,pokewaves,1,0,0.3889,Grimmsnarl
91203730,/Users/nickzwart/Desktop/8-8-2026/91203730.json,Lunariz,0,1,0.5854,Ogerpon
91203826,/Users/nickzwart/Desktop/8-8-2026/91203826.json,哈基米南北绿豆,0,1,0.5125,Dragapult
91204723,/Users/nickzwart/Desktop/8-8-2026/91204723.json,masspeaks,1,1,0.4757,M-Kangaskhan
91204830,/Users/nickzwart/Desktop/8-8-2026/91204830.json,vvs,0,1,0.5895,Hydrapple
91205629,/Users/nickzwart/Desktop/8-8-2026/91205629.json,haruto,1,1,0.4035,M-Lucario
91205640,/Users/nickzwart/Desktop/8-8-2026/91205640.json,Magist,0,0,0.5484,Grimmsnarl
91205646,/Users/nickzwart/Desktop/8-8-2026/91205646.json,齐乐,1,0,0.4322,Hydrapple
91205749,/Users/nickzwart/Desktop/8-8-2026/91205749.json,Can,0,0,0.4853,Grimmsnarl
91206356,/Users/nickzwart/Desktop/8-8-2026/91206356.json,vvs,1,0,0.5895,Ogerpon
91206499,/Users/nickzwart/Desktop/8-8-2026/91206499.json,哈基米南北绿豆,1,0,0.5125,Dragapult
91206504,/Users/nickzwart/Desktop/8-8-2026/91206504.json,masspeaks,0,0,0.4757,Dragapult
91206524,/Users/nickzwart/Desktop/8-8-2026/91206524.json,Magist,1,1,0.5484,Meganium
91206528,/Users/nickzwart/Desktop/8-8-2026/91206528.json,pokemon master,0,0,0.4865,Hydrapple
91207336,/Users/nickzwart/Desktop/8-8-2026/91207336.json,Jonathan Coletti,0,1,0.6226,M-Lopunny
91207393,/Users/nickzwart/Desktop/8-8-2026/91207393.json,齐乐,0,1,0.4322,Dragapult
91207399,/Users/nickzwart/Desktop/8-8-2026/91207399.json,masspeaks,0,1,0.4757,M-Lopunny
91207416,/Users/nickzwart/Desktop/8-8-2026/91207416.json,Magist,1,1,0.5484,Ogerpon
91208040,/Users/nickzwart/Desktop/8-8-2026/91208040.json,哈基米南北绿豆,0,1,0.5125,Hydrapple
91208102,/Users/nickzwart/Desktop/8-8-2026/91208102.json,ANDPAD kaggler team,0,1,0.5612,Grimmsnarl
91209017,/Users/nickzwart/Desktop/8-8-2026/91209017.json,hotpotbro,1,0,0.2609,Grimmsnarl
91208287,/Users/nickzwart/Desktop/8-8-2026/91208287.json,masspeaks,1,1,0.4757,M-Kangaskhan
91209102,/Users/nickzwart/Desktop/8-8-2026/91209102.json,Team,0,1,0.5161,Alakazam
91209102,/Users/nickzwart/Desktop/8-8-2026/91209102.json,masspeaks,1,0,0.4757,Alakazam
91209140,/Users/nickzwart/Desktop/8-8-2026/91209140.json,Magist,1,1,0.5484,M-Kangaskhan
91208298,/Users/nickzwart/Desktop/8-8-2026/91208298.json,Magist,1,0,0.5484,Garchomp
91209295,/Users/nickzwart/Desktop/8-8-2026/91209295.json,MTADA,0,1,0.375,Ogerpon
91209840,/Users/nickzwart/Desktop/8-8-2026/91209840.json,MR.h,0,1,0.5395,Alakazam
91209895,/Users/nickzwart/Desktop/8-8-2026/91209895.json,Team Rot-Weiß,0,1,0.528,Grimmsnarl
91210091,/Users/nickzwart/Desktop/8-8-2026/91210091.json,Ghleii,0,1,0.5556,Alakazam
91210091,/Users/nickzwart/Desktop/8-8-2026/91210091.json,Magist,1,0,0.5484,Alakazam
91210162,/Users/nickzwart/Desktop/8-8-2026/91210162.json,Team Rot-Weiß,0,0,0.528,Grimmsnarl
91210765,/Users/nickzwart/Desktop/8-8-2026/91210765.json,Jonathan Coletti,1,1,0.6226,M-Kangaskhan
91210838,/Users/nickzwart/Desktop/8-8-2026/91210838.json,haruto,1,1,0.4035,Ogerpon
91210970,/Users/nickzwart/Desktop/8-8-2026/91210970.json,masspeaks,0,0,0.4757,Alakazam
91210970,/Users/nickzwart/Desktop/8-8-2026/91210970.json,爆爆盛焼脂油麺,1,1,0.4944,Alakazam
91211015,/Users/nickzwart/Desktop/8-8-2026/91211015.json,Juyong,0,1,0.4386,Grimmsnarl
91211779,/Users/nickzwart/Desktop/8-8-2026/91211779.json,haruto,1,0,0.4035,Hydrapple
91211840,/Users/nickzwart/Desktop/8-8-2026/91211840.json,Team Rot-Weiß,1,0,0.528,Grimmsnarl
91212831,/Users/nickzwart/Desktop/8-8-2026/91212831.json,ANDPAD kaggler team,1,0,0.5612,M-Lucario
91213349,/Users/nickzwart/Desktop/8-8-2026/91213349.json,masspeaks,0,1,0.4757,M-Lucario
91214307,/Users/nickzwart/Desktop/8-8-2026/91214307.json,fishcat,0,1,0.4815,Dragapult
91214388,/Users/nickzwart/Desktop/8-8-2026/91214388.json,miya,0,1,0.5179,Ogerpon
91214409,/Users/nickzwart/Desktop/8-8-2026/91214409.json,Lunariz,0,1,0.5854,Alakazam
91214409,/Users/nickzwart/Desktop/8-8-2026/91214409.json,Team,1,0,0.5161,Alakazam
91212627,/Users/nickzwart/Desktop/8-8-2026/91212627.json,齐乐,0,0,0.4322,other
91212630,/Users/nickzwart/Desktop/8-8-2026/91212630.json,Lunariz,1,1,0.5854,M-Lopunny
91212674,/Users/nickzwart/Desktop/8-8-2026/91212674.json,bono,1,0,0.1905,M-Lopunny
91212793,/Users/nickzwart/Desktop/8-8-2026/91212793.json,S4nkurero,1,0,0.5467,Grimmsnarl
91213545,/Users/nickzwart/Desktop/8-8-2026/91213545.json,masspeaks,0,0,0.4757,Alakazam
91213545,/Users/nickzwart/Desktop/8-8-2026/91213545.json,Lunariz,1,1,0.5854,Alakazam
91213715,/Users/nickzwart/Desktop/8-8-2026/91213715.json,ANDPAD kaggler team,0,0,0.5612,Grimmsnarl
91214239,/Users/nickzwart/Desktop/8-8-2026/91214239.json,Lunariz,0,0,0.5854,M-Kangaskhan
91214440,/Users/nickzwart/Desktop/8-8-2026/91214440.json,Lunariz,0,1,0.5854,Hydrapple
91214561,/Users/nickzwart/Desktop/8-8-2026/91214561.json,"Bart, Edwyn",0,0,0.5982,Grimmsnarl
91215208,/Users/nickzwart/Desktop/8-8-2026/91215208.json,hotpotbro,0,1,0.2609,Hydrapple
91215237,/Users/nickzwart/Desktop/8-8-2026/91215237.json,aaa,1,1,0.6279,Ogerpon
91215447,/Users/nickzwart/Desktop/8-8-2026/91215447.json,Can,1,1,0.4853,Ogerpon
91215482,/Users/nickzwart/Desktop/8-8-2026/91215482.json,Magist,0,0,0.5484,Grimmsnarl
91216046,/Users/nickzwart/Desktop/8-8-2026/91216046.json,Juyong,1,0,0.4386,Grimmsnarl
91216084,/Users/nickzwart/Desktop/8-8-2026/91216084.json,Pokemon Fan,1,0,0.5417,Grimmsnarl
91216112,/Users/nickzwart/Desktop/8-8-2026/91216112.json,Mearyl,0,1,0.3913,Dragapult
91216940,/Users/nickzwart/Desktop/8-8-2026/91216940.json,fishcat,1,0,0.4815,Grimmsnarl
91217137,/Users/nickzwart/Desktop/8-8-2026/91217137.json,Juyong,0,0,0.4386,Hydrapple
91216199,/Users/nickzwart/Desktop/8-8-2026/91216199.json,miya,1,1,0.5179,Ogerpon
91216228,/Users/nickzwart/Desktop/8-8-2026/91216228.json,Lunariz,1,0,0.5854,Grimmsnarl
91217808,/Users/nickzwart/Desktop/8-8-2026/91217808.json,Team Rot-Weiß,0,1,0.528,Dragapult
91217834,/Users/nickzwart/Desktop/8-8-2026/91217834.json,Pokemon Fan,1,0,0.5417,M-Lucario
91217969,/Users/nickzwart/Desktop/8-8-2026/91217969.json,haruto,1,1,0.4035,Ogerpon
91218781,/Users/nickzwart/Desktop/8-8-2026/91218781.json,miya,1,0,0.5179,Grimmsnarl
91218830,/Users/nickzwart/Desktop/8-8-2026/91218830.json,Juyong,0,1,0.4386,Crustle
91218855,/Users/nickzwart/Desktop/8-8-2026/91218855.json,Evgeniy Zdoronok,0,1,0.5789,Grimmsnarl
91218913,/Users/nickzwart/Desktop/8-8-2026/91218913.json,Lunariz,0,0,0.5854,Grimmsnarl
91219015,/Users/nickzwart/Desktop/8-8-2026/91219015.json,ANDPAD kaggler team,1,1,0.5612,Ogerpon
91218064,/Users/nickzwart/Desktop/8-8-2026/91218064.json,齐乐,1,0,0.4322,Hydrapple
91218098,/Users/nickzwart/Desktop/8-8-2026/91218098.json,wkonishi,0,1,0.5103,M-Kangaskhan
91218119,/Users/nickzwart/Desktop/8-8-2026/91218119.json,ei1333,0,1,0.5349,Alakazam
91218119,/Users/nickzwart/Desktop/8-8-2026/91218119.json,pokemon master,1,0,0.4865,Alakazam
91218698,/Users/nickzwart/Desktop/8-8-2026/91218698.json,Emre Cirak,1,0,0.4375,Dragapult
91219797,/Users/nickzwart/Desktop/8-8-2026/91219797.json,Team,0,1,0.5161,Alakazam
91219797,/Users/nickzwart/Desktop/8-8-2026/91219797.json,Lunariz,1,0,0.5854,Alakazam
91219807,/Users/nickzwart/Desktop/8-8-2026/91219807.json,haruto,0,0,0.4035,M-Lopunny
91219821,/Users/nickzwart/Desktop/8-8-2026/91219821.json,Lunariz,1,0,0.5854,Grimmsnarl
91219924,/Users/nickzwart/Desktop/8-8-2026/91219924.json,MTADA,1,1,0.375,Grimmsnarl
91219766,/Users/nickzwart/Desktop/8-8-2026/91219766.json,miya,0,0,0.5179,Alakazam
91219766,/Users/nickzwart/Desktop/8-8-2026/91219766.json,齐乐,1,1,0.4322,Alakazam
91220604,/Users/nickzwart/Desktop/8-8-2026/91220604.json,miya,1,1,0.5179,Grimmsnarl
91221680,/Users/nickzwart/Desktop/8-8-2026/91221680.json,齐乐,1,0,0.4322,Crustle
91220464,/Users/nickzwart/Desktop/8-8-2026/91220464.json,爆爆盛焼脂油麺,1,0,0.4944,M-Lopunny
91220530,/Users/nickzwart/Desktop/8-8-2026/91220530.json,Team,1,0,0.5161,M-Lucario
91221501,/Users/nickzwart/Desktop/8-8-2026/91221501.json,ANDPAD kaggler team,1,0,0.5612,Grimmsnarl
91221554,/Users/nickzwart/Desktop/8-8-2026/91221554.json,miya,0,1,0.5179,other
91221583,/Users/nickzwart/Desktop/8-8-2026/91221583.json,Lunariz,0,0,0.5854,M-Lopunny
91222348,/Users/nickzwart/Desktop/8-8-2026/91222348.json,哈基米南北绿豆,1,1,0.5125,M-Kangaskhan
91223397,/Users/nickzwart/Desktop/8-8-2026/91223397.json,miya,1,1,0.5179,Dragapult
91225048,/Users/nickzwart/Desktop/8-8-2026/91225048.json,bono,1,1,0.1905,Hydrapple
91225067,/Users/nickzwart/Desktop/8-8-2026/91225067.json,Jonathan Coletti,1,1,0.6226,Dragapult
91222552,/Users/nickzwart/Desktop/8-8-2026/91222552.json,pokewaves,1,1,0.3889,Grimmsnarl
91223188,/Users/nickzwart/Desktop/8-8-2026/91223188.json,ANDPAD kaggler team,1,0,0.5612,Grimmsnarl
91224234,/Users/nickzwart/Desktop/8-8-2026/91224234.json,Mearyl,0,0,0.3913,Dragapult
91224330,/Users/nickzwart/Desktop/8-8-2026/91224330.json,Luca,0,0,0.4,M-Lopunny
91225243,/Users/nickzwart/Desktop/8-8-2026/91225243.json,AlphaStarmie,0,1,0.6129,M-Lopunny
91225975,/Users/nickzwart/Desktop/8-8-2026/91225975.json,宝糕手,0,1,0.5128,Grimmsnarl
91226057,/Users/nickzwart/Desktop/8-8-2026/91226057.json,爆爆盛焼脂油麺,1,0,0.4944,Dragapult
91226705,/Users/nickzwart/Desktop/8-8-2026/91226705.json,miya,1,1,0.5179,M-Lopunny
91226778,/Users/nickzwart/Desktop/8-8-2026/91226778.json,Challengestone,0,0,0.4419,Grimmsnarl
91226995,/Users/nickzwart/Desktop/8-8-2026/91226995.json,MR.h,0,0,0.5395,Grimmsnarl
91227853,/Users/nickzwart/Desktop/8-8-2026/91227853.json,"Bart, Edwyn",0,1,0.5982,M-Kangaskhan
91228438,/Users/nickzwart/Desktop/8-8-2026/91228438.json,Evgeniy Zdoronok,0,1,0.5789,Alakazam
91228438,/Users/nickzwart/Desktop/8-8-2026/91228438.json,WU QIAN,1,0,0.4615,Alakazam
91228578,/Users/nickzwart/Desktop/8-8-2026/91228578.json,WU QIAN,0,1,0.4615,Dudunsparce
91227683,/Users/nickzwart/Desktop/8-8-2026/91227683.json,齐乐,0,1,0.4322,Alakazam
91227683,/Users/nickzwart/Desktop/8-8-2026/91227683.json,Challengestone,1,0,0.4419,Alakazam
91227786,/Users/nickzwart/Desktop/8-8-2026/91227786.json,哈基米南北绿豆,1,1,0.5125,Dudunsparce
91229464,/Users/nickzwart/Desktop/8-8-2026/91229464.json,masspeaks,1,1,0.4757,M-Lucario
91229514,/Users/nickzwart/Desktop/8-8-2026/91229514.json,Magist,1,0,0.5484,Dragapult
91229530,/Users/nickzwart/Desktop/8-8-2026/91229530.json,Pokemon Fan,1,0,0.5417,Grimmsnarl
91229582,/Users/nickzwart/Desktop/8-8-2026/91229582.json,pokemon master,0,0,0.4865,Alakazam
91229582,/Users/nickzwart/Desktop/8-8-2026/91229582.json,miya,1,1,0.5179,Alakazam
91229625,/Users/nickzwart/Desktop/8-8-2026/91229625.json,Magist,0,1,0.5484,M-Lopunny
91230185,/Users/nickzwart/Desktop/8-8-2026/91230185.json,Ghleii,0,1,0.5556,Ogerpon
91228587,/Users/nickzwart/Desktop/8-8-2026/91228587.json,宝糕手,0,0,0.5128,Alakazam
91228587,/Users/nickzwart/Desktop/8-8-2026/91228587.json,miya,1,1,0.5179,Alakazam
91229449,/Users/nickzwart/Desktop/8-8-2026/91229449.json,Challengestone,1,1,0.4419,Grimmsnarl
91230207,/Users/nickzwart/Desktop/8-8-2026/91230207.json,WU QIAN,0,1,0.4615,Grimmsnarl
91230348,/Users/nickzwart/Desktop/8-8-2026/91230348.json,Challengestone,0,1,0.4419,Dragapult
91230493,/Users/nickzwart/Desktop/8-8-2026/91230493.json,S4nkurero,1,1,0.5467,other
91232066,/Users/nickzwart/Desktop/8-8-2026/91232066.json,Lunariz,0,1,0.5854,Dragapult
91232079,/Users/nickzwart/Desktop/8-8-2026/91232079.json,masspeaks,1,0,0.4757,M-Kangaskhan
91232134,/Users/nickzwart/Desktop/8-8-2026/91232134.json,masspeaks,0,0,0.4757,M-Kangaskhan
91231098,/Users/nickzwart/Desktop/8-8-2026/91231098.json,WU QIAN,0,0,0.4615,Grimmsnarl
91231217,/Users/nickzwart/Desktop/8-8-2026/91231217.json,Team Rot-Weiß,0,1,0.528,Grimmsnarl
91231256,/Users/nickzwart/Desktop/8-8-2026/91231256.json,哈基米南北绿豆,0,1,0.5125,Grimmsnarl
91232873,/Users/nickzwart/Desktop/8-8-2026/91232873.json,WU QIAN,1,1,0.4615,Grimmsnarl
91232991,/Users/nickzwart/Desktop/8-8-2026/91232991.json,pokewaves,1,1,0.3889,Grimmsnarl
91233808,/Users/nickzwart/Desktop/8-8-2026/91233808.json,WU QIAN,1,1,0.4615,M-Lopunny
91233969,/Users/nickzwart/Desktop/8-8-2026/91233969.json,Evgeniy Zdoronok,1,0,0.5789,M-Lopunny
91234053,/Users/nickzwart/Desktop/8-8-2026/91234053.json,vvs,0,1,0.5895,Alakazam
91234053,/Users/nickzwart/Desktop/8-8-2026/91234053.json,哈基米南北绿豆,1,0,0.5125,Alakazam
91237240,/Users/nickzwart/Desktop/8-8-2026/91237240.json,miya,0,1,0.5179,Alakazam
91237240,/Users/nickzwart/Desktop/8-8-2026/91237240.json,Jonathan Coletti,1,0,0.6226,Alakazam
91237267,/Users/nickzwart/Desktop/8-8-2026/91237267.json,wkonishi,1,0,0.5103,Ogerpon
91237316,/Users/nickzwart/Desktop/8-8-2026/91237316.json,WU QIAN,0,1,0.4615,Alakazam
91237316,/Users/nickzwart/Desktop/8-8-2026/91237316.json,ei1333,1,0,0.5349,Alakazam
91234851,/Users/nickzwart/Desktop/8-8-2026/91234851.json,What Lucario,1,1,0.5789,Hydrapple
91235493,/Users/nickzwart/Desktop/8-8-2026/91235493.json,wkonishi,0,1,0.5103,Alakazam
91235493,/Users/nickzwart/Desktop/8-8-2026/91235493.json,爆爆盛焼脂油麺,1,0,0.4944,Alakazam
91237360,/Users/nickzwart/Desktop/8-8-2026/91237360.json,Juyong,0,1,0.4386,other
91234646,/Users/nickzwart/Desktop/8-8-2026/91234646.json,WU QIAN,0,0,0.4615,Garchomp
91236428,/Users/nickzwart/Desktop/8-8-2026/91236428.json,WU QIAN,0,0,0.4615,Dragapult
91236506,/Users/nickzwart/Desktop/8-8-2026/91236506.json,ANDPAD kaggler team,0,1,0.5612,Dragapult
91239054,/Users/nickzwart/Desktop/8-8-2026/91239054.json,wkonishi,0,1,0.5103,Grimmsnarl
91239088,/Users/nickzwart/Desktop/8-8-2026/91239088.json,WU QIAN,0,0,0.4615,Grimmsnarl
91239926,/Users/nickzwart/Desktop/8-8-2026/91239926.json,Jonathan Coletti,0,1,0.6226,M-Lopunny
91238141,/Users/nickzwart/Desktop/8-8-2026/91238141.json,Jonathan Coletti,0,1,0.6226,Alakazam
91238141,/Users/nickzwart/Desktop/8-8-2026/91238141.json,Ocyedwin,1,0,0.25,Alakazam
91238170,/Users/nickzwart/Desktop/8-8-2026/91238170.json,wkonishi,0,1,0.5103,Grimmsnarl
91238215,/Users/nickzwart/Desktop/8-8-2026/91238215.json,WU QIAN,0,1,0.4615,Hydrapple
91238352,/Users/nickzwart/Desktop/8-8-2026/91238352.json,masspeaks,1,0,0.4757,M-Kangaskhan
91238389,/Users/nickzwart/Desktop/8-8-2026/91238389.json,Evgeniy Zdoronok,1,0,0.5789,Grimmsnarl
91239039,/Users/nickzwart/Desktop/8-8-2026/91239039.json,haruto,0,0,0.4035,M-Kangaskhan
91240852,/Users/nickzwart/Desktop/8-8-2026/91240852.json,wkonishi,1,1,0.5103,M-Kangaskhan
91240895,/Users/nickzwart/Desktop/8-8-2026/91240895.json,shawnYiB,0,1,0.3636,Grimmsnarl
91239944,/Users/nickzwart/Desktop/8-8-2026/91239944.json,Juyong,0,0,0.4386,Grimmsnarl
91239976,/Users/nickzwart/Desktop/8-8-2026/91239976.json,wkonishi,0,0,0.5103,Alakazam
91239994,/Users/nickzwart/Desktop/8-8-2026/91239994.json,WU QIAN,1,0,0.4615,Grimmsnarl
91240234,/Users/nickzwart/Desktop/8-8-2026/91240234.json,AlphaStarmie,1,0,0.6129,M-Lucario
91241714,/Users/nickzwart/Desktop/8-8-2026/91241714.json,Ocyedwin,0,0,0.25,Grimmsnarl
91241717,/Users/nickzwart/Desktop/8-8-2026/91241717.json,Jonathan Coletti,0,1,0.6226,Grimmsnarl
91241736,/Users/nickzwart/Desktop/8-8-2026/91241736.json,pokewaves,0,1,0.3889,Alakazam
91241736,/Users/nickzwart/Desktop/8-8-2026/91241736.json,wkonishi,1,0,0.5103,Alakazam
91241780,/Users/nickzwart/Desktop/8-8-2026/91241780.json,shawnYiB,0,1,0.3636,Grimmsnarl
91241824,/Users/nickzwart/Desktop/8-8-2026/91241824.json,哈基米南北绿豆,0,1,0.5125,M-Lopunny
91241934,/Users/nickzwart/Desktop/8-8-2026/91241934.json,Lunariz,1,1,0.5854,Grimmsnarl
91242601,/Users/nickzwart/Desktop/8-8-2026/91242601.json,Jonathan Coletti,0,1,0.6226,Ogerpon
91242643,/Users/nickzwart/Desktop/8-8-2026/91242643.json,wkonishi,0,1,0.5103,Grimmsnarl
91242681,/Users/nickzwart/Desktop/8-8-2026/91242681.json,shawnYiB,0,0,0.3636,Ogerpon
91243529,/Users/nickzwart/Desktop/8-8-2026/91243529.json,me and the lads,0,1,0.3636,Ogerpon
91243530,/Users/nickzwart/Desktop/8-8-2026/91243530.json,Team Rot-Weiß,0,0,0.528,Alakazam
91243530,/Users/nickzwart/Desktop/8-8-2026/91243530.json,wkonishi,1,1,0.5103,Alakazam
91243573,/Users/nickzwart/Desktop/8-8-2026/91243573.json,shawnYiB,1,1,0.3636,M-Kangaskhan
91243603,/Users/nickzwart/Desktop/8-8-2026/91243603.json,ei1333,1,0,0.5349,M-Lopunny
91243808,/Users/nickzwart/Desktop/8-8-2026/91243808.json,"Bart, Edwyn",1,1,0.5982,M-Kangaskhan
91244379,/Users/nickzwart/Desktop/8-8-2026/91244379.json,Jonathan Coletti,1,1,0.6226,M-Kangaskhan
91244415,/Users/nickzwart/Desktop/8-8-2026/91244415.json,wkonishi,0,1,0.5103,Grimmsnarl
91242745,/Users/nickzwart/Desktop/8-8-2026/91242745.json,fishcat,0,1,0.4815,M-Lopunny
91243490,/Users/nickzwart/Desktop/8-8-2026/91243490.json,Ocyedwin,0,0,0.25,Alakazam
91243490,/Users/nickzwart/Desktop/8-8-2026/91243490.json,Jonathan Coletti,1,1,0.6226,Alakazam
91244447,/Users/nickzwart/Desktop/8-8-2026/91244447.json,bono,0,0,0.1905,Alakazam
91244447,/Users/nickzwart/Desktop/8-8-2026/91244447.json,shawnYiB,1,1,0.3636,Alakazam
91245299,/Users/nickzwart/Desktop/8-8-2026/91245299.json,Jonathan Coletti,0,0,0.6226,M-Lopunny
91245337,/Users/nickzwart/Desktop/8-8-2026/91245337.json,wkonishi,0,0,0.5103,Dragapult
91246151,/Users/nickzwart/Desktop/8-8-2026/91246151.json,shawnYiB,1,1,0.3636,Grimmsnarl
91246196,/Users/nickzwart/Desktop/8-8-2026/91246196.json,Jonathan Coletti,0,0,0.6226,Alakazam
91246196,/Users/nickzwart/Desktop/8-8-2026/91246196.json,ANDPAD kaggler team,1,1,0.5612,Alakazam
91246231,/Users/nickzwart/Desktop/8-8-2026/91246231.json,wkonishi,1,1,0.5103,Ogerpon
91246275,/Users/nickzwart/Desktop/8-8-2026/91246275.json,shawnYiB,0,1,0.3636,Alakazam
91246275,/Users/nickzwart/Desktop/8-8-2026/91246275.json,haruto,1,0,0.4035,Alakazam
91246338,/Users/nickzwart/Desktop/8-8-2026/91246338.json,aaa,1,1,0.6279,Dragapult
91246395,/Users/nickzwart/Desktop/8-8-2026/91246395.json,pokemon master,0,1,0.4865,Grimmsnarl
91247047,/Users/nickzwart/Desktop/8-8-2026/91247047.json,shawnYiB,1,1,0.3636,Ogerpon
91247084,/Users/nickzwart/Desktop/8-8-2026/91247084.json,Jonathan Coletti,0,0,0.6226,Grimmsnarl
91247166,/Users/nickzwart/Desktop/8-8-2026/91247166.json,shawnYiB,0,0,0.3636,M-Kangaskhan
91248062,/Users/nickzwart/Desktop/8-8-2026/91248062.json,shawnYiB,0,0,0.3636,M-Kangaskhan
91248169,/Users/nickzwart/Desktop/8-8-2026/91248169.json,哈基米南北绿豆,1,1,0.5125,Dudunsparce
91248799,/Users/nickzwart/Desktop/8-8-2026/91248799.json,Can,0,0,0.4853,Dragapult
91247310,/Users/nickzwart/Desktop/8-8-2026/91247310.json,齐乐,1,0,0.4322,Dragapult
91247933,/Users/nickzwart/Desktop/8-8-2026/91247933.json,shawnYiB,1,0,0.3636,M-Lopunny
91247961,/Users/nickzwart/Desktop/8-8-2026/91247961.json,Jonathan Coletti,1,0,0.6226,Grimmsnarl
91247996,/Users/nickzwart/Desktop/8-8-2026/91247996.json,wkonishi,0,0,0.5103,M-Lopunny
91248850,/Users/nickzwart/Desktop/8-8-2026/91248850.json,shawnYiB,0,0,0.3636,Grimmsnarl
91248871,/Users/nickzwart/Desktop/8-8-2026/91248871.json,Jonathan Coletti,0,1,0.6226,Grimmsnarl
91248925,/Users/nickzwart/Desktop/8-8-2026/91248925.json,shawnYiB,1,0,0.3636,Grimmsnarl
91248942,/Users/nickzwart/Desktop/8-8-2026/91248942.json,wkonishi,1,1,0.5103,M-Lopunny
91249728,/Users/nickzwart/Desktop/8-8-2026/91249728.json,shawnYiB,1,0,0.3636,Grimmsnarl
91249887,/Users/nickzwart/Desktop/8-8-2026/91249887.json,shawnYiB,0,1,0.3636,M-Lopunny
91249934,/Users/nickzwart/Desktop/8-8-2026/91249934.json,wkonishi,1,1,0.5103,M-Kangaskhan
91249977,/Users/nickzwart/Desktop/8-8-2026/91249977.json,Jonathan Coletti,0,1,0.6226,Alakazam
91249977,/Users/nickzwart/Desktop/8-8-2026/91249977.json,shawnYiB,1,0,0.3636,Alakazam
91250680,/Users/nickzwart/Desktop/8-8-2026/91250680.json,Jonathan Coletti,1,1,0.6226,M-Kangaskhan
91251527,/Users/nickzwart/Desktop/8-8-2026/91251527.json,Mearyl,0,0,0.3913,Grimmsnarl
91251601,/Users/nickzwart/Desktop/8-8-2026/91251601.json,wkonishi,0,1,0.5103,Alakazam
91251601,/Users/nickzwart/Desktop/8-8-2026/91251601.json,"Bart, Edwyn",1,0,0.5982,Alakazam
91251774,/Users/nickzwart/Desktop/8-8-2026/91251774.json,S4nkurero,0,0,0.5467,M-Lopunny
91250689,/Users/nickzwart/Desktop/8-8-2026/91250689.json,Luca,1,0,0.4,Grimmsnarl
91250704,/Users/nickzwart/Desktop/8-8-2026/91250704.json,wkonishi,0,0,0.5103,Hydrapple
91250718,/Users/nickzwart/Desktop/8-8-2026/91250718.json,me and the lads,0,0,0.3636,Alakazam
91250718,/Users/nickzwart/Desktop/8-8-2026/91250718.json,齐乐,1,1,0.4322,Alakazam
91250765,/Users/nickzwart/Desktop/8-8-2026/91250765.json,shawnYiB,1,0,0.3636,Grimmsnarl
91251445,/Users/nickzwart/Desktop/8-8-2026/91251445.json,Can,1,0,0.4853,Grimmsnarl
91252476,/Users/nickzwart/Desktop/8-8-2026/91252476.json,Jonathan Coletti,1,1,0.6226,Hydrapple
91252482,/Users/nickzwart/Desktop/8-8-2026/91252482.json,haruto,1,0,0.4035,Grimmsnarl
91252504,/Users/nickzwart/Desktop/8-8-2026/91252504.json,wkonishi,0,0,0.5103,Grimmsnarl
91252570,/Users/nickzwart/Desktop/8-8-2026/91252570.json,shawnYiB,1,0,0.3636,Grimmsnarl
91253360,/Users/nickzwart/Desktop/8-8-2026/91253360.json,Jonathan Coletti,0,1,0.6226,Ogerpon
91253398,/Users/nickzwart/Desktop/8-8-2026/91253398.json,me and the lads,0,1,0.3636,M-Kangaskhan
91253400,/Users/nickzwart/Desktop/8-8-2026/91253400.json,wkonishi,1,0,0.5103,Grimmsnarl
91253462,/Users/nickzwart/Desktop/8-8-2026/91253462.json,shawnYiB,1,0,0.3636,Hydrapple
91253575,/Users/nickzwart/Desktop/8-8-2026/91253575.json,masspeaks,0,0,0.4757,M-Kangaskhan
91254143,/Users/nickzwart/Desktop/8-8-2026/91254143.json,bono,0,0,0.1905,Alakazam
91254143,/Users/nickzwart/Desktop/8-8-2026/91254143.json,ONE PIECE,1,1,0.575,Alakazam
91252692,/Users/nickzwart/Desktop/8-8-2026/91252692.json,齐乐,0,1,0.4322,Dragapult
91253225,/Users/nickzwart/Desktop/8-8-2026/91253225.json,pokewaves,0,0,0.3889,Grimmsnarl
91253257,/Users/nickzwart/Desktop/8-8-2026/91253257.json,ONE PIECE,0,1,0.575,M-Lopunny
91254246,/Users/nickzwart/Desktop/8-8-2026/91254246.json,Jonathan Coletti,0,1,0.6226,M-Lopunny
91254292,/Users/nickzwart/Desktop/8-8-2026/91254292.json,wkonishi,0,1,0.5103,Alakazam
91254292,/Users/nickzwart/Desktop/8-8-2026/91254292.json,S4nkurero,1,0,0.5467,Alakazam
91254352,/Users/nickzwart/Desktop/8-8-2026/91254352.json,shawnYiB,1,0,0.3636,Dragapult
91254453,/Users/nickzwart/Desktop/8-8-2026/91254453.json,miya,1,1,0.5179,Hydrapple
91255020,/Users/nickzwart/Desktop/8-8-2026/91255020.json,ONE PIECE,1,0,0.575,Ogerpon
91255136,/Users/nickzwart/Desktop/8-8-2026/91255136.json,Jonathan Coletti,1,0,0.6226,Grimmsnarl
91255161,/Users/nickzwart/Desktop/8-8-2026/91255161.json,me and the lads,1,0,0.3636,Grimmsnarl
91255924,/Users/nickzwart/Desktop/8-8-2026/91255924.json,ONE PIECE,0,1,0.575,other
91256013,/Users/nickzwart/Desktop/8-8-2026/91256013.json,Jonathan Coletti,1,1,0.6226,M-Kangaskhan
91256056,/Users/nickzwart/Desktop/8-8-2026/91256056.json,pokewaves,0,1,0.3889,M-Kangaskhan
91255168,/Users/nickzwart/Desktop/8-8-2026/91255168.json,wkonishi,1,0,0.5103,Grimmsnarl
91255285,/Users/nickzwart/Desktop/8-8-2026/91255285.json,宝糕手,0,1,0.5128,Ogerpon
91256813,/Users/nickzwart/Desktop/8-8-2026/91256813.json,ONE PIECE,0,1,0.575,Alakazam
91256855,/Users/nickzwart/Desktop/8-8-2026/91256855.json,Juyong,0,0,0.4386,Ogerpon
91257640,/Users/nickzwart/Desktop/8-8-2026/91257640.json,wkonishi,0,1,0.5103,M-Lucario
91257660,/Users/nickzwart/Desktop/8-8-2026/91257660.json,MR.h,1,1,0.5395,Garchomp
91257683,/Users/nickzwart/Desktop/8-8-2026/91257683.json,ONE PIECE,1,0,0.575,Grimmsnarl
91256923,/Users/nickzwart/Desktop/8-8-2026/91256923.json,Jonathan Coletti,0,1,0.6226,M-Lopunny
91256953,/Users/nickzwart/Desktop/8-8-2026/91256953.json,wkonishi,0,0,0.5103,Grimmsnarl
91257089,/Users/nickzwart/Desktop/8-8-2026/91257089.json,bono,1,0,0.1905,Grimmsnarl
91258692,/Users/nickzwart/Desktop/8-8-2026/91258692.json,Jonathan Coletti,0,1,0.6226,Ogerpon
91259458,/Users/nickzwart/Desktop/8-8-2026/91259458.json,Lunariz,0,1,0.5854,Grimmsnarl
91259464,/Users/nickzwart/Desktop/8-8-2026/91259464.json,masspeaks,1,1,0.4757,Grimmsnarl
91259479,/Users/nickzwart/Desktop/8-8-2026/91259479.json,ONE PIECE,1,0,0.575,Grimmsnarl
91259531,/Users/nickzwart/Desktop/8-8-2026/91259531.json,fishcat,0,1,0.4815,Ogerpon
91259549,/Users/nickzwart/Desktop/8-8-2026/91259549.json,Lunariz,1,1,0.5854,Ogerpon
91257784,/Users/nickzwart/Desktop/8-8-2026/91257784.json,ANDPAD kaggler team,0,0,0.5612,Alakazam
91257784,/Users/nickzwart/Desktop/8-8-2026/91257784.json,Jonathan Coletti,1,1,0.6226,Alakazam
91257879,/Users/nickzwart/Desktop/8-8-2026/91257879.json,齐乐,1,1,0.4322,Grimmsnarl
91257966,/Users/nickzwart/Desktop/8-8-2026/91257966.json,shawnYiB,0,0,0.3636,Grimmsnarl
91259592,/Users/nickzwart/Desktop/8-8-2026/91259592.json,Jonathan Coletti,0,1,0.6226,M-Lopunny
91259638,/Users/nickzwart/Desktop/8-8-2026/91259638.json,wkonishi,1,0,0.5103,Ogerpon
91260346,/Users/nickzwart/Desktop/8-8-2026/91260346.json,ONE PIECE,1,1,0.575,Ogerpon
91260489,/Users/nickzwart/Desktop/8-8-2026/91260489.json,MR.h,1,1,0.5395,Grimmsnarl
91260589,/Users/nickzwart/Desktop/8-8-2026/91260589.json,Jonathan Coletti,0,1,0.6226,Ogerpon
91261438,/Users/nickzwart/Desktop/8-8-2026/91261438.json,wkonishi,0,1,0.5103,M-Kangaskhan
91262304,/Users/nickzwart/Desktop/8-8-2026/91262304.json,Ghleii,0,1,0.5556,Alakazam
91262304,/Users/nickzwart/Desktop/8-8-2026/91262304.json,wkonishi,1,0,0.5103,Alakazam
91261384,/Users/nickzwart/Desktop/8-8-2026/91261384.json,哈基米南北绿豆,0,1,0.5125,Alakazam
91261384,/Users/nickzwart/Desktop/8-8-2026/91261384.json,Jonathan Coletti,1,0,0.6226,Alakazam
91261417,/Users/nickzwart/Desktop/8-8-2026/91261417.json,Evgeniy Zdoronok,0,1,0.5789,Grimmsnarl
91263169,/Users/nickzwart/Desktop/8-8-2026/91263169.json,Jonathan Coletti,1,0,0.6226,Dragapult
91263221,/Users/nickzwart/Desktop/8-8-2026/91263221.json,wkonishi,0,0,0.5103,Alakazam
91263221,/Users/nickzwart/Desktop/8-8-2026/91263221.json,M Sato,1,1,0.6212,Alakazam
91263929,/Users/nickzwart/Desktop/8-8-2026/91263929.json,masspeaks,0,1,0.4757,M-Lucario
91263935,/Users/nickzwart/Desktop/8-8-2026/91263935.json,fishcat,1,0,0.4815,Grimmsnarl
91263979,/Users/nickzwart/Desktop/8-8-2026/91263979.json,ONE PIECE,0,0,0.575,Alakazam
91263979,/Users/nickzwart/Desktop/8-8-2026/91263979.json,miya,1,1,0.5179,Alakazam
91264021,/Users/nickzwart/Desktop/8-8-2026/91264021.json,BC+,1,0,0.3684,other
91264053,/Users/nickzwart/Desktop/8-8-2026/91264053.json,Jonathan Coletti,0,1,0.6226,M-Kangaskhan
91264084,/Users/nickzwart/Desktop/8-8-2026/91264084.json,"Bart, Edwyn",0,0,0.5982,Grimmsnarl
91264111,/Users/nickzwart/Desktop/8-8-2026/91264111.json,wkonishi,0,1,0.5103,M-Kangaskhan
91264117,/Users/nickzwart/Desktop/8-8-2026/91264117.json,me and the lads,1,1,0.3636,Garchomp
91264163,/Users/nickzwart/Desktop/8-8-2026/91264163.json,vvs,0,0,0.5895,Grimmsnarl
91264208,/Users/nickzwart/Desktop/8-8-2026/91264208.json,"Bart, Edwyn",0,0,0.5982,M-Lopunny
91264217,/Users/nickzwart/Desktop/8-8-2026/91264217.json,ei1333,1,1,0.5349,Grimmsnarl
91262367,/Users/nickzwart/Desktop/8-8-2026/91262367.json,bono,0,1,0.1905,Alakazam
91262367,/Users/nickzwart/Desktop/8-8-2026/91262367.json,ONE PIECE,1,0,0.575,Alakazam
91264943,/Users/nickzwart/Desktop/8-8-2026/91264943.json,Lunariz,0,1,0.5854,Alakazam
91264943,/Users/nickzwart/Desktop/8-8-2026/91264943.json,Jonathan Coletti,1,0,0.6226,Alakazam
91265002,/Users/nickzwart/Desktop/8-8-2026/91265002.json,wkonishi,0,1,0.5103,Alakazam
91265002,/Users/nickzwart/Desktop/8-8-2026/91265002.json,BC+,1,0,0.3684,Alakazam
91265693,/Users/nickzwart/Desktop/8-8-2026/91265693.json,masspeaks,0,0,0.4757,Grimmsnarl
91265733,/Users/nickzwart/Desktop/8-8-2026/91265733.json,miya,1,1,0.5179,Alakazam
91264791,/Users/nickzwart/Desktop/8-8-2026/91264791.json,masspeaks,1,1,0.4757,Grimmsnarl
91264836,/Users/nickzwart/Desktop/8-8-2026/91264836.json,ONE PIECE,0,1,0.575,Grimmsnarl
91264927,/Users/nickzwart/Desktop/8-8-2026/91264927.json,BC+,1,0,0.3684,Grimmsnarl
91265739,/Users/nickzwart/Desktop/8-8-2026/91265739.json,ONE PIECE,1,0,0.575,Grimmsnarl
91265841,/Users/nickzwart/Desktop/8-8-2026/91265841.json,AlphaStarmie,0,1,0.6129,Alakazam
91265841,/Users/nickzwart/Desktop/8-8-2026/91265841.json,Jonathan Coletti,1,0,0.6226,Alakazam
91265844,/Users/nickzwart/Desktop/8-8-2026/91265844.json,Team,1,0,0.5161,Grimmsnarl
91265898,/Users/nickzwart/Desktop/8-8-2026/91265898.json,wkonishi,1,0,0.5103,M-Lucario
91265980,/Users/nickzwart/Desktop/8-8-2026/91265980.json,What Lucario,0,1,0.5789,Grimmsnarl
91266543,/Users/nickzwart/Desktop/8-8-2026/91266543.json,哈基米南北绿豆,1,0,0.5125,Grimmsnarl
91266588,/Users/nickzwart/Desktop/8-8-2026/91266588.json,齐乐,0,0,0.4322,Alakazam
91266588,/Users/nickzwart/Desktop/8-8-2026/91266588.json,masspeaks,1,1,0.4757,Alakazam
91266613,/Users/nickzwart/Desktop/8-8-2026/91266613.json,齐乐,0,1,0.4322,Alakazam
91266621,/Users/nickzwart/Desktop/8-8-2026/91266621.json,Can,1,0,0.4853,Grimmsnarl
91266639,/Users/nickzwart/Desktop/8-8-2026/91266639.json,ONE PIECE,1,0,0.575,other
91266733,/Users/nickzwart/Desktop/8-8-2026/91266733.json,Jonathan Coletti,0,1,0.6226,Hydrapple
91266832,/Users/nickzwart/Desktop/8-8-2026/91266832.json,Team,0,0,0.5161,Alakazam
91266832,/Users/nickzwart/Desktop/8-8-2026/91266832.json,wkonishi,1,1,0.5103,Alakazam
91267431,/Users/nickzwart/Desktop/8-8-2026/91267431.json,MR.h,0,1,0.5395,Grimmsnarl
91267500,/Users/nickzwart/Desktop/8-8-2026/91267500.json,masspeaks,1,0,0.4757,Grimmsnarl
91267549,/Users/nickzwart/Desktop/8-8-2026/91267549.json,ONE PIECE,1,1,0.575,Grimmsnarl
91267644,/Users/nickzwart/Desktop/8-8-2026/91267644.json,Jonathan Coletti,1,1,0.6226,Grimmsnarl
91267699,/Users/nickzwart/Desktop/8-8-2026/91267699.json,wkonishi,1,0,0.5103,other
91269402,/Users/nickzwart/Desktop/8-8-2026/91269402.json,BC+,1,0,0.3684,Grimmsnarl
91269422,/Users/nickzwart/Desktop/8-8-2026/91269422.json,Jonathan Coletti,1,0,0.6226,Dragapult
91269423,/Users/nickzwart/Desktop/8-8-2026/91269423.json,miya,1,1,0.5179,Ogerpon
91269500,/Users/nickzwart/Desktop/8-8-2026/91269500.json,wkonishi,0,1,0.5103,M-Kangaskhan
91269544,/Users/nickzwart/Desktop/8-8-2026/91269544.json,wkonishi,1,1,0.5103,Grimmsnarl
91270064,/Users/nickzwart/Desktop/8-8-2026/91270064.json,TMMT,0,1,0.5556,other
91268572,/Users/nickzwart/Desktop/8-8-2026/91268572.json,Jonathan Coletti,1,1,0.6226,other
91268641,/Users/nickzwart/Desktop/8-8-2026/91268641.json,masspeaks,0,0,0.4757,M-Kangaskhan
91269272,/Users/nickzwart/Desktop/8-8-2026/91269272.json,masspeaks,0,1,0.4757,Grimmsnarl
91267707,/Users/nickzwart/Desktop/8-8-2026/91267707.json,me and the lads,0,1,0.3636,Grimmsnarl
91267747,/Users/nickzwart/Desktop/8-8-2026/91267747.json,aaa,1,0,0.6279,Grimmsnarl
91268517,/Users/nickzwart/Desktop/8-8-2026/91268517.json,ONE PIECE,0,0,0.575,M-Lopunny
91270186,/Users/nickzwart/Desktop/8-8-2026/91270186.json,齐乐,0,0,0.4322,Alakazam
91270186,/Users/nickzwart/Desktop/8-8-2026/91270186.json,masspeaks,1,1,0.4757,Alakazam
91270289,/Users/nickzwart/Desktop/8-8-2026/91270289.json,BC+,0,1,0.3684,Grimmsnarl
91270291,/Users/nickzwart/Desktop/8-8-2026/91270291.json,wkonishi,0,1,0.5103,Dragapult
91270321,/Users/nickzwart/Desktop/8-8-2026/91270321.json,wkonishi,0,1,0.5103,Ogerpon
91270326,/Users/nickzwart/Desktop/8-8-2026/91270326.json,masspeaks,0,0,0.4757,Alakazam
91270326,/Users/nickzwart/Desktop/8-8-2026/91270326.json,Jonathan Coletti,1,1,0.6226,Alakazam
91270383,/Users/nickzwart/Desktop/8-8-2026/91270383.json,Juyong,1,0,0.4386,M-Kangaskhan
91271070,/Users/nickzwart/Desktop/8-8-2026/91271070.json,masspeaks,0,1,0.4757,M-Kangaskhan
91271122,/Users/nickzwart/Desktop/8-8-2026/91271122.json,ONE PIECE,1,1,0.575,M-Kangaskhan
91271127,/Users/nickzwart/Desktop/8-8-2026/91271127.json,Evgeniy Zdoronok,0,0,0.5789,Alakazam
91271211,/Users/nickzwart/Desktop/8-8-2026/91271211.json,Jonathan Coletti,1,0,0.6226,Hydrapple
91271988,/Users/nickzwart/Desktop/8-8-2026/91271988.json,masspeaks,0,0,0.4757,Grimmsnarl
91273009,/Users/nickzwart/Desktop/8-8-2026/91273009.json,Team,0,1,0.5161,other
91273036,/Users/nickzwart/Desktop/8-8-2026/91273036.json,Jonathan Coletti,1,1,0.6226,Dragapult
91273719,/Users/nickzwart/Desktop/8-8-2026/91273719.json,AdrianWang2003,1,0,0.2667,Grimmsnarl
91273724,/Users/nickzwart/Desktop/8-8-2026/91273724.json,Team Rot-Weiß,0,0,0.528,Alakazam
91273724,/Users/nickzwart/Desktop/8-8-2026/91273724.json,ONE PIECE,1,1,0.575,Alakazam
91272032,/Users/nickzwart/Desktop/8-8-2026/91272032.json,Can,0,1,0.4853,Alakazam
91272032,/Users/nickzwart/Desktop/8-8-2026/91272032.json,ONE PIECE,1,0,0.575,Alakazam
91272111,/Users/nickzwart/Desktop/8-8-2026/91272111.json,Jonathan Coletti,1,0,0.6226,M-Kangaskhan
91272207,/Users/nickzwart/Desktop/8-8-2026/91272207.json,ANDPAD kaggler team,1,0,0.5612,Grimmsnarl
91272783,/Users/nickzwart/Desktop/8-8-2026/91272783.json,yalee,1,1,0.4444,Dragapult
91272785,/Users/nickzwart/Desktop/8-8-2026/91272785.json,wkonishi,0,0,0.5103,Alakazam
91272785,/Users/nickzwart/Desktop/8-8-2026/91272785.json,TMMT,1,1,0.5556,Alakazam
91272892,/Users/nickzwart/Desktop/8-8-2026/91272892.json,masspeaks,1,1,0.4757,M-Lopunny
91272946,/Users/nickzwart/Desktop/8-8-2026/91272946.json,ONE PIECE,0,0,0.575,Grimmsnarl
91274594,/Users/nickzwart/Desktop/8-8-2026/91274594.json,TMMT,0,0,0.5556,Alakazam
91274594,/Users/nickzwart/Desktop/8-8-2026/91274594.json,yalee,1,1,0.4444,Alakazam
91274699,/Users/nickzwart/Desktop/8-8-2026/91274699.json,masspeaks,0,1,0.4757,Grimmsnarl
91274735,/Users/nickzwart/Desktop/8-8-2026/91274735.json,ONE PIECE,0,1,0.575,M-Lopunny
91274821,/Users/nickzwart/Desktop/8-8-2026/91274821.json,Jonathan Coletti,0,0,0.6226,Hydrapple
91273777,/Users/nickzwart/Desktop/8-8-2026/91273777.json,"Bart, Edwyn",1,0,0.5982,Dragapult
91273783,/Users/nickzwart/Desktop/8-8-2026/91273783.json,Jonathan Coletti,0,0,0.6226,Grimmsnarl
91273930,/Users/nickzwart/Desktop/8-8-2026/91273930.json,Juyong,0,0,0.4386,Alakazam
91273935,/Users/nickzwart/Desktop/8-8-2026/91273935.json,S4nkurero,1,0,0.5467,Dragapult
91273974,/Users/nickzwart/Desktop/8-8-2026/91273974.json,TMMT,0,0,0.5556,Grimmsnarl
91273979,/Users/nickzwart/Desktop/8-8-2026/91273979.json,Can,0,0,0.4853,Grimmsnarl
91275462,/Users/nickzwart/Desktop/8-8-2026/91275462.json,yalee,0,1,0.4444,Garchomp
91275585,/Users/nickzwart/Desktop/8-8-2026/91275585.json,masspeaks,0,1,0.4757,M-Lopunny
91276377,/Users/nickzwart/Desktop/8-8-2026/91276377.json,yalee,1,0,0.4444,Grimmsnarl
91276499,/Users/nickzwart/Desktop/8-8-2026/91276499.json,masspeaks,0,1,0.4757,M-Lopunny
91276546,/Users/nickzwart/Desktop/8-8-2026/91276546.json,wkonishi,0,0,0.5103,Alakazam
91276546,/Users/nickzwart/Desktop/8-8-2026/91276546.json,ONE PIECE,1,1,0.575,Alakazam
91275683,/Users/nickzwart/Desktop/8-8-2026/91275683.json,"Bart, Edwyn",1,1,0.5982,Dragapult
91275734,/Users/nickzwart/Desktop/8-8-2026/91275734.json,Jonathan Coletti,0,1,0.6226,Grimmsnarl
91275756,/Users/nickzwart/Desktop/8-8-2026/91275756.json,爆爆盛焼脂油麺,1,1,0.4944,M-Lopunny
91276349,/Users/nickzwart/Desktop/8-8-2026/91276349.json,"kenkoooo @ estie, inc.",1,0,0.4154,Grimmsnarl
91276698,/Users/nickzwart/Desktop/8-8-2026/91276698.json,Jonathan Coletti,0,1,0.6226,M-Kangaskhan
91277275,/Users/nickzwart/Desktop/8-8-2026/91277275.json,yalee,0,0,0.4444,Grimmsnarl
91277303,/Users/nickzwart/Desktop/8-8-2026/91277303.json,wkonishi,0,0,0.5103,Ogerpon
91277440,/Users/nickzwart/Desktop/8-8-2026/91277440.json,ONE PIECE,1,1,0.575,Ogerpon
91278133,/Users/nickzwart/Desktop/8-8-2026/91278133.json,wkonishi,1,1,0.5103,M-Lucario
91278174,/Users/nickzwart/Desktop/8-8-2026/91278174.json,yalee,1,1,0.4444,M-Lopunny
91278300,/Users/nickzwart/Desktop/8-8-2026/91278300.json,masspeaks,1,0,0.4757,Grimmsnarl
91278327,/Users/nickzwart/Desktop/8-8-2026/91278327.json,ONE PIECE,1,1,0.575,Grimmsnarl
91279041,/Users/nickzwart/Desktop/8-8-2026/91279041.json,pokewaves,0,0,0.3889,Grimmsnarl
91279052,/Users/nickzwart/Desktop/8-8-2026/91279052.json,miya,1,1,0.5179,Crustle
91279073,/Users/nickzwart/Desktop/8-8-2026/91279073.json,yalee,0,1,0.4444,Alakazam
91279073,/Users/nickzwart/Desktop/8-8-2026/91279073.json,wkonishi,1,0,0.5103,Alakazam
91279208,/Users/nickzwart/Desktop/8-8-2026/91279208.json,masspeaks,0,0,0.4757,M-Lopunny
91279233,/Users/nickzwart/Desktop/8-8-2026/91279233.json,ONE PIECE,1,1,0.575,Ogerpon
91280105,/Users/nickzwart/Desktop/8-8-2026/91280105.json,masspeaks,0,1,0.4757,Grimmsnarl
91280116,/Users/nickzwart/Desktop/8-8-2026/91280116.json,ONE PIECE,0,1,0.575,Alakazam
91280116,/Users/nickzwart/Desktop/8-8-2026/91280116.json,宝糕手,1,0,0.5128,Alakazam
91280218,/Users/nickzwart/Desktop/8-8-2026/91280218.json,masspeaks,1,0,0.4757,Hydrapple
91281732,/Users/nickzwart/Desktop/8-8-2026/91281732.json,Juyong,0,1,0.4386,M-Lucario
91281769,/Users/nickzwart/Desktop/8-8-2026/91281769.json,yalee,0,1,0.4444,M-Lopunny
91280856,/Users/nickzwart/Desktop/8-8-2026/91280856.json,ei1333,0,0,0.5349,Alakazam
91280870,/Users/nickzwart/Desktop/8-8-2026/91280870.json,yalee,1,0,0.4444,Grimmsnarl
91280897,/Users/nickzwart/Desktop/8-8-2026/91280897.json,Juyong,0,1,0.4386,Dragapult
91280994,/Users/nickzwart/Desktop/8-8-2026/91280994.json,masspeaks,0,1,0.4757,Ogerpon
91281018,/Users/nickzwart/Desktop/8-8-2026/91281018.json,ONE PIECE,1,0,0.575,Grimmsnarl
91281895,/Users/nickzwart/Desktop/8-8-2026/91281895.json,masspeaks,1,1,0.4757,Grimmsnarl
91281920,/Users/nickzwart/Desktop/8-8-2026/91281920.json,齐乐,0,0,0.4322,Alakazam
91281920,/Users/nickzwart/Desktop/8-8-2026/91281920.json,ONE PIECE,1,1,0.575,Alakazam
91281934,/Users/nickzwart/Desktop/8-8-2026/91281934.json,masspeaks,1,0,0.4757,Grimmsnarl
91282785,/Users/nickzwart/Desktop/8-8-2026/91282785.json,masspeaks,1,1,0.4757,M-Kangaskhan
91282820,/Users/nickzwart/Desktop/8-8-2026/91282820.json,ONE PIECE,0,1,0.575,Grimmsnarl
91283494,/Users/nickzwart/Desktop/8-8-2026/91283494.json,bono,0,0,0.1905,Grimmsnarl
91283563,/Users/nickzwart/Desktop/8-8-2026/91283563.json,yalee,0,1,0.4444,Grimmsnarl
91283687,/Users/nickzwart/Desktop/8-8-2026/91283687.json,masspeaks,0,0,0.4757,M-Kangaskhan
91283714,/Users/nickzwart/Desktop/8-8-2026/91283714.json,ONE PIECE,0,1,0.575,Ogerpon
91283716,/Users/nickzwart/Desktop/8-8-2026/91283716.json,yalee,1,0,0.4444,Dragapult
91284366,/Users/nickzwart/Desktop/8-8-2026/91284366.json,MR.h,0,1,0.5395,Dragapult
91284409,/Users/nickzwart/Desktop/8-8-2026/91284409.json,yalee,0,1,0.4444,Alakazam
91284409,/Users/nickzwart/Desktop/8-8-2026/91284409.json,哈基米南北绿豆,1,0,0.5125,Alakazam
91285507,/Users/nickzwart/Desktop/8-8-2026/91285507.json,masspeaks,0,0,0.4757,Grimmsnarl
91285522,/Users/nickzwart/Desktop/8-8-2026/91285522.json,ONE PIECE,0,1,0.575,other
91284553,/Users/nickzwart/Desktop/8-8-2026/91284553.json,masspeaks,0,0,0.4757,M-Kangaskhan
91284630,/Users/nickzwart/Desktop/8-8-2026/91284630.json,ONE PIECE,1,1,0.575,Ogerpon
91285302,/Users/nickzwart/Desktop/8-8-2026/91285302.json,Team Rot-Weiß,0,1,0.528,Grimmsnarl
91285373,/Users/nickzwart/Desktop/8-8-2026/91285373.json,Ghleii,0,1,0.5556,M-Lopunny
91285390,/Users/nickzwart/Desktop/8-8-2026/91285390.json,yalee,0,0,0.4444,Grimmsnarl
91285399,/Users/nickzwart/Desktop/8-8-2026/91285399.json,miya,1,0,0.5179,Ogerpon
91285414,/Users/nickzwart/Desktop/8-8-2026/91285414.json,Team Rot-Weiß,1,1,0.528,Dragapult
91286232,/Users/nickzwart/Desktop/8-8-2026/91286232.json,Team Rot-Weiß,0,1,0.528,Grimmsnarl
91286320,/Users/nickzwart/Desktop/8-8-2026/91286320.json,yalee,0,1,0.4444,Grimmsnarl
91286427,/Users/nickzwart/Desktop/8-8-2026/91286427.json,aaa,0,1,0.6279,Grimmsnarl
91286435,/Users/nickzwart/Desktop/8-8-2026/91286435.json,masspeaks,1,0,0.4757,Ogerpon
91286445,/Users/nickzwart/Desktop/8-8-2026/91286445.json,miya,0,0,0.5179,Dragapult
91286448,/Users/nickzwart/Desktop/8-8-2026/91286448.json,ONE PIECE,1,0,0.575,Dragapult
91286520,/Users/nickzwart/Desktop/8-8-2026/91286520.json,masspeaks,1,0,0.4757,Grimmsnarl
91287102,/Users/nickzwart/Desktop/8-8-2026/91287102.json,ONE PIECE,1,1,0.575,Grimmsnarl
91287106,/Users/nickzwart/Desktop/8-8-2026/91287106.json,Team Rot-Weiß,0,1,0.528,Alakazam
91287106,/Users/nickzwart/Desktop/8-8-2026/91287106.json,爆爆盛焼脂油麺,1,0,0.4944,Alakazam
91287181,/Users/nickzwart/Desktop/8-8-2026/91287181.json,fishcat,0,1,0.4815,Alakazam
91287181,/Users/nickzwart/Desktop/8-8-2026/91287181.json,yalee,1,0,0.4444,Alakazam
91287385,/Users/nickzwart/Desktop/8-8-2026/91287385.json,masspeaks,0,1,0.4757,Alakazam
91287385,/Users/nickzwart/Desktop/8-8-2026/91287385.json,me and the lads,1,0,0.3636,Alakazam
91287387,/Users/nickzwart/Desktop/8-8-2026/91287387.json,ONE PIECE,1,0,0.575,Garchomp
91288024,/Users/nickzwart/Desktop/8-8-2026/91288024.json,哈基米南北绿豆,1,0,0.5125,Grimmsnarl
91288027,/Users/nickzwart/Desktop/8-8-2026/91288027.json,Team Rot-Weiß,1,1,0.528,M-Lopunny
91288125,/Users/nickzwart/Desktop/8-8-2026/91288125.json,yalee,1,0,0.4444,Garchomp
91288149,/Users/nickzwart/Desktop/8-8-2026/91288149.json,Team,1,1,0.5161,Ogerpon
91288151,/Users/nickzwart/Desktop/8-8-2026/91288151.json,miya,1,0,0.5179,Grimmsnarl
91288884,/Users/nickzwart/Desktop/8-8-2026/91288884.json,masspeaks,1,1,0.4757,Hydrapple
91288983,/Users/nickzwart/Desktop/8-8-2026/91288983.json,Team Rot-Weiß,0,1,0.528,M-Kangaskhan
91289049,/Users/nickzwart/Desktop/8-8-2026/91289049.json,Team,1,0,0.5161,Dragapult
91288246,/Users/nickzwart/Desktop/8-8-2026/91288246.json,Team Rot-Weiß,0,1,0.528,Dragapult
91288252,/Users/nickzwart/Desktop/8-8-2026/91288252.json,masspeaks,0,1,0.4757,Ogerpon
91288878,/Users/nickzwart/Desktop/8-8-2026/91288878.json,Team Rot-Weiß,1,1,0.528,Dragapult
91289138,/Users/nickzwart/Desktop/8-8-2026/91289138.json,爆爆盛焼脂油麺,1,0,0.4944,M-Lopunny
91289186,/Users/nickzwart/Desktop/8-8-2026/91289186.json,What Lucario,0,0,0.5789,Dragapult
91289805,/Users/nickzwart/Desktop/8-8-2026/91289805.json,Team Rot-Weiß,1,1,0.528,Grimmsnarl
91290086,/Users/nickzwart/Desktop/8-8-2026/91290086.json,齐乐,0,1,0.4322,Grimmsnarl
91290707,/Users/nickzwart/Desktop/8-8-2026/91290707.json,Team Rot-Weiß,1,1,0.528,M-Lopunny
91290744,/Users/nickzwart/Desktop/8-8-2026/91290744.json,Team Rot-Weiß,1,0,0.528,Grimmsnarl
91290855,/Users/nickzwart/Desktop/8-8-2026/91290855.json,AlphaStarmie,0,1,0.6129,Ogerpon
91291628,/Users/nickzwart/Desktop/8-8-2026/91291628.json,Team Rot-Weiß,0,1,0.528,Alakazam
91291628,/Users/nickzwart/Desktop/8-8-2026/91291628.json,Luca,1,0,0.4,Alakazam
91291667,/Users/nickzwart/Desktop/8-8-2026/91291667.json,"Bart, Edwyn",1,1,0.5982,Grimmsnarl
91291790,/Users/nickzwart/Desktop/8-8-2026/91291790.json,Ocyedwin,1,1,0.25,Ogerpon
91292504,/Users/nickzwart/Desktop/8-8-2026/91292504.json,Team Rot-Weiß,0,0,0.528,M-Kangaskhan
91292512,/Users/nickzwart/Desktop/8-8-2026/91292512.json,宝糕手,1,1,0.5128,Ogerpon
91292527,/Users/nickzwart/Desktop/8-8-2026/91292527.json,Jonathan Coletti,1,1,0.6226,Archaludon
91292534,/Users/nickzwart/Desktop/8-8-2026/91292534.json,Lunariz,0,0,0.5854,Alakazam
91292534,/Users/nickzwart/Desktop/8-8-2026/91292534.json,Team Rot-Weiß,1,1,0.528,Alakazam
91293406,/Users/nickzwart/Desktop/8-8-2026/91293406.json,Jonathan Coletti,0,1,0.6226,Crustle
91293412,/Users/nickzwart/Desktop/8-8-2026/91293412.json,Team Rot-Weiß,1,0,0.528,Grimmsnarl
91293648,/Users/nickzwart/Desktop/8-8-2026/91293648.json,BC+,1,0,0.3684,Grimmsnarl
91292573,/Users/nickzwart/Desktop/8-8-2026/91292573.json,MR.h,0,1,0.5395,Grimmsnarl
91293397,/Users/nickzwart/Desktop/8-8-2026/91293397.json,Team Rot-Weiß,0,1,0.528,Grimmsnarl
91294294,/Users/nickzwart/Desktop/8-8-2026/91294294.json,"Bart, Edwyn",0,1,0.5982,Alakazam
91294294,/Users/nickzwart/Desktop/8-8-2026/91294294.json,Team Rot-Weiß,1,0,0.528,Alakazam
91294309,/Users/nickzwart/Desktop/8-8-2026/91294309.json,Jonathan Coletti,1,0,0.6226,Grimmsnarl
91294323,/Users/nickzwart/Desktop/8-8-2026/91294323.json,Team Rot-Weiß,0,1,0.528,Alakazam
91294323,/Users/nickzwart/Desktop/8-8-2026/91294323.json,miya,1,0,0.5179,Alakazam
91294552,/Users/nickzwart/Desktop/8-8-2026/91294552.json,M Sato,0,0,0.6212,M-Kangaskhan
91296080,/Users/nickzwart/Desktop/8-8-2026/91296080.json,Team Rot-Weiß,0,1,0.528,Alakazam
91296080,/Users/nickzwart/Desktop/8-8-2026/91296080.json,MR.h,1,0,0.5395,Alakazam
91296100,/Users/nickzwart/Desktop/8-8-2026/91296100.json,Jonathan Coletti,1,1,0.6226,Grimmsnarl
91296112,/Users/nickzwart/Desktop/8-8-2026/91296112.json,Team Rot-Weiß,1,0,0.528,Dragapult
91296146,/Users/nickzwart/Desktop/8-8-2026/91296146.json,MR.h,0,0,0.5395,M-Lopunny
91296211,/Users/nickzwart/Desktop/8-8-2026/91296211.json,爆爆盛焼脂油麺,1,0,0.4944,M-Lopunny
91295166,/Users/nickzwart/Desktop/8-8-2026/91295166.json,Team Rot-Weiß,0,0,0.528,M-Lopunny
91295192,/Users/nickzwart/Desktop/8-8-2026/91295192.json,Jonathan Coletti,0,1,0.6226,Hydrapple
91295230,/Users/nickzwart/Desktop/8-8-2026/91295230.json,Team Rot-Weiß,1,0,0.528,Grimmsnarl
91295324,/Users/nickzwart/Desktop/8-8-2026/91295324.json,"Bart, Edwyn",1,0,0.5982,Grimmsnarl
91295351,/Users/nickzwart/Desktop/8-8-2026/91295351.json,vvs,0,1,0.5895,Dragapult
91296270,/Users/nickzwart/Desktop/8-8-2026/91296270.json,MR.h,1,0,0.5395,Dragapult
91296898,/Users/nickzwart/Desktop/8-8-2026/91296898.json,Jonathan Coletti,0,1,0.6226,Grimmsnarl
91296988,/Users/nickzwart/Desktop/8-8-2026/91296988.json,Team Rot-Weiß,0,1,0.528,M-Lucario
91297008,/Users/nickzwart/Desktop/8-8-2026/91297008.json,Team Rot-Weiß,0,1,0.528,M-Kangaskhan
91297009,/Users/nickzwart/Desktop/8-8-2026/91297009.json,爆爆盛焼脂油麺,0,0,0.4944,Grimmsnarl
91297033,/Users/nickzwart/Desktop/8-8-2026/91297033.json,masspeaks,1,0,0.4757,Hydrapple
91297108,/Users/nickzwart/Desktop/8-8-2026/91297108.json,miya,1,0,0.5179,Grimmsnarl
91297219,/Users/nickzwart/Desktop/8-8-2026/91297219.json,ONE PIECE,1,0,0.575,M-Lopunny
91297788,/Users/nickzwart/Desktop/8-8-2026/91297788.json,Team Rot-Weiß,1,1,0.528,Grimmsnarl
91297798,/Users/nickzwart/Desktop/8-8-2026/91297798.json,Jonathan Coletti,0,1,0.6226,Grimmsnarl
91297802,/Users/nickzwart/Desktop/8-8-2026/91297802.json,Team Rot-Weiß,0,0,0.528,Grimmsnarl
91298780,/Users/nickzwart/Desktop/8-8-2026/91298780.json,Lunariz,0,1,0.5854,Alakazam
91298780,/Users/nickzwart/Desktop/8-8-2026/91298780.json,Team Rot-Weiß,1,0,0.528,Alakazam
91298785,/Users/nickzwart/Desktop/8-8-2026/91298785.json,Team Rot-Weiß,0,1,0.528,Alakazam
91298785,/Users/nickzwart/Desktop/8-8-2026/91298785.json,Jonathan Coletti,1,0,0.6226,Alakazam
91298797,/Users/nickzwart/Desktop/8-8-2026/91298797.json,Team Rot-Weiß,0,0,0.528,Alakazam
91298797,/Users/nickzwart/Desktop/8-8-2026/91298797.json,ONE PIECE,1,1,0.575,Alakazam
91298890,/Users/nickzwart/Desktop/8-8-2026/91298890.json,齐乐,1,1,0.4322,M-Lopunny
91299695,/Users/nickzwart/Desktop/8-8-2026/91299695.json,Team Rot-Weiß,0,0,0.528,Grimmsnarl
91299707,/Users/nickzwart/Desktop/8-8-2026/91299707.json,Jonathan Coletti,0,1,0.6226,M-Lopunny
91299712,/Users/nickzwart/Desktop/8-8-2026/91299712.json,Team Rot-Weiß,0,1,0.528,Grimmsnarl
91299719,/Users/nickzwart/Desktop/8-8-2026/91299719.json,Can,1,1,0.4853,Grimmsnarl
91301500,/Users/nickzwart/Desktop/8-8-2026/91301500.json,Team Rot-Weiß,1,1,0.528,Grimmsnarl
91301512,/Users/nickzwart/Desktop/8-8-2026/91301512.json,Jonathan Coletti,0,1,0.6226,Alakazam
91301512,/Users/nickzwart/Desktop/8-8-2026/91301512.json,Juyong,1,0,0.4386,Alakazam
91301514,/Users/nickzwart/Desktop/8-8-2026/91301514.json,Team Rot-Weiß,1,1,0.528,Grimmsnarl
91302368,/Users/nickzwart/Desktop/8-8-2026/91302368.json,Jonathan Coletti,1,0,0.6226,M-Lopunny
91302374,/Users/nickzwart/Desktop/8-8-2026/91302374.json,Team Rot-Weiß,1,0,0.528,Grimmsnarl
91300683,/Users/nickzwart/Desktop/8-8-2026/91300683.json,Jonathan Coletti,0,1,0.6226,Alakazam
91300683,/Users/nickzwart/Desktop/8-8-2026/91300683.json,Team Rot-Weiß,1,0,0.528,Alakazam
91300687,/Users/nickzwart/Desktop/8-8-2026/91300687.json,Jonathan Coletti,1,1,0.6226,M-Kangaskhan
91300793,/Users/nickzwart/Desktop/8-8-2026/91300793.json,Team Rot-Weiß,0,1,0.528,Alakazam
91300793,/Users/nickzwart/Desktop/8-8-2026/91300793.json,masspeaks,1,0,0.4757,Alakazam
91300799,/Users/nickzwart/Desktop/8-8-2026/91300799.json,hotpotbro,0,0,0.2609,Dragapult
91303323,/Users/nickzwart/Desktop/8-8-2026/91303323.json,MR.h,1,1,0.5395,M-Kangaskhan
91303352,/Users/nickzwart/Desktop/8-8-2026/91303352.json,齐乐,0,1,0.4322,other
91303367,/Users/nickzwart/Desktop/8-8-2026/91303367.json,Team Rot-Weiß,1,1,0.528,Grimmsnarl
91303405,/Users/nickzwart/Desktop/8-8-2026/91303405.json,Jonathan Coletti,0,0,0.6226,Grimmsnarl
91303444,/Users/nickzwart/Desktop/8-8-2026/91303444.json,wkonishi,0,0,0.5103,Alakazam
91303444,/Users/nickzwart/Desktop/8-8-2026/91303444.json,BC+,1,1,0.3684,Alakazam
91304211,/Users/nickzwart/Desktop/8-8-2026/91304211.json,Team Rot-Weiß,1,0,0.528,Grimmsnarl
91302402,/Users/nickzwart/Desktop/8-8-2026/91302402.json,Team Rot-Weiß,1,1,0.528,Ogerpon
91303191,/Users/nickzwart/Desktop/8-8-2026/91303191.json,Team Rot-Weiß,1,0,0.528,Ogerpon
91304234,/Users/nickzwart/Desktop/8-8-2026/91304234.json,Team Rot-Weiß,0,1,0.528,Grimmsnarl
91304263,/Users/nickzwart/Desktop/8-8-2026/91304263.json,wkonishi,1,0,0.5103,Hydrapple
91304358,/Users/nickzwart/Desktop/8-8-2026/91304358.json,S4nkurero,1,1,0.5467,M-Kangaskhan
91305127,/Users/nickzwart/Desktop/8-8-2026/91305127.json,Team Rot-Weiß,1,1,0.528,Crustle
91305146,/Users/nickzwart/Desktop/8-8-2026/91305146.json,Jonathan Coletti,0,1,0.6226,M-Kangaskhan
91305148,/Users/nickzwart/Desktop/8-8-2026/91305148.json,Team Rot-Weiß,0,1,0.528,Alakazam
91305148,/Users/nickzwart/Desktop/8-8-2026/91305148.json,fishcat,1,0,0.4815,Alakazam
91305925,/Users/nickzwart/Desktop/8-8-2026/91305925.json,Team,1,1,0.5161,M-Lucario
91306025,/Users/nickzwart/Desktop/8-8-2026/91306025.json,Jonathan Coletti,0,0,0.6226,Grimmsnarl
91306043,/Users/nickzwart/Desktop/8-8-2026/91306043.json,Team Rot-Weiß,1,1,0.528,Grimmsnarl
91306044,/Users/nickzwart/Desktop/8-8-2026/91306044.json,Jonathan Coletti,0,1,0.6226,Alakazam
91306044,/Users/nickzwart/Desktop/8-8-2026/91306044.json,Team Rot-Weiß,1,0,0.528,Alakazam
91306064,/Users/nickzwart/Desktop/8-8-2026/91306064.json,Luca,0,1,0.4,Hydrapple
91306853,/Users/nickzwart/Desktop/8-8-2026/91306853.json,aaa,0,1,0.6279,M-Kangaskhan
91307767,/Users/nickzwart/Desktop/8-8-2026/91307767.json,Jonathan Coletti,1,0,0.6226,M-Lopunny
91307899,/Users/nickzwart/Desktop/8-8-2026/91307899.json,S4nkurero,1,1,0.5467,M-Lopunny
91307911,/Users/nickzwart/Desktop/8-8-2026/91307911.json,Team Rot-Weiß,0,1,0.528,M-Kangaskhan
91306897,/Users/nickzwart/Desktop/8-8-2026/91306897.json,Can,0,1,0.4853,Alakazam
91306897,/Users/nickzwart/Desktop/8-8-2026/91306897.json,Team Rot-Weiß,1,0,0.528,Alakazam
91306916,/Users/nickzwart/Desktop/8-8-2026/91306916.json,Jonathan Coletti,0,1,0.6226,Dragapult
91306926,/Users/nickzwart/Desktop/8-8-2026/91306926.json,Team Rot-Weiß,0,1,0.528,Grimmsnarl
91307010,/Users/nickzwart/Desktop/8-8-2026/91307010.json,Evgeniy Zdoronok,0,0,0.5789,Grimmsnarl
91307661,/Users/nickzwart/Desktop/8-8-2026/91307661.json,me and the lads,1,0,0.3636,M-Lucario
91307965,/Users/nickzwart/Desktop/8-8-2026/91307965.json,"Bart, Edwyn",0,1,0.5982,Grimmsnarl
91308540,/Users/nickzwart/Desktop/8-8-2026/91308540.json,Voyager,1,1,0.5,Grimmsnarl
91308612,/Users/nickzwart/Desktop/8-8-2026/91308612.json,隔壁老王,1,0,0.3125,M-Lucario
91308708,/Users/nickzwart/Desktop/8-8-2026/91308708.json,Team Rot-Weiß,0,1,0.528,M-Kangaskhan
91308718,/Users/nickzwart/Desktop/8-8-2026/91308718.json,Jonathan Coletti,0,0,0.6226,M-Kangaskhan
91308725,/Users/nickzwart/Desktop/8-8-2026/91308725.json,Team Rot-Weiß,1,0,0.528,Grimmsnarl
91309449,/Users/nickzwart/Desktop/8-8-2026/91309449.json,Voyager,1,1,0.5,M-Kangaskhan
91309546,/Users/nickzwart/Desktop/8-8-2026/91309546.json,yalee,1,0,0.4444,Garchomp
91309642,/Users/nickzwart/Desktop/8-8-2026/91309642.json,Jonathan Coletti,1,0,0.6226,M-Lopunny
91309643,/Users/nickzwart/Desktop/8-8-2026/91309643.json,masspeaks,0,1,0.4757,Alakazam
91309643,/Users/nickzwart/Desktop/8-8-2026/91309643.json,Team Rot-Weiß,1,0,0.528,Alakazam
91310360,/Users/nickzwart/Desktop/8-8-2026/91310360.json,S4nkurero,0,1,0.5467,Alakazam
91310360,/Users/nickzwart/Desktop/8-8-2026/91310360.json,Voyager,1,0,0.5,Alakazam
91310539,/Users/nickzwart/Desktop/8-8-2026/91310539.json,Jonathan Coletti,0,1,0.6226,M-Kangaskhan
91310541,/Users/nickzwart/Desktop/8-8-2026/91310541.json,Jonathan Coletti,0,1,0.6226,Alakazam
91310541,/Users/nickzwart/Desktop/8-8-2026/91310541.json,Team Rot-Weiß,1,0,0.528,Alakazam
91310564,/Users/nickzwart/Desktop/8-8-2026/91310564.json,Voyager,0,1,0.5,Grimmsnarl
91311490,/Users/nickzwart/Desktop/8-8-2026/91311490.json,"kenkoooo @ estie, inc.",1,0,0.4154,M-Kangaskhan
91311534,/Users/nickzwart/Desktop/8-8-2026/91311534.json,Voyager,0,0,0.5,Grimmsnarl
91312139,/Users/nickzwart/Desktop/8-8-2026/91312139.json,"kenkoooo @ estie, inc.",1,0,0.4154,M-Lopunny
91312155,/Users/nickzwart/Desktop/8-8-2026/91312155.json,motono0223,1,1,0.5455,Grimmsnarl
91312158,/Users/nickzwart/Desktop/8-8-2026/91312158.json,Voyager,1,1,0.5,M-Lopunny
91312168,/Users/nickzwart/Desktop/8-8-2026/91312168.json,pokewaves,0,0,0.3889,Alakazam
91312168,/Users/nickzwart/Desktop/8-8-2026/91312168.json,Voyager,1,1,0.5,Alakazam
91312333,/Users/nickzwart/Desktop/8-8-2026/91312333.json,Team Rot-Weiß,1,1,0.528,Dragapult
91310622,/Users/nickzwart/Desktop/8-8-2026/91310622.json,宝糕手,0,0,0.5128,Hydrapple
91311253,/Users/nickzwart/Desktop/8-8-2026/91311253.json,Voyager,0,1,0.5,M-Lopunny
91311382,/Users/nickzwart/Desktop/8-8-2026/91311382.json,Team Rot-Weiß,1,1,0.528,Ogerpon
91311409,/Users/nickzwart/Desktop/8-8-2026/91311409.json,Jonathan Coletti,0,1,0.6226,Alakazam
91311409,/Users/nickzwart/Desktop/8-8-2026/91311409.json,miya,1,0,0.5179,Alakazam
91311435,/Users/nickzwart/Desktop/8-8-2026/91311435.json,Lunariz,1,0,0.5854,Hydrapple
91312342,/Users/nickzwart/Desktop/8-8-2026/91312342.json,Jonathan Coletti,1,0,0.6226,Hydrapple
91313059,/Users/nickzwart/Desktop/8-8-2026/91313059.json,Voyager,0,1,0.5,Grimmsnarl
91314808,/Users/nickzwart/Desktop/8-8-2026/91314808.json,Lunariz,1,0,0.5854,Grimmsnarl
91314888,/Users/nickzwart/Desktop/8-8-2026/91314888.json,Voyager,1,0,0.5,M-Lopunny
91313958,/Users/nickzwart/Desktop/8-8-2026/91313958.json,"kenkoooo @ estie, inc.",1,0,0.4154,Garchomp
91313986,/Users/nickzwart/Desktop/8-8-2026/91313986.json,Voyager,0,1,0.5,M-Lopunny
91314169,/Users/nickzwart/Desktop/8-8-2026/91314169.json,Jonathan Coletti,0,0,0.6226,M-Kangaskhan
91313109,/Users/nickzwart/Desktop/8-8-2026/91313109.json,Ghleii,1,1,0.5556,M-Lucario
91313229,/Users/nickzwart/Desktop/8-8-2026/91313229.json,Team Rot-Weiß,1,0,0.528,Grimmsnarl
91313231,/Users/nickzwart/Desktop/8-8-2026/91313231.json,Team,0,1,0.5161,Alakazam
91313231,/Users/nickzwart/Desktop/8-8-2026/91313231.json,Jonathan Coletti,1,0,0.6226,Alakazam
91315056,/Users/nickzwart/Desktop/8-8-2026/91315056.json,Jonathan Coletti,1,0,0.6226,Grimmsnarl
91315733,/Users/nickzwart/Desktop/8-8-2026/91315733.json,Voyager,0,0,0.5,Grimmsnarl
91315878,/Users/nickzwart/Desktop/8-8-2026/91315878.json,fishcat,1,1,0.4815,Alakazam
91315893,/Users/nickzwart/Desktop/8-8-2026/91315893.json,Team Rot-Weiß,0,0,0.528,other
91316038,/Users/nickzwart/Desktop/8-8-2026/91316038.json,Team Rot-Weiß,1,0,0.528,M-Kangaskhan
91316040,/Users/nickzwart/Desktop/8-8-2026/91316040.json,AlphaStarmie,0,1,0.6129,M-Lucario
91316705,/Users/nickzwart/Desktop/8-8-2026/91316705.json,Voyager,0,1,0.5,Grimmsnarl
91316789,/Users/nickzwart/Desktop/8-8-2026/91316789.json,THIRD PTCG Club,0,0,0.5714,Garchomp
91316844,/Users/nickzwart/Desktop/8-8-2026/91316844.json,aaa,0,1,0.6279,M-Lopunny
91316903,/Users/nickzwart/Desktop/8-8-2026/91316903.json,ONE PIECE,0,0,0.575,Grimmsnarl
91317776,/Users/nickzwart/Desktop/8-8-2026/91317776.json,哈基米南北绿豆,1,1,0.5125,M-Lopunny
91317830,/Users/nickzwart/Desktop/8-8-2026/91317830.json,"Bart, Edwyn",1,1,0.5982,Grimmsnarl
91317833,/Users/nickzwart/Desktop/8-8-2026/91317833.json,Team Rot-Weiß,1,1,0.528,M-Lopunny
91318475,/Users/nickzwart/Desktop/8-8-2026/91318475.json,hotpotbro,0,0,0.2609,Grimmsnarl
91316930,/Users/nickzwart/Desktop/8-8-2026/91316930.json,Team Rot-Weiß,0,1,0.528,Alakazam
91316930,/Users/nickzwart/Desktop/8-8-2026/91316930.json,爆爆盛焼脂油麺,1,0,0.4944,Alakazam
91317456,/Users/nickzwart/Desktop/8-8-2026/91317456.json,vvs,1,0,0.5895,Grimmsnarl
91317613,/Users/nickzwart/Desktop/8-8-2026/91317613.json,Voyager,0,0,0.5,Grimmsnarl
91318523,/Users/nickzwart/Desktop/8-8-2026/91318523.json,Voyager,0,0,0.5,other
91318583,/Users/nickzwart/Desktop/8-8-2026/91318583.json,爆爆盛焼脂油麺,1,0,0.4944,M-Lucario
91318644,/Users/nickzwart/Desktop/8-8-2026/91318644.json,Team,1,1,0.5161,M-Froslass
91320235,/Users/nickzwart/Desktop/8-8-2026/91320235.json,THIRD PTCG Club,0,1,0.5714,Grimmsnarl
91320347,/Users/nickzwart/Desktop/8-8-2026/91320347.json,Voyager,0,0,0.5,Grimmsnarl
91320355,/Users/nickzwart/Desktop/8-8-2026/91320355.json,Jonathan Coletti,0,1,0.6226,Grimmsnarl
91319356,/Users/nickzwart/Desktop/8-8-2026/91319356.json,哈基米南北绿豆,0,1,0.5125,Grimmsnarl
91319434,/Users/nickzwart/Desktop/8-8-2026/91319434.json,Voyager,0,0,0.5,Grimmsnarl
91319560,/Users/nickzwart/Desktop/8-8-2026/91319560.json,Ghleii,1,0,0.5556,Hydrapple
91321135,/Users/nickzwart/Desktop/8-8-2026/91321135.json,THIRD PTCG Club,1,0,0.5714,Grimmsnarl
91321183,/Users/nickzwart/Desktop/8-8-2026/91321183.json,ONE PIECE,1,0,0.575,Grimmsnarl
91321332,/Users/nickzwart/Desktop/8-8-2026/91321332.json,Luca,0,1,0.4,other
91322094,/Users/nickzwart/Desktop/8-8-2026/91322094.json,wkonishi,0,0,0.5103,Grimmsnarl
91322281,/Users/nickzwart/Desktop/8-8-2026/91322281.json,Juyong,0,1,0.4386,Grimmsnarl
91322311,/Users/nickzwart/Desktop/8-8-2026/91322311.json,miya,0,1,0.5179,Grimmsnarl
91323084,/Users/nickzwart/Desktop/8-8-2026/91323084.json,Voyager,0,1,0.5,M-Kangaskhan
91323189,/Users/nickzwart/Desktop/8-8-2026/91323189.json,Voyager,1,1,0.5,Ogerpon
91324036,/Users/nickzwart/Desktop/8-8-2026/91324036.json,THIRD PTCG Club,0,1,0.5714,M-Lopunny
91324062,/Users/nickzwart/Desktop/8-8-2026/91324062.json,Voyager,1,0,0.5,Grimmsnarl
91324665,/Users/nickzwart/Desktop/8-8-2026/91324665.json,Ghleii,0,0,0.5556,Alakazam
91324665,/Users/nickzwart/Desktop/8-8-2026/91324665.json,Voyager,1,1,0.5,Alakazam
91324739,/Users/nickzwart/Desktop/8-8-2026/91324739.json,THIRD PTCG Club,0,0,0.5714,Grimmsnarl
91325652,/Users/nickzwart/Desktop/8-8-2026/91325652.json,THIRD PTCG Club,1,0,0.5714,Grimmsnarl
91325782,/Users/nickzwart/Desktop/8-8-2026/91325782.json,Voyager,0,0,0.5,M-Lopunny
91327441,/Users/nickzwart/Desktop/8-8-2026/91327441.json,fishcat,0,1,0.4815,M-Lopunny
91327469,/Users/nickzwart/Desktop/8-8-2026/91327469.json,THIRD PTCG Club,1,1,0.5714,Crustle
91327606,/Users/nickzwart/Desktop/8-8-2026/91327606.json,miya,0,0,0.5179,Grimmsnarl
91326640,/Users/nickzwart/Desktop/8-8-2026/91326640.json,Can,0,1,0.4853,Grimmsnarl
91326674,/Users/nickzwart/Desktop/8-8-2026/91326674.json,Voyager,0,1,0.5,Alakazam
91326674,/Users/nickzwart/Desktop/8-8-2026/91326674.json,隔壁老王,1,0,0.3125,Alakazam
91327413,/Users/nickzwart/Desktop/8-8-2026/91327413.json,Luca,0,0,0.4,Grimmsnarl
91328277,/Users/nickzwart/Desktop/8-8-2026/91328277.json,"Bart, Edwyn",1,1,0.5982,M-Kangaskhan
91328292,/Users/nickzwart/Desktop/8-8-2026/91328292.json,miya,0,0,0.5179,M-Lucario
91328375,/Users/nickzwart/Desktop/8-8-2026/91328375.json,THIRD PTCG Club,0,1,0.5714,Grimmsnarl
91328404,/Users/nickzwart/Desktop/8-8-2026/91328404.json,齐乐,0,0,0.4322,Grimmsnarl
91328601,/Users/nickzwart/Desktop/8-8-2026/91328601.json,MTADA,0,1,0.375,Grimmsnarl
91329214,/Users/nickzwart/Desktop/8-8-2026/91329214.json,THIRD PTCG Club,1,1,0.5714,Grimmsnarl
91329286,/Users/nickzwart/Desktop/8-8-2026/91329286.json,Ocyedwin,1,0,0.25,Grimmsnarl
91329293,/Users/nickzwart/Desktop/8-8-2026/91329293.json,THIRD PTCG Club,0,1,0.5714,M-Lopunny
91329349,/Users/nickzwart/Desktop/8-8-2026/91329349.json,Can,0,1,0.4853,Ogerpon
91329432,/Users/nickzwart/Desktop/8-8-2026/91329432.json,"Bart, Edwyn",1,0,0.5982,Grimmsnarl
91330079,/Users/nickzwart/Desktop/8-8-2026/91330079.json,"Bart, Edwyn",1,0,0.5982,Grimmsnarl
91331175,/Users/nickzwart/Desktop/8-8-2026/91331175.json,Can,0,1,0.4853,Grimmsnarl
91331850,/Users/nickzwart/Desktop/8-8-2026/91331850.json,齐乐,1,0,0.4322,M-Lopunny
91331895,/Users/nickzwart/Desktop/8-8-2026/91331895.json,"Bart, Edwyn",0,1,0.5982,M-Kangaskhan
91331977,/Users/nickzwart/Desktop/8-8-2026/91331977.json,THIRD PTCG Club,1,1,0.5714,Dudunsparce
91330988,/Users/nickzwart/Desktop/8-8-2026/91330988.json,"Bart, Edwyn",0,1,0.5982,M-Kangaskhan
91331078,/Users/nickzwart/Desktop/8-8-2026/91331078.json,THIRD PTCG Club,0,1,0.5714,M-Lucario
91332028,/Users/nickzwart/Desktop/8-8-2026/91332028.json,Ghleii,1,0,0.5556,Grimmsnarl
91332791,/Users/nickzwart/Desktop/8-8-2026/91332791.json,"Bart, Edwyn",1,1,0.5982,M-Kangaskhan
91333741,/Users/nickzwart/Desktop/8-8-2026/91333741.json,PKM Masters,0,0,0.5,Grimmsnarl
91333751,/Users/nickzwart/Desktop/8-8-2026/91333751.json,隔壁老王,1,0,0.3125,Grimmsnarl
91333804,/Users/nickzwart/Desktop/8-8-2026/91333804.json,THIRD PTCG Club,1,0,0.5714,Grimmsnarl
91333834,/Users/nickzwart/Desktop/8-8-2026/91333834.json,대여르,1,0,0.1818,Grimmsnarl
91333941,/Users/nickzwart/Desktop/8-8-2026/91333941.json,"Bart, Edwyn",0,1,0.5982,Grimmsnarl
91334626,/Users/nickzwart/Desktop/8-8-2026/91334626.json,"Bart, Edwyn",0,0,0.5982,Alakazam
91334626,/Users/nickzwart/Desktop/8-8-2026/91334626.json,vvs,1,1,0.5895,Alakazam
91332863,/Users/nickzwart/Desktop/8-8-2026/91332863.json,bono,0,0,0.1905,Alakazam
91332863,/Users/nickzwart/Desktop/8-8-2026/91332863.json,THIRD PTCG Club,1,1,0.5714,Alakazam
91332898,/Users/nickzwart/Desktop/8-8-2026/91332898.json,宝糕手,1,1,0.5128,Grimmsnarl
91333089,/Users/nickzwart/Desktop/8-8-2026/91333089.json,hotpotbro,1,1,0.2609,M-Lucario
91334704,/Users/nickzwart/Desktop/8-8-2026/91334704.json,THIRD PTCG Club,0,0,0.5714,M-Kangaskhan
91334752,/Users/nickzwart/Desktop/8-8-2026/91334752.json,S4nkurero,0,0,0.5467,Grimmsnarl
91334891,/Users/nickzwart/Desktop/8-8-2026/91334891.json,wkonishi,1,1,0.5103,Garchomp
91334902,/Users/nickzwart/Desktop/8-8-2026/91334902.json,wkonishi,0,1,0.5103,M-Kangaskhan
91335493,/Users/nickzwart/Desktop/8-8-2026/91335493.json,wkonishi,1,0,0.5103,other
91335541,/Users/nickzwart/Desktop/8-8-2026/91335541.json,THIRD PTCG Club,1,0,0.5714,Grimmsnarl
91336542,/Users/nickzwart/Desktop/8-8-2026/91336542.json,Juyong,0,1,0.4386,Grimmsnarl
91337259,/Users/nickzwart/Desktop/8-8-2026/91337259.json,tttzof351,0,1,0.75,Grimmsnarl
91337283,/Users/nickzwart/Desktop/8-8-2026/91337283.json,Team,1,1,0.5161,M-Kangaskhan
91337353,/Users/nickzwart/Desktop/8-8-2026/91337353.json,miya,0,0,0.5179,Dragapult
91337364,/Users/nickzwart/Desktop/8-8-2026/91337364.json,"Bart, Edwyn",0,1,0.5982,Grimmsnarl
91338194,/Users/nickzwart/Desktop/8-8-2026/91338194.json,"Bart, Edwyn",1,1,0.5982,M-Lopunny
91338264,/Users/nickzwart/Desktop/8-8-2026/91338264.json,THIRD PTCG Club,0,1,0.5714,Grimmsnarl
91337408,/Users/nickzwart/Desktop/8-8-2026/91337408.json,PKM Masters,0,1,0.5,Grimmsnarl
91337445,/Users/nickzwart/Desktop/8-8-2026/91337445.json,THIRD PTCG Club,1,1,0.5714,Grimmsnarl
91337449,/Users/nickzwart/Desktop/8-8-2026/91337449.json,Evgeniy Zdoronok,0,0,0.5789,Dragapult
91338481,/Users/nickzwart/Desktop/8-8-2026/91338481.json,Challengestone,0,0,0.4419,Dragapult
91339109,/Users/nickzwart/Desktop/8-8-2026/91339109.json,tttzof351,0,1,0.75,Grimmsnarl
91335569,/Users/nickzwart/Desktop/8-8-2026/91335569.json,Team Rot-Weiß,1,0,0.528,Grimmsnarl
91335575,/Users/nickzwart/Desktop/8-8-2026/91335575.json,齐乐,0,1,0.4322,Grimmsnarl
91335614,/Users/nickzwart/Desktop/8-8-2026/91335614.json,BC+,0,1,0.3684,Alakazam
91335614,/Users/nickzwart/Desktop/8-8-2026/91335614.json,"Bart, Edwyn",1,0,0.5982,Alakazam
91336452,/Users/nickzwart/Desktop/8-8-2026/91336452.json,miya,0,1,0.5179,M-Lucario
91336454,/Users/nickzwart/Desktop/8-8-2026/91336454.json,宝糕手,0,1,0.5128,Alakazam
91336454,/Users/nickzwart/Desktop/8-8-2026/91336454.json,"Bart, Edwyn",1,0,0.5982,Alakazam
91340016,/Users/nickzwart/Desktop/8-8-2026/91340016.json,tttzof351,0,1,0.75,Ogerpon
91340115,/Users/nickzwart/Desktop/8-8-2026/91340115.json,"Bart, Edwyn",0,0,0.5982,Alakazam
91340115,/Users/nickzwart/Desktop/8-8-2026/91340115.json,S4nkurero,1,1,0.5467,Alakazam
91340117,/Users/nickzwart/Desktop/8-8-2026/91340117.json,Jonathan Coletti,0,1,0.6226,M-Lucario
91339283,/Users/nickzwart/Desktop/8-8-2026/91339283.json,THIRD PTCG Club,1,0,0.5714,M-Lopunny
91340149,/Users/nickzwart/Desktop/8-8-2026/91340149.json,Challengestone,0,0,0.4419,Grimmsnarl
91340195,/Users/nickzwart/Desktop/8-8-2026/91340195.json,THIRD PTCG Club,0,1,0.5714,Grimmsnarl
91340984,/Users/nickzwart/Desktop/8-8-2026/91340984.json,hotpotbro,0,0,0.2609,Alakazam
91340984,/Users/nickzwart/Desktop/8-8-2026/91340984.json,tttzof351,1,1,0.75,Alakazam
91340994,/Users/nickzwart/Desktop/8-8-2026/91340994.json,齐乐,1,0,0.4322,Grimmsnarl
91341074,/Users/nickzwart/Desktop/8-8-2026/91341074.json,"Bart, Edwyn",1,0,0.5982,Alakazam
91341116,/Users/nickzwart/Desktop/8-8-2026/91341116.json,THIRD PTCG Club,0,1,0.5714,Grimmsnarl
91341232,/Users/nickzwart/Desktop/8-8-2026/91341232.json,"Bart, Edwyn",0,1,0.5982,M-Kangaskhan
91341808,/Users/nickzwart/Desktop/8-8-2026/91341808.json,Team,1,0,0.5161,M-Kangaskhan
91341858,/Users/nickzwart/Desktop/8-8-2026/91341858.json,Lunariz,1,1,0.5854,M-Kangaskhan
91341906,/Users/nickzwart/Desktop/8-8-2026/91341906.json,"Bart, Edwyn",1,1,0.5982,Ogerpon
91341924,/Users/nickzwart/Desktop/8-8-2026/91341924.json,Jonathan Coletti,0,1,0.6226,Hydrapple
91341948,/Users/nickzwart/Desktop/8-8-2026/91341948.json,tttzof351,0,0,0.75,Alakazam
91341948,/Users/nickzwart/Desktop/8-8-2026/91341948.json,爆爆盛焼脂油麺,1,1,0.4944,Alakazam
91341977,/Users/nickzwart/Desktop/8-8-2026/91341977.json,THIRD PTCG Club,0,1,0.5714,Alakazam
91341977,/Users/nickzwart/Desktop/8-8-2026/91341977.json,pokewaves,1,0,0.3889,Alakazam
91341980,/Users/nickzwart/Desktop/8-8-2026/91341980.json,Jonathan Coletti,1,1,0.6226,Ogerpon
91342077,/Users/nickzwart/Desktop/8-8-2026/91342077.json,Jonathan Coletti,0,1,0.6226,M-Kangaskhan
91342749,/Users/nickzwart/Desktop/8-8-2026/91342749.json,tttzof351,1,1,0.75,M-Lopunny
91342887,/Users/nickzwart/Desktop/8-8-2026/91342887.json,THIRD PTCG Club,0,0,0.5714,Alakazam
91342887,/Users/nickzwart/Desktop/8-8-2026/91342887.json,Team Rot-Weiß,1,1,0.528,Alakazam
91343672,/Users/nickzwart/Desktop/8-8-2026/91343672.json,tttzof351,1,1,0.75,M-Lopunny
91343783,/Users/nickzwart/Desktop/8-8-2026/91343783.json,"Bart, Edwyn",1,1,0.5982,Grimmsnarl
91343789,/Users/nickzwart/Desktop/8-8-2026/91343789.json,motono0223,0,0,0.5455,M-Lucario
91343844,/Users/nickzwart/Desktop/8-8-2026/91343844.json,THIRD PTCG Club,0,1,0.5714,Dragapult
91344585,/Users/nickzwart/Desktop/8-8-2026/91344585.json,tttzof351,1,1,0.75,M-Lopunny
91344675,/Users/nickzwart/Desktop/8-8-2026/91344675.json,"Bart, Edwyn",0,1,0.5982,Meganium
91344736,/Users/nickzwart/Desktop/8-8-2026/91344736.json,Challengestone,1,0,0.4419,Ogerpon
91344759,/Users/nickzwart/Desktop/8-8-2026/91344759.json,THIRD PTCG Club,1,0,0.5714,M-Kangaskhan
91344765,/Users/nickzwart/Desktop/8-8-2026/91344765.json,masspeaks,1,0,0.4757,Grimmsnarl
91345453,/Users/nickzwart/Desktop/8-8-2026/91345453.json,haruto,0,0,0.4035,Grimmsnarl
91345491,/Users/nickzwart/Desktop/8-8-2026/91345491.json,tttzof351,0,1,0.75,Ogerpon
91345583,/Users/nickzwart/Desktop/8-8-2026/91345583.json,wkonishi,1,1,0.5103,M-Lopunny
91345601,/Users/nickzwart/Desktop/8-8-2026/91345601.json,"Bart, Edwyn",0,1,0.5982,M-Froslass
91345684,/Users/nickzwart/Desktop/8-8-2026/91345684.json,THIRD PTCG Club,0,1,0.5714,M-Lopunny
91345759,/Users/nickzwart/Desktop/8-8-2026/91345759.json,masspeaks,1,0,0.4757,Grimmsnarl
91346391,/Users/nickzwart/Desktop/8-8-2026/91346391.json,Team,1,1,0.5161,M-Kangaskhan
91346408,/Users/nickzwart/Desktop/8-8-2026/91346408.json,tttzof351,0,0,0.75,Grimmsnarl
91346434,/Users/nickzwart/Desktop/8-8-2026/91346434.json,fishcat,1,1,0.4815,M-Kangaskhan
91346525,/Users/nickzwart/Desktop/8-8-2026/91346525.json,"Bart, Edwyn",1,0,0.5982,Hydrapple
91346540,/Users/nickzwart/Desktop/8-8-2026/91346540.json,AlphaStarmie,1,1,0.6129,M-Lucario
91346610,/Users/nickzwart/Desktop/8-8-2026/91346610.json,THIRD PTCG Club,0,1,0.5714,M-Kangaskhan
91347369,/Users/nickzwart/Desktop/8-8-2026/91347369.json,tttzof351,0,0,0.75,M-Kangaskhan
91347484,/Users/nickzwart/Desktop/8-8-2026/91347484.json,THIRD PTCG Club,0,1,0.5714,Alakazam
91347484,/Users/nickzwart/Desktop/8-8-2026/91347484.json,"Bart, Edwyn",1,0,0.5982,Alakazam
91347241,/Users/nickzwart/Desktop/8-8-2026/91347241.json,"Bart, Edwyn",0,0,0.5982,Grimmsnarl
91347269,/Users/nickzwart/Desktop/8-8-2026/91347269.json,pokewaves,1,1,0.3889,Grimmsnarl
91347271,/Users/nickzwart/Desktop/8-8-2026/91347271.json,Jonathan Coletti,0,1,0.6226,Grimmsnarl
91347292,/Users/nickzwart/Desktop/8-8-2026/91347292.json,haruto,0,0,0.4035,M-Lopunny
91348373,/Users/nickzwart/Desktop/8-8-2026/91348373.json,"Bart, Edwyn",0,0,0.5982,M-Lucario
91348423,/Users/nickzwart/Desktop/8-8-2026/91348423.json,Challengestone,1,1,0.4419,Grimmsnarl
91348453,/Users/nickzwart/Desktop/8-8-2026/91348453.json,THIRD PTCG Club,0,0,0.5714,Grimmsnarl
91349255,/Users/nickzwart/Desktop/8-8-2026/91349255.json,THIRD PTCG Club,0,0,0.5714,Hydrapple
91349280,/Users/nickzwart/Desktop/8-8-2026/91349280.json,Ghleii,0,1,0.5556,Crustle
91349360,/Users/nickzwart/Desktop/8-8-2026/91349360.json,"Bart, Edwyn",0,1,0.5982,Grimmsnarl
91349377,/Users/nickzwart/Desktop/8-8-2026/91349377.json,Challengestone,0,1,0.4419,Grimmsnarl
91349119,/Users/nickzwart/Desktop/8-8-2026/91349119.json,wkonishi,1,0,0.5103,Grimmsnarl
91349230,/Users/nickzwart/Desktop/8-8-2026/91349230.json,masspeaks,1,0,0.4757,Grimmsnarl
91349238,/Users/nickzwart/Desktop/8-8-2026/91349238.json,haruto,0,1,0.4035,Ogerpon
91350185,/Users/nickzwart/Desktop/8-8-2026/91350185.json,aaa,1,1,0.6279,Grimmsnarl
91350203,/Users/nickzwart/Desktop/8-8-2026/91350203.json,"Bart, Edwyn",0,1,0.5982,Hydrapple
91350232,/Users/nickzwart/Desktop/8-8-2026/91350232.json,MTADA,1,0,0.375,Hydrapple
91350263,/Users/nickzwart/Desktop/8-8-2026/91350263.json,masspeaks,1,1,0.4757,Grimmsnarl
91350112,/Users/nickzwart/Desktop/8-8-2026/91350112.json,Juyong,1,1,0.4386,Grimmsnarl
91351017,/Users/nickzwart/Desktop/8-8-2026/91351017.json,miya,1,0,0.5179,M-Lopunny
91351133,/Users/nickzwart/Desktop/8-8-2026/91351133.json,"Bart, Edwyn",0,1,0.5982,Grimmsnarl
91351164,/Users/nickzwart/Desktop/8-8-2026/91351164.json,PKM Masters,0,1,0.5,Alakazam
91351164,/Users/nickzwart/Desktop/8-8-2026/91351164.json,Juyong,1,0,0.4386,Alakazam
91351986,/Users/nickzwart/Desktop/8-8-2026/91351986.json,me and the lads,1,0,0.3636,M-Lopunny
91352010,/Users/nickzwart/Desktop/8-8-2026/91352010.json,aaa,0,0,0.6279,Grimmsnarl
91352022,/Users/nickzwart/Desktop/8-8-2026/91352022.json,"Bart, Edwyn",0,0,0.5982,Grimmsnarl
91352058,/Users/nickzwart/Desktop/8-8-2026/91352058.json,PKM Masters,0,0,0.5,M-Lopunny
91352836,/Users/nickzwart/Desktop/8-8-2026/91352836.json,S4nkurero,0,0,0.5467,Grimmsnarl
91352933,/Users/nickzwart/Desktop/8-8-2026/91352933.json,Jonathan Coletti,1,0,0.6226,Dragapult
91352957,/Users/nickzwart/Desktop/8-8-2026/91352957.json,aaa,0,1,0.6279,Ogerpon
91352962,/Users/nickzwart/Desktop/8-8-2026/91352962.json,"Bart, Edwyn",0,1,0.5982,Ogerpon
91353004,/Users/nickzwart/Desktop/8-8-2026/91353004.json,Challengestone,1,0,0.4419,Ogerpon
91353714,/Users/nickzwart/Desktop/8-8-2026/91353714.json,pokewaves,0,0,0.3889,M-Lucario
91353727,/Users/nickzwart/Desktop/8-8-2026/91353727.json,haruto,0,1,0.4035,Ogerpon
91353754,/Users/nickzwart/Desktop/8-8-2026/91353754.json,齐乐,1,0,0.4322,Grimmsnarl
91353782,/Users/nickzwart/Desktop/8-8-2026/91353782.json,me and the lads,1,1,0.3636,M-Kangaskhan
91353840,/Users/nickzwart/Desktop/8-8-2026/91353840.json,ei1333,0,1,0.5349,M-Lopunny
91353887,/Users/nickzwart/Desktop/8-8-2026/91353887.json,"Bart, Edwyn",1,1,0.5982,Grimmsnarl
91353901,/Users/nickzwart/Desktop/8-8-2026/91353901.json,PKM Masters,0,0,0.5,M-Lucario
91354767,/Users/nickzwart/Desktop/8-8-2026/91354767.json,ONE PIECE,0,0,0.575,Dragapult
91354791,/Users/nickzwart/Desktop/8-8-2026/91354791.json,Juyong,0,0,0.4386,M-Lucario
91355380,/Users/nickzwart/Desktop/8-8-2026/91355380.json,fishcat,0,0,0.4815,other
91354510,/Users/nickzwart/Desktop/8-8-2026/91354510.json,bono,0,0,0.1905,M-Kangaskhan
91355582,/Users/nickzwart/Desktop/8-8-2026/91355582.json,vvs,1,0,0.5895,Grimmsnarl
91355610,/Users/nickzwart/Desktop/8-8-2026/91355610.json,Team,0,1,0.5161,Crustle
91355613,/Users/nickzwart/Desktop/8-8-2026/91355613.json,BC+,1,1,0.3684,Grimmsnarl
91355688,/Users/nickzwart/Desktop/8-8-2026/91355688.json,aaa,1,0,0.6279,Dragapult
91355712,/Users/nickzwart/Desktop/8-8-2026/91355712.json,"Bart, Edwyn",1,1,0.5982,M-Lopunny
91356290,/Users/nickzwart/Desktop/8-8-2026/91356290.json,隔壁老王,0,0,0.3125,other
91356486,/Users/nickzwart/Desktop/8-8-2026/91356486.json,MR.h,0,1,0.5395,M-Kangaskhan
91356573,/Users/nickzwart/Desktop/8-8-2026/91356573.json,"Bart, Edwyn",0,1,0.5982,Crustle
91357272,/Users/nickzwart/Desktop/8-8-2026/91357272.json,hotpotbro,1,0,0.2609,M-Kangaskhan
91357278,/Users/nickzwart/Desktop/8-8-2026/91357278.json,Team Rot-Weiß,0,0,0.528,M-Lopunny
91357348,/Users/nickzwart/Desktop/8-8-2026/91357348.json,Juyong,1,0,0.4386,Grimmsnarl
91357410,/Users/nickzwart/Desktop/8-8-2026/91357410.json,yalee,0,0,0.4444,M-Lopunny
91358141,/Users/nickzwart/Desktop/8-8-2026/91358141.json,Team Rot-Weiß,1,0,0.528,M-Kangaskhan
91357436,/Users/nickzwart/Desktop/8-8-2026/91357436.json,MR.h,1,0,0.5395,Grimmsnarl
91358404,/Users/nickzwart/Desktop/8-8-2026/91358404.json,hotpotbro,0,0,0.2609,Alakazam
91358404,/Users/nickzwart/Desktop/8-8-2026/91358404.json,aaa,1,1,0.6279,Alakazam
91358972,/Users/nickzwart/Desktop/8-8-2026/91358972.json,Jonathan Coletti,0,1,0.6226,Alakazam
91358972,/Users/nickzwart/Desktop/8-8-2026/91358972.json,Pushu?,1,0,0.4328,Alakazam
91359015,/Users/nickzwart/Desktop/8-8-2026/91359015.json,Team Rot-Weiß,1,0,0.528,other
91359299,/Users/nickzwart/Desktop/8-8-2026/91359299.json,Pushu?,0,0,0.4328,Dragapult
91359308,/Users/nickzwart/Desktop/8-8-2026/91359308.json,aaa,1,1,0.6279,Alakazam
91360038,/Users/nickzwart/Desktop/8-8-2026/91360038.json,Juyong,1,1,0.4386,Grimmsnarl
91360102,/Users/nickzwart/Desktop/8-8-2026/91360102.json,MTADA,0,0,0.375,Grimmsnarl
91361047,/Users/nickzwart/Desktop/8-8-2026/91361047.json,Team,1,0,0.5161,Grimmsnarl
91361111,/Users/nickzwart/Desktop/8-8-2026/91361111.json,aaa,1,0,0.6279,M-Kangaskhan
91361964,/Users/nickzwart/Desktop/8-8-2026/91361964.json,haruto,0,1,0.4035,Grimmsnarl
91362007,/Users/nickzwart/Desktop/8-8-2026/91362007.json,대여르,1,0,0.1818,M-Lopunny
91362715,/Users/nickzwart/Desktop/8-8-2026/91362715.json,THIRD PTCG Club,0,0,0.5714,M-Kangaskhan
91364694,/Users/nickzwart/Desktop/8-8-2026/91364694.json,haruto,1,0,0.4035,Dragapult
91364730,/Users/nickzwart/Desktop/8-8-2026/91364730.json,fishcat,1,0,0.4815,M-Kangaskhan
91362881,/Users/nickzwart/Desktop/8-8-2026/91362881.json,hotpotbro,1,1,0.2609,M-Lopunny
91362890,/Users/nickzwart/Desktop/8-8-2026/91362890.json,Team Rot-Weiß,1,1,0.528,Grimmsnarl
91362935,/Users/nickzwart/Desktop/8-8-2026/91362935.json,fishcat,0,0,0.4815,M-Kangaskhan
91363678,/Users/nickzwart/Desktop/8-8-2026/91363678.json,ei1333,1,0,0.5349,Ogerpon
91363805,/Users/nickzwart/Desktop/8-8-2026/91363805.json,aaa,0,0,0.6279,Grimmsnarl
91363838,/Users/nickzwart/Desktop/8-8-2026/91363838.json,yalee,1,1,0.4444,Grimmsnarl
91364467,/Users/nickzwart/Desktop/8-8-2026/91364467.json,ONE PIECE,1,1,0.575,Grimmsnarl
91365470,/Users/nickzwart/Desktop/8-8-2026/91365470.json,THIRD PTCG Club,1,1,0.5714,Crustle
91365611,/Users/nickzwart/Desktop/8-8-2026/91365611.json,Team Rot-Weiß,0,1,0.528,Grimmsnarl
91365676,/Users/nickzwart/Desktop/8-8-2026/91365676.json,THIRD PTCG Club,0,1,0.5714,Crustle
91366367,/Users/nickzwart/Desktop/8-8-2026/91366367.json,miya,1,0,0.5179,other
91366385,/Users/nickzwart/Desktop/8-8-2026/91366385.json,wkonishi,0,1,0.5103,M-Kangaskhan
91366524,/Users/nickzwart/Desktop/8-8-2026/91366524.json,haruto,1,1,0.4035,Ogerpon
91366570,/Users/nickzwart/Desktop/8-8-2026/91366570.json,齐乐,0,0,0.4322,Dragapult
91367332,/Users/nickzwart/Desktop/8-8-2026/91367332.json,pokewaves,0,0,0.3889,M-Kangaskhan
91367427,/Users/nickzwart/Desktop/8-8-2026/91367427.json,haruto,0,1,0.4035,M-Kangaskhan
91367484,/Users/nickzwart/Desktop/8-8-2026/91367484.json,"Bart, Edwyn",1,1,0.5982,Crustle
91368154,/Users/nickzwart/Desktop/8-8-2026/91368154.json,me and the lads,1,0,0.3636,Grimmsnarl
91368176,/Users/nickzwart/Desktop/8-8-2026/91368176.json,bono,1,0,0.1905,Garchomp
91368269,/Users/nickzwart/Desktop/8-8-2026/91368269.json,Jonathan Coletti,1,1,0.6226,Garchomp
91368402,/Users/nickzwart/Desktop/8-8-2026/91368402.json,aaa,0,1,0.6279,Alakazam
91368402,/Users/nickzwart/Desktop/8-8-2026/91368402.json,haruto,1,0,0.4035,Alakazam
91369025,/Users/nickzwart/Desktop/8-8-2026/91369025.json,masspeaks,0,1,0.4757,Garchomp
91369173,/Users/nickzwart/Desktop/8-8-2026/91369173.json,me and the lads,1,1,0.3636,Ogerpon
91369248,/Users/nickzwart/Desktop/8-8-2026/91369248.json,Can,1,0,0.4853,M-Lopunny
91369959,/Users/nickzwart/Desktop/8-8-2026/91369959.json,masspeaks,1,0,0.4757,Grimmsnarl
91370017,/Users/nickzwart/Desktop/8-8-2026/91370017.json,wkonishi,0,0,0.5103,Grimmsnarl
91370922,/Users/nickzwart/Desktop/8-8-2026/91370922.json,"Bart, Edwyn",1,1,0.5982,M-Lopunny
91372709,/Users/nickzwart/Desktop/8-8-2026/91372709.json,masspeaks,0,0,0.4757,Dragapult
91372843,/Users/nickzwart/Desktop/8-8-2026/91372843.json,miya,1,0,0.5179,M-Lopunny
91372958,/Users/nickzwart/Desktop/8-8-2026/91372958.json,宝糕手,0,0,0.5128,M-Kangaskhan
91371884,/Users/nickzwart/Desktop/8-8-2026/91371884.json,Juyong,1,0,0.4386,Garchomp
91371079,/Users/nickzwart/Desktop/8-8-2026/91371079.json,Juyong,0,0,0.4386,Garchomp
91373709,/Users/nickzwart/Desktop/8-8-2026/91373709.json,Ghleii,1,0,0.5556,other
91374457,/Users/nickzwart/Desktop/8-8-2026/91374457.json,Challengestone,0,0,0.4419,M-Lopunny
91374517,/Users/nickzwart/Desktop/8-8-2026/91374517.json,masspeaks,1,1,0.4757,Grimmsnarl
91374556,/Users/nickzwart/Desktop/8-8-2026/91374556.json,pokewaves,1,0,0.3889,Grimmsnarl
91374681,/Users/nickzwart/Desktop/8-8-2026/91374681.json,me and the lads,1,0,0.3636,Garchomp
91375458,/Users/nickzwart/Desktop/8-8-2026/91375458.json,Evgeniy Zdoronok,0,0,0.5789,M-Lucario
91376444,/Users/nickzwart/Desktop/8-8-2026/91376444.json,Team Rot-Weiß,1,0,0.528,M-Lopunny
91376528,/Users/nickzwart/Desktop/8-8-2026/91376528.json,"Bart, Edwyn",1,1,0.5982,M-Kangaskhan
91377209,/Users/nickzwart/Desktop/8-8-2026/91377209.json,vvs,1,1,0.5895,Grimmsnarl
91376316,/Users/nickzwart/Desktop/8-8-2026/91376316.json,BC+,0,0,0.3684,M-Lopunny
91377276,/Users/nickzwart/Desktop/8-8-2026/91377276.json,masspeaks,0,0,0.4757,Alakazam
91377276,/Users/nickzwart/Desktop/8-8-2026/91377276.json,miya,1,1,0.5179,Alakazam
91377372,/Users/nickzwart/Desktop/8-8-2026/91377372.json,masspeaks,0,0,0.4757,Ogerpon
91378275,/Users/nickzwart/Desktop/8-8-2026/91378275.json,Team Rot-Weiß,0,1,0.528,Crustle
91378329,/Users/nickzwart/Desktop/8-8-2026/91378329.json,aaa,1,1,0.6279,M-Kangaskhan
91379028,/Users/nickzwart/Desktop/8-8-2026/91379028.json,Team KASA.,1,0,0.4737,Grimmsnarl
91379085,/Users/nickzwart/Desktop/8-8-2026/91379085.json,Team Rot-Weiß,1,0,0.528,M-Lucario
91379090,/Users/nickzwart/Desktop/8-8-2026/91379090.json,Juyong,1,0,0.4386,Grimmsnarl
91379298,/Users/nickzwart/Desktop/8-8-2026/91379298.json,齐乐,1,1,0.4322,Ogerpon
91380034,/Users/nickzwart/Desktop/8-8-2026/91380034.json,Jonathan Coletti,0,0,0.6226,M-Lucario
91381692,/Users/nickzwart/Desktop/8-8-2026/91381692.json,AlphaStarmie,0,1,0.6129,M-Lucario
91381809,/Users/nickzwart/Desktop/8-8-2026/91381809.json,haruto,1,1,0.4035,M-Lucario
91380825,/Users/nickzwart/Desktop/8-8-2026/91380825.json,wkonishi,0,1,0.5103,M-Lopunny
91380935,/Users/nickzwart/Desktop/8-8-2026/91380935.json,haruto,0,0,0.4035,Grimmsnarl
91381974,/Users/nickzwart/Desktop/8-8-2026/91381974.json,fishcat,0,1,0.4815,Garchomp
91382883,/Users/nickzwart/Desktop/8-8-2026/91382883.json,miya,1,0,0.5179,M-Kangaskhan
91383516,/Users/nickzwart/Desktop/8-8-2026/91383516.json,Juyong,0,1,0.4386,M-Kangaskhan
91382614,/Users/nickzwart/Desktop/8-8-2026/91382614.json,vvs,0,1,0.5895,M-Kangaskhan
91382675,/Users/nickzwart/Desktop/8-8-2026/91382675.json,"Bart, Edwyn",1,0,0.5982,M-Lopunny
91385287,/Users/nickzwart/Desktop/8-8-2026/91385287.json,miya,0,0,0.5179,Dragapult
91385367,/Users/nickzwart/Desktop/8-8-2026/91385367.json,haruto,1,1,0.4035,M-Lopunny
91385408,/Users/nickzwart/Desktop/8-8-2026/91385408.json,aaa,1,0,0.6279,Grimmsnarl
91385413,/Users/nickzwart/Desktop/8-8-2026/91385413.json,wkonishi,1,1,0.5103,M-Lopunny
91385496,/Users/nickzwart/Desktop/8-8-2026/91385496.json,yalee,0,0,0.4444,Grimmsnarl
91385515,/Users/nickzwart/Desktop/8-8-2026/91385515.json,pokewaves,1,0,0.3889,Grimmsnarl
91387110,/Users/nickzwart/Desktop/8-8-2026/91387110.json,Team,1,0,0.5161,M-Lucario
91387244,/Users/nickzwart/Desktop/8-8-2026/91387244.json,BC+,1,1,0.3684,M-Lopunny
91387255,/Users/nickzwart/Desktop/8-8-2026/91387255.json,AlphaStarmie,0,0,0.6129,M-Lucario
91386179,/Users/nickzwart/Desktop/8-8-2026/91386179.json,齐乐,1,0,0.4322,Dragapult
91386222,/Users/nickzwart/Desktop/8-8-2026/91386222.json,Challengestone,1,0,0.4419,M-Kangaskhan
91386356,/Users/nickzwart/Desktop/8-8-2026/91386356.json,fishcat,0,0,0.4815,Grimmsnarl
91386377,/Users/nickzwart/Desktop/8-8-2026/91386377.json,fishcat,1,1,0.4815,Grimmsnarl
91386397,/Users/nickzwart/Desktop/8-8-2026/91386397.json,me and the lads,0,1,0.3636,Grimmsnarl
91386467,/Users/nickzwart/Desktop/8-8-2026/91386467.json,爆爆盛焼脂油麺,0,1,0.4944,Alakazam
91386467,/Users/nickzwart/Desktop/8-8-2026/91386467.json,Team,1,0,0.5161,Alakazam
91388044,/Users/nickzwart/Desktop/8-8-2026/91388044.json,vvs,1,0,0.5895,M-Kangaskhan
91388128,/Users/nickzwart/Desktop/8-8-2026/91388128.json,me and the lads,1,0,0.3636,Dragapult
91388129,/Users/nickzwart/Desktop/8-8-2026/91388129.json,wkonishi,1,1,0.5103,Grimmsnarl
91387290,/Users/nickzwart/Desktop/8-8-2026/91387290.json,MR.h,1,1,0.5395,Grimmsnarl
91389071,/Users/nickzwart/Desktop/8-8-2026/91389071.json,"Bart, Edwyn",0,1,0.5982,Grimmsnarl
91389114,/Users/nickzwart/Desktop/8-8-2026/91389114.json,"Bart, Edwyn",1,1,0.5982,Grimmsnarl
91389211,/Users/nickzwart/Desktop/8-8-2026/91389211.json,THIRD PTCG Club,1,1,0.5714,M-Starmie
91389791,/Users/nickzwart/Desktop/8-8-2026/91389791.json,BC+,0,0,0.3684,Grimmsnarl
91388970,/Users/nickzwart/Desktop/8-8-2026/91388970.json,爆爆盛焼脂油麺,0,0,0.4944,M-Lopunny
91389052,/Users/nickzwart/Desktop/8-8-2026/91389052.json,宝糕手,0,0,0.5128,M-Lopunny
91390101,/Users/nickzwart/Desktop/8-8-2026/91390101.json,Evgeniy Zdoronok,0,1,0.5789,M-Kangaskhan
91390112,/Users/nickzwart/Desktop/8-8-2026/91390112.json,Evgeniy Zdoronok,0,1,0.5789,Grimmsnarl
91390718,/Users/nickzwart/Desktop/8-8-2026/91390718.json,ei1333,0,1,0.5349,Grimmsnarl
91390750,/Users/nickzwart/Desktop/8-8-2026/91390750.json,wkonishi,1,1,0.5103,M-Lucario
91390786,/Users/nickzwart/Desktop/8-8-2026/91390786.json,爆爆盛焼脂油麺,0,1,0.4944,M-Kangaskhan
91390899,/Users/nickzwart/Desktop/8-8-2026/91390899.json,wkonishi,0,1,0.5103,Grimmsnarl
91391742,/Users/nickzwart/Desktop/8-8-2026/91391742.json,fishcat,1,1,0.4815,M-Lopunny
91392540,/Users/nickzwart/Desktop/8-8-2026/91392540.json,Juyong,0,1,0.4386,Grimmsnarl
91392580,/Users/nickzwart/Desktop/8-8-2026/91392580.json,haruto,1,1,0.4035,Grimmsnarl
91392618,/Users/nickzwart/Desktop/8-8-2026/91392618.json,Pushu?,0,1,0.4328,M-Lopunny
91390974,/Users/nickzwart/Desktop/8-8-2026/91390974.json,Juyong,1,0,0.4386,Grimmsnarl
91392737,/Users/nickzwart/Desktop/8-8-2026/91392737.json,爆爆盛焼脂油麺,0,0,0.4944,Grimmsnarl
91393531,/Users/nickzwart/Desktop/8-8-2026/91393531.json,vvs,1,1,0.5895,M-Lopunny
91393604,/Users/nickzwart/Desktop/8-8-2026/91393604.json,隔壁老王,1,1,0.3125,M-Lopunny
91393621,/Users/nickzwart/Desktop/8-8-2026/91393621.json,宝糕手,0,1,0.5128,Ogerpon
91394423,/Users/nickzwart/Desktop/8-8-2026/91394423.json,Team Rot-Weiß,0,0,0.528,M-Kangaskhan
91394611,/Users/nickzwart/Desktop/8-8-2026/91394611.json,aaa,1,1,0.6279,Ogerpon
91395199,/Users/nickzwart/Desktop/8-8-2026/91395199.json,Evgeniy Zdoronok,0,0,0.5789,Dragapult
91395211,/Users/nickzwart/Desktop/8-8-2026/91395211.json,齐乐,0,1,0.4322,Alakazam
91395211,/Users/nickzwart/Desktop/8-8-2026/91395211.json,MR.h,1,0,0.5395,Alakazam
91395215,/Users/nickzwart/Desktop/8-8-2026/91395215.json,Challengestone,1,0,0.4419,Garchomp
91395292,/Users/nickzwart/Desktop/8-8-2026/91395292.json,Evgeniy Zdoronok,1,1,0.5789,Grimmsnarl
91394540,/Users/nickzwart/Desktop/8-8-2026/91394540.json,Team,0,1,0.5161,Ogerpon
91394577,/Users/nickzwart/Desktop/8-8-2026/91394577.json,masspeaks,0,0,0.4757,Alakazam
91394577,/Users/nickzwart/Desktop/8-8-2026/91394577.json,PKM Masters,1,1,0.5,Alakazam
91396113,/Users/nickzwart/Desktop/8-8-2026/91396113.json,Juyong,1,0,0.4386,Dragapult
91396120,/Users/nickzwart/Desktop/8-8-2026/91396120.json,宝糕手,1,1,0.5128,Dragapult
91396137,/Users/nickzwart/Desktop/8-8-2026/91396137.json,tttzof351,0,1,0.75,Grimmsnarl
91396201,/Users/nickzwart/Desktop/8-8-2026/91396201.json,THIRD PTCG Club,1,0,0.5714,M-Starmie
91397125,/Users/nickzwart/Desktop/8-8-2026/91397125.json,Evgeniy Zdoronok,1,1,0.5789,M-Kangaskhan
91397165,/Users/nickzwart/Desktop/8-8-2026/91397165.json,Luca,0,1,0.4,M-Lopunny
91396403,/Users/nickzwart/Desktop/8-8-2026/91396403.json,Team Rot-Weiß,0,0,0.528,Grimmsnarl
91397254,/Users/nickzwart/Desktop/8-8-2026/91397254.json,齐乐,1,0,0.4322,Hydrapple
91397328,/Users/nickzwart/Desktop/8-8-2026/91397328.json,fishcat,0,0,0.4815,M-Lopunny
91398017,/Users/nickzwart/Desktop/8-8-2026/91398017.json,齐乐,0,0,0.4322,Grimmsnarl
91398873,/Users/nickzwart/Desktop/8-8-2026/91398873.json,BC+,1,0,0.3684,M-Kangaskhan
91399024,/Users/nickzwart/Desktop/8-8-2026/91399024.json,Juyong,1,0,0.4386,Dudunsparce
91400651,/Users/nickzwart/Desktop/8-8-2026/91400651.json,MR.h,0,1,0.5395,Alakazam
91400651,/Users/nickzwart/Desktop/8-8-2026/91400651.json,BC+,1,0,0.3684,Alakazam
91400720,/Users/nickzwart/Desktop/8-8-2026/91400720.json,hotpotbro,0,0,0.2609,Grimmsnarl
91400840,/Users/nickzwart/Desktop/8-8-2026/91400840.json,aaa,0,1,0.6279,other
91401550,/Users/nickzwart/Desktop/8-8-2026/91401550.json,MR.h,1,1,0.5395,Grimmsnarl
91401551,/Users/nickzwart/Desktop/8-8-2026/91401551.json,Lunariz,1,1,0.5854,Dragapult
91401639,/Users/nickzwart/Desktop/8-8-2026/91401639.json,THIRD PTCG Club,1,0,0.5714,Dragapult
91401651,/Users/nickzwart/Desktop/8-8-2026/91401651.json,Team,0,1,0.5161,M-Lucario
91402688,/Users/nickzwart/Desktop/8-8-2026/91402688.json,BC+,1,0,0.3684,M-Lopunny
91402705,/Users/nickzwart/Desktop/8-8-2026/91402705.json,Can,0,0,0.4853,Grimmsnarl
91402732,/Users/nickzwart/Desktop/8-8-2026/91402732.json,齐乐,0,1,0.4322,M-Lopunny
91402734,/Users/nickzwart/Desktop/8-8-2026/91402734.json,vvs,0,0,0.5895,Dragapult
91401826,/Users/nickzwart/Desktop/8-8-2026/91401826.json,"Bart, Edwyn",1,1,0.5982,Ogerpon
91403394,/Users/nickzwart/Desktop/8-8-2026/91403394.json,Evgeniy Zdoronok,1,0,0.5789,Grimmsnarl
91403641,/Users/nickzwart/Desktop/8-8-2026/91403641.json,PKM Masters,1,0,0.5,Grimmsnarl
91404295,/Users/nickzwart/Desktop/8-8-2026/91404295.json,Team,1,0,0.5161,Grimmsnarl
91404374,/Users/nickzwart/Desktop/8-8-2026/91404374.json,vvs,1,1,0.5895,M-Kangaskhan
91404569,/Users/nickzwart/Desktop/8-8-2026/91404569.json,Team KASA.,0,0,0.4737,Grimmsnarl
91405130,/Users/nickzwart/Desktop/8-8-2026/91405130.json,haruto,1,0,0.4035,Dragapult
91405171,/Users/nickzwart/Desktop/8-8-2026/91405171.json,miya,0,0,0.5179,Alakazam
91405171,/Users/nickzwart/Desktop/8-8-2026/91405171.json,MR.h,1,1,0.5395,Alakazam
91406066,/Users/nickzwart/Desktop/8-8-2026/91406066.json,MR.h,0,1,0.5395,M-Kangaskhan
91406126,/Users/nickzwart/Desktop/8-8-2026/91406126.json,aaa,1,1,0.6279,Grimmsnarl
91407197,/Users/nickzwart/Desktop/8-8-2026/91407197.json,Jonathan Coletti,1,1,0.6226,Grimmsnarl
91407860,/Users/nickzwart/Desktop/8-8-2026/91407860.json,wkonishi,1,1,0.5103,Dragapult
91407919,/Users/nickzwart/Desktop/8-8-2026/91407919.json,齐乐,0,0,0.4322,M-Kangaskhan
91407063,/Users/nickzwart/Desktop/8-8-2026/91407063.json,aaa,1,1,0.6279,Grimmsnarl
91407068,/Users/nickzwart/Desktop/8-8-2026/91407068.json,Lunariz,1,1,0.5854,M-Starmie
91408160,/Users/nickzwart/Desktop/8-8-2026/91408160.json,"Bart, Edwyn",0,1,0.5982,other
91408188,/Users/nickzwart/Desktop/8-8-2026/91408188.json,masspeaks,1,1,0.4757,M-Kangaskhan
91408815,/Users/nickzwart/Desktop/8-8-2026/91408815.json,齐乐,0,1,0.4322,Dragapult
91409656,/Users/nickzwart/Desktop/8-8-2026/91409656.json,wkonishi,1,0,0.5103,M-Lopunny
91409711,/Users/nickzwart/Desktop/8-8-2026/91409711.json,MR.h,1,1,0.5395,Dragapult
91409730,/Users/nickzwart/Desktop/8-8-2026/91409730.json,Team Rot-Weiß,0,0,0.528,Grimmsnarl
91409783,/Users/nickzwart/Desktop/8-8-2026/91409783.json,Lunariz,1,1,0.5854,M-Starmie
91408822,/Users/nickzwart/Desktop/8-8-2026/91408822.json,bono,1,0,0.1905,M-Kangaskhan
91408892,/Users/nickzwart/Desktop/8-8-2026/91408892.json,齐乐,1,0,0.4322,Dragapult
91408956,/Users/nickzwart/Desktop/8-8-2026/91408956.json,wkonishi,1,1,0.5103,M-Kangaskhan
91408957,/Users/nickzwart/Desktop/8-8-2026/91408957.json,Voyager,1,0,0.5,Dragapult
91409823,/Users/nickzwart/Desktop/8-8-2026/91409823.json,대여르,0,1,0.1818,Grimmsnarl
91409954,/Users/nickzwart/Desktop/8-8-2026/91409954.json,Team Rot-Weiß,1,0,0.528,M-Lucario
91410617,/Users/nickzwart/Desktop/8-8-2026/91410617.json,MR.h,1,1,0.5395,Crustle
91410773,/Users/nickzwart/Desktop/8-8-2026/91410773.json,Ghleii,0,1,0.5556,Grimmsnarl
91411539,/Users/nickzwart/Desktop/8-8-2026/91411539.json,Ocyedwin,0,0,0.25,Alakazam
91411539,/Users/nickzwart/Desktop/8-8-2026/91411539.json,MR.h,1,1,0.5395,Alakazam
91411705,/Users/nickzwart/Desktop/8-8-2026/91411705.json,miya,1,1,0.5179,M-Kangaskhan
91411781,/Users/nickzwart/Desktop/8-8-2026/91411781.json,宝糕手,0,1,0.5128,Ogerpon
91412444,/Users/nickzwart/Desktop/8-8-2026/91412444.json,宝糕手,0,1,0.5128,Ogerpon
91412466,/Users/nickzwart/Desktop/8-8-2026/91412466.json,MR.h,1,0,0.5395,M-Lopunny
91413329,/Users/nickzwart/Desktop/8-8-2026/91413329.json,aaa,0,0,0.6279,M-Lopunny
91413375,/Users/nickzwart/Desktop/8-8-2026/91413375.json,MR.h,1,0,0.5395,other
91413398,/Users/nickzwart/Desktop/8-8-2026/91413398.json,Evgeniy Zdoronok,1,1,0.5789,Grimmsnarl
91413401,/Users/nickzwart/Desktop/8-8-2026/91413401.json,宝糕手,0,1,0.5128,other
91413448,/Users/nickzwart/Desktop/8-8-2026/91413448.json,THIRD PTCG Club,1,0,0.5714,Dragapult
91413566,/Users/nickzwart/Desktop/8-8-2026/91413566.json,隔壁老王,1,0,0.3125,Grimmsnarl
91414300,/Users/nickzwart/Desktop/8-8-2026/91414300.json,haruto,1,0,0.4035,Dragapult
91415140,/Users/nickzwart/Desktop/8-8-2026/91415140.json,vvs,1,1,0.5895,M-Lopunny
91415150,/Users/nickzwart/Desktop/8-8-2026/91415150.json,Evgeniy Zdoronok,1,1,0.5789,other
91415255,/Users/nickzwart/Desktop/8-8-2026/91415255.json,AlphaStarmie,1,0,0.6129,M-Lopunny
91416064,/Users/nickzwart/Desktop/8-8-2026/91416064.json,MR.h,0,1,0.5395,other
91416100,/Users/nickzwart/Desktop/8-8-2026/91416100.json,ei1333,0,0,0.5349,Alakazam
91416100,/Users/nickzwart/Desktop/8-8-2026/91416100.json,MR.h,1,1,0.5395,Alakazam
91415316,/Users/nickzwart/Desktop/8-8-2026/91415316.json,me and the lads,0,0,0.3636,M-Lopunny
91417059,/Users/nickzwart/Desktop/8-8-2026/91417059.json,Team Rot-Weiß,0,0,0.528,Grimmsnarl
91417179,/Users/nickzwart/Desktop/8-8-2026/91417179.json,ei1333,0,1,0.5349,Garchomp
91417221,/Users/nickzwart/Desktop/8-8-2026/91417221.json,Luca,0,1,0.4,Crustle
91417772,/Users/nickzwart/Desktop/8-8-2026/91417772.json,齐乐,0,0,0.4322,Grimmsnarl
91419573,/Users/nickzwart/Desktop/8-8-2026/91419573.json,Lunariz,1,0,0.5854,Grimmsnarl
91419690,/Users/nickzwart/Desktop/8-8-2026/91419690.json,Juyong,1,0,0.4386,Dragapult
91419708,/Users/nickzwart/Desktop/8-8-2026/91419708.json,齐乐,0,0,0.4322,Grimmsnarl
91418821,/Users/nickzwart/Desktop/8-8-2026/91418821.json,masspeaks,1,0,0.4757,M-Kangaskhan
91419819,/Users/nickzwart/Desktop/8-8-2026/91419819.json,Evgeniy Zdoronok,0,0,0.5789,M-Kangaskhan
91419908,/Users/nickzwart/Desktop/8-8-2026/91419908.json,Team KASA.,0,0,0.4737,Grimmsnarl
91420546,/Users/nickzwart/Desktop/8-8-2026/91420546.json,"Bart, Edwyn",0,0,0.5982,Dudunsparce
91420603,/Users/nickzwart/Desktop/8-8-2026/91420603.json,MR.h,0,1,0.5395,Hydrapple
91420643,/Users/nickzwart/Desktop/8-8-2026/91420643.json,Jonathan Coletti,0,0,0.6226,Grimmsnarl
91420673,/Users/nickzwart/Desktop/8-8-2026/91420673.json,aaa,0,0,0.6279,Ogerpon
91422310,/Users/nickzwart/Desktop/8-8-2026/91422310.json,masspeaks,0,0,0.4757,M-Lopunny
91422379,/Users/nickzwart/Desktop/8-8-2026/91422379.json,MR.h,1,1,0.5395,Dudunsparce
91422437,/Users/nickzwart/Desktop/8-8-2026/91422437.json,Pushu?,0,0,0.4328,Grimmsnarl
91423458,/Users/nickzwart/Desktop/8-8-2026/91423458.json,宝糕手,1,0,0.5128,Hydrapple
91424183,/Users/nickzwart/Desktop/8-8-2026/91424183.json,대여르,0,0,0.1818,other
91423318,/Users/nickzwart/Desktop/8-8-2026/91423318.json,wkonishi,1,0,0.5103,Dragapult
91423441,/Users/nickzwart/Desktop/8-8-2026/91423441.json,Luca,1,0,0.4,Grimmsnarl
91424363,/Users/nickzwart/Desktop/8-8-2026/91424363.json,Team Rot-Weiß,1,1,0.528,Grimmsnarl
91424969,/Users/nickzwart/Desktop/8-8-2026/91424969.json,齐乐,0,1,0.4322,Grimmsnarl
91425125,/Users/nickzwart/Desktop/8-8-2026/91425125.json,Juyong,0,1,0.4386,Alakazam
91425125,/Users/nickzwart/Desktop/8-8-2026/91425125.json,MR.h,1,0,0.5395,Alakazam
91425171,/Users/nickzwart/Desktop/8-8-2026/91425171.json,Challengestone,0,0,0.4419,Grimmsnarl
91426911,/Users/nickzwart/Desktop/8-8-2026/91426911.json,vvs,1,1,0.5895,Dragapult
91426932,/Users/nickzwart/Desktop/8-8-2026/91426932.json,MR.h,0,0,0.5395,Dudunsparce
91426988,/Users/nickzwart/Desktop/8-8-2026/91426988.json,miya,0,0,0.5179,Grimmsnarl
91426059,/Users/nickzwart/Desktop/8-8-2026/91426059.json,爆爆盛焼脂油麺,0,0,0.4944,Grimmsnarl
91426725,/Users/nickzwart/Desktop/8-8-2026/91426725.json,Team,1,0,0.5161,Grimmsnarl
91427097,/Users/nickzwart/Desktop/8-8-2026/91427097.json,vvs,1,1,0.5895,M-Kangaskhan
91427771,/Users/nickzwart/Desktop/8-8-2026/91427771.json,vvs,0,1,0.5895,Dudunsparce
91427821,/Users/nickzwart/Desktop/8-8-2026/91427821.json,Team KASA.,1,1,0.4737,Dragapult
91427903,/Users/nickzwart/Desktop/8-8-2026/91427903.json,ei1333,0,0,0.5349,Grimmsnarl
91427993,/Users/nickzwart/Desktop/8-8-2026/91427993.json,fishcat,0,0,0.4815,Grimmsnarl
91428778,/Users/nickzwart/Desktop/8-8-2026/91428778.json,aaa,1,0,0.6279,Grimmsnarl
91428847,/Users/nickzwart/Desktop/8-8-2026/91428847.json,MR.h,0,1,0.5395,Hydrapple
91429667,/Users/nickzwart/Desktop/8-8-2026/91429667.json,THIRD PTCG Club,0,0,0.5714,Grimmsnarl
91429706,/Users/nickzwart/Desktop/8-8-2026/91429706.json,AlphaStarmie,1,1,0.6129,M-Lucario
91429717,/Users/nickzwart/Desktop/8-8-2026/91429717.json,haruto,0,1,0.4035,Grimmsnarl
91430413,/Users/nickzwart/Desktop/8-8-2026/91430413.json,Team,1,1,0.5161,Grimmsnarl
91430467,/Users/nickzwart/Desktop/8-8-2026/91430467.json,齐乐,0,1,0.4322,Grimmsnarl
91431450,/Users/nickzwart/Desktop/8-8-2026/91431450.json,齐乐,0,0,0.4322,Grimmsnarl
91431523,/Users/nickzwart/Desktop/8-8-2026/91431523.json,齐乐,0,1,0.4322,Ogerpon
91425202,/Users/nickzwart/Desktop/8-8-2026/91425202.json,AlphaStarmie,0,1,0.6129,Grimmsnarl
91425946,/Users/nickzwart/Desktop/8-8-2026/91425946.json,"Bart, Edwyn",0,1,0.5982,M-Lopunny
91432423,/Users/nickzwart/Desktop/8-8-2026/91432423.json,vvs,1,0,0.5895,Grimmsnarl
91433201,/Users/nickzwart/Desktop/8-8-2026/91433201.json,Team,1,0,0.5161,Dudunsparce
91433263,/Users/nickzwart/Desktop/8-8-2026/91433263.json,대여르,1,0,0.1818,Grimmsnarl
91433313,/Users/nickzwart/Desktop/8-8-2026/91433313.json,PKM Masters,1,1,0.5,Grimmsnarl
91433395,/Users/nickzwart/Desktop/8-8-2026/91433395.json,haruto,0,0,0.4035,other
91434994,/Users/nickzwart/Desktop/8-8-2026/91434994.json,Team Rot-Weiß,0,0,0.528,M-Lopunny
91435117,/Users/nickzwart/Desktop/8-8-2026/91435117.json,대여르,1,0,0.1818,Grimmsnarl
91435119,/Users/nickzwart/Desktop/8-8-2026/91435119.json,wkonishi,0,1,0.5103,Grimmsnarl
91435172,/Users/nickzwart/Desktop/8-8-2026/91435172.json,齐乐,0,0,0.4322,Grimmsnarl
91435218,/Users/nickzwart/Desktop/8-8-2026/91435218.json,aaa,1,0,0.6279,Grimmsnarl
91434272,/Users/nickzwart/Desktop/8-8-2026/91434272.json,Team Rot-Weiß,0,1,0.528,Grimmsnarl
91434845,/Users/nickzwart/Desktop/8-8-2026/91434845.json,THIRD PTCG Club,0,1,0.5714,Grimmsnarl
91435819,/Users/nickzwart/Desktop/8-8-2026/91435819.json,Jonathan Coletti,0,1,0.6226,Grimmsnarl
91435888,/Users/nickzwart/Desktop/8-8-2026/91435888.json,齐乐,0,0,0.4322,Dragapult
91435992,/Users/nickzwart/Desktop/8-8-2026/91435992.json,Luca,1,0,0.4,M-Lopunny
91436009,/Users/nickzwart/Desktop/8-8-2026/91436009.json,齐乐,0,0,0.4322,Dragapult
91436048,/Users/nickzwart/Desktop/8-8-2026/91436048.json,대여르,1,0,0.1818,Hydrapple
91436110,/Users/nickzwart/Desktop/8-8-2026/91436110.json,隔壁老王,1,1,0.3125,Ogerpon
91436630,/Users/nickzwart/Desktop/8-8-2026/91436630.json,"Bart, Edwyn",0,1,0.5982,other
91436632,/Users/nickzwart/Desktop/8-8-2026/91436632.json,Lunariz,0,0,0.5854,Alakazam
91436632,/Users/nickzwart/Desktop/8-8-2026/91436632.json,"Bart, Edwyn",1,1,0.5982,Alakazam
91436789,/Users/nickzwart/Desktop/8-8-2026/91436789.json,MTADA,1,1,0.375,Dudunsparce
91436836,/Users/nickzwart/Desktop/8-8-2026/91436836.json,fishcat,0,0,0.4815,Grimmsnarl
91436874,/Users/nickzwart/Desktop/8-8-2026/91436874.json,AlphaStarmie,0,0,0.6129,M-Lucario
91437546,/Users/nickzwart/Desktop/8-8-2026/91437546.json,"Bart, Edwyn",1,1,0.5982,Grimmsnarl
91437698,/Users/nickzwart/Desktop/8-8-2026/91437698.json,"Bart, Edwyn",1,1,0.5982,Grimmsnarl
91437721,/Users/nickzwart/Desktop/8-8-2026/91437721.json,Lunariz,1,1,0.5854,Grimmsnarl
91437749,/Users/nickzwart/Desktop/8-8-2026/91437749.json,齐乐,1,1,0.4322,M-Kangaskhan
91438469,/Users/nickzwart/Desktop/8-8-2026/91438469.json,"Bart, Edwyn",1,1,0.5982,M-Lopunny
91438513,/Users/nickzwart/Desktop/8-8-2026/91438513.json,Ocyedwin,1,0,0.25,M-Lopunny
91438714,/Users/nickzwart/Desktop/8-8-2026/91438714.json,齐乐,1,1,0.4322,Crustle
91439385,/Users/nickzwart/Desktop/8-8-2026/91439385.json,"Bart, Edwyn",0,1,0.5982,M-Lucario
91439472,/Users/nickzwart/Desktop/8-8-2026/91439472.json,Team,1,0,0.5161,Grimmsnarl
91440459,/Users/nickzwart/Desktop/8-8-2026/91440459.json,aaa,0,1,0.6279,M-Kangaskhan
91439679,/Users/nickzwart/Desktop/8-8-2026/91439679.json,Challengestone,0,0,0.4419,M-Kangaskhan
91440278,/Users/nickzwart/Desktop/8-8-2026/91440278.json,"Bart, Edwyn",0,0,0.5982,Alakazam
91440278,/Users/nickzwart/Desktop/8-8-2026/91440278.json,齐乐,1,1,0.4322,Alakazam
91440283,/Users/nickzwart/Desktop/8-8-2026/91440283.json,"Bart, Edwyn",1,1,0.5982,Grimmsnarl
91441195,/Users/nickzwart/Desktop/8-8-2026/91441195.json,"Bart, Edwyn",1,0,0.5982,Grimmsnarl
91441444,/Users/nickzwart/Desktop/8-8-2026/91441444.json,masspeaks,0,1,0.4757,Hydrapple
91441484,/Users/nickzwart/Desktop/8-8-2026/91441484.json,대여르,1,1,0.1818,other
91442084,/Users/nickzwart/Desktop/8-8-2026/91442084.json,"Bart, Edwyn",0,1,0.5982,Grimmsnarl
91442111,/Users/nickzwart/Desktop/8-8-2026/91442111.json,me and the lads,0,0,0.3636,Dragapult
91442187,/Users/nickzwart/Desktop/8-8-2026/91442187.json,THIRD PTCG Club,0,1,0.5714,Grimmsnarl
91442338,/Users/nickzwart/Desktop/8-8-2026/91442338.json,"Bart, Edwyn",0,0,0.5982,Alakazam
91442338,/Users/nickzwart/Desktop/8-8-2026/91442338.json,THIRD PTCG Club,1,1,0.5714,Alakazam
91442350,/Users/nickzwart/Desktop/8-8-2026/91442350.json,miya,0,1,0.5179,M-Lopunny
91442444,/Users/nickzwart/Desktop/8-8-2026/91442444.json,AlphaStarmie,1,0,0.6129,M-Lucario
91442975,/Users/nickzwart/Desktop/8-8-2026/91442975.json,ei1333,1,1,0.5349,M-Kangaskhan
91442977,/Users/nickzwart/Desktop/8-8-2026/91442977.json,ei1333,1,1,0.5349,M-Lopunny
91442993,/Users/nickzwart/Desktop/8-8-2026/91442993.json,"Bart, Edwyn",1,1,0.5982,Grimmsnarl
91442999,/Users/nickzwart/Desktop/8-8-2026/91442999.json,"Bart, Edwyn",1,1,0.5982,M-Lucario
91443208,/Users/nickzwart/Desktop/8-8-2026/91443208.json,aaa,0,1,0.6279,Dudunsparce
91443235,/Users/nickzwart/Desktop/8-8-2026/91443235.json,Team KASA.,0,0,0.4737,Hydrapple
91443891,/Users/nickzwart/Desktop/8-8-2026/91443891.json,齐乐,1,0,0.4322,Hydrapple
91443901,/Users/nickzwart/Desktop/8-8-2026/91443901.json,"Bart, Edwyn",0,1,0.5982,Grimmsnarl
91444226,/Users/nickzwart/Desktop/8-8-2026/91444226.json,Lunariz,1,0,0.5854,Dudunsparce
91444763,/Users/nickzwart/Desktop/8-8-2026/91444763.json,ei1333,1,0,0.5349,M-Lopunny
91444807,/Users/nickzwart/Desktop/8-8-2026/91444807.json,"Bart, Edwyn",0,1,0.5982,Alakazam
91444807,/Users/nickzwart/Desktop/8-8-2026/91444807.json,BC+,1,0,0.3684,Alakazam
91444127,/Users/nickzwart/Desktop/8-8-2026/91444127.json,haruto,1,0,0.4035,Grimmsnarl
91444137,/Users/nickzwart/Desktop/8-8-2026/91444137.json,Evgeniy Zdoronok,1,0,0.5789,Grimmsnarl
91444142,/Users/nickzwart/Desktop/8-8-2026/91444142.json,爆爆盛焼脂油麺,0,1,0.4944,Dragapult
91444182,/Users/nickzwart/Desktop/8-8-2026/91444182.json,Team KASA.,0,1,0.4737,M-Lucario
91445129,/Users/nickzwart/Desktop/8-8-2026/91445129.json,vvs,1,0,0.5895,M-Lucario
91445696,/Users/nickzwart/Desktop/8-8-2026/91445696.json,"Bart, Edwyn",1,0,0.5982,Grimmsnarl
91445709,/Users/nickzwart/Desktop/8-8-2026/91445709.json,vvs,0,0,0.5895,M-Lopunny
91445750,/Users/nickzwart/Desktop/8-8-2026/91445750.json,"Bart, Edwyn",1,1,0.5982,M-Lucario
91445830,/Users/nickzwart/Desktop/8-8-2026/91445830.json,AdrianWang2003,0,0,0.2667,Ogerpon
91445838,/Users/nickzwart/Desktop/8-8-2026/91445838.json,齐乐,1,0,0.4322,M-Lucario
91445964,/Users/nickzwart/Desktop/8-8-2026/91445964.json,齐乐,1,1,0.4322,M-Lopunny
91446017,/Users/nickzwart/Desktop/8-8-2026/91446017.json,齐乐,0,0,0.4322,Grimmsnarl
91446573,/Users/nickzwart/Desktop/8-8-2026/91446573.json,AdrianWang2003,1,1,0.2667,M-Lopunny
91446610,/Users/nickzwart/Desktop/8-8-2026/91446610.json,"Bart, Edwyn",0,0,0.5982,Dragapult
91446833,/Users/nickzwart/Desktop/8-8-2026/91446833.json,masspeaks,0,1,0.4757,Ogerpon
91446879,/Users/nickzwart/Desktop/8-8-2026/91446879.json,"Bart, Edwyn",1,0,0.5982,M-Starmie
91446945,/Users/nickzwart/Desktop/8-8-2026/91446945.json,PKM Masters,1,1,0.5,M-Kangaskhan
91447495,/Users/nickzwart/Desktop/8-8-2026/91447495.json,"Bart, Edwyn",1,1,0.5982,M-Lucario
91447498,/Users/nickzwart/Desktop/8-8-2026/91447498.json,vvs,0,1,0.5895,Hydrapple
91447525,/Users/nickzwart/Desktop/8-8-2026/91447525.json,PKM Masters,1,0,0.5,Grimmsnarl
91447552,/Users/nickzwart/Desktop/8-8-2026/91447552.json,M Sato,1,0,0.6212,M-Lopunny
91447731,/Users/nickzwart/Desktop/8-8-2026/91447731.json,aaa,0,1,0.6279,Dragapult
91447819,/Users/nickzwart/Desktop/8-8-2026/91447819.json,Juyong,1,1,0.4386,Ogerpon
91448402,/Users/nickzwart/Desktop/8-8-2026/91448402.json,"Bart, Edwyn",0,1,0.5982,Grimmsnarl
91448428,/Users/nickzwart/Desktop/8-8-2026/91448428.json,"Bart, Edwyn",0,1,0.5982,M-Lopunny
91448733,/Users/nickzwart/Desktop/8-8-2026/91448733.json,THIRD PTCG Club,1,0,0.5714,M-Lopunny
91449312,/Users/nickzwart/Desktop/8-8-2026/91449312.json,"Bart, Edwyn",1,0,0.5982,other
91449328,/Users/nickzwart/Desktop/8-8-2026/91449328.json,齐乐,0,0,0.4322,Grimmsnarl
91449339,/Users/nickzwart/Desktop/8-8-2026/91449339.json,"Bart, Edwyn",1,1,0.5982,Grimmsnarl
91449532,/Users/nickzwart/Desktop/8-8-2026/91449532.json,隔壁老王,0,0,0.3125,Garchomp
91450216,/Users/nickzwart/Desktop/8-8-2026/91450216.json,"Bart, Edwyn",1,1,0.5982,Hydrapple
91450230,/Users/nickzwart/Desktop/8-8-2026/91450230.json,Ghleii,0,1,0.5556,M-Kangaskhan
91450235,/Users/nickzwart/Desktop/8-8-2026/91450235.json,"Bart, Edwyn",1,1,0.5982,M-Lucario
91450318,/Users/nickzwart/Desktop/8-8-2026/91450318.json,齐乐,1,0,0.4322,Grimmsnarl
91451106,/Users/nickzwart/Desktop/8-8-2026/91451106.json,pokewaves,1,0,0.3889,M-Kangaskhan
91451152,/Users/nickzwart/Desktop/8-8-2026/91451152.json,"Bart, Edwyn",0,1,0.5982,Grimmsnarl
91451191,/Users/nickzwart/Desktop/8-8-2026/91451191.json,masspeaks,0,0,0.4757,Grimmsnarl
91452051,/Users/nickzwart/Desktop/8-8-2026/91452051.json,"Bart, Edwyn",0,1,0.5982,other
91452216,/Users/nickzwart/Desktop/8-8-2026/91452216.json,Team Rot-Weiß,0,1,0.528,other
91453202,/Users/nickzwart/Desktop/8-8-2026/91453202.json,AlphaStarmie,1,1,0.6129,M-Starmie
91451991,/Users/nickzwart/Desktop/8-8-2026/91451991.json,masspeaks,0,0,0.4757,M-Lopunny
91452035,/Users/nickzwart/Desktop/8-8-2026/91452035.json,"Bart, Edwyn",0,1,0.5982,Alakazam
91452035,/Users/nickzwart/Desktop/8-8-2026/91452035.json,대여르,1,0,0.1818,Alakazam
91451208,/Users/nickzwart/Desktop/8-8-2026/91451208.json,齐乐,0,1,0.4322,M-Lucario
91451226,/Users/nickzwart/Desktop/8-8-2026/91451226.json,wkonishi,1,0,0.5103,Grimmsnarl
91451411,/Users/nickzwart/Desktop/8-8-2026/91451411.json,aaa,0,1,0.6279,Dudunsparce
91451417,/Users/nickzwart/Desktop/8-8-2026/91451417.json,haruto,0,1,0.4035,M-Kangaskhan
91452226,/Users/nickzwart/Desktop/8-8-2026/91452226.json,AlphaStarmie,1,1,0.6129,Grimmsnarl
91452881,/Users/nickzwart/Desktop/8-8-2026/91452881.json,Ghleii,1,0,0.5556,Grimmsnarl
91452948,/Users/nickzwart/Desktop/8-8-2026/91452948.json,"Bart, Edwyn",0,0,0.5982,Alakazam
91452948,/Users/nickzwart/Desktop/8-8-2026/91452948.json,vvs,1,1,0.5895,Alakazam
91453907,/Users/nickzwart/Desktop/8-8-2026/91453907.json,fishcat,1,0,0.4815,M-Lopunny
91453986,/Users/nickzwart/Desktop/8-8-2026/91453986.json,Jonathan Coletti,0,0,0.6226,Grimmsnarl
91454038,/Users/nickzwart/Desktop/8-8-2026/91454038.json,Jonathan Coletti,1,1,0.6226,other
91453850,/Users/nickzwart/Desktop/8-8-2026/91453850.json,"Bart, Edwyn",0,0,0.5982,other
91453857,/Users/nickzwart/Desktop/8-8-2026/91453857.json,"Bart, Edwyn",0,0,0.5982,M-Kangaskhan
91454907,/Users/nickzwart/Desktop/8-8-2026/91454907.json,fishcat,1,0,0.4815,Dragapult
91454943,/Users/nickzwart/Desktop/8-8-2026/91454943.json,PKM Masters,1,1,0.5,Dragapult
91455711,/Users/nickzwart/Desktop/8-8-2026/91455711.json,"Bart, Edwyn",1,1,0.5982,Ogerpon
91455882,/Users/nickzwart/Desktop/8-8-2026/91455882.json,THIRD PTCG Club,1,0,0.5714,Grimmsnarl
91455970,/Users/nickzwart/Desktop/8-8-2026/91455970.json,vvs,0,1,0.5895,M-Froslass
91455032,/Users/nickzwart/Desktop/8-8-2026/91455032.json,miya,0,0,0.5179,Garchomp
91455671,/Users/nickzwart/Desktop/8-8-2026/91455671.json,Voyager,0,0,0.5,Archaludon
91455686,/Users/nickzwart/Desktop/8-8-2026/91455686.json,"Bart, Edwyn",1,1,0.5982,Ogerpon
91454742,/Users/nickzwart/Desktop/8-8-2026/91454742.json,"Bart, Edwyn",0,0,0.5982,Dudunsparce
91454767,/Users/nickzwart/Desktop/8-8-2026/91454767.json,"Bart, Edwyn",0,1,0.5982,Dragapult
91456531,/Users/nickzwart/Desktop/8-8-2026/91456531.json,PKM Masters,0,0,0.5,M-Lopunny
91456589,/Users/nickzwart/Desktop/8-8-2026/91456589.json,"Bart, Edwyn",0,1,0.5982,M-Lucario
91456750,/Users/nickzwart/Desktop/8-8-2026/91456750.json,BC+,0,1,0.3684,Grimmsnarl
91456794,/Users/nickzwart/Desktop/8-8-2026/91456794.json,haruto,0,0,0.4035,Alakazam
91456794,/Users/nickzwart/Desktop/8-8-2026/91456794.json,aaa,1,1,0.6279,Alakazam
91456870,/Users/nickzwart/Desktop/8-8-2026/91456870.json,masspeaks,1,1,0.4757,M-Lucario
91456878,/Users/nickzwart/Desktop/8-8-2026/91456878.json,aaa,1,0,0.6279,M-Lopunny
91457433,/Users/nickzwart/Desktop/8-8-2026/91457433.json,Team,0,1,0.5161,Grimmsnarl
91457460,/Users/nickzwart/Desktop/8-8-2026/91457460.json,"Bart, Edwyn",1,1,0.5982,Alakazam
91457480,/Users/nickzwart/Desktop/8-8-2026/91457480.json,"Bart, Edwyn",0,1,0.5982,M-Lopunny
91458331,/Users/nickzwart/Desktop/8-8-2026/91458331.json,Challengestone,1,1,0.4419,M-Lopunny
91458385,/Users/nickzwart/Desktop/8-8-2026/91458385.json,"Bart, Edwyn",1,1,0.5982,Grimmsnarl
91457483,/Users/nickzwart/Desktop/8-8-2026/91457483.json,wkonishi,1,0,0.5103,M-Kangaskhan
91457492,/Users/nickzwart/Desktop/8-8-2026/91457492.json,miya,1,0,0.5179,Hydrapple
91457650,/Users/nickzwart/Desktop/8-8-2026/91457650.json,Evgeniy Zdoronok,1,1,0.5789,M-Lucario
91459222,/Users/nickzwart/Desktop/8-8-2026/91459222.json,haruto,0,0,0.4035,Ogerpon
91459281,/Users/nickzwart/Desktop/8-8-2026/91459281.json,"Bart, Edwyn",1,0,0.5982,Grimmsnarl
91459300,/Users/nickzwart/Desktop/8-8-2026/91459300.json,"Bart, Edwyn",1,0,0.5982,Grimmsnarl
91460175,/Users/nickzwart/Desktop/8-8-2026/91460175.json,"Bart, Edwyn",1,1,0.5982,Grimmsnarl
91460200,/Users/nickzwart/Desktop/8-8-2026/91460200.json,Lunariz,0,1,0.5854,Alakazam
91460200,/Users/nickzwart/Desktop/8-8-2026/91460200.json,"Bart, Edwyn",1,0,0.5982,Alakazam
91460382,/Users/nickzwart/Desktop/8-8-2026/91460382.json,AlphaStarmie,0,1,0.6129,M-Lucario
91461080,/Users/nickzwart/Desktop/8-8-2026/91461080.json,"Bart, Edwyn",1,0,0.5982,Hydrapple
91461100,/Users/nickzwart/Desktop/8-8-2026/91461100.json,爆爆盛焼脂油麺,0,0,0.4944,M-Kangaskhan
91461101,/Users/nickzwart/Desktop/8-8-2026/91461101.json,"Bart, Edwyn",0,1,0.5982,Grimmsnarl
91462880,/Users/nickzwart/Desktop/8-8-2026/91462880.json,vvs,0,0,0.5895,Grimmsnarl
91462893,/Users/nickzwart/Desktop/8-8-2026/91462893.json,"Bart, Edwyn",1,1,0.5982,M-Lopunny
91462938,/Users/nickzwart/Desktop/8-8-2026/91462938.json,"Bart, Edwyn",1,1,0.5982,Grimmsnarl
91463003,/Users/nickzwart/Desktop/8-8-2026/91463003.json,齐乐,0,0,0.4322,Alakazam
91463003,/Users/nickzwart/Desktop/8-8-2026/91463003.json,MTADA,1,1,0.375,Alakazam
91463061,/Users/nickzwart/Desktop/8-8-2026/91463061.json,Team,0,1,0.5161,Dragapult
91462002,/Users/nickzwart/Desktop/8-8-2026/91462002.json,"Bart, Edwyn",0,1,0.5982,Grimmsnarl
91463092,/Users/nickzwart/Desktop/8-8-2026/91463092.json,PKM Masters,0,1,0.5,Grimmsnarl
91463128,/Users/nickzwart/Desktop/8-8-2026/91463128.json,yalee,0,0,0.4444,Grimmsnarl
91463148,/Users/nickzwart/Desktop/8-8-2026/91463148.json,Evgeniy Zdoronok,1,0,0.5789,M-Lopunny
91463791,/Users/nickzwart/Desktop/8-8-2026/91463791.json,aaa,1,1,0.6279,M-Lopunny
91462013,/Users/nickzwart/Desktop/8-8-2026/91462013.json,"Bart, Edwyn",0,0,0.5982,Grimmsnarl
91462071,/Users/nickzwart/Desktop/8-8-2026/91462071.json,爆爆盛焼脂油麺,0,0,0.4944,M-Lopunny
91463960,/Users/nickzwart/Desktop/8-8-2026/91463960.json,AlphaStarmie,1,1,0.6129,M-Kangaskhan
91463965,/Users/nickzwart/Desktop/8-8-2026/91463965.json,Ghleii,0,1,0.5556,M-Lopunny
91463979,/Users/nickzwart/Desktop/8-8-2026/91463979.json,aaa,1,0,0.6279,M-Lopunny
91463823,/Users/nickzwart/Desktop/8-8-2026/91463823.json,"Bart, Edwyn",1,1,0.5982,M-Lopunny
91463833,/Users/nickzwart/Desktop/8-8-2026/91463833.json,Team Rot-Weiß,0,0,0.528,Grimmsnarl
91464748,/Users/nickzwart/Desktop/8-8-2026/91464748.json,BC+,1,0,0.3684,M-Kangaskhan
91464752,/Users/nickzwart/Desktop/8-8-2026/91464752.json,"Bart, Edwyn",0,0,0.5982,Grimmsnarl
91464891,/Users/nickzwart/Desktop/8-8-2026/91464891.json,Lunariz,0,1,0.5854,Ogerpon
91464936,/Users/nickzwart/Desktop/8-8-2026/91464936.json,masspeaks,0,0,0.4757,Grimmsnarl
91465553,/Users/nickzwart/Desktop/8-8-2026/91465553.json,Ghleii,0,0,0.5556,Ogerpon
91465631,/Users/nickzwart/Desktop/8-8-2026/91465631.json,Team Rot-Weiß,1,1,0.528,M-Kangaskhan
91466469,/Users/nickzwart/Desktop/8-8-2026/91466469.json,pokewaves,1,1,0.3889,Ogerpon
91466516,/Users/nickzwart/Desktop/8-8-2026/91466516.json,Pushu?,1,0,0.4328,Grimmsnarl
91466547,/Users/nickzwart/Desktop/8-8-2026/91466547.json,"Bart, Edwyn",0,1,0.5982,Hydrapple
91466558,/Users/nickzwart/Desktop/8-8-2026/91466558.json,"Bart, Edwyn",0,1,0.5982,M-Kangaskhan
91465663,/Users/nickzwart/Desktop/8-8-2026/91465663.json,Lunariz,1,0,0.5854,Dragapult
91465694,/Users/nickzwart/Desktop/8-8-2026/91465694.json,"Bart, Edwyn",1,0,0.5982,other
91465702,/Users/nickzwart/Desktop/8-8-2026/91465702.json,"Bart, Edwyn",0,1,0.5982,Ogerpon
91466777,/Users/nickzwart/Desktop/8-8-2026/91466777.json,齐乐,1,1,0.4322,M-Kangaskhan
91466794,/Users/nickzwart/Desktop/8-8-2026/91466794.json,THIRD PTCG Club,0,0,0.5714,Grimmsnarl
91467429,/Users/nickzwart/Desktop/8-8-2026/91467429.json,Evgeniy Zdoronok,1,1,0.5789,Grimmsnarl
91467478,/Users/nickzwart/Desktop/8-8-2026/91467478.json,"Bart, Edwyn",1,0,0.5982,Ogerpon
91468267,/Users/nickzwart/Desktop/8-8-2026/91468267.json,aaa,0,1,0.6279,M-Lopunny
91468417,/Users/nickzwart/Desktop/8-8-2026/91468417.json,Challengestone,0,1,0.4419,Alakazam
91468417,/Users/nickzwart/Desktop/8-8-2026/91468417.json,"Bart, Edwyn",1,0,0.5982,Alakazam
91468440,/Users/nickzwart/Desktop/8-8-2026/91468440.json,"Bart, Edwyn",1,1,0.5982,Ogerpon
91468457,/Users/nickzwart/Desktop/8-8-2026/91468457.json,Ocyedwin,0,1,0.25,Hydrapple
91468476,/Users/nickzwart/Desktop/8-8-2026/91468476.json,pokewaves,1,0,0.3889,Dragapult
91468577,/Users/nickzwart/Desktop/8-8-2026/91468577.json,隔壁老王,0,0,0.3125,Grimmsnarl
91468615,/Users/nickzwart/Desktop/8-8-2026/91468615.json,haruto,1,0,0.4035,Crustle
91469249,/Users/nickzwart/Desktop/8-8-2026/91469249.json,"Bart, Edwyn",1,0,0.5982,Grimmsnarl
91469270,/Users/nickzwart/Desktop/8-8-2026/91469270.json,MTADA,1,0,0.375,Grimmsnarl
91469322,/Users/nickzwart/Desktop/8-8-2026/91469322.json,"Bart, Edwyn",1,1,0.5982,Grimmsnarl
91470204,/Users/nickzwart/Desktop/8-8-2026/91470204.json,"Bart, Edwyn",1,0,0.5982,M-Lopunny
91470213,/Users/nickzwart/Desktop/8-8-2026/91470213.json,"Bart, Edwyn",0,1,0.5982,Alakazam
91470213,/Users/nickzwart/Desktop/8-8-2026/91470213.json,Team Rot-Weiß,1,0,0.528,Alakazam
91470270,/Users/nickzwart/Desktop/8-8-2026/91470270.json,vvs,1,0,0.5895,M-Lopunny
91469502,/Users/nickzwart/Desktop/8-8-2026/91469502.json,Jonathan Coletti,0,0,0.6226,M-Kangaskhan
91470135,/Users/nickzwart/Desktop/8-8-2026/91470135.json,MR.h,1,0,0.5395,M-Kangaskhan
91470354,/Users/nickzwart/Desktop/8-8-2026/91470354.json,Team Rot-Weiß,1,1,0.528,M-Lopunny
91471120,/Users/nickzwart/Desktop/8-8-2026/91471120.json,"Bart, Edwyn",0,1,0.5982,Grimmsnarl
91471124,/Users/nickzwart/Desktop/8-8-2026/91471124.json,"Bart, Edwyn",1,0,0.5982,Grimmsnarl
91471130,/Users/nickzwart/Desktop/8-8-2026/91471130.json,隔壁老王,0,1,0.3125,Grimmsnarl
91471297,/Users/nickzwart/Desktop/8-8-2026/91471297.json,M Sato,0,0,0.6212,M-Lopunny
91471301,/Users/nickzwart/Desktop/8-8-2026/91471301.json,PKM Masters,0,0,0.5,Grimmsnarl
91472038,/Users/nickzwart/Desktop/8-8-2026/91472038.json,대여르,0,0,0.1818,M-Lopunny
91472039,/Users/nickzwart/Desktop/8-8-2026/91472039.json,"Bart, Edwyn",0,0,0.5982,M-Lopunny
91472116,/Users/nickzwart/Desktop/8-8-2026/91472116.json,齐乐,0,0,0.4322,Alakazam
91472116,/Users/nickzwart/Desktop/8-8-2026/91472116.json,miya,1,1,0.5179,Alakazam
91472125,/Users/nickzwart/Desktop/8-8-2026/91472125.json,wkonishi,0,0,0.5103,Alakazam
91472125,/Users/nickzwart/Desktop/8-8-2026/91472125.json,masspeaks,1,1,0.4757,Alakazam
91472159,/Users/nickzwart/Desktop/8-8-2026/91472159.json,Voyager,0,0,0.5,Ogerpon
91472168,/Users/nickzwart/Desktop/8-8-2026/91472168.json,AlphaStarmie,1,0,0.6129,M-Kangaskhan
91472246,/Users/nickzwart/Desktop/8-8-2026/91472246.json,BC+,1,1,0.3684,M-Kangaskhan
91472940,/Users/nickzwart/Desktop/8-8-2026/91472940.json,"Bart, Edwyn",0,1,0.5982,Grimmsnarl
91472956,/Users/nickzwart/Desktop/8-8-2026/91472956.json,"Bart, Edwyn",0,0,0.5982,M-Lucario
91472959,/Users/nickzwart/Desktop/8-8-2026/91472959.json,aaa,1,1,0.6279,Grimmsnarl
91473816,/Users/nickzwart/Desktop/8-8-2026/91473816.json,대여르,0,0,0.1818,M-Lopunny
91473855,/Users/nickzwart/Desktop/8-8-2026/91473855.json,"Bart, Edwyn",1,1,0.5982,Grimmsnarl
91473865,/Users/nickzwart/Desktop/8-8-2026/91473865.json,"Bart, Edwyn",1,0,0.5982,Dragapult
91473880,/Users/nickzwart/Desktop/8-8-2026/91473880.json,Jonathan Coletti,0,1,0.6226,Hydrapple
91473889,/Users/nickzwart/Desktop/8-8-2026/91473889.json,Lunariz,0,1,0.5854,Dragapult
91474724,/Users/nickzwart/Desktop/8-8-2026/91474724.json,爆爆盛焼脂油麺,0,1,0.4944,M-Lopunny
91474759,/Users/nickzwart/Desktop/8-8-2026/91474759.json,"Bart, Edwyn",0,1,0.5982,Ogerpon
91474779,/Users/nickzwart/Desktop/8-8-2026/91474779.json,"Bart, Edwyn",0,1,0.5982,Dragapult
91474785,/Users/nickzwart/Desktop/8-8-2026/91474785.json,ei1333,1,0,0.5349,Grimmsnarl
91474919,/Users/nickzwart/Desktop/8-8-2026/91474919.json,wkonishi,0,1,0.5103,Alakazam
91474919,/Users/nickzwart/Desktop/8-8-2026/91474919.json,THIRD PTCG Club,1,0,0.5714,Alakazam
90848813,/Users/nickzwart/Desktop/9-8-2026/90848813.json,AdrianWang2003,0,0,0.2667,Grimmsnarl
90848974,/Users/nickzwart/Desktop/9-8-2026/90848974.json,"Bart, Edwyn",1,1,0.5982,M-Lopunny
90849058,/Users/nickzwart/Desktop/9-8-2026/90849058.json,AlphaStarmie,1,1,0.6129,M-Lopunny
90849728,/Users/nickzwart/Desktop/9-8-2026/90849728.json,Can,1,1,0.4853,Dudunsparce
90849847,/Users/nickzwart/Desktop/9-8-2026/90849847.json,What Lucario,0,1,0.5789,Grimmsnarl
90849004,/Users/nickzwart/Desktop/9-8-2026/90849004.json,wkonishi,1,0,0.5103,other
90849007,/Users/nickzwart/Desktop/9-8-2026/90849007.json,Team Rot-Weiß,1,1,0.528,Grimmsnarl
90849010,/Users/nickzwart/Desktop/9-8-2026/90849010.json,THIRD PTCG Club,0,1,0.5714,Grimmsnarl
90849011,/Users/nickzwart/Desktop/9-8-2026/90849011.json,AlphaStarmie,0,1,0.6129,Ogerpon
90849849,/Users/nickzwart/Desktop/9-8-2026/90849849.json,Can,1,0,0.4853,Grimmsnarl
90849869,/Users/nickzwart/Desktop/9-8-2026/90849869.json,"Bart, Edwyn",1,1,0.5982,Grimmsnarl
90849891,/Users/nickzwart/Desktop/9-8-2026/90849891.json,Pushu?,0,0,0.4328,M-Lopunny
90849896,/Users/nickzwart/Desktop/9-8-2026/90849896.json,THIRD PTCG Club,0,1,0.5714,other
90849901,/Users/nickzwart/Desktop/9-8-2026/90849901.json,AlphaStarmie,0,1,0.6129,Alakazam
90849901,/Users/nickzwart/Desktop/9-8-2026/90849901.json,THIRD PTCG Club,1,0,0.5714,Alakazam
90849911,/Users/nickzwart/Desktop/9-8-2026/90849911.json,AlphaStarmie,0,1,0.6129,Alakazam
90849911,/Users/nickzwart/Desktop/9-8-2026/90849911.json,Challengestone,1,0,0.4419,Alakazam
90849939,/Users/nickzwart/Desktop/9-8-2026/90849939.json,"Bart, Edwyn",1,1,0.5982,Dudunsparce
90850000,/Users/nickzwart/Desktop/9-8-2026/90850000.json,"kenkoooo @ estie, inc.",1,0,0.4154,Grimmsnarl
90850459,/Users/nickzwart/Desktop/9-8-2026/90850459.json,哈基米南北绿豆,0,1,0.5125,Dragapult
90850602,/Users/nickzwart/Desktop/9-8-2026/90850602.json,AlphaStarmie,0,0,0.6129,M-Lopunny
90850624,/Users/nickzwart/Desktop/9-8-2026/90850624.json,Can,0,1,0.4853,Grimmsnarl
90850808,/Users/nickzwart/Desktop/9-8-2026/90850808.json,Team,0,0,0.5161,Grimmsnarl
90850831,/Users/nickzwart/Desktop/9-8-2026/90850831.json,THIRD PTCG Club,1,1,0.5714,other
90851572,/Users/nickzwart/Desktop/9-8-2026/90851572.json,THIRD PTCG Club,0,1,0.5714,other
90851578,/Users/nickzwart/Desktop/9-8-2026/90851578.json,MTADA,0,0,0.375,Grimmsnarl
90851590,/Users/nickzwart/Desktop/9-8-2026/90851590.json,AlphaStarmie,0,0,0.6129,M-Lucario
90852150,/Users/nickzwart/Desktop/9-8-2026/90852150.json,haggle,1,1,0.6061,Ogerpon
90851422,/Users/nickzwart/Desktop/9-8-2026/90851422.json,Can,0,1,0.4853,Grimmsnarl
90851484,/Users/nickzwart/Desktop/9-8-2026/90851484.json,THIRD PTCG Club,1,1,0.5714,M-Kangaskhan
90851536,/Users/nickzwart/Desktop/9-8-2026/90851536.json,Team Rot-Weiß,1,1,0.528,Grimmsnarl
90851553,/Users/nickzwart/Desktop/9-8-2026/90851553.json,"Bart, Edwyn",1,1,0.5982,Grimmsnarl
90851565,/Users/nickzwart/Desktop/9-8-2026/90851565.json,"Bart, Edwyn",0,1,0.5982,Dragapult
90852218,/Users/nickzwart/Desktop/9-8-2026/90852218.json,Pushu?,1,0,0.4328,Grimmsnarl
90852247,/Users/nickzwart/Desktop/9-8-2026/90852247.json,Can,1,0,0.4853,Grimmsnarl
90852375,/Users/nickzwart/Desktop/9-8-2026/90852375.json,rhythm master,1,0,0.2857,M-Kangaskhan
90852391,/Users/nickzwart/Desktop/9-8-2026/90852391.json,"Bart, Edwyn",1,1,0.5982,Garchomp
90852401,/Users/nickzwart/Desktop/9-8-2026/90852401.json,fishcat,0,0,0.4815,Alakazam
90852401,/Users/nickzwart/Desktop/9-8-2026/90852401.json,THIRD PTCG Club,1,1,0.5714,Alakazam
90852404,/Users/nickzwart/Desktop/9-8-2026/90852404.json,AlphaStarmie,0,1,0.6129,Grimmsnarl
90852409,/Users/nickzwart/Desktop/9-8-2026/90852409.json,THIRD PTCG Club,0,1,0.5714,other
90852464,/Users/nickzwart/Desktop/9-8-2026/90852464.json,AlphaStarmie,0,1,0.6129,Dragapult
90852980,/Users/nickzwart/Desktop/9-8-2026/90852980.json,haggle,1,1,0.6061,M-Lopunny
90853020,/Users/nickzwart/Desktop/9-8-2026/90853020.json,MTADA,1,1,0.375,Grimmsnarl
90853060,/Users/nickzwart/Desktop/9-8-2026/90853060.json,Zyy7390,0,1,0.386,M-Lucario
90853212,/Users/nickzwart/Desktop/9-8-2026/90853212.json,What Lucario,0,1,0.5789,Ogerpon
90853221,/Users/nickzwart/Desktop/9-8-2026/90853221.json,"Bart, Edwyn",0,1,0.5982,Garchomp
90853224,/Users/nickzwart/Desktop/9-8-2026/90853224.json,masspeaks,0,0,0.4757,M-Kangaskhan
90853227,/Users/nickzwart/Desktop/9-8-2026/90853227.json,THIRD PTCG Club,1,0,0.5714,M-Lucario
90853229,/Users/nickzwart/Desktop/9-8-2026/90853229.json,"Bart, Edwyn",1,0,0.5982,Ogerpon
90853236,/Users/nickzwart/Desktop/9-8-2026/90853236.json,齐乐,0,0,0.4322,M-Lopunny
90853240,/Users/nickzwart/Desktop/9-8-2026/90853240.json,THIRD PTCG Club,1,0,0.5714,Grimmsnarl
90853244,/Users/nickzwart/Desktop/9-8-2026/90853244.json,Pushu?,0,0,0.4328,Grimmsnarl
90853268,/Users/nickzwart/Desktop/9-8-2026/90853268.json,Team Rot-Weiß,0,1,0.528,Ogerpon
90853290,/Users/nickzwart/Desktop/9-8-2026/90853290.json,AlphaStarmie,0,1,0.6129,Grimmsnarl
90853814,/Users/nickzwart/Desktop/9-8-2026/90853814.json,haggle,1,1,0.6061,Grimmsnarl
90853903,/Users/nickzwart/Desktop/9-8-2026/90853903.json,Zyy7390,0,0,0.386,Dragapult
90853924,/Users/nickzwart/Desktop/9-8-2026/90853924.json,Can,1,0,0.4853,Grimmsnarl
90854918,/Users/nickzwart/Desktop/9-8-2026/90854918.json,"Bart, Edwyn",0,0,0.5982,Grimmsnarl
90854925,/Users/nickzwart/Desktop/9-8-2026/90854925.json,AlphaStarmie,0,1,0.6129,M-Lucario
90854928,/Users/nickzwart/Desktop/9-8-2026/90854928.json,Team Rot-Weiß,0,1,0.528,M-Kangaskhan
90854929,/Users/nickzwart/Desktop/9-8-2026/90854929.json,MTADA,1,0,0.375,M-Lucario
90854939,/Users/nickzwart/Desktop/9-8-2026/90854939.json,THIRD PTCG Club,0,1,0.5714,Ogerpon
90854957,/Users/nickzwart/Desktop/9-8-2026/90854957.json,MTADA,1,1,0.375,other
90854142,/Users/nickzwart/Desktop/9-8-2026/90854142.json,AlphaStarmie,1,1,0.6129,Grimmsnarl
90854649,/Users/nickzwart/Desktop/9-8-2026/90854649.json,rhythm master,0,0,0.2857,Grimmsnarl
90854658,/Users/nickzwart/Desktop/9-8-2026/90854658.json,haggle,0,1,0.6061,M-Starmie
90854715,/Users/nickzwart/Desktop/9-8-2026/90854715.json,哈基米南北绿豆,1,0,0.5125,M-Kangaskhan
90854719,/Users/nickzwart/Desktop/9-8-2026/90854719.json,haruto,0,0,0.4035,Grimmsnarl
90854783,/Users/nickzwart/Desktop/9-8-2026/90854783.json,Can,0,1,0.4853,M-Kangaskhan
90854073,/Users/nickzwart/Desktop/9-8-2026/90854073.json,THIRD PTCG Club,0,0,0.5714,M-Lucario
90854092,/Users/nickzwart/Desktop/9-8-2026/90854092.json,THIRD PTCG Club,0,0,0.5714,Grimmsnarl
90855502,/Users/nickzwart/Desktop/9-8-2026/90855502.json,haggle,0,0,0.6061,M-Lopunny
90855503,/Users/nickzwart/Desktop/9-8-2026/90855503.json,Evgeniy Zdoronok,1,1,0.5789,Grimmsnarl
90855751,/Users/nickzwart/Desktop/9-8-2026/90855751.json,What Lucario,0,1,0.5789,M-Lopunny
90855763,/Users/nickzwart/Desktop/9-8-2026/90855763.json,"Bart, Edwyn",1,1,0.5982,Grimmsnarl
90855772,/Users/nickzwart/Desktop/9-8-2026/90855772.json,AlphaStarmie,0,1,0.6129,M-Lopunny
90855774,/Users/nickzwart/Desktop/9-8-2026/90855774.json,"Bart, Edwyn",1,0,0.5982,Grimmsnarl
90855787,/Users/nickzwart/Desktop/9-8-2026/90855787.json,THIRD PTCG Club,0,1,0.5714,M-Lucario
90856427,/Users/nickzwart/Desktop/9-8-2026/90856427.json,ei1333,0,1,0.5349,M-Kangaskhan
90856483,/Users/nickzwart/Desktop/9-8-2026/90856483.json,Can,0,1,0.4853,Alakazam
90856483,/Users/nickzwart/Desktop/9-8-2026/90856483.json,Team Rot-Weiß,1,0,0.528,Alakazam
90856554,/Users/nickzwart/Desktop/9-8-2026/90856554.json,vvs,0,0,0.5895,M-Lopunny
90856613,/Users/nickzwart/Desktop/9-8-2026/90856613.json,What Lucario,0,0,0.5789,Grimmsnarl
90856648,/Users/nickzwart/Desktop/9-8-2026/90856648.json,AlphaStarmie,0,1,0.6129,Grimmsnarl
90857188,/Users/nickzwart/Desktop/9-8-2026/90857188.json,Pushu?,1,1,0.4328,Hydrapple
90857204,/Users/nickzwart/Desktop/9-8-2026/90857204.json,"kenkoooo @ estie, inc.",1,1,0.4154,M-Lopunny
90857212,/Users/nickzwart/Desktop/9-8-2026/90857212.json,haggle,0,0,0.6061,Dragapult
90857231,/Users/nickzwart/Desktop/9-8-2026/90857231.json,M Sato,1,1,0.6212,Grimmsnarl
90857385,/Users/nickzwart/Desktop/9-8-2026/90857385.json,Juyong,1,1,0.4386,M-Kangaskhan
90857498,/Users/nickzwart/Desktop/9-8-2026/90857498.json,"Bart, Edwyn",0,1,0.5982,Grimmsnarl
90858065,/Users/nickzwart/Desktop/9-8-2026/90858065.json,haggle,1,1,0.6061,M-Lopunny
90858090,/Users/nickzwart/Desktop/9-8-2026/90858090.json,haruto,1,1,0.4035,Grimmsnarl
90858167,/Users/nickzwart/Desktop/9-8-2026/90858167.json,Can,1,0,0.4853,Dudunsparce
90858232,/Users/nickzwart/Desktop/9-8-2026/90858232.json,Challengestone,0,1,0.4419,Dragapult
90858240,/Users/nickzwart/Desktop/9-8-2026/90858240.json,AlphaStarmie,1,0,0.6129,M-Kangaskhan
90858246,/Users/nickzwart/Desktop/9-8-2026/90858246.json,Juyong,0,0,0.4386,Dragapult
90858891,/Users/nickzwart/Desktop/9-8-2026/90858891.json,"kenkoooo @ estie, inc.",1,1,0.4154,M-Kangaskhan
90858921,/Users/nickzwart/Desktop/9-8-2026/90858921.json,M Sato,1,1,0.6212,Ogerpon
90858962,/Users/nickzwart/Desktop/9-8-2026/90858962.json,齐乐,0,0,0.4322,Grimmsnarl
90858963,/Users/nickzwart/Desktop/9-8-2026/90858963.json,Challengestone,0,1,0.4419,Ogerpon
90859007,/Users/nickzwart/Desktop/9-8-2026/90859007.json,Can,1,1,0.4853,M-Froslass
90859186,/Users/nickzwart/Desktop/9-8-2026/90859186.json,Can,0,1,0.4853,Alakazam
90859186,/Users/nickzwart/Desktop/9-8-2026/90859186.json,What Lucario,1,0,0.5789,Alakazam
90859916,/Users/nickzwart/Desktop/9-8-2026/90859916.json,Team Rot-Weiß,0,0,0.528,Grimmsnarl
90859763,/Users/nickzwart/Desktop/9-8-2026/90859763.json,haggle,0,0,0.6061,Hydrapple
90859774,/Users/nickzwart/Desktop/9-8-2026/90859774.json,M Sato,0,1,0.6212,M-Lopunny
90859810,/Users/nickzwart/Desktop/9-8-2026/90859810.json,NorthStar,1,1,0.2778,M-Kangaskhan
90859881,/Users/nickzwart/Desktop/9-8-2026/90859881.json,Dipam Chakraborty,0,1,0.64,Dudunsparce
90859894,/Users/nickzwart/Desktop/9-8-2026/90859894.json,Can,1,1,0.4853,Ogerpon
90860618,/Users/nickzwart/Desktop/9-8-2026/90860618.json,"kenkoooo @ estie, inc.",1,1,0.4154,Grimmsnarl
90860623,/Users/nickzwart/Desktop/9-8-2026/90860623.json,M Sato,0,0,0.6212,Alakazam
90860623,/Users/nickzwart/Desktop/9-8-2026/90860623.json,Can,1,1,0.4853,Alakazam
90860625,/Users/nickzwart/Desktop/9-8-2026/90860625.json,haggle,1,0,0.6061,Grimmsnarl
90860661,/Users/nickzwart/Desktop/9-8-2026/90860661.json,齐乐,1,0,0.4322,Grimmsnarl
90860718,/Users/nickzwart/Desktop/9-8-2026/90860718.json,Can,0,0,0.4853,Grimmsnarl
90860727,/Users/nickzwart/Desktop/9-8-2026/90860727.json,Dipam Chakraborty,0,1,0.64,M-Kangaskhan
90860766,/Users/nickzwart/Desktop/9-8-2026/90860766.json,wkonishi,1,1,0.5103,Dragapult
90860835,/Users/nickzwart/Desktop/9-8-2026/90860835.json,motono0223,1,0,0.5455,M-Lopunny
90860872,/Users/nickzwart/Desktop/9-8-2026/90860872.json,THIRD PTCG Club,1,0,0.5714,M-Lucario
90861403,/Users/nickzwart/Desktop/9-8-2026/90861403.json,MR.h,0,0,0.5395,Alakazam
90861403,/Users/nickzwart/Desktop/9-8-2026/90861403.json,motono0223,1,1,0.5455,Alakazam
90861423,/Users/nickzwart/Desktop/9-8-2026/90861423.json,yalee,0,1,0.4444,Grimmsnarl
90861446,/Users/nickzwart/Desktop/9-8-2026/90861446.json,哈基米南北绿豆,1,0,0.5125,Grimmsnarl
90861462,/Users/nickzwart/Desktop/9-8-2026/90861462.json,Mearyl,0,1,0.3913,Grimmsnarl
90861469,/Users/nickzwart/Desktop/9-8-2026/90861469.json,M Sato,1,1,0.6212,M-Lopunny
90861531,/Users/nickzwart/Desktop/9-8-2026/90861531.json,哈基米南北绿豆,0,0,0.5125,Grimmsnarl
90861584,/Users/nickzwart/Desktop/9-8-2026/90861584.json,Mearyl,0,1,0.3913,Grimmsnarl
90861611,/Users/nickzwart/Desktop/9-8-2026/90861611.json,Dipam Chakraborty,1,1,0.64,M-Lopunny
90861624,/Users/nickzwart/Desktop/9-8-2026/90861624.json,Can,1,0,0.4853,M-Lopunny
90862278,/Users/nickzwart/Desktop/9-8-2026/90862278.json,AdrianWang2003,0,0,0.2667,Alakazam
90862278,/Users/nickzwart/Desktop/9-8-2026/90862278.json,motono0223,1,1,0.5455,Alakazam
90862306,/Users/nickzwart/Desktop/9-8-2026/90862306.json,Juyong,0,0,0.4386,Alakazam
90862306,/Users/nickzwart/Desktop/9-8-2026/90862306.json,yalee,1,1,0.4444,Alakazam
90862335,/Users/nickzwart/Desktop/9-8-2026/90862335.json,"kenkoooo @ estie, inc.",1,0,0.4154,Grimmsnarl
90862363,/Users/nickzwart/Desktop/9-8-2026/90862363.json,M Sato,0,1,0.6212,Garchomp
90862432,/Users/nickzwart/Desktop/9-8-2026/90862432.json,哈基米南北绿豆,0,0,0.5125,Grimmsnarl
90862448,/Users/nickzwart/Desktop/9-8-2026/90862448.json,Dipam Chakraborty,1,0,0.64,Grimmsnarl
90862460,/Users/nickzwart/Desktop/9-8-2026/90862460.json,Can,0,0,0.4853,Grimmsnarl
90863127,/Users/nickzwart/Desktop/9-8-2026/90863127.json,motono0223,0,1,0.5455,M-Lucario
90863168,/Users/nickzwart/Desktop/9-8-2026/90863168.json,"Bart, Edwyn",0,0,0.5982,Alakazam
90863168,/Users/nickzwart/Desktop/9-8-2026/90863168.json,"kenkoooo @ estie, inc.",1,1,0.4154,Alakazam
90863263,/Users/nickzwart/Desktop/9-8-2026/90863263.json,rhythm master,0,0,0.2857,Grimmsnarl
90863283,/Users/nickzwart/Desktop/9-8-2026/90863283.json,Pushu?,0,0,0.4328,Alakazam
90863283,/Users/nickzwart/Desktop/9-8-2026/90863283.json,Dipam Chakraborty,1,1,0.64,Alakazam
90863453,/Users/nickzwart/Desktop/9-8-2026/90863453.json,yalee,1,0,0.4444,Grimmsnarl
90863973,/Users/nickzwart/Desktop/9-8-2026/90863973.json,motono0223,1,1,0.5455,M-Kangaskhan
90863997,/Users/nickzwart/Desktop/9-8-2026/90863997.json,Team,0,1,0.5161,Alakazam
90863997,/Users/nickzwart/Desktop/9-8-2026/90863997.json,yalee,1,0,0.4444,Alakazam
90864024,/Users/nickzwart/Desktop/9-8-2026/90864024.json,"kenkoooo @ estie, inc.",0,1,0.4154,Grimmsnarl
90864836,/Users/nickzwart/Desktop/9-8-2026/90864836.json,yalee,1,1,0.4444,Ogerpon
90864838,/Users/nickzwart/Desktop/9-8-2026/90864838.json,motono0223,0,0,0.5455,M-Kangaskhan
90864858,/Users/nickzwart/Desktop/9-8-2026/90864858.json,yalee,1,1,0.4444,Ogerpon
90864880,/Users/nickzwart/Desktop/9-8-2026/90864880.json,"kenkoooo @ estie, inc.",0,1,0.4154,Grimmsnarl
90864894,/Users/nickzwart/Desktop/9-8-2026/90864894.json,M Sato,1,1,0.6212,M-Kangaskhan
90864901,/Users/nickzwart/Desktop/9-8-2026/90864901.json,fishcat,0,1,0.4815,Grimmsnarl
90864904,/Users/nickzwart/Desktop/9-8-2026/90864904.json,wkonishi,1,0,0.5103,Grimmsnarl
90864045,/Users/nickzwart/Desktop/9-8-2026/90864045.json,M Sato,0,1,0.6212,Alakazam
90864045,/Users/nickzwart/Desktop/9-8-2026/90864045.json,bono,1,0,0.1905,Alakazam
90864051,/Users/nickzwart/Desktop/9-8-2026/90864051.json,haggle,1,1,0.6061,M-Kangaskhan
90864088,/Users/nickzwart/Desktop/9-8-2026/90864088.json,miya,0,0,0.5179,Ogerpon
90864097,/Users/nickzwart/Desktop/9-8-2026/90864097.json,Team KASA.,0,0,0.4737,Ogerpon
90865757,/Users/nickzwart/Desktop/9-8-2026/90865757.json,M Sato,1,1,0.6212,Grimmsnarl
90865766,/Users/nickzwart/Desktop/9-8-2026/90865766.json,Mearyl,0,0,0.3913,Grimmsnarl
90865778,/Users/nickzwart/Desktop/9-8-2026/90865778.json,haggle,1,0,0.6061,Grimmsnarl
90865794,/Users/nickzwart/Desktop/9-8-2026/90865794.json,哈基米南北绿豆,1,1,0.5125,Grimmsnarl
90864911,/Users/nickzwart/Desktop/9-8-2026/90864911.json,haggle,0,0,0.6061,Grimmsnarl
90864972,/Users/nickzwart/Desktop/9-8-2026/90864972.json,Challengestone,1,0,0.4419,Grimmsnarl
90864992,/Users/nickzwart/Desktop/9-8-2026/90864992.json,Dipam Chakraborty,0,0,0.64,Grimmsnarl
90865665,/Users/nickzwart/Desktop/9-8-2026/90865665.json,Emre Cirak,0,0,0.4375,M-Kangaskhan
90865722,/Users/nickzwart/Desktop/9-8-2026/90865722.json,yalee,1,1,0.4444,Grimmsnarl
90865746,/Users/nickzwart/Desktop/9-8-2026/90865746.json,fishcat,0,1,0.4815,Alakazam
90865746,/Users/nickzwart/Desktop/9-8-2026/90865746.json,"kenkoooo @ estie, inc.",1,0,0.4154,Alakazam
90865756,/Users/nickzwart/Desktop/9-8-2026/90865756.json,M Sato,0,1,0.6212,Alakazam
90865756,/Users/nickzwart/Desktop/9-8-2026/90865756.json,Can,1,0,0.4853,Alakazam
90865858,/Users/nickzwart/Desktop/9-8-2026/90865858.json,Dipam Chakraborty,1,1,0.64,Ogerpon
90865865,/Users/nickzwart/Desktop/9-8-2026/90865865.json,Can,1,0,0.4853,Grimmsnarl
90865909,/Users/nickzwart/Desktop/9-8-2026/90865909.json,wkonishi,0,0,0.5103,M-Lopunny
90866565,/Users/nickzwart/Desktop/9-8-2026/90866565.json,motono0223,0,0,0.5455,M-Kangaskhan
90866572,/Users/nickzwart/Desktop/9-8-2026/90866572.json,yalee,1,0,0.4444,M-Kangaskhan
90866594,/Users/nickzwart/Desktop/9-8-2026/90866594.json,哈基米南北绿豆,0,1,0.5125,Hydrapple
90866596,/Users/nickzwart/Desktop/9-8-2026/90866596.json,"kenkoooo @ estie, inc.",0,0,0.4154,Grimmsnarl
90866609,/Users/nickzwart/Desktop/9-8-2026/90866609.json,M Sato,1,1,0.6212,Grimmsnarl
90866661,/Users/nickzwart/Desktop/9-8-2026/90866661.json,yalee,1,0,0.4444,Grimmsnarl
90866709,/Users/nickzwart/Desktop/9-8-2026/90866709.json,Can,1,0,0.4853,M-Kangaskhan
90866714,/Users/nickzwart/Desktop/9-8-2026/90866714.json,Dipam Chakraborty,0,1,0.64,Grimmsnarl
90867448,/Users/nickzwart/Desktop/9-8-2026/90867448.json,yalee,1,0,0.4444,Grimmsnarl
90867455,/Users/nickzwart/Desktop/9-8-2026/90867455.json,motono0223,1,0,0.5455,Grimmsnarl
90867482,/Users/nickzwart/Desktop/9-8-2026/90867482.json,"Bart, Edwyn",1,1,0.5982,Grimmsnarl
90867492,/Users/nickzwart/Desktop/9-8-2026/90867492.json,M Sato,0,1,0.6212,Grimmsnarl
90867505,/Users/nickzwart/Desktop/9-8-2026/90867505.json,haggle,0,1,0.6061,M-Lucario
90867517,/Users/nickzwart/Desktop/9-8-2026/90867517.json,motono0223,0,1,0.5455,M-Kangaskhan
90867519,/Users/nickzwart/Desktop/9-8-2026/90867519.json,Can,1,1,0.4853,Grimmsnarl
90867530,/Users/nickzwart/Desktop/9-8-2026/90867530.json,Evgeniy Zdoronok,1,1,0.5789,Grimmsnarl
90867577,/Users/nickzwart/Desktop/9-8-2026/90867577.json,Dipam Chakraborty,0,1,0.64,M-Kangaskhan
90867600,/Users/nickzwart/Desktop/9-8-2026/90867600.json,Can,1,0,0.4853,Grimmsnarl
90868337,/Users/nickzwart/Desktop/9-8-2026/90868337.json,"kenkoooo @ estie, inc.",0,0,0.4154,Alakazam
90868337,/Users/nickzwart/Desktop/9-8-2026/90868337.json,Team Rot-Weiß,1,1,0.528,Alakazam
90868347,/Users/nickzwart/Desktop/9-8-2026/90868347.json,M Sato,1,0,0.6212,M-Lucario
90868370,/Users/nickzwart/Desktop/9-8-2026/90868370.json,Team Rot-Weiß,0,1,0.528,Grimmsnarl
90868398,/Users/nickzwart/Desktop/9-8-2026/90868398.json,Zyy7390,1,0,0.386,Grimmsnarl
90868442,/Users/nickzwart/Desktop/9-8-2026/90868442.json,fishcat,0,1,0.4815,Alakazam
90868442,/Users/nickzwart/Desktop/9-8-2026/90868442.json,Dipam Chakraborty,1,0,0.64,Alakazam
90868487,/Users/nickzwart/Desktop/9-8-2026/90868487.json,Can,1,1,0.4853,Grimmsnarl
90869197,/Users/nickzwart/Desktop/9-8-2026/90869197.json,haruto,1,1,0.4035,Hydrapple
90869307,/Users/nickzwart/Desktop/9-8-2026/90869307.json,Dipam Chakraborty,0,0,0.64,Grimmsnarl
90870011,/Users/nickzwart/Desktop/9-8-2026/90870011.json,yalee,1,0,0.4444,Grimmsnarl
90870046,/Users/nickzwart/Desktop/9-8-2026/90870046.json,"kenkoooo @ estie, inc.",0,1,0.4154,Alakazam
90870046,/Users/nickzwart/Desktop/9-8-2026/90870046.json,Rmy,1,0,0.125,Alakazam
90869207,/Users/nickzwart/Desktop/9-8-2026/90869207.json,M Sato,0,1,0.6212,M-Lopunny
90869209,/Users/nickzwart/Desktop/9-8-2026/90869209.json,Emre Cirak,0,0,0.4375,Alakazam
90869209,/Users/nickzwart/Desktop/9-8-2026/90869209.json,"kenkoooo @ estie, inc.",1,1,0.4154,Alakazam
90869230,/Users/nickzwart/Desktop/9-8-2026/90869230.json,haggle,0,0,0.6061,Grimmsnarl
90869243,/Users/nickzwart/Desktop/9-8-2026/90869243.json,wkonishi,1,1,0.5103,M-Kangaskhan
90870054,/Users/nickzwart/Desktop/9-8-2026/90870054.json,M Sato,1,1,0.6212,M-Lopunny
90870083,/Users/nickzwart/Desktop/9-8-2026/90870083.json,haggle,0,0,0.6061,Grimmsnarl
90870101,/Users/nickzwart/Desktop/9-8-2026/90870101.json,Challengestone,0,0,0.4419,Grimmsnarl
90870118,/Users/nickzwart/Desktop/9-8-2026/90870118.json,wkonishi,0,1,0.5103,Crustle
90870127,/Users/nickzwart/Desktop/9-8-2026/90870127.json,Zyy7390,0,0,0.386,Alakazam
90870127,/Users/nickzwart/Desktop/9-8-2026/90870127.json,Can,1,1,0.4853,Alakazam
90870855,/Users/nickzwart/Desktop/9-8-2026/90870855.json,Team Rot-Weiß,1,1,0.528,M-Froslass
90870902,/Users/nickzwart/Desktop/9-8-2026/90870902.json,"kenkoooo @ estie, inc.",0,1,0.4154,Grimmsnarl
90870908,/Users/nickzwart/Desktop/9-8-2026/90870908.json,M Sato,1,0,0.6212,other
90870940,/Users/nickzwart/Desktop/9-8-2026/90870940.json,haggle,0,0,0.6061,Grimmsnarl
90870156,/Users/nickzwart/Desktop/9-8-2026/90870156.json,Dipam Chakraborty,1,0,0.64,Grimmsnarl
90870180,/Users/nickzwart/Desktop/9-8-2026/90870180.json,Can,1,0,0.4853,M-Lopunny
90870200,/Users/nickzwart/Desktop/9-8-2026/90870200.json,What Lucario,1,1,0.5789,Dragapult
90870204,/Users/nickzwart/Desktop/9-8-2026/90870204.json,Lunariz,1,1,0.5854,M-Lopunny
90870775,/Users/nickzwart/Desktop/9-8-2026/90870775.json,Zyy7390,1,1,0.386,Alakazam
90870982,/Users/nickzwart/Desktop/9-8-2026/90870982.json,哈基米南北绿豆,0,1,0.5125,Ogerpon
90870991,/Users/nickzwart/Desktop/9-8-2026/90870991.json,齐乐,1,0,0.4322,Grimmsnarl
90871033,/Users/nickzwart/Desktop/9-8-2026/90871033.json,Can,0,0,0.4853,Dragapult
90871658,/Users/nickzwart/Desktop/9-8-2026/90871658.json,Zyy7390,0,1,0.386,other
90871690,/Users/nickzwart/Desktop/9-8-2026/90871690.json,Jonathan Coletti,0,1,0.6226,Alakazam
90871690,/Users/nickzwart/Desktop/9-8-2026/90871690.json,Zyy7390,1,0,0.386,Alakazam
90871739,/Users/nickzwart/Desktop/9-8-2026/90871739.json,M Sato,1,0,0.6212,Grimmsnarl
90871745,/Users/nickzwart/Desktop/9-8-2026/90871745.json,哈基米南北绿豆,0,0,0.5125,Alakazam
90871745,/Users/nickzwart/Desktop/9-8-2026/90871745.json,"kenkoooo @ estie, inc.",1,1,0.4154,Alakazam
90871797,/Users/nickzwart/Desktop/9-8-2026/90871797.json,Dipam Chakraborty,0,1,0.64,Grimmsnarl
90871838,/Users/nickzwart/Desktop/9-8-2026/90871838.json,Challengestone,0,0,0.4419,Alakazam
90871838,/Users/nickzwart/Desktop/9-8-2026/90871838.json,Zyy7390,1,1,0.386,Alakazam
90873340,/Users/nickzwart/Desktop/9-8-2026/90873340.json,Pushu?,1,1,0.4328,M-Kangaskhan
90873371,/Users/nickzwart/Desktop/9-8-2026/90873371.json,Lunariz,0,1,0.5854,Grimmsnarl
90872613,/Users/nickzwart/Desktop/9-8-2026/90872613.json,"kenkoooo @ estie, inc.",0,1,0.4154,Hydrapple
90872615,/Users/nickzwart/Desktop/9-8-2026/90872615.json,Evgeniy Zdoronok,0,1,0.5789,Grimmsnarl
90872745,/Users/nickzwart/Desktop/9-8-2026/90872745.json,Can,0,1,0.4853,M-Kangaskhan
90872458,/Users/nickzwart/Desktop/9-8-2026/90872458.json,Zyy7390,1,0,0.386,Grimmsnarl
90872607,/Users/nickzwart/Desktop/9-8-2026/90872607.json,M Sato,0,0,0.6212,M-Lopunny
90873462,/Users/nickzwart/Desktop/9-8-2026/90873462.json,"kenkoooo @ estie, inc.",1,0,0.4154,Grimmsnarl
90873475,/Users/nickzwart/Desktop/9-8-2026/90873475.json,M Sato,1,0,0.6212,other
90873494,/Users/nickzwart/Desktop/9-8-2026/90873494.json,haggle,0,1,0.6061,Grimmsnarl
90873566,/Users/nickzwart/Desktop/9-8-2026/90873566.json,AlphaStarmie,1,0,0.6129,Grimmsnarl
90873615,/Users/nickzwart/Desktop/9-8-2026/90873615.json,Can,0,0,0.4853,Grimmsnarl
90874153,/Users/nickzwart/Desktop/9-8-2026/90874153.json,Pushu?,1,1,0.4328,Grimmsnarl
90874160,/Users/nickzwart/Desktop/9-8-2026/90874160.json,Zyy7390,0,0,0.386,Grimmsnarl
90874193,/Users/nickzwart/Desktop/9-8-2026/90874193.json,Lunariz,1,1,0.5854,Ogerpon
90875021,/Users/nickzwart/Desktop/9-8-2026/90875021.json,Pushu?,1,1,0.4328,Ogerpon
90875035,/Users/nickzwart/Desktop/9-8-2026/90875035.json,wkonishi,0,1,0.5103,Grimmsnarl
90875058,/Users/nickzwart/Desktop/9-8-2026/90875058.json,Lunariz,0,0,0.5854,Grimmsnarl
90874382,/Users/nickzwart/Desktop/9-8-2026/90874382.json,hotpotbro,0,1,0.2609,Alakazam
90874382,/Users/nickzwart/Desktop/9-8-2026/90874382.json,Zyy7390,1,0,0.386,Alakazam
90874445,/Users/nickzwart/Desktop/9-8-2026/90874445.json,Can,1,1,0.4853,Alakazam
90874468,/Users/nickzwart/Desktop/9-8-2026/90874468.json,hotpotbro,1,0,0.2609,Dragapult
90874348,/Users/nickzwart/Desktop/9-8-2026/90874348.json,"kenkoooo @ estie, inc.",0,0,0.4154,Grimmsnarl
90874365,/Users/nickzwart/Desktop/9-8-2026/90874365.json,M Sato,1,0,0.6212,M-Lopunny
90874374,/Users/nickzwart/Desktop/9-8-2026/90874374.json,THIRD PTCG Club,0,1,0.5714,Grimmsnarl
90875224,/Users/nickzwart/Desktop/9-8-2026/90875224.json,Zyy7390,1,1,0.386,M-Kangaskhan
90875245,/Users/nickzwart/Desktop/9-8-2026/90875245.json,Can,0,1,0.4853,Grimmsnarl
90875257,/Users/nickzwart/Desktop/9-8-2026/90875257.json,Dipam Chakraborty,0,1,0.64,Alakazam
90875257,/Users/nickzwart/Desktop/9-8-2026/90875257.json,哈基米南北绿豆,1,0,0.5125,Alakazam
90875280,/Users/nickzwart/Desktop/9-8-2026/90875280.json,hotpotbro,1,0,0.2609,M-Lopunny
90875305,/Users/nickzwart/Desktop/9-8-2026/90875305.json,AlphaStarmie,0,1,0.6129,Alakazam
90875305,/Users/nickzwart/Desktop/9-8-2026/90875305.json,Can,1,0,0.4853,Alakazam
90875155,/Users/nickzwart/Desktop/9-8-2026/90875155.json,"kenkoooo @ estie, inc.",0,0,0.4154,M-Lopunny
90875157,/Users/nickzwart/Desktop/9-8-2026/90875157.json,yalee,1,1,0.4444,Grimmsnarl
90875159,/Users/nickzwart/Desktop/9-8-2026/90875159.json,M Sato,1,0,0.6212,M-Kangaskhan
90875869,/Users/nickzwart/Desktop/9-8-2026/90875869.json,Zyy7390,0,1,0.386,Grimmsnarl
90875891,/Users/nickzwart/Desktop/9-8-2026/90875891.json,Pushu?,0,1,0.4328,Alakazam
90875891,/Users/nickzwart/Desktop/9-8-2026/90875891.json,Team,1,0,0.5161,Alakazam
90875902,/Users/nickzwart/Desktop/9-8-2026/90875902.json,Lunariz,0,0,0.5854,Ogerpon
90876105,/Users/nickzwart/Desktop/9-8-2026/90876105.json,"kenkoooo @ estie, inc.",0,0,0.4154,Grimmsnarl
90876114,/Users/nickzwart/Desktop/9-8-2026/90876114.json,Dipam Chakraborty,0,0,0.64,Grimmsnarl
90876136,/Users/nickzwart/Desktop/9-8-2026/90876136.json,Mearyl,0,1,0.3913,M-Lopunny
90876695,/Users/nickzwart/Desktop/9-8-2026/90876695.json,齐乐,0,1,0.4322,M-Kangaskhan
90875994,/Users/nickzwart/Desktop/9-8-2026/90875994.json,"kenkoooo @ estie, inc.",1,0,0.4154,Grimmsnarl
90876002,/Users/nickzwart/Desktop/9-8-2026/90876002.json,yalee,0,0,0.4444,Ogerpon
90876039,/Users/nickzwart/Desktop/9-8-2026/90876039.json,M Sato,0,1,0.6212,M-Lopunny
90876720,/Users/nickzwart/Desktop/9-8-2026/90876720.json,Zyy7390,1,1,0.386,M-Lopunny
90876727,/Users/nickzwart/Desktop/9-8-2026/90876727.json,Pushu?,0,1,0.4328,Ogerpon
90876746,/Users/nickzwart/Desktop/9-8-2026/90876746.json,vvs,1,1,0.5895,Grimmsnarl
90876762,/Users/nickzwart/Desktop/9-8-2026/90876762.json,Lunariz,0,0,0.5854,Alakazam
90876762,/Users/nickzwart/Desktop/9-8-2026/90876762.json,wkonishi,1,1,0.5103,Alakazam
90876851,/Users/nickzwart/Desktop/9-8-2026/90876851.json,vvs,1,0,0.5895,Grimmsnarl
90876867,/Users/nickzwart/Desktop/9-8-2026/90876867.json,"kenkoooo @ estie, inc.",1,0,0.4154,other
90876870,/Users/nickzwart/Desktop/9-8-2026/90876870.json,wkonishi,0,1,0.5103,Grimmsnarl
90876871,/Users/nickzwart/Desktop/9-8-2026/90876871.json,M Sato,0,1,0.6212,M-Lopunny
90876942,/Users/nickzwart/Desktop/9-8-2026/90876942.json,NorthStar,1,0,0.2778,Grimmsnarl
90876952,/Users/nickzwart/Desktop/9-8-2026/90876952.json,Dipam Chakraborty,0,1,0.64,Grimmsnarl
90876958,/Users/nickzwart/Desktop/9-8-2026/90876958.json,AlphaStarmie,1,0,0.6129,Grimmsnarl
90877037,/Users/nickzwart/Desktop/9-8-2026/90877037.json,AlphaStarmie,1,0,0.6129,M-Kangaskhan
90877550,/Users/nickzwart/Desktop/9-8-2026/90877550.json,Zyy7390,1,1,0.386,M-Lopunny
90877583,/Users/nickzwart/Desktop/9-8-2026/90877583.json,vvs,1,1,0.5895,M-Kangaskhan
90877600,/Users/nickzwart/Desktop/9-8-2026/90877600.json,vvs,0,1,0.5895,Alakazam
90877600,/Users/nickzwart/Desktop/9-8-2026/90877600.json,Lunariz,1,0,0.5854,Alakazam
90877691,/Users/nickzwart/Desktop/9-8-2026/90877691.json,yalee,0,0,0.4444,Alakazam
90877703,/Users/nickzwart/Desktop/9-8-2026/90877703.json,M Sato,0,1,0.6212,Dudunsparce
90877709,/Users/nickzwart/Desktop/9-8-2026/90877709.json,"kenkoooo @ estie, inc.",0,0,0.4154,Alakazam
90877709,/Users/nickzwart/Desktop/9-8-2026/90877709.json,rhythm master,1,1,0.2857,Alakazam
90877723,/Users/nickzwart/Desktop/9-8-2026/90877723.json,Team Rot-Weiß,0,0,0.528,Grimmsnarl
90877757,/Users/nickzwart/Desktop/9-8-2026/90877757.json,Team Rot-Weiß,1,0,0.528,Grimmsnarl
90877758,/Users/nickzwart/Desktop/9-8-2026/90877758.json,Zyy7390,1,1,0.386,Grimmsnarl
90878396,/Users/nickzwart/Desktop/9-8-2026/90878396.json,Pushu?,0,0,0.4328,Grimmsnarl
90878400,/Users/nickzwart/Desktop/9-8-2026/90878400.json,Rmy,1,0,0.125,Grimmsnarl
90878404,/Users/nickzwart/Desktop/9-8-2026/90878404.json,Zyy7390,0,1,0.386,Hydrapple
90878532,/Users/nickzwart/Desktop/9-8-2026/90878532.json,齐乐,1,1,0.4322,M-Lopunny
90878560,/Users/nickzwart/Desktop/9-8-2026/90878560.json,M Sato,1,1,0.6212,Grimmsnarl
90878568,/Users/nickzwart/Desktop/9-8-2026/90878568.json,"kenkoooo @ estie, inc.",1,0,0.4154,M-Lopunny
90878613,/Users/nickzwart/Desktop/9-8-2026/90878613.json,Zyy7390,0,1,0.386,Ogerpon
90878641,/Users/nickzwart/Desktop/9-8-2026/90878641.json,Dipam Chakraborty,0,1,0.64,Alakazam
90878641,/Users/nickzwart/Desktop/9-8-2026/90878641.json,"Bart, Edwyn",1,0,0.5982,Alakazam
90879242,/Users/nickzwart/Desktop/9-8-2026/90879242.json,rhythm master,0,0,0.2857,Alakazam
90879242,/Users/nickzwart/Desktop/9-8-2026/90879242.json,Zyy7390,1,1,0.386,Alakazam
90879249,/Users/nickzwart/Desktop/9-8-2026/90879249.json,Pushu?,0,0,0.4328,Alakazam
90879249,/Users/nickzwart/Desktop/9-8-2026/90879249.json,AlphaStarmie,1,1,0.6129,Alakazam
90879285,/Users/nickzwart/Desktop/9-8-2026/90879285.json,vvs,1,1,0.5895,Ogerpon
90879392,/Users/nickzwart/Desktop/9-8-2026/90879392.json,M Sato,0,0,0.6212,Grimmsnarl
90879400,/Users/nickzwart/Desktop/9-8-2026/90879400.json,"kenkoooo @ estie, inc.",0,1,0.4154,Alakazam
90879400,/Users/nickzwart/Desktop/9-8-2026/90879400.json,Ghleii,1,0,0.5556,Alakazam
90879418,/Users/nickzwart/Desktop/9-8-2026/90879418.json,Team,1,0,0.5161,Grimmsnarl
90879447,/Users/nickzwart/Desktop/9-8-2026/90879447.json,Zyy7390,0,1,0.386,Ogerpon
90879464,/Users/nickzwart/Desktop/9-8-2026/90879464.json,Dipam Chakraborty,1,1,0.64,Dragapult
90879490,/Users/nickzwart/Desktop/9-8-2026/90879490.json,Zyy7390,1,1,0.386,M-Lopunny
90879518,/Users/nickzwart/Desktop/9-8-2026/90879518.json,Lunariz,1,1,0.5854,Grimmsnarl
90880080,/Users/nickzwart/Desktop/9-8-2026/90880080.json,wkonishi,0,1,0.5103,Alakazam
90880080,/Users/nickzwart/Desktop/9-8-2026/90880080.json,Zyy7390,1,0,0.386,Alakazam
90880305,/Users/nickzwart/Desktop/9-8-2026/90880305.json,Dipam Chakraborty,1,0,0.64,M-Kangaskhan
90880945,/Users/nickzwart/Desktop/9-8-2026/90880945.json,Zyy7390,0,1,0.386,Grimmsnarl
90880227,/Users/nickzwart/Desktop/9-8-2026/90880227.json,M Sato,0,1,0.6212,Grimmsnarl
90880255,/Users/nickzwart/Desktop/9-8-2026/90880255.json,Ghleii,1,1,0.5556,Grimmsnarl
90880283,/Users/nickzwart/Desktop/9-8-2026/90880283.json,haggle,0,1,0.6061,Alakazam
90880283,/Users/nickzwart/Desktop/9-8-2026/90880283.json,AlphaStarmie,1,0,0.6129,Alakazam
90881087,/Users/nickzwart/Desktop/9-8-2026/90881087.json,M Sato,0,0,0.6212,Grimmsnarl
90881101,/Users/nickzwart/Desktop/9-8-2026/90881101.json,"kenkoooo @ estie, inc.",0,1,0.4154,M-Lopunny
90881119,/Users/nickzwart/Desktop/9-8-2026/90881119.json,haggle,1,1,0.6061,M-Lopunny
90881136,/Users/nickzwart/Desktop/9-8-2026/90881136.json,Zyy7390,1,0,0.386,Grimmsnarl
90881140,/Users/nickzwart/Desktop/9-8-2026/90881140.json,齐乐,0,1,0.4322,Grimmsnarl
90881228,/Users/nickzwart/Desktop/9-8-2026/90881228.json,Dipam Chakraborty,0,0,0.64,M-Lopunny
90881772,/Users/nickzwart/Desktop/9-8-2026/90881772.json,Pushu?,1,0,0.4328,Ogerpon
90881783,/Users/nickzwart/Desktop/9-8-2026/90881783.json,Zyy7390,0,0,0.386,Alakazam
90881783,/Users/nickzwart/Desktop/9-8-2026/90881783.json,THIRD PTCG Club,1,1,0.5714,Alakazam
90881825,/Users/nickzwart/Desktop/9-8-2026/90881825.json,vvs,0,1,0.5895,Ogerpon
90881829,/Users/nickzwart/Desktop/9-8-2026/90881829.json,Lunariz,0,1,0.5854,Alakazam
90881829,/Users/nickzwart/Desktop/9-8-2026/90881829.json,Mearyl,1,0,0.3913,Alakazam
90881845,/Users/nickzwart/Desktop/9-8-2026/90881845.json,Zyy7390,1,1,0.386,Garchomp
90881919,/Users/nickzwart/Desktop/9-8-2026/90881919.json,yalee,1,0,0.4444,Grimmsnarl
90881921,/Users/nickzwart/Desktop/9-8-2026/90881921.json,M Sato,1,0,0.6212,Dragapult
90882778,/Users/nickzwart/Desktop/9-8-2026/90882778.json,"kenkoooo @ estie, inc.",0,1,0.4154,Grimmsnarl
90882798,/Users/nickzwart/Desktop/9-8-2026/90882798.json,ei1333,0,1,0.5349,other
90882865,/Users/nickzwart/Desktop/9-8-2026/90882865.json,MTADA,1,0,0.375,M-Lopunny
90881945,/Users/nickzwart/Desktop/9-8-2026/90881945.json,"kenkoooo @ estie, inc.",1,0,0.4154,Grimmsnarl
90881961,/Users/nickzwart/Desktop/9-8-2026/90881961.json,haggle,1,0,0.6061,Grimmsnarl
90881979,/Users/nickzwart/Desktop/9-8-2026/90881979.json,Zyy7390,1,0,0.386,Grimmsnarl
90882609,/Users/nickzwart/Desktop/9-8-2026/90882609.json,Pushu?,0,1,0.4328,Grimmsnarl
90883453,/Users/nickzwart/Desktop/9-8-2026/90883453.json,Pushu?,1,1,0.4328,M-Kangaskhan
90883465,/Users/nickzwart/Desktop/9-8-2026/90883465.json,Zyy7390,1,0,0.386,Dragapult
90883497,/Users/nickzwart/Desktop/9-8-2026/90883497.json,vvs,1,1,0.5895,Grimmsnarl
90883500,/Users/nickzwart/Desktop/9-8-2026/90883500.json,MTADA,0,0,0.375,Alakazam
90883500,/Users/nickzwart/Desktop/9-8-2026/90883500.json,Lunariz,1,1,0.5854,Alakazam
90882619,/Users/nickzwart/Desktop/9-8-2026/90882619.json,Zyy7390,0,1,0.386,M-Lopunny
90882655,/Users/nickzwart/Desktop/9-8-2026/90882655.json,vvs,0,1,0.5895,Grimmsnarl
90883610,/Users/nickzwart/Desktop/9-8-2026/90883610.json,M Sato,0,1,0.6212,M-Lopunny
90883630,/Users/nickzwart/Desktop/9-8-2026/90883630.json,NorthStar,0,0,0.2778,Grimmsnarl
90884220,/Users/nickzwart/Desktop/9-8-2026/90884220.json,haggle,0,1,0.6061,M-Kangaskhan
90884477,/Users/nickzwart/Desktop/9-8-2026/90884477.json,M Sato,0,1,0.6212,Alakazam
90884477,/Users/nickzwart/Desktop/9-8-2026/90884477.json,齐乐,1,0,0.4322,Alakazam
90884496,/Users/nickzwart/Desktop/9-8-2026/90884496.json,"kenkoooo @ estie, inc.",0,1,0.4154,Alakazam
90884496,/Users/nickzwart/Desktop/9-8-2026/90884496.json,wkonishi,1,0,0.5103,Alakazam
90885121,/Users/nickzwart/Desktop/9-8-2026/90885121.json,Pushu?,0,1,0.4328,M-Lopunny
90884304,/Users/nickzwart/Desktop/9-8-2026/90884304.json,fishcat,0,0,0.4815,Alakazam
90884304,/Users/nickzwart/Desktop/9-8-2026/90884304.json,Pushu?,1,1,0.4328,Alakazam
90884333,/Users/nickzwart/Desktop/9-8-2026/90884333.json,Zyy7390,1,0,0.386,Dragapult
90884365,/Users/nickzwart/Desktop/9-8-2026/90884365.json,wkonishi,0,0,0.5103,Alakazam
90884365,/Users/nickzwart/Desktop/9-8-2026/90884365.json,vvs,1,1,0.5895,Alakazam
90884397,/Users/nickzwart/Desktop/9-8-2026/90884397.json,Lunariz,0,0,0.5854,Garchomp
90884430,/Users/nickzwart/Desktop/9-8-2026/90884430.json,齐乐,1,1,0.4322,Garchomp
90885137,/Users/nickzwart/Desktop/9-8-2026/90885137.json,Zyy7390,0,0,0.386,Grimmsnarl
90885166,/Users/nickzwart/Desktop/9-8-2026/90885166.json,vvs,1,1,0.5895,Dragapult
90885173,/Users/nickzwart/Desktop/9-8-2026/90885173.json,Lunariz,0,0,0.5854,Grimmsnarl
90885277,/Users/nickzwart/Desktop/9-8-2026/90885277.json,M Sato,1,1,0.6212,Grimmsnarl
90885294,/Users/nickzwart/Desktop/9-8-2026/90885294.json,Challengestone,0,1,0.4419,Alakazam
90885294,/Users/nickzwart/Desktop/9-8-2026/90885294.json,"kenkoooo @ estie, inc.",1,0,0.4154,Alakazam
90885317,/Users/nickzwart/Desktop/9-8-2026/90885317.json,haggle,1,1,0.6061,Alakazam
90885960,/Users/nickzwart/Desktop/9-8-2026/90885960.json,Pushu?,0,1,0.4328,Dragapult
90885971,/Users/nickzwart/Desktop/9-8-2026/90885971.json,MTADA,0,0,0.375,other
90885994,/Users/nickzwart/Desktop/9-8-2026/90885994.json,Zyy7390,0,0,0.386,Alakazam
90885994,/Users/nickzwart/Desktop/9-8-2026/90885994.json,bono,1,1,0.1905,Alakazam
90886009,/Users/nickzwart/Desktop/9-8-2026/90886009.json,vvs,0,1,0.5895,Grimmsnarl
90886029,/Users/nickzwart/Desktop/9-8-2026/90886029.json,Mearyl,0,0,0.3913,Alakazam
90886029,/Users/nickzwart/Desktop/9-8-2026/90886029.json,Lunariz,1,1,0.5854,Alakazam
90886125,/Users/nickzwart/Desktop/9-8-2026/90886125.json,M Sato,0,1,0.6212,other
90886143,/Users/nickzwart/Desktop/9-8-2026/90886143.json,"kenkoooo @ estie, inc.",1,0,0.4154,Ogerpon
90886864,/Users/nickzwart/Desktop/9-8-2026/90886864.json,Lunariz,0,1,0.5854,M-Kangaskhan
90886962,/Users/nickzwart/Desktop/9-8-2026/90886962.json,Jonathan Coletti,0,1,0.6226,Alakazam
90886962,/Users/nickzwart/Desktop/9-8-2026/90886962.json,M Sato,1,0,0.6212,Alakazam
90887009,/Users/nickzwart/Desktop/9-8-2026/90887009.json,wkonishi,1,1,0.5103,M-Kangaskhan
90887645,/Users/nickzwart/Desktop/9-8-2026/90887645.json,Pushu?,1,1,0.4328,Ogerpon
90886156,/Users/nickzwart/Desktop/9-8-2026/90886156.json,haggle,1,0,0.6061,Grimmsnarl
90886752,/Users/nickzwart/Desktop/9-8-2026/90886752.json,Dipam Chakraborty,1,1,0.64,Grimmsnarl
90886805,/Users/nickzwart/Desktop/9-8-2026/90886805.json,vvs,0,1,0.5895,Alakazam
90886805,/Users/nickzwart/Desktop/9-8-2026/90886805.json,Pushu?,1,0,0.4328,Alakazam
90886834,/Users/nickzwart/Desktop/9-8-2026/90886834.json,Zyy7390,0,0,0.386,M-Kangaskhan
90886844,/Users/nickzwart/Desktop/9-8-2026/90886844.json,vvs,1,0,0.5895,Grimmsnarl
90887675,/Users/nickzwart/Desktop/9-8-2026/90887675.json,Zyy7390,1,0,0.386,Grimmsnarl
90887702,/Users/nickzwart/Desktop/9-8-2026/90887702.json,wkonishi,0,1,0.5103,Alakazam
90887702,/Users/nickzwart/Desktop/9-8-2026/90887702.json,vvs,1,0,0.5895,Alakazam
90887728,/Users/nickzwart/Desktop/9-8-2026/90887728.json,ei1333,1,1,0.5349,Garchomp
90887796,/Users/nickzwart/Desktop/9-8-2026/90887796.json,M Sato,1,1,0.6212,Grimmsnarl
90887906,/Users/nickzwart/Desktop/9-8-2026/90887906.json,"kenkoooo @ estie, inc.",0,0,0.4154,Grimmsnarl
90888476,/Users/nickzwart/Desktop/9-8-2026/90888476.json,Pushu?,1,0,0.4328,Grimmsnarl
90888532,/Users/nickzwart/Desktop/9-8-2026/90888532.json,Zyy7390,0,0,0.386,Alakazam
90888532,/Users/nickzwart/Desktop/9-8-2026/90888532.json,haruto,1,1,0.4035,Alakazam
90888538,/Users/nickzwart/Desktop/9-8-2026/90888538.json,"kenkoooo @ estie, inc.",0,1,0.4154,Grimmsnarl
90889463,/Users/nickzwart/Desktop/9-8-2026/90889463.json,vvs,0,1,0.5895,Alakazam
90889463,/Users/nickzwart/Desktop/9-8-2026/90889463.json,fishcat,1,0,0.4815,Alakazam
90889477,/Users/nickzwart/Desktop/9-8-2026/90889477.json,Lunariz,0,1,0.5854,Garchomp
90889548,/Users/nickzwart/Desktop/9-8-2026/90889548.json,M Sato,0,0,0.6212,Alakazam
90889548,/Users/nickzwart/Desktop/9-8-2026/90889548.json,Jonathan Coletti,1,1,0.6226,Alakazam
90888547,/Users/nickzwart/Desktop/9-8-2026/90888547.json,Lunariz,0,1,0.5854,Alakazam
90888547,/Users/nickzwart/Desktop/9-8-2026/90888547.json,NorthStar,1,0,0.2778,Alakazam
90888556,/Users/nickzwart/Desktop/9-8-2026/90888556.json,vvs,1,1,0.5895,Dragapult
90888665,/Users/nickzwart/Desktop/9-8-2026/90888665.json,M Sato,0,1,0.6212,Alakazam
90888665,/Users/nickzwart/Desktop/9-8-2026/90888665.json,Zyy7390,1,0,0.386,Alakazam
90889350,/Users/nickzwart/Desktop/9-8-2026/90889350.json,Pushu?,1,0,0.4328,Dragapult
90890192,/Users/nickzwart/Desktop/9-8-2026/90890192.json,Pushu?,0,1,0.4328,M-Kangaskhan
90890226,/Users/nickzwart/Desktop/9-8-2026/90890226.json,Zyy7390,1,0,0.386,Grimmsnarl
90890238,/Users/nickzwart/Desktop/9-8-2026/90890238.json,Lunariz,0,1,0.5854,Grimmsnarl
90890240,/Users/nickzwart/Desktop/9-8-2026/90890240.json,vvs,1,1,0.5895,M-Lopunny
90890407,/Users/nickzwart/Desktop/9-8-2026/90890407.json,Zyy7390,1,0,0.386,Grimmsnarl
90891030,/Users/nickzwart/Desktop/9-8-2026/90891030.json,Pushu?,0,1,0.4328,Dragapult
90891070,/Users/nickzwart/Desktop/9-8-2026/90891070.json,Zyy7390,0,0,0.386,Alakazam
90891070,/Users/nickzwart/Desktop/9-8-2026/90891070.json,MR.h,1,1,0.5395,Alakazam
90891077,/Users/nickzwart/Desktop/9-8-2026/90891077.json,Lunariz,0,1,0.5854,Crustle
90891080,/Users/nickzwart/Desktop/9-8-2026/90891080.json,vvs,0,1,0.5895,M-Lopunny
90891874,/Users/nickzwart/Desktop/9-8-2026/90891874.json,Pushu?,1,0,0.4328,M-Lopunny
90891877,/Users/nickzwart/Desktop/9-8-2026/90891877.json,齐乐,1,1,0.4322,M-Kangaskhan
90891911,/Users/nickzwart/Desktop/9-8-2026/90891911.json,Lunariz,0,1,0.5854,M-Kangaskhan
90891920,/Users/nickzwart/Desktop/9-8-2026/90891920.json,vvs,0,0,0.5895,Grimmsnarl
90893579,/Users/nickzwart/Desktop/9-8-2026/90893579.json,Pushu?,1,0,0.4328,Grimmsnarl
90893609,/Users/nickzwart/Desktop/9-8-2026/90893609.json,Zyy7390,1,0,0.386,M-Lopunny
90893622,/Users/nickzwart/Desktop/9-8-2026/90893622.json,Lunariz,1,0,0.5854,M-Kangaskhan
90893624,/Users/nickzwart/Desktop/9-8-2026/90893624.json,vvs,0,1,0.5895,M-Kangaskhan
90892738,/Users/nickzwart/Desktop/9-8-2026/90892738.json,Pushu?,0,1,0.4328,M-Kangaskhan
90892776,/Users/nickzwart/Desktop/9-8-2026/90892776.json,Lunariz,0,1,0.5854,Grimmsnarl
90892791,/Users/nickzwart/Desktop/9-8-2026/90892791.json,vvs,1,1,0.5895,Grimmsnarl
90892904,/Users/nickzwart/Desktop/9-8-2026/90892904.json,Can,0,1,0.4853,Dragapult
90895235,/Users/nickzwart/Desktop/9-8-2026/90895235.json,Pushu?,0,0,0.4328,Alakazam
90895235,/Users/nickzwart/Desktop/9-8-2026/90895235.json,Team Rot-Weiß,1,1,0.528,Alakazam
90895238,/Users/nickzwart/Desktop/9-8-2026/90895238.json,Pushu?,0,0,0.4328,other
90895278,/Users/nickzwart/Desktop/9-8-2026/90895278.json,AlphaStarmie,0,1,0.6129,Alakazam
90895278,/Users/nickzwart/Desktop/9-8-2026/90895278.json,vvs,1,0,0.5895,Alakazam
90895295,/Users/nickzwart/Desktop/9-8-2026/90895295.json,Lunariz,1,0,0.5854,Grimmsnarl
90893753,/Users/nickzwart/Desktop/9-8-2026/90893753.json,哈基米南北绿豆,0,1,0.5125,M-Kangaskhan
90894318,/Users/nickzwart/Desktop/9-8-2026/90894318.json,Lunariz,1,1,0.5854,Grimmsnarl
90894385,/Users/nickzwart/Desktop/9-8-2026/90894385.json,Lunariz,1,0,0.5854,Grimmsnarl
90894417,/Users/nickzwart/Desktop/9-8-2026/90894417.json,wkonishi,0,0,0.5103,Grimmsnarl
90894517,/Users/nickzwart/Desktop/9-8-2026/90894517.json,Pushu?,0,1,0.4328,Alakazam
90894517,/Users/nickzwart/Desktop/9-8-2026/90894517.json,Jonathan Coletti,1,0,0.6226,Alakazam
90894518,/Users/nickzwart/Desktop/9-8-2026/90894518.json,vvs,0,1,0.5895,M-Kangaskhan
90894614,/Users/nickzwart/Desktop/9-8-2026/90894614.json,Dipam Chakraborty,0,1,0.64,Grimmsnarl
90895381,/Users/nickzwart/Desktop/9-8-2026/90895381.json,What Lucario,1,0,0.5789,Grimmsnarl
90895393,/Users/nickzwart/Desktop/9-8-2026/90895393.json,Team Rot-Weiß,1,0,0.528,Grimmsnarl
90896025,/Users/nickzwart/Desktop/9-8-2026/90896025.json,"kenkoooo @ estie, inc.",0,0,0.4154,M-Kangaskhan
90896077,/Users/nickzwart/Desktop/9-8-2026/90896077.json,Pushu?,0,0,0.4328,M-Lopunny
90896116,/Users/nickzwart/Desktop/9-8-2026/90896116.json,vvs,0,1,0.5895,Grimmsnarl
90896127,/Users/nickzwart/Desktop/9-8-2026/90896127.json,Lunariz,0,0,0.5854,Grimmsnarl
90896260,/Users/nickzwart/Desktop/9-8-2026/90896260.json,M Sato,1,0,0.6212,Grimmsnarl
90896762,/Users/nickzwart/Desktop/9-8-2026/90896762.json,wkonishi,0,1,0.5103,M-Kangaskhan
90896918,/Users/nickzwart/Desktop/9-8-2026/90896918.json,Zyy7390,1,0,0.386,M-Lopunny
90896922,/Users/nickzwart/Desktop/9-8-2026/90896922.json,Pushu?,0,1,0.4328,Alakazam
90896922,/Users/nickzwart/Desktop/9-8-2026/90896922.json,齐乐,1,0,0.4322,Alakazam
90896971,/Users/nickzwart/Desktop/9-8-2026/90896971.json,Lunariz,0,0,0.5854,Alakazam
90896971,/Users/nickzwart/Desktop/9-8-2026/90896971.json,haruto,1,1,0.4035,Alakazam
90896978,/Users/nickzwart/Desktop/9-8-2026/90896978.json,vvs,1,0,0.5895,M-Kangaskhan
90897666,/Users/nickzwart/Desktop/9-8-2026/90897666.json,Team Rot-Weiß,0,1,0.528,Grimmsnarl
90897701,/Users/nickzwart/Desktop/9-8-2026/90897701.json,Zyy7390,1,0,0.386,M-Kangaskhan
90897739,/Users/nickzwart/Desktop/9-8-2026/90897739.json,Pushu?,0,1,0.4328,M-Lucario
90897743,/Users/nickzwart/Desktop/9-8-2026/90897743.json,Team Rot-Weiß,1,0,0.528,M-Kangaskhan
90897762,/Users/nickzwart/Desktop/9-8-2026/90897762.json,Pushu?,1,0,0.4328,M-Lopunny
90897807,/Users/nickzwart/Desktop/9-8-2026/90897807.json,Lunariz,0,1,0.5854,Ogerpon
90898615,/Users/nickzwart/Desktop/9-8-2026/90898615.json,vvs,0,1,0.5895,Dragapult
90898633,/Users/nickzwart/Desktop/9-8-2026/90898633.json,Zyy7390,0,0,0.386,M-Lopunny
90898640,/Users/nickzwart/Desktop/9-8-2026/90898640.json,Lunariz,0,1,0.5854,Grimmsnarl
90897944,/Users/nickzwart/Desktop/9-8-2026/90897944.json,Zyy7390,1,1,0.386,M-Kangaskhan
90899267,/Users/nickzwart/Desktop/9-8-2026/90899267.json,wkonishi,1,1,0.5103,Grimmsnarl
90899270,/Users/nickzwart/Desktop/9-8-2026/90899270.json,Lunariz,0,0,0.5854,Dragapult
90899281,/Users/nickzwart/Desktop/9-8-2026/90899281.json,Team Rot-Weiß,0,0,0.528,Dragapult
90899460,/Users/nickzwart/Desktop/9-8-2026/90899460.json,ei1333,0,0,0.5349,Grimmsnarl
90900137,/Users/nickzwart/Desktop/9-8-2026/90900137.json,wkonishi,1,0,0.5103,Dragapult
90900283,/Users/nickzwart/Desktop/9-8-2026/90900283.json,Pushu?,0,0,0.4328,M-Lopunny
90900303,/Users/nickzwart/Desktop/9-8-2026/90900303.json,vvs,1,1,0.5895,Ogerpon
90900335,/Users/nickzwart/Desktop/9-8-2026/90900335.json,Lunariz,0,0,0.5854,Alakazam
90900335,/Users/nickzwart/Desktop/9-8-2026/90900335.json,rhythm master,1,1,0.2857,Alakazam
90900417,/Users/nickzwart/Desktop/9-8-2026/90900417.json,Dipam Chakraborty,1,1,0.64,M-Lopunny
90901006,/Users/nickzwart/Desktop/9-8-2026/90901006.json,M Sato,0,0,0.6212,Grimmsnarl
90901037,/Users/nickzwart/Desktop/9-8-2026/90901037.json,Pushu?,0,0,0.4328,Alakazam
90901037,/Users/nickzwart/Desktop/9-8-2026/90901037.json,Ghleii,1,1,0.5556,Alakazam
90901070,/Users/nickzwart/Desktop/9-8-2026/90901070.json,vvs,0,1,0.5895,Hydrapple
90899510,/Users/nickzwart/Desktop/9-8-2026/90899510.json,Lunariz,0,1,0.5854,Grimmsnarl
90899586,/Users/nickzwart/Desktop/9-8-2026/90899586.json,Pushu?,0,0,0.4328,Alakazam
90899586,/Users/nickzwart/Desktop/9-8-2026/90899586.json,Evgeniy Zdoronok,1,1,0.5789,Alakazam
90900105,/Users/nickzwart/Desktop/9-8-2026/90900105.json,齐乐,0,0,0.4322,Grimmsnarl
90901211,/Users/nickzwart/Desktop/9-8-2026/90901211.json,Lunariz,0,0,0.5854,Dragapult
90901289,/Users/nickzwart/Desktop/9-8-2026/90901289.json,Can,1,1,0.4853,M-Lopunny
90902020,/Users/nickzwart/Desktop/9-8-2026/90902020.json,vvs,1,1,0.5895,M-Lopunny
90902023,/Users/nickzwart/Desktop/9-8-2026/90902023.json,Pushu?,1,0,0.4328,Dragapult
90902127,/Users/nickzwart/Desktop/9-8-2026/90902127.json,"Bart, Edwyn",0,1,0.5982,Alakazam
90902127,/Users/nickzwart/Desktop/9-8-2026/90902127.json,AlphaStarmie,1,0,0.6129,Alakazam
90902167,/Users/nickzwart/Desktop/9-8-2026/90902167.json,Zyy7390,0,1,0.386,Grimmsnarl
90902716,/Users/nickzwart/Desktop/9-8-2026/90902716.json,Juyong,0,0,0.4386,Dragapult
90902877,/Users/nickzwart/Desktop/9-8-2026/90902877.json,Pushu?,1,0,0.4328,Hydrapple
90902890,/Users/nickzwart/Desktop/9-8-2026/90902890.json,vvs,1,1,0.5895,Grimmsnarl
90903626,/Users/nickzwart/Desktop/9-8-2026/90903626.json,Mearyl,0,1,0.3913,Grimmsnarl
90903738,/Users/nickzwart/Desktop/9-8-2026/90903738.json,Pushu?,0,0,0.4328,Grimmsnarl
90903740,/Users/nickzwart/Desktop/9-8-2026/90903740.json,vvs,1,0,0.5895,Dragapult
90903833,/Users/nickzwart/Desktop/9-8-2026/90903833.json,rhythm master,1,0,0.2857,Dragapult
90904530,/Users/nickzwart/Desktop/9-8-2026/90904530.json,ei1333,0,1,0.5349,M-Kangaskhan
90905459,/Users/nickzwart/Desktop/9-8-2026/90905459.json,Pushu?,0,0,0.4328,Grimmsnarl
90905460,/Users/nickzwart/Desktop/9-8-2026/90905460.json,vvs,1,0,0.5895,M-Kangaskhan
90905562,/Users/nickzwart/Desktop/9-8-2026/90905562.json,M Sato,0,1,0.6212,Alakazam
90905562,/Users/nickzwart/Desktop/9-8-2026/90905562.json,THIRD PTCG Club,1,0,0.5714,Alakazam
90905568,/Users/nickzwart/Desktop/9-8-2026/90905568.json,haggle,1,0,0.6061,Hydrapple
90906093,/Users/nickzwart/Desktop/9-8-2026/90906093.json,齐乐,0,0,0.4322,M-Kangaskhan
90906322,/Users/nickzwart/Desktop/9-8-2026/90906322.json,vvs,0,0,0.5895,Grimmsnarl
90906323,/Users/nickzwart/Desktop/9-8-2026/90906323.json,Pushu?,1,0,0.4328,Dragapult
90906398,/Users/nickzwart/Desktop/9-8-2026/90906398.json,Lunariz,0,1,0.5854,Grimmsnarl
90907265,/Users/nickzwart/Desktop/9-8-2026/90907265.json,vvs,1,1,0.5895,M-Lopunny
90907767,/Users/nickzwart/Desktop/9-8-2026/90907767.json,"kenkoooo @ estie, inc.",0,1,0.4154,M-Kangaskhan
90906920,/Users/nickzwart/Desktop/9-8-2026/90906920.json,Ghleii,0,1,0.5556,Alakazam
90906920,/Users/nickzwart/Desktop/9-8-2026/90906920.json,"kenkoooo @ estie, inc.",1,0,0.4154,Alakazam
90906935,/Users/nickzwart/Desktop/9-8-2026/90906935.json,Evgeniy Zdoronok,1,1,0.5789,M-Kangaskhan
90904603,/Users/nickzwart/Desktop/9-8-2026/90904603.json,Pushu?,0,0,0.4328,Alakazam
90904603,/Users/nickzwart/Desktop/9-8-2026/90904603.json,齐乐,1,1,0.4322,Alakazam
90904713,/Users/nickzwart/Desktop/9-8-2026/90904713.json,Dipam Chakraborty,1,0,0.64,Grimmsnarl
90907009,/Users/nickzwart/Desktop/9-8-2026/90907009.json,"Bart, Edwyn",1,0,0.5982,Grimmsnarl
90907060,/Users/nickzwart/Desktop/9-8-2026/90907060.json,rhythm master,0,0,0.2857,Dragapult
90907174,/Users/nickzwart/Desktop/9-8-2026/90907174.json,Pushu?,1,1,0.4328,Ogerpon
90907953,/Users/nickzwart/Desktop/9-8-2026/90907953.json,wkonishi,1,0,0.5103,Grimmsnarl
90908041,/Users/nickzwart/Desktop/9-8-2026/90908041.json,NorthStar,0,0,0.2778,Alakazam
90908041,/Users/nickzwart/Desktop/9-8-2026/90908041.json,Team,1,1,0.5161,Alakazam
90908107,/Users/nickzwart/Desktop/9-8-2026/90908107.json,Can,0,0,0.4853,M-Lopunny
90908615,/Users/nickzwart/Desktop/9-8-2026/90908615.json,wkonishi,1,0,0.5103,Ogerpon
90910501,/Users/nickzwart/Desktop/9-8-2026/90910501.json,rhythm master,1,0,0.2857,Grimmsnarl
90910571,/Users/nickzwart/Desktop/9-8-2026/90910571.json,wkonishi,0,0,0.5103,Ogerpon
90909547,/Users/nickzwart/Desktop/9-8-2026/90909547.json,齐乐,0,0,0.4322,Dragapult
90909667,/Users/nickzwart/Desktop/9-8-2026/90909667.json,"Bart, Edwyn",1,1,0.5982,Ogerpon
90910334,/Users/nickzwart/Desktop/9-8-2026/90910334.json,vvs,0,0,0.5895,M-Kangaskhan
90910661,/Users/nickzwart/Desktop/9-8-2026/90910661.json,Lunariz,1,1,0.5854,Hydrapple
90911196,/Users/nickzwart/Desktop/9-8-2026/90911196.json,Team Rot-Weiß,1,0,0.528,M-Kangaskhan
90912343,/Users/nickzwart/Desktop/9-8-2026/90912343.json,fishcat,1,1,0.4815,M-Lopunny
90912917,/Users/nickzwart/Desktop/9-8-2026/90912917.json,Team Rot-Weiß,1,0,0.528,M-Kangaskhan
90912955,/Users/nickzwart/Desktop/9-8-2026/90912955.json,haruto,0,0,0.4035,Alakazam
90912980,/Users/nickzwart/Desktop/9-8-2026/90912980.json,vvs,0,0,0.5895,other
90911485,/Users/nickzwart/Desktop/9-8-2026/90911485.json,Pushu?,0,1,0.4328,M-Lopunny
90911512,/Users/nickzwart/Desktop/9-8-2026/90911512.json,Zyy7390,1,0,0.386,Dudunsparce
90912171,/Users/nickzwart/Desktop/9-8-2026/90912171.json,齐乐,0,0,0.4322,Alakazam
90912171,/Users/nickzwart/Desktop/9-8-2026/90912171.json,pokewaves,1,1,0.3889,Alakazam
90913907,/Users/nickzwart/Desktop/9-8-2026/90913907.json,AdrianWang2003,1,0,0.2667,M-Lopunny
90914001,/Users/nickzwart/Desktop/9-8-2026/90914001.json,M Sato,1,1,0.6212,Ogerpon
90914732,/Users/nickzwart/Desktop/9-8-2026/90914732.json,Emre Cirak,1,0,0.4375,Grimmsnarl
90914807,/Users/nickzwart/Desktop/9-8-2026/90914807.json,哈基米南北绿豆,0,0,0.5125,M-Kangaskhan
90914812,/Users/nickzwart/Desktop/9-8-2026/90914812.json,Pushu?,1,0,0.4328,Grimmsnarl
90914854,/Users/nickzwart/Desktop/9-8-2026/90914854.json,THIRD PTCG Club,0,0,0.5714,Alakazam
90914854,/Users/nickzwart/Desktop/9-8-2026/90914854.json,AlphaStarmie,1,1,0.6129,Alakazam
90915466,/Users/nickzwart/Desktop/9-8-2026/90915466.json,"kenkoooo @ estie, inc.",1,1,0.4154,Grimmsnarl
90916484,/Users/nickzwart/Desktop/9-8-2026/90916484.json,Evgeniy Zdoronok,0,1,0.5789,Grimmsnarl
90915626,/Users/nickzwart/Desktop/9-8-2026/90915626.json,Lunariz,0,0,0.5854,M-Lopunny
90915647,/Users/nickzwart/Desktop/9-8-2026/90915647.json,"Bart, Edwyn",0,0,0.5982,M-Kangaskhan
90916290,/Users/nickzwart/Desktop/9-8-2026/90916290.json,M Sato,0,1,0.6212,Ogerpon
90917302,/Users/nickzwart/Desktop/9-8-2026/90917302.json,Team Rot-Weiß,1,0,0.528,M-Kangaskhan
90917311,/Users/nickzwart/Desktop/9-8-2026/90917311.json,NorthStar,1,0,0.2778,Grimmsnarl
90917331,/Users/nickzwart/Desktop/9-8-2026/90917331.json,pokewaves,0,1,0.3889,Grimmsnarl
90917407,/Users/nickzwart/Desktop/9-8-2026/90917407.json,哈基米南北绿豆,0,1,0.5125,M-Lopunny
90917968,/Users/nickzwart/Desktop/9-8-2026/90917968.json,"kenkoooo @ estie, inc.",0,0,0.4154,Grimmsnarl
90918081,/Users/nickzwart/Desktop/9-8-2026/90918081.json,"Bart, Edwyn",1,0,0.5982,Dragapult
90918191,/Users/nickzwart/Desktop/9-8-2026/90918191.json,wkonishi,0,1,0.5103,Alakazam
90918191,/Users/nickzwart/Desktop/9-8-2026/90918191.json,What Lucario,1,0,0.5789,Alakazam
90918806,/Users/nickzwart/Desktop/9-8-2026/90918806.json,"kenkoooo @ estie, inc.",0,0,0.4154,Dragapult
90918924,/Users/nickzwart/Desktop/9-8-2026/90918924.json,Mearyl,1,0,0.3913,Dragapult
90919071,/Users/nickzwart/Desktop/9-8-2026/90919071.json,Lunariz,0,1,0.5854,Alakazam
90919071,/Users/nickzwart/Desktop/9-8-2026/90919071.json,Challengestone,1,0,0.4419,Alakazam
90919550,/Users/nickzwart/Desktop/9-8-2026/90919550.json,Lunariz,0,0,0.5854,Grimmsnarl
90919890,/Users/nickzwart/Desktop/9-8-2026/90919890.json,Dipam Chakraborty,0,1,0.64,M-Kangaskhan
90919899,/Users/nickzwart/Desktop/9-8-2026/90919899.json,Jonathan Coletti,1,0,0.6226,Dragapult
90919665,/Users/nickzwart/Desktop/9-8-2026/90919665.json,AlphaStarmie,0,1,0.6129,Ogerpon
90919675,/Users/nickzwart/Desktop/9-8-2026/90919675.json,Zyy7390,0,1,0.386,Grimmsnarl
90920604,/Users/nickzwart/Desktop/9-8-2026/90920604.json,Pushu?,0,0,0.4328,other
90920693,/Users/nickzwart/Desktop/9-8-2026/90920693.json,齐乐,1,0,0.4322,M-Lopunny
90921214,/Users/nickzwart/Desktop/9-8-2026/90921214.json,"Bart, Edwyn",0,0,0.5982,other
90921295,/Users/nickzwart/Desktop/9-8-2026/90921295.json,MR.h,1,1,0.5395,M-Lucario
90921522,/Users/nickzwart/Desktop/9-8-2026/90921522.json,哈基米南北绿豆,1,0,0.5125,Ogerpon
90921538,/Users/nickzwart/Desktop/9-8-2026/90921538.json,MTADA,0,0,0.375,Grimmsnarl
90921333,/Users/nickzwart/Desktop/9-8-2026/90921333.json,ei1333,0,0,0.5349,Alakazam
90921333,/Users/nickzwart/Desktop/9-8-2026/90921333.json,"kenkoooo @ estie, inc.",1,1,0.4154,Alakazam
90921434,/Users/nickzwart/Desktop/9-8-2026/90921434.json,Juyong,1,0,0.4386,other
90922258,/Users/nickzwart/Desktop/9-8-2026/90922258.json,"kenkoooo @ estie, inc.",0,0,0.4154,M-Lopunny
90924050,/Users/nickzwart/Desktop/9-8-2026/90924050.json,"Bart, Edwyn",1,1,0.5982,M-Lucario
90925650,/Users/nickzwart/Desktop/9-8-2026/90925650.json,pokewaves,0,1,0.3889,Grimmsnarl
90925721,/Users/nickzwart/Desktop/9-8-2026/90925721.json,Evgeniy Zdoronok,1,0,0.5789,M-Lopunny
90926252,/Users/nickzwart/Desktop/9-8-2026/90926252.json,Pokemon Fan,0,1,0.5417,Ogerpon
90924809,/Users/nickzwart/Desktop/9-8-2026/90924809.json,Can,0,0,0.4853,Dragapult
90925395,/Users/nickzwart/Desktop/9-8-2026/90925395.json,齐乐,1,1,0.4322,other
90927278,/Users/nickzwart/Desktop/9-8-2026/90927278.json,Lunariz,1,1,0.5854,Dragapult
90927380,/Users/nickzwart/Desktop/9-8-2026/90927380.json,M Sato,1,0,0.6212,Ogerpon
90927952,/Users/nickzwart/Desktop/9-8-2026/90927952.json,Pokemon Fan,0,1,0.5417,M-Kangaskhan
90926586,/Users/nickzwart/Desktop/9-8-2026/90926586.json,vvs,0,0,0.5895,other
90927105,/Users/nickzwart/Desktop/9-8-2026/90927105.json,Pokemon Fan,0,1,0.5417,Alakazam
90927105,/Users/nickzwart/Desktop/9-8-2026/90927105.json,haruto,1,0,0.4035,Alakazam
90928158,/Users/nickzwart/Desktop/9-8-2026/90928158.json,pokewaves,1,0,0.3889,other
90928204,/Users/nickzwart/Desktop/9-8-2026/90928204.json,齐乐,1,0,0.4322,Ogerpon
90928801,/Users/nickzwart/Desktop/9-8-2026/90928801.json,Pokemon Fan,1,0,0.5417,Grimmsnarl
90928887,/Users/nickzwart/Desktop/9-8-2026/90928887.json,AlphaStarmie,0,1,0.6129,Ogerpon
90929637,/Users/nickzwart/Desktop/9-8-2026/90929637.json,"Bart, Edwyn",0,0,0.5982,Alakazam
90929637,/Users/nickzwart/Desktop/9-8-2026/90929637.json,Pokemon Fan,1,1,0.5417,Alakazam
90929835,/Users/nickzwart/Desktop/9-8-2026/90929835.json,哈基米南北绿豆,1,0,0.5125,Grimmsnarl
90929889,/Users/nickzwart/Desktop/9-8-2026/90929889.json,Pushu?,1,1,0.4328,Grimmsnarl
90930451,/Users/nickzwart/Desktop/9-8-2026/90930451.json,Pokemon Fan,0,1,0.5417,Grimmsnarl
90930615,/Users/nickzwart/Desktop/9-8-2026/90930615.json,Pokemon Fan,1,0,0.5417,other
90930728,/Users/nickzwart/Desktop/9-8-2026/90930728.json,wkonishi,1,1,0.5103,Grimmsnarl
90931319,/Users/nickzwart/Desktop/9-8-2026/90931319.json,Pokemon Fan,0,0,0.5417,Alakazam
90931319,/Users/nickzwart/Desktop/9-8-2026/90931319.json,齐乐,1,1,0.4322,Alakazam
90932212,/Users/nickzwart/Desktop/9-8-2026/90932212.json,Zyy7390,0,0,0.386,Alakazam
90932212,/Users/nickzwart/Desktop/9-8-2026/90932212.json,What Lucario,1,1,0.5789,Alakazam
90932257,/Users/nickzwart/Desktop/9-8-2026/90932257.json,Pokemon Fan,1,1,0.5417,Ogerpon
90932312,/Users/nickzwart/Desktop/9-8-2026/90932312.json,MTADA,1,0,0.375,Ogerpon
90932398,/Users/nickzwart/Desktop/9-8-2026/90932398.json,Evgeniy Zdoronok,1,0,0.5789,other
90932429,/Users/nickzwart/Desktop/9-8-2026/90932429.json,THIRD PTCG Club,0,1,0.5714,Grimmsnarl
90932441,/Users/nickzwart/Desktop/9-8-2026/90932441.json,THIRD PTCG Club,0,0,0.5714,other
90933261,/Users/nickzwart/Desktop/9-8-2026/90933261.json,哈基米南北绿豆,0,0,0.5125,Grimmsnarl
90933887,/Users/nickzwart/Desktop/9-8-2026/90933887.json,wkonishi,1,0,0.5103,Grimmsnarl
90933014,/Users/nickzwart/Desktop/9-8-2026/90933014.json,Pokemon Fan,0,1,0.5417,M-Lopunny
90934070,/Users/nickzwart/Desktop/9-8-2026/90934070.json,wkonishi,1,0,0.5103,Grimmsnarl
90934113,/Users/nickzwart/Desktop/9-8-2026/90934113.json,哈基米南北绿豆,0,0,0.5125,Alakazam
90934113,/Users/nickzwart/Desktop/9-8-2026/90934113.json,Team,1,1,0.5161,Alakazam
90934768,/Users/nickzwart/Desktop/9-8-2026/90934768.json,Pokemon Fan,0,0,0.5417,M-Lopunny
90936448,/Users/nickzwart/Desktop/9-8-2026/90936448.json,vvs,1,1,0.5895,Ogerpon
90936503,/Users/nickzwart/Desktop/9-8-2026/90936503.json,Petit Canard,0,0,0.697,M-Kangaskhan
90935533,/Users/nickzwart/Desktop/9-8-2026/90935533.json,Pokemon Fan,1,0,0.5417,Grimmsnarl
90935753,/Users/nickzwart/Desktop/9-8-2026/90935753.json,wkonishi,1,0,0.5103,Dragapult
90934810,/Users/nickzwart/Desktop/9-8-2026/90934810.json,Mearyl,0,0,0.3913,Grimmsnarl
90934853,/Users/nickzwart/Desktop/9-8-2026/90934853.json,M Sato,1,0,0.6212,Ogerpon
90938260,/Users/nickzwart/Desktop/9-8-2026/90938260.json,Team Rot-Weiß,1,0,0.528,M-Lucario
90938981,/Users/nickzwart/Desktop/9-8-2026/90938981.json,哈基米南北绿豆,1,1,0.5125,Ogerpon
90937399,/Users/nickzwart/Desktop/9-8-2026/90937399.json,Challengestone,1,0,0.4419,Grimmsnarl
90938137,/Users/nickzwart/Desktop/9-8-2026/90938137.json,Team Rot-Weiß,1,1,0.528,Ogerpon
90939118,/Users/nickzwart/Desktop/9-8-2026/90939118.json,Lunariz,0,0,0.5854,Alakazam
90939118,/Users/nickzwart/Desktop/9-8-2026/90939118.json,MR.h,1,1,0.5395,Alakazam
90940761,/Users/nickzwart/Desktop/9-8-2026/90940761.json,Team Rot-Weiß,1,0,0.528,Grimmsnarl
90940808,/Users/nickzwart/Desktop/9-8-2026/90940808.json,bono,0,0,0.1905,Grimmsnarl
90940845,/Users/nickzwart/Desktop/9-8-2026/90940845.json,wkonishi,0,1,0.5103,other
90941472,/Users/nickzwart/Desktop/9-8-2026/90941472.json,Ghleii,0,1,0.5556,Grimmsnarl
90939929,/Users/nickzwart/Desktop/9-8-2026/90939929.json,Can,1,0,0.4853,M-Lucario
90939992,/Users/nickzwart/Desktop/9-8-2026/90939992.json,AdrianWang2003,1,0,0.2667,other
90940627,/Users/nickzwart/Desktop/9-8-2026/90940627.json,哈基米南北绿豆,0,0,0.5125,Grimmsnarl
90943197,/Users/nickzwart/Desktop/9-8-2026/90943197.json,ei1333,0,0,0.5349,Alakazam
90943197,/Users/nickzwart/Desktop/9-8-2026/90943197.json,Jonathan Coletti,1,1,0.6226,Alakazam
90943203,/Users/nickzwart/Desktop/9-8-2026/90943203.json,Team,1,0,0.5161,M-Kangaskhan
90943323,/Users/nickzwart/Desktop/9-8-2026/90943323.json,Lunariz,1,0,0.5854,M-Kangaskhan
90943943,/Users/nickzwart/Desktop/9-8-2026/90943943.json,AlphaStarmie,1,1,0.6129,other
90944104,/Users/nickzwart/Desktop/9-8-2026/90944104.json,fishcat,0,1,0.4815,Ogerpon
90942334,/Users/nickzwart/Desktop/9-8-2026/90942334.json,AdrianWang2003,1,1,0.2667,Grimmsnarl
90943065,/Users/nickzwart/Desktop/9-8-2026/90943065.json,AdrianWang2003,1,1,0.2667,Grimmsnarl
90944124,/Users/nickzwart/Desktop/9-8-2026/90944124.json,AlphaStarmie,1,0,0.6129,Grimmsnarl
90944143,/Users/nickzwart/Desktop/9-8-2026/90944143.json,Pushu?,1,0,0.4328,Grimmsnarl
90944146,/Users/nickzwart/Desktop/9-8-2026/90944146.json,M Sato,0,1,0.6212,M-Kangaskhan
90944648,/Users/nickzwart/Desktop/9-8-2026/90944648.json,Jonathan Coletti,1,0,0.6226,Grimmsnarl
90944844,/Users/nickzwart/Desktop/9-8-2026/90944844.json,Ghleii,1,0,0.5556,Grimmsnarl
90945579,/Users/nickzwart/Desktop/9-8-2026/90945579.json,haggle,1,1,0.6061,Ogerpon
90946527,/Users/nickzwart/Desktop/9-8-2026/90946527.json,Pokemon Fan,1,0,0.5417,Grimmsnarl
90948790,/Users/nickzwart/Desktop/9-8-2026/90948790.json,Team Rot-Weiß,1,0,0.528,Dragapult
90949738,/Users/nickzwart/Desktop/9-8-2026/90949738.json,哈基米南北绿豆,0,1,0.5125,other
90949886,/Users/nickzwart/Desktop/9-8-2026/90949886.json,齐乐,0,1,0.4322,M-Lucario
90949044,/Users/nickzwart/Desktop/9-8-2026/90949044.json,THIRD PTCG Club,1,1,0.5714,M-Kangaskhan
90950471,/Users/nickzwart/Desktop/9-8-2026/90950471.json,WU QIAN,0,0,0.4615,other
90950542,/Users/nickzwart/Desktop/9-8-2026/90950542.json,Pushu?,0,0,0.4328,Grimmsnarl
90952151,/Users/nickzwart/Desktop/9-8-2026/90952151.json,haruto,0,0,0.4035,Grimmsnarl
90952232,/Users/nickzwart/Desktop/9-8-2026/90952232.json,Petit Canard,0,1,0.697,M-Lopunny
90951480,/Users/nickzwart/Desktop/9-8-2026/90951480.json,haruto,1,0,0.4035,Grimmsnarl
90951497,/Users/nickzwart/Desktop/9-8-2026/90951497.json,vvs,0,0,0.5895,Ogerpon
90950767,/Users/nickzwart/Desktop/9-8-2026/90950767.json,"Bart, Edwyn",0,0,0.5982,Hydrapple
90951261,/Users/nickzwart/Desktop/9-8-2026/90951261.json,Team,0,1,0.5161,Dragapult
90953189,/Users/nickzwart/Desktop/9-8-2026/90953189.json,齐乐,1,0,0.4322,Grimmsnarl
90953190,/Users/nickzwart/Desktop/9-8-2026/90953190.json,Team,0,0,0.5161,Grimmsnarl
90953244,/Users/nickzwart/Desktop/9-8-2026/90953244.json,MTADA,0,0,0.375,Grimmsnarl
90952297,/Users/nickzwart/Desktop/9-8-2026/90952297.json,rhythm master,0,1,0.2857,Grimmsnarl
90952416,/Users/nickzwart/Desktop/9-8-2026/90952416.json,Lunariz,1,1,0.5854,M-Kangaskhan
90953050,/Users/nickzwart/Desktop/9-8-2026/90953050.json,Petit Canard,0,0,0.697,Alakazam
90953050,/Users/nickzwart/Desktop/9-8-2026/90953050.json,haggle,1,1,0.6061,Alakazam
90953904,/Users/nickzwart/Desktop/9-8-2026/90953904.json,AlphaStarmie,0,1,0.6129,other
90954595,/Users/nickzwart/Desktop/9-8-2026/90954595.json,redblackbst,0,1,0.3125,Ogerpon
90954669,/Users/nickzwart/Desktop/9-8-2026/90954669.json,Pushu?,1,1,0.4328,Ogerpon
90954709,/Users/nickzwart/Desktop/9-8-2026/90954709.json,haggle,1,1,0.6061,Crustle
90955446,/Users/nickzwart/Desktop/9-8-2026/90955446.json,redblackbst,0,0,0.3125,Alakazam
90955446,/Users/nickzwart/Desktop/9-8-2026/90955446.json,haggle,1,1,0.6061,Alakazam
90956407,/Users/nickzwart/Desktop/9-8-2026/90956407.json,wkonishi,1,0,0.5103,Grimmsnarl
90956560,/Users/nickzwart/Desktop/9-8-2026/90956560.json,M Sato,0,1,0.6212,Alakazam
90956560,/Users/nickzwart/Desktop/9-8-2026/90956560.json,THIRD PTCG Club,1,0,0.5714,Alakazam
90957053,/Users/nickzwart/Desktop/9-8-2026/90957053.json,haggle,1,1,0.6061,M-Lopunny
90957092,/Users/nickzwart/Desktop/9-8-2026/90957092.json,Jonathan Coletti,0,1,0.6226,M-Lopunny
90955583,/Users/nickzwart/Desktop/9-8-2026/90955583.json,Petit Canard,0,1,0.697,Grimmsnarl
90955714,/Users/nickzwart/Desktop/9-8-2026/90955714.json,Ghleii,1,0,0.5556,M-Lopunny
90958045,/Users/nickzwart/Desktop/9-8-2026/90958045.json,NorthStar,1,1,0.2778,Alakazam
90958053,/Users/nickzwart/Desktop/9-8-2026/90958053.json,Petit Canard,1,1,0.697,Grimmsnarl
90958216,/Users/nickzwart/Desktop/9-8-2026/90958216.json,Zyy7390,0,0,0.386,M-Lopunny
90957862,/Users/nickzwart/Desktop/9-8-2026/90957862.json,ei1333,0,0,0.5349,Alakazam
90957862,/Users/nickzwart/Desktop/9-8-2026/90957862.json,爆爆盛焼脂油麺,1,1,0.4944,Alakazam
90958695,/Users/nickzwart/Desktop/9-8-2026/90958695.json,爆爆盛焼脂油麺,1,1,0.4944,other
90958881,/Users/nickzwart/Desktop/9-8-2026/90958881.json,Petit Canard,1,1,0.697,Ogerpon
90958987,/Users/nickzwart/Desktop/9-8-2026/90958987.json,哈基米南北绿豆,0,0,0.5125,Alakazam
90958987,/Users/nickzwart/Desktop/9-8-2026/90958987.json,Team Rot-Weiß,1,1,0.528,Alakazam
90958988,/Users/nickzwart/Desktop/9-8-2026/90958988.json,哈基米南北绿豆,0,1,0.5125,Dragapult
90959034,/Users/nickzwart/Desktop/9-8-2026/90959034.json,Lunariz,0,1,0.5854,Grimmsnarl
90959038,/Users/nickzwart/Desktop/9-8-2026/90959038.json,Can,1,1,0.4853,Grimmsnarl
90960354,/Users/nickzwart/Desktop/9-8-2026/90960354.json,Petit Canard,1,0,0.697,Dudunsparce
90960567,/Users/nickzwart/Desktop/9-8-2026/90960567.json,THIRD PTCG Club,1,1,0.5714,other
90961194,/Users/nickzwart/Desktop/9-8-2026/90961194.json,爆爆盛焼脂油麺,0,1,0.4944,Grimmsnarl
90959566,/Users/nickzwart/Desktop/9-8-2026/90959566.json,Team KASA.,0,0,0.4737,M-Lopunny
90959574,/Users/nickzwart/Desktop/9-8-2026/90959574.json,爆爆盛焼脂油麺,1,0,0.4944,Grimmsnarl
90959668,/Users/nickzwart/Desktop/9-8-2026/90959668.json,隔壁老王,0,0,0.3125,Grimmsnarl
90959801,/Users/nickzwart/Desktop/9-8-2026/90959801.json,Mearyl,0,0,0.3913,Dragapult
90962032,/Users/nickzwart/Desktop/9-8-2026/90962032.json,爆爆盛焼脂油麺,1,0,0.4944,Grimmsnarl
90962071,/Users/nickzwart/Desktop/9-8-2026/90962071.json,vvs,0,1,0.5895,Dudunsparce
90962199,/Users/nickzwart/Desktop/9-8-2026/90962199.json,齐乐,0,1,0.4322,Ogerpon
90962235,/Users/nickzwart/Desktop/9-8-2026/90962235.json,Petit Canard,0,0,0.697,Grimmsnarl
90961364,/Users/nickzwart/Desktop/9-8-2026/90961364.json,Petit Canard,0,1,0.697,Ogerpon
90963186,/Users/nickzwart/Desktop/9-8-2026/90963186.json,THIRD PTCG Club,1,0,0.5714,M-Lucario
90962890,/Users/nickzwart/Desktop/9-8-2026/90962890.json,爆爆盛焼脂油麺,0,0,0.4944,Dragapult
90962909,/Users/nickzwart/Desktop/9-8-2026/90962909.json,NorthStar,0,1,0.2778,M-Lopunny
90963759,/Users/nickzwart/Desktop/9-8-2026/90963759.json,爆爆盛焼脂油麺,0,1,0.4944,M-Lucario
90963936,/Users/nickzwart/Desktop/9-8-2026/90963936.json,哈基米南北绿豆,0,0,0.5125,other
90964604,/Users/nickzwart/Desktop/9-8-2026/90964604.json,爆爆盛焼脂油麺,0,1,0.4944,Ogerpon
90965439,/Users/nickzwart/Desktop/9-8-2026/90965439.json,哈基米南北绿豆,0,0,0.5125,Alakazam
90965439,/Users/nickzwart/Desktop/9-8-2026/90965439.json,爆爆盛焼脂油麺,1,1,0.4944,Alakazam
90964773,/Users/nickzwart/Desktop/9-8-2026/90964773.json,Petit Canard,0,1,0.697,Alakazam
90964773,/Users/nickzwart/Desktop/9-8-2026/90964773.json,haruto,1,0,0.4035,Alakazam
90964810,/Users/nickzwart/Desktop/9-8-2026/90964810.json,AlphaStarmie,0,0,0.6129,other
90965599,/Users/nickzwart/Desktop/9-8-2026/90965599.json,Petit Canard,0,1,0.697,Ogerpon
90966315,/Users/nickzwart/Desktop/9-8-2026/90966315.json,"Bart, Edwyn",1,1,0.5982,M-Lopunny
90966337,/Users/nickzwart/Desktop/9-8-2026/90966337.json,Zyy7390,0,0,0.386,Alakazam
90966337,/Users/nickzwart/Desktop/9-8-2026/90966337.json,redblackbst,1,1,0.3125,Alakazam
90966441,/Users/nickzwart/Desktop/9-8-2026/90966441.json,Petit Canard,0,1,0.697,Grimmsnarl
90966490,/Users/nickzwart/Desktop/9-8-2026/90966490.json,Mearyl,0,0,0.3913,Grimmsnarl
90966544,/Users/nickzwart/Desktop/9-8-2026/90966544.json,vvs,0,0,0.5895,Grimmsnarl
90966562,/Users/nickzwart/Desktop/9-8-2026/90966562.json,Team,0,0,0.5161,Ogerpon
90967094,/Users/nickzwart/Desktop/9-8-2026/90967094.json,爆爆盛焼脂油麺,1,1,0.4944,Ogerpon
90967154,/Users/nickzwart/Desktop/9-8-2026/90967154.json,THIRD PTCG Club,1,1,0.5714,M-Lopunny
90967268,/Users/nickzwart/Desktop/9-8-2026/90967268.json,哈基米南北绿豆,0,1,0.5125,Alakazam
90967268,/Users/nickzwart/Desktop/9-8-2026/90967268.json,Petit Canard,1,0,0.697,Alakazam
90967887,/Users/nickzwart/Desktop/9-8-2026/90967887.json,爆爆盛焼脂油麺,0,1,0.4944,Alakazam
90967887,/Users/nickzwart/Desktop/9-8-2026/90967887.json,hotpotbro,1,0,0.2609,Alakazam
90967895,/Users/nickzwart/Desktop/9-8-2026/90967895.json,M Sato,0,1,0.6212,M-Lucario
90967902,/Users/nickzwart/Desktop/9-8-2026/90967902.json,vvs,1,1,0.5895,Grimmsnarl
90968081,/Users/nickzwart/Desktop/9-8-2026/90968081.json,Petit Canard,1,1,0.697,Hydrapple
90968745,/Users/nickzwart/Desktop/9-8-2026/90968745.json,爆爆盛焼脂油麺,1,1,0.4944,M-Lopunny
90968816,/Users/nickzwart/Desktop/9-8-2026/90968816.json,齐乐,0,1,0.4322,M-Lopunny
90968826,/Users/nickzwart/Desktop/9-8-2026/90968826.json,redblackbst,1,0,0.3125,Grimmsnarl
90969018,/Users/nickzwart/Desktop/9-8-2026/90969018.json,Lunariz,0,0,0.5854,Grimmsnarl
90969764,/Users/nickzwart/Desktop/9-8-2026/90969764.json,Petit Canard,1,1,0.697,M-Kangaskhan
90969870,/Users/nickzwart/Desktop/9-8-2026/90969870.json,Lunariz,1,1,0.5854,M-Kangaskhan
90970346,/Users/nickzwart/Desktop/9-8-2026/90970346.json,"Bart, Edwyn",1,1,0.5982,M-Lucario
90970388,/Users/nickzwart/Desktop/9-8-2026/90970388.json,shawnYiB,0,0,0.3636,Grimmsnarl
90969561,/Users/nickzwart/Desktop/9-8-2026/90969561.json,爆爆盛焼脂油麺,1,0,0.4944,M-Kangaskhan
90969571,/Users/nickzwart/Desktop/9-8-2026/90969571.json,M Sato,1,1,0.6212,M-Lopunny
90970426,/Users/nickzwart/Desktop/9-8-2026/90970426.json,爆爆盛焼脂油麺,0,0,0.4944,Alakazam
90970426,/Users/nickzwart/Desktop/9-8-2026/90970426.json,wkonishi,1,1,0.5103,Alakazam
90970603,/Users/nickzwart/Desktop/9-8-2026/90970603.json,Petit Canard,0,0,0.697,M-Kangaskhan
90970659,/Users/nickzwart/Desktop/9-8-2026/90970659.json,AlphaStarmie,1,0,0.6129,M-Kangaskhan
90970698,/Users/nickzwart/Desktop/9-8-2026/90970698.json,Team,0,1,0.5161,Grimmsnarl
90971229,/Users/nickzwart/Desktop/9-8-2026/90971229.json,齐乐,0,1,0.4322,Grimmsnarl
90971236,/Users/nickzwart/Desktop/9-8-2026/90971236.json,M Sato,0,1,0.6212,Alakazam
90971236,/Users/nickzwart/Desktop/9-8-2026/90971236.json,爆爆盛焼脂油麺,1,0,0.4944,Alakazam
90971260,/Users/nickzwart/Desktop/9-8-2026/90971260.json,爆爆盛焼脂油麺,0,0,0.4944,Grimmsnarl
90971343,/Users/nickzwart/Desktop/9-8-2026/90971343.json,redblackbst,1,0,0.3125,Grimmsnarl
90971402,/Users/nickzwart/Desktop/9-8-2026/90971402.json,Lunariz,1,0,0.5854,Grimmsnarl
90971447,/Users/nickzwart/Desktop/9-8-2026/90971447.json,Petit Canard,1,1,0.697,Ogerpon
90972075,/Users/nickzwart/Desktop/9-8-2026/90972075.json,M Sato,0,0,0.6212,Alakazam
90972075,/Users/nickzwart/Desktop/9-8-2026/90972075.json,齐乐,1,1,0.4322,Alakazam
90972096,/Users/nickzwart/Desktop/9-8-2026/90972096.json,爆爆盛焼脂油麺,0,1,0.4944,Grimmsnarl
90972111,/Users/nickzwart/Desktop/9-8-2026/90972111.json,Evgeniy Zdoronok,1,1,0.5789,Dudunsparce
90972131,/Users/nickzwart/Desktop/9-8-2026/90972131.json,哈基米南北绿豆,0,1,0.5125,other
90972142,/Users/nickzwart/Desktop/9-8-2026/90972142.json,MTADA,0,0,0.375,M-Lopunny
90972163,/Users/nickzwart/Desktop/9-8-2026/90972163.json,MR.h,1,0,0.5395,Dragapult
90972187,/Users/nickzwart/Desktop/9-8-2026/90972187.json,Petit Canard,0,1,0.697,M-Lopunny
90972845,/Users/nickzwart/Desktop/9-8-2026/90972845.json,ANDPAD kaggler team,1,1,0.5612,Ogerpon
90972913,/Users/nickzwart/Desktop/9-8-2026/90972913.json,ANDPAD kaggler team,0,1,0.5612,Grimmsnarl
90972933,/Users/nickzwart/Desktop/9-8-2026/90972933.json,M Sato,0,1,0.6212,Hydrapple
90972939,/Users/nickzwart/Desktop/9-8-2026/90972939.json,Team Rot-Weiß,1,1,0.528,M-Lopunny
90972981,/Users/nickzwart/Desktop/9-8-2026/90972981.json,ei1333,1,1,0.5349,M-Lopunny
90973024,/Users/nickzwart/Desktop/9-8-2026/90973024.json,redblackbst,0,1,0.3125,M-Kangaskhan
90973088,/Users/nickzwart/Desktop/9-8-2026/90973088.json,Ghleii,1,0,0.5556,Grimmsnarl
90973120,/Users/nickzwart/Desktop/9-8-2026/90973120.json,Petit Canard,0,1,0.697,Grimmsnarl
90973681,/Users/nickzwart/Desktop/9-8-2026/90973681.json,ANDPAD kaggler team,0,1,0.5612,Alakazam
90973681,/Users/nickzwart/Desktop/9-8-2026/90973681.json,haruto,1,0,0.4035,Alakazam
90973698,/Users/nickzwart/Desktop/9-8-2026/90973698.json,ANDPAD kaggler team,1,0,0.5612,Grimmsnarl
90973705,/Users/nickzwart/Desktop/9-8-2026/90973705.json,Evgeniy Zdoronok,1,1,0.5789,M-Lucario
90973774,/Users/nickzwart/Desktop/9-8-2026/90973774.json,M Sato,0,0,0.6212,Garchomp
90973793,/Users/nickzwart/Desktop/9-8-2026/90973793.json,fishcat,0,0,0.4815,Alakazam
90973793,/Users/nickzwart/Desktop/9-8-2026/90973793.json,爆爆盛焼脂油麺,1,1,0.4944,Alakazam
90974014,/Users/nickzwart/Desktop/9-8-2026/90974014.json,Petit Canard,0,1,0.697,Grimmsnarl
90974539,/Users/nickzwart/Desktop/9-8-2026/90974539.json,ANDPAD kaggler team,1,1,0.5612,M-Lucario
90974566,/Users/nickzwart/Desktop/9-8-2026/90974566.json,"Bart, Edwyn",1,0,0.5982,M-Lucario
90974591,/Users/nickzwart/Desktop/9-8-2026/90974591.json,M Sato,0,1,0.6212,Ogerpon
90974619,/Users/nickzwart/Desktop/9-8-2026/90974619.json,Evgeniy Zdoronok,0,1,0.5789,Alakazam
90974619,/Users/nickzwart/Desktop/9-8-2026/90974619.json,爆爆盛焼脂油麺,1,0,0.4944,Alakazam
90974679,/Users/nickzwart/Desktop/9-8-2026/90974679.json,redblackbst,0,0,0.3125,Alakazam
90974679,/Users/nickzwart/Desktop/9-8-2026/90974679.json,Ghleii,1,1,0.5556,Alakazam
90974879,/Users/nickzwart/Desktop/9-8-2026/90974879.json,Team KASA.,0,1,0.4737,Alakazam
90974879,/Users/nickzwart/Desktop/9-8-2026/90974879.json,Pushu?,1,0,0.4328,Alakazam
90975376,/Users/nickzwart/Desktop/9-8-2026/90975376.json,ANDPAD kaggler team,0,1,0.5612,Alakazam
90975376,/Users/nickzwart/Desktop/9-8-2026/90975376.json,wkonishi,1,0,0.5103,Alakazam
90975394,/Users/nickzwart/Desktop/9-8-2026/90975394.json,ANDPAD kaggler team,0,1,0.5612,Ogerpon
90975569,/Users/nickzwart/Desktop/9-8-2026/90975569.json,Petit Canard,0,1,0.697,Alakazam
90975569,/Users/nickzwart/Desktop/9-8-2026/90975569.json,redblackbst,1,0,0.3125,Alakazam
90976217,/Users/nickzwart/Desktop/9-8-2026/90976217.json,ANDPAD kaggler team,0,1,0.5612,Alakazam
90976217,/Users/nickzwart/Desktop/9-8-2026/90976217.json,"Bart, Edwyn",1,0,0.5982,Alakazam
90976229,/Users/nickzwart/Desktop/9-8-2026/90976229.json,Emre Cirak,0,0,0.4375,M-Lopunny
90976304,/Users/nickzwart/Desktop/9-8-2026/90976304.json,M Sato,0,1,0.6212,Grimmsnarl
90975476,/Users/nickzwart/Desktop/9-8-2026/90975476.json,M Sato,1,0,0.6212,Grimmsnarl
90975496,/Users/nickzwart/Desktop/9-8-2026/90975496.json,爆爆盛焼脂油麺,1,1,0.4944,Crustle
90976323,/Users/nickzwart/Desktop/9-8-2026/90976323.json,爆爆盛焼脂油麺,1,1,0.4944,M-Lopunny
90976388,/Users/nickzwart/Desktop/9-8-2026/90976388.json,M Sato,0,1,0.6212,M-Lopunny
90976390,/Users/nickzwart/Desktop/9-8-2026/90976390.json,redblackbst,0,1,0.3125,M-Lucario
90977051,/Users/nickzwart/Desktop/9-8-2026/90977051.json,ANDPAD kaggler team,1,1,0.5612,Ogerpon
90977052,/Users/nickzwart/Desktop/9-8-2026/90977052.json,ANDPAD kaggler team,0,1,0.5612,Ogerpon
90977153,/Users/nickzwart/Desktop/9-8-2026/90977153.json,MTADA,0,0,0.375,Alakazam
90977153,/Users/nickzwart/Desktop/9-8-2026/90977153.json,M Sato,1,1,0.6212,Alakazam
90977159,/Users/nickzwart/Desktop/9-8-2026/90977159.json,Petit Canard,0,1,0.697,M-Lopunny
90977163,/Users/nickzwart/Desktop/9-8-2026/90977163.json,爆爆盛焼脂油麺,0,0,0.4944,Grimmsnarl
90977222,/Users/nickzwart/Desktop/9-8-2026/90977222.json,Team KASA.,0,0,0.4737,Grimmsnarl
90977880,/Users/nickzwart/Desktop/9-8-2026/90977880.json,ANDPAD kaggler team,1,1,0.5612,Grimmsnarl
90977891,/Users/nickzwart/Desktop/9-8-2026/90977891.json,ANDPAD kaggler team,0,0,0.5612,Ogerpon
90977963,/Users/nickzwart/Desktop/9-8-2026/90977963.json,Pushu?,1,0,0.4328,Grimmsnarl
90977986,/Users/nickzwart/Desktop/9-8-2026/90977986.json,M Sato,1,0,0.6212,M-Lucario
90977998,/Users/nickzwart/Desktop/9-8-2026/90977998.json,爆爆盛焼脂油麺,0,0,0.4944,M-Lopunny
90978075,/Users/nickzwart/Desktop/9-8-2026/90978075.json,redblackbst,1,0,0.3125,Grimmsnarl
90978727,/Users/nickzwart/Desktop/9-8-2026/90978727.json,ANDPAD kaggler team,1,0,0.5612,Grimmsnarl
90978737,/Users/nickzwart/Desktop/9-8-2026/90978737.json,ANDPAD kaggler team,0,0,0.5612,Ogerpon
90979563,/Users/nickzwart/Desktop/9-8-2026/90979563.json,ANDPAD kaggler team,1,1,0.5612,M-Lopunny
90979655,/Users/nickzwart/Desktop/9-8-2026/90979655.json,Juyong,0,0,0.4386,Grimmsnarl
90979677,/Users/nickzwart/Desktop/9-8-2026/90979677.json,M Sato,0,0,0.6212,Alakazam
90979677,/Users/nickzwart/Desktop/9-8-2026/90979677.json,"Bart, Edwyn",1,1,0.5982,Alakazam
90979692,/Users/nickzwart/Desktop/9-8-2026/90979692.json,爆爆盛焼脂油麺,0,0,0.4944,Grimmsnarl
90978838,/Users/nickzwart/Desktop/9-8-2026/90978838.json,M Sato,1,1,0.6212,Alakazam
90978853,/Users/nickzwart/Desktop/9-8-2026/90978853.json,爆爆盛焼脂油麺,0,1,0.4944,Grimmsnarl
90978928,/Users/nickzwart/Desktop/9-8-2026/90978928.json,redblackbst,0,0,0.3125,Grimmsnarl
90979024,/Users/nickzwart/Desktop/9-8-2026/90979024.json,Petit Canard,1,1,0.697,Grimmsnarl
90979746,/Users/nickzwart/Desktop/9-8-2026/90979746.json,haruto,0,0,0.4035,Grimmsnarl
90979774,/Users/nickzwart/Desktop/9-8-2026/90979774.json,"Bart, Edwyn",1,1,0.5982,Grimmsnarl
90979854,/Users/nickzwart/Desktop/9-8-2026/90979854.json,Can,0,0,0.4853,M-Kangaskhan
90979863,/Users/nickzwart/Desktop/9-8-2026/90979863.json,haruto,1,1,0.4035,Grimmsnarl
90980429,/Users/nickzwart/Desktop/9-8-2026/90980429.json,ANDPAD kaggler team,1,1,0.5612,Grimmsnarl
90980512,/Users/nickzwart/Desktop/9-8-2026/90980512.json,齐乐,0,1,0.4322,Grimmsnarl
90980593,/Users/nickzwart/Desktop/9-8-2026/90980593.json,齐乐,1,1,0.4322,M-Lopunny
90981223,/Users/nickzwart/Desktop/9-8-2026/90981223.json,Evgeniy Zdoronok,1,0,0.5789,M-Kangaskhan
90981414,/Users/nickzwart/Desktop/9-8-2026/90981414.json,MR.h,1,0,0.5395,Grimmsnarl
90981242,/Users/nickzwart/Desktop/9-8-2026/90981242.json,ANDPAD kaggler team,1,1,0.5612,Ogerpon
90981265,/Users/nickzwart/Desktop/9-8-2026/90981265.json,ANDPAD kaggler team,1,1,0.5612,Ogerpon
90981378,/Users/nickzwart/Desktop/9-8-2026/90981378.json,fishcat,1,1,0.4815,M-Lopunny
90982346,/Users/nickzwart/Desktop/9-8-2026/90982346.json,Petit Canard,0,1,0.697,Alakazam
90982346,/Users/nickzwart/Desktop/9-8-2026/90982346.json,Team Rot-Weiß,1,0,0.528,Alakazam
90982896,/Users/nickzwart/Desktop/9-8-2026/90982896.json,wkonishi,1,1,0.5103,Crustle
90982927,/Users/nickzwart/Desktop/9-8-2026/90982927.json,ANDPAD kaggler team,0,1,0.5612,M-Kangaskhan
90982952,/Users/nickzwart/Desktop/9-8-2026/90982952.json,爆爆盛焼脂油麺,0,1,0.4944,Alakazam
90982952,/Users/nickzwart/Desktop/9-8-2026/90982952.json,ANDPAD kaggler team,1,0,0.5612,Alakazam
90983006,/Users/nickzwart/Desktop/9-8-2026/90983006.json,fishcat,1,0,0.4815,Grimmsnarl
90983034,/Users/nickzwart/Desktop/9-8-2026/90983034.json,爆爆盛焼脂油麺,0,0,0.4944,other
90983045,/Users/nickzwart/Desktop/9-8-2026/90983045.json,Team,1,0,0.5161,M-Lopunny
90983110,/Users/nickzwart/Desktop/9-8-2026/90983110.json,redblackbst,0,0,0.3125,Grimmsnarl
90984727,/Users/nickzwart/Desktop/9-8-2026/90984727.json,爆爆盛焼脂油麺,0,1,0.4944,Ogerpon
90983922,/Users/nickzwart/Desktop/9-8-2026/90983922.json,NorthStar,1,0,0.2778,Dudunsparce
90984586,/Users/nickzwart/Desktop/9-8-2026/90984586.json,MR.h,1,0,0.5395,Grimmsnarl
90984633,/Users/nickzwart/Desktop/9-8-2026/90984633.json,ANDPAD kaggler team,0,1,0.5612,M-Lopunny
90984665,/Users/nickzwart/Desktop/9-8-2026/90984665.json,Ghleii,0,0,0.5556,Alakazam
90984665,/Users/nickzwart/Desktop/9-8-2026/90984665.json,ANDPAD kaggler team,1,1,0.5612,Alakazam
90985451,/Users/nickzwart/Desktop/9-8-2026/90985451.json,ANDPAD kaggler team,0,1,0.5612,M-Kangaskhan
90985461,/Users/nickzwart/Desktop/9-8-2026/90985461.json,ANDPAD kaggler team,0,0,0.5612,Alakazam
90985461,/Users/nickzwart/Desktop/9-8-2026/90985461.json,THIRD PTCG Club,1,1,0.5714,Alakazam
90985500,/Users/nickzwart/Desktop/9-8-2026/90985500.json,ANDPAD kaggler team,1,0,0.5612,Grimmsnarl
90985557,/Users/nickzwart/Desktop/9-8-2026/90985557.json,ei1333,0,1,0.5349,Grimmsnarl
90983753,/Users/nickzwart/Desktop/9-8-2026/90983753.json,ANDPAD kaggler team,0,1,0.5612,Ogerpon
90983787,/Users/nickzwart/Desktop/9-8-2026/90983787.json,ANDPAD kaggler team,1,1,0.5612,Hydrapple
90983816,/Users/nickzwart/Desktop/9-8-2026/90983816.json,wkonishi,1,0,0.5103,Grimmsnarl
90983869,/Users/nickzwart/Desktop/9-8-2026/90983869.json,AdrianWang2003,0,0,0.2667,Alakazam
90983869,/Users/nickzwart/Desktop/9-8-2026/90983869.json,爆爆盛焼脂油麺,1,1,0.4944,Alakazam
90985584,/Users/nickzwart/Desktop/9-8-2026/90985584.json,爆爆盛焼脂油麺,0,0,0.4944,Grimmsnarl
90985596,/Users/nickzwart/Desktop/9-8-2026/90985596.json,Pushu?,1,1,0.4328,other
90985664,/Users/nickzwart/Desktop/9-8-2026/90985664.json,redblackbst,1,1,0.3125,Ogerpon
90987226,/Users/nickzwart/Desktop/9-8-2026/90987226.json,ANDPAD kaggler team,0,0,0.5612,Alakazam
90987226,/Users/nickzwart/Desktop/9-8-2026/90987226.json,Ghleii,1,1,0.5556,Alakazam
90987227,/Users/nickzwart/Desktop/9-8-2026/90987227.json,爆爆盛焼脂油麺,1,1,0.4944,M-Kangaskhan
90987238,/Users/nickzwart/Desktop/9-8-2026/90987238.json,哈基米南北绿豆,0,1,0.5125,M-Lopunny
90987267,/Users/nickzwart/Desktop/9-8-2026/90987267.json,MTADA,0,0,0.375,Grimmsnarl
90985743,/Users/nickzwart/Desktop/9-8-2026/90985743.json,THIRD PTCG Club,0,1,0.5714,Grimmsnarl
90986299,/Users/nickzwart/Desktop/9-8-2026/90986299.json,ANDPAD kaggler team,0,1,0.5612,M-Lopunny
90986338,/Users/nickzwart/Desktop/9-8-2026/90986338.json,ANDPAD kaggler team,0,1,0.5612,Ogerpon
90986421,/Users/nickzwart/Desktop/9-8-2026/90986421.json,vvs,0,0,0.5895,Alakazam
90986421,/Users/nickzwart/Desktop/9-8-2026/90986421.json,爆爆盛焼脂油麺,1,1,0.4944,Alakazam
90987878,/Users/nickzwart/Desktop/9-8-2026/90987878.json,Petit Canard,0,1,0.697,M-Kangaskhan
90987970,/Users/nickzwart/Desktop/9-8-2026/90987970.json,ANDPAD kaggler team,0,0,0.5612,M-Lopunny
90988006,/Users/nickzwart/Desktop/9-8-2026/90988006.json,ANDPAD kaggler team,0,1,0.5612,Grimmsnarl
90988087,/Users/nickzwart/Desktop/9-8-2026/90988087.json,爆爆盛焼脂油麺,1,0,0.4944,M-Kangaskhan
90988103,/Users/nickzwart/Desktop/9-8-2026/90988103.json,haggle,0,1,0.6061,M-Lopunny
90988708,/Users/nickzwart/Desktop/9-8-2026/90988708.json,Lunariz,0,1,0.5854,M-Lopunny
90988747,/Users/nickzwart/Desktop/9-8-2026/90988747.json,aaa,1,1,0.6279,Grimmsnarl
90986475,/Users/nickzwart/Desktop/9-8-2026/90986475.json,Zyy7390,1,0,0.386,M-Lopunny
90986490,/Users/nickzwart/Desktop/9-8-2026/90986490.json,redblackbst,0,0,0.3125,M-Kangaskhan
90987225,/Users/nickzwart/Desktop/9-8-2026/90987225.json,ANDPAD kaggler team,1,0,0.5612,Grimmsnarl
90988805,/Users/nickzwart/Desktop/9-8-2026/90988805.json,ANDPAD kaggler team,1,1,0.5612,Grimmsnarl
90988842,/Users/nickzwart/Desktop/9-8-2026/90988842.json,ANDPAD kaggler team,1,0,0.5612,Grimmsnarl
90988911,/Users/nickzwart/Desktop/9-8-2026/90988911.json,Team KASA.,1,1,0.4737,Grimmsnarl
90989761,/Users/nickzwart/Desktop/9-8-2026/90989761.json,爆爆盛焼脂油麺,0,1,0.4944,Alakazam
90989761,/Users/nickzwart/Desktop/9-8-2026/90989761.json,ANDPAD kaggler team,1,0,0.5612,Alakazam
90989849,/Users/nickzwart/Desktop/9-8-2026/90989849.json,vvs,0,0,0.5895,M-Lopunny
90989569,/Users/nickzwart/Desktop/9-8-2026/90989569.json,aaa,0,1,0.6279,M-Froslass
90989571,/Users/nickzwart/Desktop/9-8-2026/90989571.json,pokewaves,0,0,0.3889,M-Kangaskhan
90989634,/Users/nickzwart/Desktop/9-8-2026/90989634.json,ANDPAD kaggler team,0,0,0.5612,Alakazam
90989634,/Users/nickzwart/Desktop/9-8-2026/90989634.json,Team KASA.,1,1,0.4737,Alakazam
90989677,/Users/nickzwart/Desktop/9-8-2026/90989677.json,ANDPAD kaggler team,0,1,0.5612,Dragapult
90990413,/Users/nickzwart/Desktop/9-8-2026/90990413.json,aaa,1,1,0.6279,Ogerpon
90990486,/Users/nickzwart/Desktop/9-8-2026/90990486.json,ANDPAD kaggler team,0,1,0.5612,Ogerpon
90990524,/Users/nickzwart/Desktop/9-8-2026/90990524.json,ANDPAD kaggler team,1,0,0.5612,Grimmsnarl
90988919,/Users/nickzwart/Desktop/9-8-2026/90988919.json,爆爆盛焼脂油麺,0,0,0.4944,M-Lopunny
90988945,/Users/nickzwart/Desktop/9-8-2026/90988945.json,Pokemon Fan,0,1,0.5417,M-Lopunny
90988959,/Users/nickzwart/Desktop/9-8-2026/90988959.json,haruto,0,0,0.4035,Grimmsnarl
90989011,/Users/nickzwart/Desktop/9-8-2026/90989011.json,THIRD PTCG Club,0,1,0.5714,M-Kangaskhan
90989064,/Users/nickzwart/Desktop/9-8-2026/90989064.json,AlphaStarmie,0,1,0.6129,Alakazam
90989064,/Users/nickzwart/Desktop/9-8-2026/90989064.json,Ghleii,1,0,0.5556,Alakazam
90991242,/Users/nickzwart/Desktop/9-8-2026/90991242.json,aaa,1,0,0.6279,Ogerpon
90991252,/Users/nickzwart/Desktop/9-8-2026/90991252.json,哈基米南北绿豆,1,0,0.5125,M-Lopunny
90991258,/Users/nickzwart/Desktop/9-8-2026/90991258.json,Zyy7390,1,0,0.386,Dragapult
90991289,/Users/nickzwart/Desktop/9-8-2026/90991289.json,Team,1,0,0.5161,Grimmsnarl
90991360,/Users/nickzwart/Desktop/9-8-2026/90991360.json,ANDPAD kaggler team,1,1,0.5612,M-Lopunny
90991418,/Users/nickzwart/Desktop/9-8-2026/90991418.json,Can,1,0,0.4853,Grimmsnarl
90992176,/Users/nickzwart/Desktop/9-8-2026/90992176.json,ANDPAD kaggler team,0,1,0.5612,M-Kangaskhan
90992247,/Users/nickzwart/Desktop/9-8-2026/90992247.json,"Bart, Edwyn",0,1,0.5982,M-Lucario
90992292,/Users/nickzwart/Desktop/9-8-2026/90992292.json,Lunariz,1,0,0.5854,Grimmsnarl
90992903,/Users/nickzwart/Desktop/9-8-2026/90992903.json,ANDPAD kaggler team,0,1,0.5612,Grimmsnarl
90992926,/Users/nickzwart/Desktop/9-8-2026/90992926.json,Emre Cirak,0,0,0.4375,Ogerpon
90992986,/Users/nickzwart/Desktop/9-8-2026/90992986.json,"Bart, Edwyn",1,1,0.5982,Hydrapple
90993006,/Users/nickzwart/Desktop/9-8-2026/90993006.json,wkonishi,0,1,0.5103,Grimmsnarl
90992360,/Users/nickzwart/Desktop/9-8-2026/90992360.json,爆爆盛焼脂油麺,0,1,0.4944,other
90992404,/Users/nickzwart/Desktop/9-8-2026/90992404.json,MTADA,1,1,0.375,M-Lopunny
90992411,/Users/nickzwart/Desktop/9-8-2026/90992411.json,ei1333,0,1,0.5349,M-Lopunny
90991428,/Users/nickzwart/Desktop/9-8-2026/90991428.json,爆爆盛焼脂油麺,0,0,0.4944,Dragapult
90991551,/Users/nickzwart/Desktop/9-8-2026/90991551.json,Lunariz,1,1,0.5854,Grimmsnarl
90992041,/Users/nickzwart/Desktop/9-8-2026/90992041.json,hotpotbro,0,0,0.2609,Grimmsnarl
90992093,/Users/nickzwart/Desktop/9-8-2026/90992093.json,fishcat,1,0,0.4815,M-Kangaskhan
90993022,/Users/nickzwart/Desktop/9-8-2026/90993022.json,齐乐,1,1,0.4322,Dragapult
90993063,/Users/nickzwart/Desktop/9-8-2026/90993063.json,Evgeniy Zdoronok,1,1,0.5789,Grimmsnarl
90993203,/Users/nickzwart/Desktop/9-8-2026/90993203.json,爆爆盛焼脂油麺,0,1,0.4944,Grimmsnarl
90993246,/Users/nickzwart/Desktop/9-8-2026/90993246.json,Lunariz,1,1,0.5854,M-Kangaskhan
90993799,/Users/nickzwart/Desktop/9-8-2026/90993799.json,wkonishi,1,0,0.5103,Dragapult
90993848,/Users/nickzwart/Desktop/9-8-2026/90993848.json,ANDPAD kaggler team,0,1,0.5612,Ogerpon
90993863,/Users/nickzwart/Desktop/9-8-2026/90993863.json,Zyy7390,0,0,0.386,M-Kangaskhan
90993906,/Users/nickzwart/Desktop/9-8-2026/90993906.json,Emre Cirak,0,1,0.4375,Grimmsnarl
90994673,/Users/nickzwart/Desktop/9-8-2026/90994673.json,ANDPAD kaggler team,0,1,0.5612,Grimmsnarl
90994780,/Users/nickzwart/Desktop/9-8-2026/90994780.json,haggle,0,1,0.6061,Grimmsnarl
90994798,/Users/nickzwart/Desktop/9-8-2026/90994798.json,爆爆盛焼脂油麺,1,1,0.4944,Ogerpon
90995419,/Users/nickzwart/Desktop/9-8-2026/90995419.json,Lunariz,1,1,0.5854,M-Lopunny
90995445,/Users/nickzwart/Desktop/9-8-2026/90995445.json,hotpotbro,0,0,0.2609,M-Kangaskhan
90995485,/Users/nickzwart/Desktop/9-8-2026/90995485.json,哈基米南北绿豆,1,0,0.5125,Grimmsnarl
90995500,/Users/nickzwart/Desktop/9-8-2026/90995500.json,ANDPAD kaggler team,0,1,0.5612,M-Lopunny
90995635,/Users/nickzwart/Desktop/9-8-2026/90995635.json,爆爆盛焼脂油麺,1,1,0.4944,Ogerpon
90996235,/Users/nickzwart/Desktop/9-8-2026/90996235.json,pokewaves,0,0,0.3889,other
90993967,/Users/nickzwart/Desktop/9-8-2026/90993967.json,Team,0,1,0.5161,Alakazam
90993967,/Users/nickzwart/Desktop/9-8-2026/90993967.json,爆爆盛焼脂油麺,1,0,0.4944,Alakazam
90994083,/Users/nickzwart/Desktop/9-8-2026/90994083.json,齐乐,0,0,0.4322,Alakazam
90994083,/Users/nickzwart/Desktop/9-8-2026/90994083.json,爆爆盛焼脂油麺,1,1,0.4944,Alakazam
90994575,/Users/nickzwart/Desktop/9-8-2026/90994575.json,haggle,0,0,0.6061,other
90994605,/Users/nickzwart/Desktop/9-8-2026/90994605.json,fishcat,1,1,0.4815,M-Kangaskhan
90996293,/Users/nickzwart/Desktop/9-8-2026/90996293.json,"kenkoooo @ estie, inc.",1,0,0.4154,M-Kangaskhan
90996480,/Users/nickzwart/Desktop/9-8-2026/90996480.json,爆爆盛焼脂油麺,1,0,0.4944,M-Kangaskhan
90999741,/Users/nickzwart/Desktop/9-8-2026/90999741.json,爆爆盛焼脂油麺,1,0,0.4944,Grimmsnarl
90998024,/Users/nickzwart/Desktop/9-8-2026/90998024.json,"Bart, Edwyn",1,1,0.5982,Grimmsnarl
90998029,/Users/nickzwart/Desktop/9-8-2026/90998029.json,ANDPAD kaggler team,0,1,0.5612,M-Kangaskhan
90998187,/Users/nickzwart/Desktop/9-8-2026/90998187.json,"Bart, Edwyn",0,1,0.5982,Grimmsnarl
90997130,/Users/nickzwart/Desktop/9-8-2026/90997130.json,haggle,0,1,0.6061,M-Lopunny
90997166,/Users/nickzwart/Desktop/9-8-2026/90997166.json,ANDPAD kaggler team,1,0,0.5612,Grimmsnarl
90998861,/Users/nickzwart/Desktop/9-8-2026/90998861.json,ANDPAD kaggler team,1,0,0.5612,Grimmsnarl
90999828,/Users/nickzwart/Desktop/9-8-2026/90999828.json,ANDPAD kaggler team,0,1,0.5612,Alakazam
90999828,/Users/nickzwart/Desktop/9-8-2026/90999828.json,AlphaStarmie,1,0,0.6129,Alakazam
91001319,/Users/nickzwart/Desktop/9-8-2026/91001319.json,wkonishi,1,0,0.5103,Dragapult
91001377,/Users/nickzwart/Desktop/9-8-2026/91001377.json,ANDPAD kaggler team,0,1,0.5612,Grimmsnarl
91001427,/Users/nickzwart/Desktop/9-8-2026/91001427.json,Emre Cirak,1,1,0.4375,Ogerpon
91000483,/Users/nickzwart/Desktop/9-8-2026/91000483.json,Ghleii,0,1,0.5556,M-Kangaskhan
91000552,/Users/nickzwart/Desktop/9-8-2026/91000552.json,ANDPAD kaggler team,1,1,0.5612,M-Kangaskhan
91002340,/Users/nickzwart/Desktop/9-8-2026/91002340.json,ANDPAD kaggler team,1,0,0.5612,M-Lopunny
91001529,/Users/nickzwart/Desktop/9-8-2026/91001529.json,"Bart, Edwyn",1,1,0.5982,M-Kangaskhan
91002135,/Users/nickzwart/Desktop/9-8-2026/91002135.json,Team Rot-Weiß,1,0,0.528,Grimmsnarl
91003069,/Users/nickzwart/Desktop/9-8-2026/91003069.json,ANDPAD kaggler team,1,0,0.5612,M-Kangaskhan
91003223,/Users/nickzwart/Desktop/9-8-2026/91003223.json,Petit Canard,1,1,0.697,Grimmsnarl
91003853,/Users/nickzwart/Desktop/9-8-2026/91003853.json,哈基米南北绿豆,0,0,0.5125,M-Kangaskhan
91003905,/Users/nickzwart/Desktop/9-8-2026/91003905.json,ANDPAD kaggler team,1,1,0.5612,M-Lopunny
91004660,/Users/nickzwart/Desktop/9-8-2026/91004660.json,ei1333,0,1,0.5349,M-Kangaskhan
91004691,/Users/nickzwart/Desktop/9-8-2026/91004691.json,哈基米南北绿豆,0,1,0.5125,M-Lopunny
91004702,/Users/nickzwart/Desktop/9-8-2026/91004702.json,Team,1,0,0.5161,Grimmsnarl
91004777,/Users/nickzwart/Desktop/9-8-2026/91004777.json,vvs,0,0,0.5895,Hydrapple
91004842,/Users/nickzwart/Desktop/9-8-2026/91004842.json,Emre Cirak,0,1,0.4375,Ogerpon
91005458,/Users/nickzwart/Desktop/9-8-2026/91005458.json,THIRD PTCG Club,0,1,0.5714,other
91005589,/Users/nickzwart/Desktop/9-8-2026/91005589.json,Emre Cirak,0,1,0.4375,Ogerpon
91005625,/Users/nickzwart/Desktop/9-8-2026/91005625.json,AlphaStarmie,0,0,0.6129,Alakazam
91005625,/Users/nickzwart/Desktop/9-8-2026/91005625.json,ANDPAD kaggler team,1,1,0.5612,Alakazam
91006238,/Users/nickzwart/Desktop/9-8-2026/91006238.json,masspeaks,0,0,0.4757,Grimmsnarl
91006343,/Users/nickzwart/Desktop/9-8-2026/91006343.json,Team Rot-Weiß,1,1,0.528,M-Lopunny
91006380,/Users/nickzwart/Desktop/9-8-2026/91006380.json,wkonishi,1,0,0.5103,M-Kangaskhan
91006393,/Users/nickzwart/Desktop/9-8-2026/91006393.json,Evgeniy Zdoronok,0,1,0.5789,Dragapult
91006426,/Users/nickzwart/Desktop/9-8-2026/91006426.json,ANDPAD kaggler team,1,1,0.5612,M-Kangaskhan
91006490,/Users/nickzwart/Desktop/9-8-2026/91006490.json,齐乐,0,0,0.4322,Alakazam
91006490,/Users/nickzwart/Desktop/9-8-2026/91006490.json,Emre Cirak,1,1,0.4375,Alakazam
91007269,/Users/nickzwart/Desktop/9-8-2026/91007269.json,ANDPAD kaggler team,1,1,0.5612,M-Kangaskhan
91007325,/Users/nickzwart/Desktop/9-8-2026/91007325.json,Emre Cirak,0,1,0.4375,M-Kangaskhan
91008049,/Users/nickzwart/Desktop/9-8-2026/91008049.json,Team Rot-Weiß,0,1,0.528,Alakazam
91008049,/Users/nickzwart/Desktop/9-8-2026/91008049.json,haruto,1,0,0.4035,Alakazam
91008129,/Users/nickzwart/Desktop/9-8-2026/91008129.json,ANDPAD kaggler team,1,1,0.5612,M-Lopunny
91008165,/Users/nickzwart/Desktop/9-8-2026/91008165.json,齐乐,1,1,0.4322,M-Kangaskhan
91008188,/Users/nickzwart/Desktop/9-8-2026/91008188.json,Emre Cirak,1,0,0.4375,Dragapult
91008888,/Users/nickzwart/Desktop/9-8-2026/91008888.json,Team Rot-Weiß,0,1,0.528,M-Lopunny
91009717,/Users/nickzwart/Desktop/9-8-2026/91009717.json,Team Rot-Weiß,0,0,0.528,Grimmsnarl
91008970,/Users/nickzwart/Desktop/9-8-2026/91008970.json,ANDPAD kaggler team,0,1,0.5612,Dudunsparce
91009000,/Users/nickzwart/Desktop/9-8-2026/91009000.json,haruto,1,0,0.4035,M-Lopunny
91009093,/Users/nickzwart/Desktop/9-8-2026/91009093.json,Emre Cirak,0,0,0.4375,Alakazam
91009093,/Users/nickzwart/Desktop/9-8-2026/91009093.json,haruto,1,1,0.4035,Alakazam
91009790,/Users/nickzwart/Desktop/9-8-2026/91009790.json,ANDPAD kaggler team,0,0,0.5612,Dragapult
91009915,/Users/nickzwart/Desktop/9-8-2026/91009915.json,爆爆盛焼脂油麺,0,1,0.4944,Grimmsnarl
91009950,/Users/nickzwart/Desktop/9-8-2026/91009950.json,"Bart, Edwyn",0,0,0.5982,Ogerpon
91011385,/Users/nickzwart/Desktop/9-8-2026/91011385.json,Team Rot-Weiß,1,0,0.528,Grimmsnarl
91011472,/Users/nickzwart/Desktop/9-8-2026/91011472.json,ANDPAD kaggler team,1,0,0.5612,M-Kangaskhan
91010735,/Users/nickzwart/Desktop/9-8-2026/91010735.json,AlphaStarmie,0,1,0.6129,M-Lucario
91011585,/Users/nickzwart/Desktop/9-8-2026/91011585.json,Ocyedwin,0,1,0.25,Hydrapple
91012069,/Users/nickzwart/Desktop/9-8-2026/91012069.json,Ocyedwin,1,0,0.25,M-Lopunny
91012099,/Users/nickzwart/Desktop/9-8-2026/91012099.json,Team Rot-Weiß,0,0,0.528,Grimmsnarl
91012149,/Users/nickzwart/Desktop/9-8-2026/91012149.json,ei1333,0,1,0.5349,Grimmsnarl
91012172,/Users/nickzwart/Desktop/9-8-2026/91012172.json,Team Rot-Weiß,0,1,0.528,Alakazam
91012172,/Users/nickzwart/Desktop/9-8-2026/91012172.json,齐乐,1,0,0.4322,Alakazam
91012206,/Users/nickzwart/Desktop/9-8-2026/91012206.json,Zyy7390,0,1,0.386,Ogerpon
91012228,/Users/nickzwart/Desktop/9-8-2026/91012228.json,ANDPAD kaggler team,0,0,0.5612,M-Kangaskhan
91014643,/Users/nickzwart/Desktop/9-8-2026/91014643.json,wkonishi,0,1,0.5103,Grimmsnarl
91014665,/Users/nickzwart/Desktop/9-8-2026/91014665.json,rhythm master,1,0,0.2857,M-Lopunny
91013956,/Users/nickzwart/Desktop/9-8-2026/91013956.json,哈基米南北绿豆,0,0,0.5125,Dragapult
91014053,/Users/nickzwart/Desktop/9-8-2026/91014053.json,爆爆盛焼脂油麺,0,1,0.4944,Alakazam
91014053,/Users/nickzwart/Desktop/9-8-2026/91014053.json,ANDPAD kaggler team,1,0,0.5612,Alakazam
91012912,/Users/nickzwart/Desktop/9-8-2026/91012912.json,pokewaves,1,0,0.3889,Grimmsnarl
91012924,/Users/nickzwart/Desktop/9-8-2026/91012924.json,Ocyedwin,0,0,0.25,Ogerpon
91012972,/Users/nickzwart/Desktop/9-8-2026/91012972.json,Juyong,0,0,0.4386,Grimmsnarl
91013069,/Users/nickzwart/Desktop/9-8-2026/91013069.json,Team Rot-Weiß,1,1,0.528,Ogerpon
91013152,/Users/nickzwart/Desktop/9-8-2026/91013152.json,ANDPAD kaggler team,1,0,0.5612,M-Lopunny
91013781,/Users/nickzwart/Desktop/9-8-2026/91013781.json,rhythm master,0,0,0.2857,Grimmsnarl
91014804,/Users/nickzwart/Desktop/9-8-2026/91014804.json,me and the lads,1,0,0.3636,Grimmsnarl
91014863,/Users/nickzwart/Desktop/9-8-2026/91014863.json,哈基米南北绿豆,1,1,0.5125,Grimmsnarl
91014917,/Users/nickzwart/Desktop/9-8-2026/91014917.json,哈基米南北绿豆,1,1,0.5125,M-Lopunny
91015513,/Users/nickzwart/Desktop/9-8-2026/91015513.json,wkonishi,1,0,0.5103,Grimmsnarl
91015649,/Users/nickzwart/Desktop/9-8-2026/91015649.json,Team KASA.,1,0,0.4737,M-Kangaskhan
91015694,/Users/nickzwart/Desktop/9-8-2026/91015694.json,ANDPAD kaggler team,0,1,0.5612,Dragapult
91015755,/Users/nickzwart/Desktop/9-8-2026/91015755.json,Petit Canard,0,0,0.697,Alakazam
91015755,/Users/nickzwart/Desktop/9-8-2026/91015755.json,齐乐,1,1,0.4322,Alakazam
91016288,/Users/nickzwart/Desktop/9-8-2026/91016288.json,爆爆盛焼脂油麺,1,0,0.4944,Grimmsnarl
91016339,/Users/nickzwart/Desktop/9-8-2026/91016339.json,ANDPAD kaggler team,1,1,0.5612,Grimmsnarl
91016463,/Users/nickzwart/Desktop/9-8-2026/91016463.json,Team Rot-Weiß,1,0,0.528,Grimmsnarl
91016477,/Users/nickzwart/Desktop/9-8-2026/91016477.json,Zyy7390,0,0,0.386,M-Kangaskhan
91016483,/Users/nickzwart/Desktop/9-8-2026/91016483.json,Can,0,0,0.4853,M-Kangaskhan
91017441,/Users/nickzwart/Desktop/9-8-2026/91017441.json,ANDPAD kaggler team,1,0,0.5612,Grimmsnarl
91018006,/Users/nickzwart/Desktop/9-8-2026/91018006.json,MR.h,1,0,0.5395,Grimmsnarl
91018029,/Users/nickzwart/Desktop/9-8-2026/91018029.json,Petit Canard,0,1,0.697,Grimmsnarl
91016562,/Users/nickzwart/Desktop/9-8-2026/91016562.json,MTADA,1,1,0.375,Grimmsnarl
91017315,/Users/nickzwart/Desktop/9-8-2026/91017315.json,Zyy7390,0,1,0.386,M-Lopunny
91018070,/Users/nickzwart/Desktop/9-8-2026/91018070.json,wkonishi,1,0,0.5103,Grimmsnarl
91018158,/Users/nickzwart/Desktop/9-8-2026/91018158.json,齐乐,1,0,0.4322,M-Kangaskhan
91018301,/Users/nickzwart/Desktop/9-8-2026/91018301.json,Emre Cirak,1,1,0.4375,Ogerpon
91018851,/Users/nickzwart/Desktop/9-8-2026/91018851.json,齐乐,1,0,0.4322,Grimmsnarl
91018862,/Users/nickzwart/Desktop/9-8-2026/91018862.json,wkonishi,1,0,0.5103,Grimmsnarl
91019102,/Users/nickzwart/Desktop/9-8-2026/91019102.json,"Bart, Edwyn",1,1,0.5982,Grimmsnarl
91019125,/Users/nickzwart/Desktop/9-8-2026/91019125.json,fishcat,1,1,0.4815,Grimmsnarl
91019707,/Users/nickzwart/Desktop/9-8-2026/91019707.json,爆爆盛焼脂油麺,1,1,0.4944,Hydrapple
91019718,/Users/nickzwart/Desktop/9-8-2026/91019718.json,masspeaks,0,0,0.4757,Grimmsnarl
91019737,/Users/nickzwart/Desktop/9-8-2026/91019737.json,MTADA,0,0,0.375,M-Kangaskhan
91019882,/Users/nickzwart/Desktop/9-8-2026/91019882.json,爆爆盛焼脂油麺,1,1,0.4944,M-Lopunny
91019889,/Users/nickzwart/Desktop/9-8-2026/91019889.json,Zyy7390,1,0,0.386,M-Kangaskhan
91019904,/Users/nickzwart/Desktop/9-8-2026/91019904.json,me and the lads,1,1,0.3636,M-Kangaskhan
91021332,/Users/nickzwart/Desktop/9-8-2026/91021332.json,miya,0,1,0.5179,Grimmsnarl
91020604,/Users/nickzwart/Desktop/9-8-2026/91020604.json,fishcat,0,0,0.4815,Grimmsnarl
91021453,/Users/nickzwart/Desktop/9-8-2026/91021453.json,Ghleii,1,0,0.5556,M-Lopunny
91021624,/Users/nickzwart/Desktop/9-8-2026/91021624.json,rhythm master,0,0,0.2857,Hydrapple
91022159,/Users/nickzwart/Desktop/9-8-2026/91022159.json,miya,1,0,0.5179,Grimmsnarl
91022303,/Users/nickzwart/Desktop/9-8-2026/91022303.json,MTADA,0,0,0.375,Grimmsnarl
91022332,/Users/nickzwart/Desktop/9-8-2026/91022332.json,哈基米南北绿豆,1,1,0.5125,Grimmsnarl
91022408,/Users/nickzwart/Desktop/9-8-2026/91022408.json,Team Rot-Weiß,1,1,0.528,Grimmsnarl
91023190,/Users/nickzwart/Desktop/9-8-2026/91023190.json,齐乐,0,1,0.4322,Garchomp
91023212,/Users/nickzwart/Desktop/9-8-2026/91023212.json,hotpotbro,1,1,0.2609,Grimmsnarl
91023290,/Users/nickzwart/Desktop/9-8-2026/91023290.json,Team,1,1,0.5161,Ogerpon
91023321,/Users/nickzwart/Desktop/9-8-2026/91023321.json,哈基米南北绿豆,1,1,0.5125,Ogerpon
91023968,/Users/nickzwart/Desktop/9-8-2026/91023968.json,"Bart, Edwyn",1,1,0.5982,Grimmsnarl
91023988,/Users/nickzwart/Desktop/9-8-2026/91023988.json,Pushu?,0,0,0.4328,Grimmsnarl
91024799,/Users/nickzwart/Desktop/9-8-2026/91024799.json,ANDPAD kaggler team,1,0,0.5612,Grimmsnarl
91024833,/Users/nickzwart/Desktop/9-8-2026/91024833.json,NorthStar,0,0,0.2778,M-Lopunny
91024876,/Users/nickzwart/Desktop/9-8-2026/91024876.json,ANDPAD kaggler team,0,1,0.5612,Alakazam
91024885,/Users/nickzwart/Desktop/9-8-2026/91024885.json,haruto,0,0,0.4035,Alakazam
91024885,/Users/nickzwart/Desktop/9-8-2026/91024885.json,Team Rot-Weiß,1,1,0.528,Alakazam
91025658,/Users/nickzwart/Desktop/9-8-2026/91025658.json,AlphaStarmie,1,1,0.6129,Grimmsnarl
91027409,/Users/nickzwart/Desktop/9-8-2026/91027409.json,wkonishi,0,0,0.5103,M-Lopunny
91028153,/Users/nickzwart/Desktop/9-8-2026/91028153.json,哈基米南北绿豆,1,0,0.5125,Hydrapple
91026606,/Users/nickzwart/Desktop/9-8-2026/91026606.json,哈基米南北绿豆,0,1,0.5125,Alakazam
91026606,/Users/nickzwart/Desktop/9-8-2026/91026606.json,Team Rot-Weiß,1,0,0.528,Alakazam
91026692,/Users/nickzwart/Desktop/9-8-2026/91026692.json,vvs,1,0,0.5895,Grimmsnarl
91028350,/Users/nickzwart/Desktop/9-8-2026/91028350.json,Team Rot-Weiß,1,1,0.528,Grimmsnarl
91028987,/Users/nickzwart/Desktop/9-8-2026/91028987.json,vvs,1,0,0.5895,Grimmsnarl
91029091,/Users/nickzwart/Desktop/9-8-2026/91029091.json,Juyong,0,1,0.4386,M-Lopunny
91029108,/Users/nickzwart/Desktop/9-8-2026/91029108.json,Team Rot-Weiß,0,0,0.528,Grimmsnarl
91029184,/Users/nickzwart/Desktop/9-8-2026/91029184.json,vvs,0,1,0.5895,M-Kangaskhan
91030700,/Users/nickzwart/Desktop/9-8-2026/91030700.json,Team Rot-Weiß,1,1,0.528,Hydrapple
91030762,/Users/nickzwart/Desktop/9-8-2026/91030762.json,wkonishi,1,1,0.5103,M-Lopunny
91030880,/Users/nickzwart/Desktop/9-8-2026/91030880.json,me and the lads,0,0,0.3636,Grimmsnarl
91032217,/Users/nickzwart/Desktop/9-8-2026/91032217.json,S4nkurero,0,1,0.5467,Grimmsnarl
91032551,/Users/nickzwart/Desktop/9-8-2026/91032551.json,S4nkurero,1,1,0.5467,M-Starmie
91033235,/Users/nickzwart/Desktop/9-8-2026/91033235.json,哈基米南北绿豆,1,0,0.5125,Grimmsnarl
91032363,/Users/nickzwart/Desktop/9-8-2026/91032363.json,Team,1,0,0.5161,Grimmsnarl
91032535,/Users/nickzwart/Desktop/9-8-2026/91032535.json,Team,0,1,0.5161,M-Lopunny
91033375,/Users/nickzwart/Desktop/9-8-2026/91033375.json,AlphaStarmie,1,1,0.6129,M-Kangaskhan
91033378,/Users/nickzwart/Desktop/9-8-2026/91033378.json,Evgeniy Zdoronok,0,0,0.5789,M-Kangaskhan
91033972,/Users/nickzwart/Desktop/9-8-2026/91033972.json,S4nkurero,0,1,0.5467,M-Lucario
91034074,/Users/nickzwart/Desktop/9-8-2026/91034074.json,AlphaStarmie,0,0,0.6129,Grimmsnarl
91034141,/Users/nickzwart/Desktop/9-8-2026/91034141.json,齐乐,1,0,0.4322,Grimmsnarl
91034898,/Users/nickzwart/Desktop/9-8-2026/91034898.json,haruto,1,0,0.4035,Grimmsnarl
91034905,/Users/nickzwart/Desktop/9-8-2026/91034905.json,爆爆盛焼脂油麺,1,1,0.4944,Grimmsnarl
91035821,/Users/nickzwart/Desktop/9-8-2026/91035821.json,"kenkoooo @ estie, inc.",0,0,0.4154,M-Lopunny
91035650,/Users/nickzwart/Desktop/9-8-2026/91035650.json,S4nkurero,0,0,0.5467,Grimmsnarl
91035669,/Users/nickzwart/Desktop/9-8-2026/91035669.json,Ghleii,0,0,0.5556,M-Lopunny
91036525,/Users/nickzwart/Desktop/9-8-2026/91036525.json,S4nkurero,1,0,0.5467,Grimmsnarl
91036618,/Users/nickzwart/Desktop/9-8-2026/91036618.json,齐乐,1,1,0.4322,Grimmsnarl
91037494,/Users/nickzwart/Desktop/9-8-2026/91037494.json,S4nkurero,1,0,0.5467,Grimmsnarl
91037567,/Users/nickzwart/Desktop/9-8-2026/91037567.json,"kenkoooo @ estie, inc.",1,1,0.4154,M-Lopunny
91038342,/Users/nickzwart/Desktop/9-8-2026/91038342.json,miya,0,1,0.5179,Hydrapple
91038358,/Users/nickzwart/Desktop/9-8-2026/91038358.json,me and the lads,1,0,0.3636,M-Kangaskhan
91039179,/Users/nickzwart/Desktop/9-8-2026/91039179.json,Evgeniy Zdoronok,1,0,0.5789,Grimmsnarl
91039879,/Users/nickzwart/Desktop/9-8-2026/91039879.json,Ghleii,1,0,0.5556,Grimmsnarl
91041598,/Users/nickzwart/Desktop/9-8-2026/91041598.json,MTADA,1,0,0.375,M-Lopunny
91041657,/Users/nickzwart/Desktop/9-8-2026/91041657.json,S4nkurero,0,1,0.5467,M-Lopunny
91041670,/Users/nickzwart/Desktop/9-8-2026/91041670.json,vvs,0,1,0.5895,M-Lopunny
91040805,/Users/nickzwart/Desktop/9-8-2026/91040805.json,S4nkurero,0,1,0.5467,Grimmsnarl
91040910,/Users/nickzwart/Desktop/9-8-2026/91040910.json,Pokemon Fan,0,1,0.5417,Grimmsnarl
91043284,/Users/nickzwart/Desktop/9-8-2026/91043284.json,Can,0,1,0.4853,M-Lucario
91043344,/Users/nickzwart/Desktop/9-8-2026/91043344.json,S4nkurero,0,1,0.5467,Alakazam
91043344,/Users/nickzwart/Desktop/9-8-2026/91043344.json,vvs,1,0,0.5895,Alakazam
91042328,/Users/nickzwart/Desktop/9-8-2026/91042328.json,hotpotbro,1,0,0.2609,Grimmsnarl
91042483,/Users/nickzwart/Desktop/9-8-2026/91042483.json,pokewaves,0,0,0.3889,M-Lopunny
91042540,/Users/nickzwart/Desktop/9-8-2026/91042540.json,S4nkurero,1,1,0.5467,Dragapult
91042618,/Users/nickzwart/Desktop/9-8-2026/91042618.json,"kenkoooo @ estie, inc.",1,1,0.4154,Grimmsnarl
91043487,/Users/nickzwart/Desktop/9-8-2026/91043487.json,Petit Canard,1,1,0.697,Dudunsparce
91044186,/Users/nickzwart/Desktop/9-8-2026/91044186.json,Team Rot-Weiß,0,1,0.528,M-Kangaskhan
91044209,/Users/nickzwart/Desktop/9-8-2026/91044209.json,S4nkurero,0,0,0.5467,Grimmsnarl
91044237,/Users/nickzwart/Desktop/9-8-2026/91044237.json,Team Rot-Weiß,1,0,0.528,Dragapult
91044289,/Users/nickzwart/Desktop/9-8-2026/91044289.json,miya,1,1,0.5179,Ogerpon
91044310,/Users/nickzwart/Desktop/9-8-2026/91044310.json,MTADA,0,0,0.375,Hydrapple
91044339,/Users/nickzwart/Desktop/9-8-2026/91044339.json,ei1333,1,0,0.5349,Garchomp
91044943,/Users/nickzwart/Desktop/9-8-2026/91044943.json,miya,0,1,0.5179,Dragapult
91045884,/Users/nickzwart/Desktop/9-8-2026/91045884.json,S4nkurero,0,0,0.5467,Grimmsnarl
91045956,/Users/nickzwart/Desktop/9-8-2026/91045956.json,miya,1,1,0.5179,Ogerpon
91045986,/Users/nickzwart/Desktop/9-8-2026/91045986.json,Team Rot-Weiß,1,1,0.528,M-Lopunny
91045013,/Users/nickzwart/Desktop/9-8-2026/91045013.json,haruto,0,0,0.4035,Grimmsnarl
91045080,/Users/nickzwart/Desktop/9-8-2026/91045080.json,S4nkurero,1,0,0.5467,Grimmsnarl
91046537,/Users/nickzwart/Desktop/9-8-2026/91046537.json,齐乐,0,0,0.4322,Grimmsnarl
91046731,/Users/nickzwart/Desktop/9-8-2026/91046731.json,S4nkurero,1,1,0.5467,Crustle
91047530,/Users/nickzwart/Desktop/9-8-2026/91047530.json,MTADA,1,1,0.375,M-Kangaskhan
91048387,/Users/nickzwart/Desktop/9-8-2026/91048387.json,"kenkoooo @ estie, inc.",1,0,0.4154,Grimmsnarl
91048435,/Users/nickzwart/Desktop/9-8-2026/91048435.json,S4nkurero,1,0,0.5467,Grimmsnarl
91049186,/Users/nickzwart/Desktop/9-8-2026/91049186.json,S4nkurero,1,1,0.5467,M-Lopunny
91049394,/Users/nickzwart/Desktop/9-8-2026/91049394.json,miya,0,0,0.5179,M-Kangaskhan
91050769,/Users/nickzwart/Desktop/9-8-2026/91050769.json,Team,0,0,0.5161,Dragapult
91050925,/Users/nickzwart/Desktop/9-8-2026/91050925.json,hotpotbro,0,0,0.2609,Grimmsnarl
91050982,/Users/nickzwart/Desktop/9-8-2026/91050982.json,S4nkurero,1,1,0.5467,M-Lopunny
91051014,/Users/nickzwart/Desktop/9-8-2026/91051014.json,wkonishi,1,1,0.5103,M-Kangaskhan
91051085,/Users/nickzwart/Desktop/9-8-2026/91051085.json,fishcat,1,0,0.4815,M-Kangaskhan
91051809,/Users/nickzwart/Desktop/9-8-2026/91051809.json,ei1333,1,1,0.5349,Grimmsnarl
91051873,/Users/nickzwart/Desktop/9-8-2026/91051873.json,S4nkurero,1,1,0.5467,M-Kangaskhan
91052521,/Users/nickzwart/Desktop/9-8-2026/91052521.json,S4nkurero,0,0,0.5467,M-Lopunny
91052568,/Users/nickzwart/Desktop/9-8-2026/91052568.json,"Bart, Edwyn",0,0,0.5982,M-Kangaskhan
91053388,/Users/nickzwart/Desktop/9-8-2026/91053388.json,Team Rot-Weiß,1,0,0.528,Grimmsnarl
91053475,/Users/nickzwart/Desktop/9-8-2026/91053475.json,AdrianWang2003,0,0,0.2667,Grimmsnarl
91053557,/Users/nickzwart/Desktop/9-8-2026/91053557.json,S4nkurero,1,0,0.5467,Grimmsnarl
91053608,/Users/nickzwart/Desktop/9-8-2026/91053608.json,齐乐,0,1,0.4322,M-Lopunny
91055079,/Users/nickzwart/Desktop/9-8-2026/91055079.json,Ghleii,1,1,0.5556,M-Kangaskhan
91054373,/Users/nickzwart/Desktop/9-8-2026/91054373.json,Ghleii,0,1,0.5556,Grimmsnarl
91054425,/Users/nickzwart/Desktop/9-8-2026/91054425.json,Ghleii,0,0,0.5556,M-Lopunny
91055037,/Users/nickzwart/Desktop/9-8-2026/91055037.json,MTADA,0,0,0.375,Hydrapple
91055928,/Users/nickzwart/Desktop/9-8-2026/91055928.json,"Bart, Edwyn",0,1,0.5982,Grimmsnarl
91056050,/Users/nickzwart/Desktop/9-8-2026/91056050.json,Ghleii,1,1,0.5556,Grimmsnarl
91056101,/Users/nickzwart/Desktop/9-8-2026/91056101.json,Pushu?,0,1,0.4328,Grimmsnarl
91056639,/Users/nickzwart/Desktop/9-8-2026/91056639.json,MR.h,1,1,0.5395,Grimmsnarl
91058330,/Users/nickzwart/Desktop/9-8-2026/91058330.json,Team Rot-Weiß,1,1,0.528,Grimmsnarl
91058334,/Users/nickzwart/Desktop/9-8-2026/91058334.json,MR.h,1,1,0.5395,M-Lopunny
91057532,/Users/nickzwart/Desktop/9-8-2026/91057532.json,Team KASA.,1,1,0.4737,Grimmsnarl
91059492,/Users/nickzwart/Desktop/9-8-2026/91059492.json,MR.h,0,0,0.5395,Ogerpon
91060093,/Users/nickzwart/Desktop/9-8-2026/91060093.json,MR.h,0,1,0.5395,M-Froslass
91058498,/Users/nickzwart/Desktop/9-8-2026/91058498.json,"Bart, Edwyn",0,1,0.5982,other
91059199,/Users/nickzwart/Desktop/9-8-2026/91059199.json,MR.h,0,0,0.5395,Grimmsnarl
91060340,/Users/nickzwart/Desktop/9-8-2026/91060340.json,AlphaStarmie,0,1,0.6129,M-Kangaskhan
91060379,/Users/nickzwart/Desktop/9-8-2026/91060379.json,"Bart, Edwyn",1,1,0.5982,Ogerpon
91060977,/Users/nickzwart/Desktop/9-8-2026/91060977.json,MR.h,1,0,0.5395,Grimmsnarl
91060984,/Users/nickzwart/Desktop/9-8-2026/91060984.json,vvs,1,1,0.5895,M-Lopunny
91061115,/Users/nickzwart/Desktop/9-8-2026/91061115.json,"Bart, Edwyn",1,0,0.5982,Dragapult
91061172,/Users/nickzwart/Desktop/9-8-2026/91061172.json,fishcat,1,0,0.4815,M-Lopunny
91061852,/Users/nickzwart/Desktop/9-8-2026/91061852.json,MR.h,1,0,0.5395,Grimmsnarl
91062006,/Users/nickzwart/Desktop/9-8-2026/91062006.json,"Bart, Edwyn",1,0,0.5982,M-Kangaskhan
91062098,/Users/nickzwart/Desktop/9-8-2026/91062098.json,爆爆盛焼脂油麺,1,0,0.4944,Dragapult
91062759,/Users/nickzwart/Desktop/9-8-2026/91062759.json,"Bart, Edwyn",0,1,0.5982,M-Lopunny
91062836,/Users/nickzwart/Desktop/9-8-2026/91062836.json,MR.h,0,0,0.5395,Grimmsnarl
91062936,/Users/nickzwart/Desktop/9-8-2026/91062936.json,哈基米南北绿豆,0,1,0.5125,Grimmsnarl
91062969,/Users/nickzwart/Desktop/9-8-2026/91062969.json,"Bart, Edwyn",0,1,0.5982,Grimmsnarl
91063004,/Users/nickzwart/Desktop/9-8-2026/91063004.json,"Bart, Edwyn",0,0,0.5982,Alakazam
91063004,/Users/nickzwart/Desktop/9-8-2026/91063004.json,miya,1,1,0.5179,Alakazam
91063750,/Users/nickzwart/Desktop/9-8-2026/91063750.json,masspeaks,0,1,0.4757,Grimmsnarl
91063756,/Users/nickzwart/Desktop/9-8-2026/91063756.json,Evgeniy Zdoronok,0,1,0.5789,Alakazam
91063756,/Users/nickzwart/Desktop/9-8-2026/91063756.json,"Bart, Edwyn",1,0,0.5982,Alakazam
91064519,/Users/nickzwart/Desktop/9-8-2026/91064519.json,隔壁老王,1,0,0.3125,Hydrapple
91064549,/Users/nickzwart/Desktop/9-8-2026/91064549.json,Team,0,1,0.5161,Grimmsnarl
91064664,/Users/nickzwart/Desktop/9-8-2026/91064664.json,ei1333,0,1,0.5349,M-Kangaskhan
91065625,/Users/nickzwart/Desktop/9-8-2026/91065625.json,wkonishi,1,0,0.5103,Hydrapple
91066212,/Users/nickzwart/Desktop/9-8-2026/91066212.json,哈基米南北绿豆,0,0,0.5125,Ogerpon
91065356,/Users/nickzwart/Desktop/9-8-2026/91065356.json,哈基米南北绿豆,1,1,0.5125,M-Lopunny
91066375,/Users/nickzwart/Desktop/9-8-2026/91066375.json,wkonishi,0,1,0.5103,Grimmsnarl
91066391,/Users/nickzwart/Desktop/9-8-2026/91066391.json,wkonishi,1,0,0.5103,Hydrapple
91066237,/Users/nickzwart/Desktop/9-8-2026/91066237.json,MR.h,0,1,0.5395,Ogerpon
91068132,/Users/nickzwart/Desktop/9-8-2026/91068132.json,"Bart, Edwyn",1,0,0.5982,Grimmsnarl
91068161,/Users/nickzwart/Desktop/9-8-2026/91068161.json,爆爆盛焼脂油麺,1,1,0.4944,M-Lopunny
91067374,/Users/nickzwart/Desktop/9-8-2026/91067374.json,Petit Canard,0,0,0.697,Alakazam
91067374,/Users/nickzwart/Desktop/9-8-2026/91067374.json,ANDPAD kaggler team,1,1,0.5612,Alakazam
91067981,/Users/nickzwart/Desktop/9-8-2026/91067981.json,MR.h,1,0,0.5395,Grimmsnarl
91069019,/Users/nickzwart/Desktop/9-8-2026/91069019.json,Ghleii,1,1,0.5556,Grimmsnarl
91069849,/Users/nickzwart/Desktop/9-8-2026/91069849.json,"kenkoooo @ estie, inc.",0,0,0.4154,Dragapult
91070000,/Users/nickzwart/Desktop/9-8-2026/91070000.json,Evgeniy Zdoronok,0,1,0.5789,Crustle
91068174,/Users/nickzwart/Desktop/9-8-2026/91068174.json,爆爆盛焼脂油麺,1,1,0.4944,M-Lopunny
91068867,/Users/nickzwart/Desktop/9-8-2026/91068867.json,ANDPAD kaggler team,1,0,0.5612,Dragapult
91070712,/Users/nickzwart/Desktop/9-8-2026/91070712.json,me and the lads,0,0,0.3636,Hydrapple
91070719,/Users/nickzwart/Desktop/9-8-2026/91070719.json,pokewaves,0,0,0.3889,Dragapult
91070727,/Users/nickzwart/Desktop/9-8-2026/91070727.json,wkonishi,0,1,0.5103,M-Lopunny
91071532,/Users/nickzwart/Desktop/9-8-2026/91071532.json,爆爆盛焼脂油麺,0,0,0.4944,Hydrapple
91071551,/Users/nickzwart/Desktop/9-8-2026/91071551.json,Emre Cirak,1,0,0.4375,Grimmsnarl
91072395,/Users/nickzwart/Desktop/9-8-2026/91072395.json,AlphaStarmie,1,0,0.6129,Dragapult
91072456,/Users/nickzwart/Desktop/9-8-2026/91072456.json,Team KASA.,1,0,0.4737,M-Kangaskhan
91072624,/Users/nickzwart/Desktop/9-8-2026/91072624.json,"Bart, Edwyn",0,1,0.5982,Grimmsnarl
91074011,/Users/nickzwart/Desktop/9-8-2026/91074011.json,fishcat,0,1,0.4815,Grimmsnarl
91074112,/Users/nickzwart/Desktop/9-8-2026/91074112.json,Evgeniy Zdoronok,0,1,0.5789,Ogerpon
91074145,/Users/nickzwart/Desktop/9-8-2026/91074145.json,AlphaStarmie,1,0,0.6129,Dragapult
91075205,/Users/nickzwart/Desktop/9-8-2026/91075205.json,S4nkurero,0,1,0.5467,Ogerpon
91075021,/Users/nickzwart/Desktop/9-8-2026/91075021.json,MR.h,0,1,0.5395,Alakazam
91075021,/Users/nickzwart/Desktop/9-8-2026/91075021.json,"Bart, Edwyn",1,0,0.5982,Alakazam
91075058,/Users/nickzwart/Desktop/9-8-2026/91075058.json,哈基米南北绿豆,0,0,0.5125,Dragapult
91075091,/Users/nickzwart/Desktop/9-8-2026/91075091.json,Team,0,1,0.5161,M-Lopunny
91076788,/Users/nickzwart/Desktop/9-8-2026/91076788.json,齐乐,1,0,0.4322,Hydrapple
91075829,/Users/nickzwart/Desktop/9-8-2026/91075829.json,Evgeniy Zdoronok,1,1,0.5789,Grimmsnarl
91075927,/Users/nickzwart/Desktop/9-8-2026/91075927.json,MR.h,0,1,0.5395,M-Froslass
91076835,/Users/nickzwart/Desktop/9-8-2026/91076835.json,Pokemon Fan,0,1,0.5417,Grimmsnarl
91077833,/Users/nickzwart/Desktop/9-8-2026/91077833.json,齐乐,1,0,0.4322,Dragapult
91078376,/Users/nickzwart/Desktop/9-8-2026/91078376.json,miya,0,1,0.5179,M-Kangaskhan
91078538,/Users/nickzwart/Desktop/9-8-2026/91078538.json,哈基米南北绿豆,1,0,0.5125,Hydrapple
91079395,/Users/nickzwart/Desktop/9-8-2026/91079395.json,MR.h,0,1,0.5395,Grimmsnarl
91079403,/Users/nickzwart/Desktop/9-8-2026/91079403.json,bono,1,0,0.1905,Dragapult
91080159,/Users/nickzwart/Desktop/9-8-2026/91080159.json,"Bart, Edwyn",1,0,0.5982,other
91080282,/Users/nickzwart/Desktop/9-8-2026/91080282.json,MR.h,0,1,0.5395,Alakazam
91080282,/Users/nickzwart/Desktop/9-8-2026/91080282.json,Team KASA.,1,0,0.4737,Alakazam
91080286,/Users/nickzwart/Desktop/9-8-2026/91080286.json,AlphaStarmie,1,1,0.6129,Dragapult
91080991,/Users/nickzwart/Desktop/9-8-2026/91080991.json,masspeaks,0,1,0.4757,Ogerpon
91081322,/Users/nickzwart/Desktop/9-8-2026/91081322.json,Team,0,0,0.5161,M-Lopunny
91081846,/Users/nickzwart/Desktop/9-8-2026/91081846.json,齐乐,0,1,0.4322,M-Kangaskhan
91081130,/Users/nickzwart/Desktop/9-8-2026/91081130.json,MR.h,1,0,0.5395,M-Lopunny
91082777,/Users/nickzwart/Desktop/9-8-2026/91082777.json,bono,1,0,0.1905,Hydrapple
91082870,/Users/nickzwart/Desktop/9-8-2026/91082870.json,MR.h,0,1,0.5395,Alakazam
91082870,/Users/nickzwart/Desktop/9-8-2026/91082870.json,ei1333,1,0,0.5349,Alakazam
91082089,/Users/nickzwart/Desktop/9-8-2026/91082089.json,Evgeniy Zdoronok,0,0,0.5789,Hydrapple
91082133,/Users/nickzwart/Desktop/9-8-2026/91082133.json,Can,0,0,0.4853,Grimmsnarl
91083023,/Users/nickzwart/Desktop/9-8-2026/91083023.json,S4nkurero,0,0,0.5467,Grimmsnarl
91083635,/Users/nickzwart/Desktop/9-8-2026/91083635.json,"Bart, Edwyn",0,1,0.5982,other
91083758,/Users/nickzwart/Desktop/9-8-2026/91083758.json,MR.h,0,0,0.5395,Grimmsnarl
91083794,/Users/nickzwart/Desktop/9-8-2026/91083794.json,wkonishi,1,1,0.5103,M-Lopunny
91083849,/Users/nickzwart/Desktop/9-8-2026/91083849.json,"Bart, Edwyn",0,0,0.5982,Grimmsnarl
91083906,/Users/nickzwart/Desktop/9-8-2026/91083906.json,Juyong,0,1,0.4386,Alakazam
91083906,/Users/nickzwart/Desktop/9-8-2026/91083906.json,"Bart, Edwyn",1,0,0.5982,Alakazam
91083925,/Users/nickzwart/Desktop/9-8-2026/91083925.json,Team Rot-Weiß,1,0,0.528,Grimmsnarl
91084518,/Users/nickzwart/Desktop/9-8-2026/91084518.json,masspeaks,1,0,0.4757,Hydrapple
91084647,/Users/nickzwart/Desktop/9-8-2026/91084647.json,MR.h,1,1,0.5395,Ogerpon
91084668,/Users/nickzwart/Desktop/9-8-2026/91084668.json,Juyong,0,0,0.4386,M-Lopunny
91084823,/Users/nickzwart/Desktop/9-8-2026/91084823.json,MR.h,1,0,0.5395,M-Lucario
91085531,/Users/nickzwart/Desktop/9-8-2026/91085531.json,MR.h,1,1,0.5395,M-Lucario
91085532,/Users/nickzwart/Desktop/9-8-2026/91085532.json,AlphaStarmie,1,0,0.6129,Dragapult
91085535,/Users/nickzwart/Desktop/9-8-2026/91085535.json,vvs,0,1,0.5895,Hydrapple
91085536,/Users/nickzwart/Desktop/9-8-2026/91085536.json,vvs,1,0,0.5895,Hydrapple
91085613,/Users/nickzwart/Desktop/9-8-2026/91085613.json,AlphaStarmie,1,0,0.6129,Grimmsnarl
91086409,/Users/nickzwart/Desktop/9-8-2026/91086409.json,MR.h,0,0,0.5395,Alakazam
91086409,/Users/nickzwart/Desktop/9-8-2026/91086409.json,"kenkoooo @ estie, inc.",1,1,0.4154,Alakazam
91086411,/Users/nickzwart/Desktop/9-8-2026/91086411.json,"Bart, Edwyn",1,0,0.5982,Dragapult
91087113,/Users/nickzwart/Desktop/9-8-2026/91087113.json,Pokemon Fan,1,0,0.5417,Hydrapple
91087288,/Users/nickzwart/Desktop/9-8-2026/91087288.json,MR.h,1,0,0.5395,other
91087309,/Users/nickzwart/Desktop/9-8-2026/91087309.json,vvs,0,1,0.5895,M-Lopunny
91088025,/Users/nickzwart/Desktop/9-8-2026/91088025.json,"kenkoooo @ estie, inc.",0,1,0.4154,M-Kangaskhan
91088035,/Users/nickzwart/Desktop/9-8-2026/91088035.json,"Bart, Edwyn",1,1,0.5982,Grimmsnarl
91088162,/Users/nickzwart/Desktop/9-8-2026/91088162.json,Juyong,0,0,0.4386,Alakazam
91088162,/Users/nickzwart/Desktop/9-8-2026/91088162.json,MR.h,1,1,0.5395,Alakazam
91088913,/Users/nickzwart/Desktop/9-8-2026/91088913.json,MR.h,0,0,0.5395,Ogerpon
91088931,/Users/nickzwart/Desktop/9-8-2026/91088931.json,ANDPAD kaggler team,1,1,0.5612,M-Kangaskhan
91088974,/Users/nickzwart/Desktop/9-8-2026/91088974.json,"Bart, Edwyn",0,1,0.5982,M-Lopunny
91088987,/Users/nickzwart/Desktop/9-8-2026/91088987.json,AlphaStarmie,1,1,0.6129,M-Lucario
91089118,/Users/nickzwart/Desktop/9-8-2026/91089118.json,Team Rot-Weiß,0,1,0.528,Hydrapple
91089142,/Users/nickzwart/Desktop/9-8-2026/91089142.json,齐乐,0,0,0.4322,Hydrapple
91089914,/Users/nickzwart/Desktop/9-8-2026/91089914.json,MR.h,0,0,0.5395,Grimmsnarl
91090644,/Users/nickzwart/Desktop/9-8-2026/91090644.json,"Bart, Edwyn",0,1,0.5982,Alakazam
91090644,/Users/nickzwart/Desktop/9-8-2026/91090644.json,Petit Canard,1,0,0.697,Alakazam
91090678,/Users/nickzwart/Desktop/9-8-2026/91090678.json,齐乐,0,1,0.4322,M-Lopunny
91090823,/Users/nickzwart/Desktop/9-8-2026/91090823.json,MR.h,1,1,0.5395,M-Kangaskhan
91090916,/Users/nickzwart/Desktop/9-8-2026/91090916.json,miya,0,0,0.5179,Grimmsnarl
91091414,/Users/nickzwart/Desktop/9-8-2026/91091414.json,Rmy,0,0,0.125,M-Lopunny
91091501,/Users/nickzwart/Desktop/9-8-2026/91091501.json,"Bart, Edwyn",1,1,0.5982,M-Kangaskhan
91091552,/Users/nickzwart/Desktop/9-8-2026/91091552.json,齐乐,0,0,0.4322,Grimmsnarl
91091664,/Users/nickzwart/Desktop/9-8-2026/91091664.json,齐乐,0,0,0.4322,Alakazam
91091664,/Users/nickzwart/Desktop/9-8-2026/91091664.json,哈基米南北绿豆,1,1,0.5125,Alakazam
91091796,/Users/nickzwart/Desktop/9-8-2026/91091796.json,masspeaks,1,0,0.4757,Dragapult
91092394,/Users/nickzwart/Desktop/9-8-2026/91092394.json,Juyong,1,0,0.4386,Hydrapple
91092396,/Users/nickzwart/Desktop/9-8-2026/91092396.json,"Bart, Edwyn",1,1,0.5982,M-Lopunny
91092522,/Users/nickzwart/Desktop/9-8-2026/91092522.json,wkonishi,1,1,0.5103,Hydrapple
91092528,/Users/nickzwart/Desktop/9-8-2026/91092528.json,Pushu?,1,0,0.4328,Hydrapple
91093391,/Users/nickzwart/Desktop/9-8-2026/91093391.json,爆爆盛焼脂油麺,0,0,0.4944,Hydrapple
91093412,/Users/nickzwart/Desktop/9-8-2026/91093412.json,MR.h,1,0,0.5395,Dragapult
91093486,/Users/nickzwart/Desktop/9-8-2026/91093486.json,"Bart, Edwyn",1,0,0.5982,M-Kangaskhan
91093253,/Users/nickzwart/Desktop/9-8-2026/91093253.json,"Bart, Edwyn",0,0,0.5982,Alakazam
91093253,/Users/nickzwart/Desktop/9-8-2026/91093253.json,AdrianWang2003,1,1,0.2667,Alakazam
91093271,/Users/nickzwart/Desktop/9-8-2026/91093271.json,Mearyl,1,1,0.3913,Dudunsparce
91093291,/Users/nickzwart/Desktop/9-8-2026/91093291.json,"Bart, Edwyn",1,1,0.5982,Grimmsnarl
91093506,/Users/nickzwart/Desktop/9-8-2026/91093506.json,Ocyedwin,0,0,0.25,other
91093519,/Users/nickzwart/Desktop/9-8-2026/91093519.json,S4nkurero,1,0,0.5467,M-Lucario
91093533,/Users/nickzwart/Desktop/9-8-2026/91093533.json,Team Rot-Weiß,1,1,0.528,Hydrapple
91094117,/Users/nickzwart/Desktop/9-8-2026/91094117.json,Juyong,0,1,0.4386,M-Kangaskhan
91094144,/Users/nickzwart/Desktop/9-8-2026/91094144.json,"Bart, Edwyn",1,1,0.5982,Grimmsnarl
91095009,/Users/nickzwart/Desktop/9-8-2026/91095009.json,Rmy,0,1,0.125,Alakazam
91095009,/Users/nickzwart/Desktop/9-8-2026/91095009.json,"Bart, Edwyn",1,0,0.5982,Alakazam
91095818,/Users/nickzwart/Desktop/9-8-2026/91095818.json,miya,1,0,0.5179,M-Kangaskhan
91095885,/Users/nickzwart/Desktop/9-8-2026/91095885.json,"Bart, Edwyn",1,1,0.5982,M-Lopunny
91095986,/Users/nickzwart/Desktop/9-8-2026/91095986.json,MTADA,1,0,0.375,Ogerpon
91096113,/Users/nickzwart/Desktop/9-8-2026/91096113.json,vvs,0,0,0.5895,M-Lopunny
91096115,/Users/nickzwart/Desktop/9-8-2026/91096115.json,MR.h,0,0,0.5395,M-Lopunny
91097564,/Users/nickzwart/Desktop/9-8-2026/91097564.json,aaa,0,0,0.6279,M-Kangaskhan
91096853,/Users/nickzwart/Desktop/9-8-2026/91096853.json,"Bart, Edwyn",1,0,0.5982,Hydrapple
91096875,/Users/nickzwart/Desktop/9-8-2026/91096875.json,S4nkurero,1,1,0.5467,M-Lopunny
91096891,/Users/nickzwart/Desktop/9-8-2026/91096891.json,"Bart, Edwyn",1,0,0.5982,M-Lopunny
91098432,/Users/nickzwart/Desktop/9-8-2026/91098432.json,fishcat,1,0,0.4815,M-Kangaskhan
91099310,/Users/nickzwart/Desktop/9-8-2026/91099310.json,ei1333,0,1,0.5349,Alakazam
91099310,/Users/nickzwart/Desktop/9-8-2026/91099310.json,wkonishi,1,0,0.5103,Alakazam
91099374,/Users/nickzwart/Desktop/9-8-2026/91099374.json,"Bart, Edwyn",1,0,0.5982,Dudunsparce
91100261,/Users/nickzwart/Desktop/9-8-2026/91100261.json,"Bart, Edwyn",1,1,0.5982,Dragapult
91100295,/Users/nickzwart/Desktop/9-8-2026/91100295.json,masspeaks,1,0,0.4757,M-Kangaskhan
91101354,/Users/nickzwart/Desktop/9-8-2026/91101354.json,wkonishi,0,1,0.5103,M-Froslass
91101134,/Users/nickzwart/Desktop/9-8-2026/91101134.json,"Bart, Edwyn",1,1,0.5982,Grimmsnarl
91101159,/Users/nickzwart/Desktop/9-8-2026/91101159.json,"kenkoooo @ estie, inc.",0,0,0.4154,Dragapult
91102809,/Users/nickzwart/Desktop/9-8-2026/91102809.json,AdrianWang2003,0,0,0.2667,M-Kangaskhan
91102882,/Users/nickzwart/Desktop/9-8-2026/91102882.json,Pushu?,0,1,0.4328,Alakazam
91102882,/Users/nickzwart/Desktop/9-8-2026/91102882.json,"Bart, Edwyn",1,0,0.5982,Alakazam
91103861,/Users/nickzwart/Desktop/9-8-2026/91103861.json,Mearyl,0,0,0.3913,M-Lucario
91103887,/Users/nickzwart/Desktop/9-8-2026/91103887.json,ANDPAD kaggler team,1,0,0.5612,M-Lopunny
91103975,/Users/nickzwart/Desktop/9-8-2026/91103975.json,miya,0,0,0.5179,M-Lopunny
91104730,/Users/nickzwart/Desktop/9-8-2026/91104730.json,fishcat,0,1,0.4815,Ogerpon
91104834,/Users/nickzwart/Desktop/9-8-2026/91104834.json,MR.h,0,0,0.5395,M-Lopunny
91104541,/Users/nickzwart/Desktop/9-8-2026/91104541.json,wkonishi,1,0,0.5103,Crustle
91104619,/Users/nickzwart/Desktop/9-8-2026/91104619.json,wkonishi,1,1,0.5103,M-Kangaskhan
91105496,/Users/nickzwart/Desktop/9-8-2026/91105496.json,爆爆盛焼脂油麺,1,0,0.4944,Hydrapple
91105527,/Users/nickzwart/Desktop/9-8-2026/91105527.json,"Bart, Edwyn",1,1,0.5982,M-Kangaskhan
91105592,/Users/nickzwart/Desktop/9-8-2026/91105592.json,Evgeniy Zdoronok,0,1,0.5789,Grimmsnarl
91105648,/Users/nickzwart/Desktop/9-8-2026/91105648.json,AlphaStarmie,0,1,0.6129,M-Lopunny
91105715,/Users/nickzwart/Desktop/9-8-2026/91105715.json,pokewaves,0,1,0.3889,M-Kangaskhan
91106336,/Users/nickzwart/Desktop/9-8-2026/91106336.json,爆爆盛焼脂油麺,0,0,0.4944,M-Kangaskhan
91106377,/Users/nickzwart/Desktop/9-8-2026/91106377.json,"kenkoooo @ estie, inc.",1,0,0.4154,Dragapult
91106392,/Users/nickzwart/Desktop/9-8-2026/91106392.json,"Bart, Edwyn",1,1,0.5982,Grimmsnarl
91106430,/Users/nickzwart/Desktop/9-8-2026/91106430.json,bono,0,0,0.1905,Grimmsnarl
91106603,/Users/nickzwart/Desktop/9-8-2026/91106603.json,Juyong,0,0,0.4386,Grimmsnarl
91108346,/Users/nickzwart/Desktop/9-8-2026/91108346.json,wkonishi,1,0,0.5103,Dragapult
91108895,/Users/nickzwart/Desktop/9-8-2026/91108895.json,ei1333,0,1,0.5349,M-Froslass
91108908,/Users/nickzwart/Desktop/9-8-2026/91108908.json,pokewaves,0,1,0.3889,Grimmsnarl
91108076,/Users/nickzwart/Desktop/9-8-2026/91108076.json,wkonishi,0,0,0.5103,M-Lopunny
91107324,/Users/nickzwart/Desktop/9-8-2026/91107324.json,bono,1,0,0.1905,M-Lopunny
91109007,/Users/nickzwart/Desktop/9-8-2026/91109007.json,Ghleii,1,1,0.5556,M-Kangaskhan
91109072,/Users/nickzwart/Desktop/9-8-2026/91109072.json,"Bart, Edwyn",0,0,0.5982,Grimmsnarl
91109770,/Users/nickzwart/Desktop/9-8-2026/91109770.json,"kenkoooo @ estie, inc.",1,1,0.4154,Grimmsnarl
91110045,/Users/nickzwart/Desktop/9-8-2026/91110045.json,Evgeniy Zdoronok,1,1,0.5789,Dudunsparce
91111672,/Users/nickzwart/Desktop/9-8-2026/91111672.json,pokewaves,1,0,0.3889,Dragapult
91111741,/Users/nickzwart/Desktop/9-8-2026/91111741.json,齐乐,0,0,0.4322,M-Lopunny
91111832,/Users/nickzwart/Desktop/9-8-2026/91111832.json,齐乐,1,0,0.4322,Dragapult
91112417,/Users/nickzwart/Desktop/9-8-2026/91112417.json,"Bart, Edwyn",1,1,0.5982,Grimmsnarl
91111548,/Users/nickzwart/Desktop/9-8-2026/91111548.json,miya,0,0,0.5179,Grimmsnarl
91111573,/Users/nickzwart/Desktop/9-8-2026/91111573.json,S4nkurero,1,0,0.5467,Grimmsnarl
91111575,/Users/nickzwart/Desktop/9-8-2026/91111575.json,Team,0,1,0.5161,Dragapult
91110733,/Users/nickzwart/Desktop/9-8-2026/91110733.json,wkonishi,1,1,0.5103,M-Lopunny
91110838,/Users/nickzwart/Desktop/9-8-2026/91110838.json,"Bart, Edwyn",1,1,0.5982,Grimmsnarl
91110924,/Users/nickzwart/Desktop/9-8-2026/91110924.json,爆爆盛焼脂油麺,1,0,0.4944,Dragapult
91110933,/Users/nickzwart/Desktop/9-8-2026/91110933.json,masspeaks,0,1,0.4757,Alakazam
91110933,/Users/nickzwart/Desktop/9-8-2026/91110933.json,Petit Canard,1,0,0.697,Alakazam
91110992,/Users/nickzwart/Desktop/9-8-2026/91110992.json,哈基米南北绿豆,0,0,0.5125,Grimmsnarl
91112613,/Users/nickzwart/Desktop/9-8-2026/91112613.json,Team Rot-Weiß,1,0,0.528,M-Lopunny
91112619,/Users/nickzwart/Desktop/9-8-2026/91112619.json,ei1333,1,0,0.5349,Grimmsnarl
91112623,/Users/nickzwart/Desktop/9-8-2026/91112623.json,AlphaStarmie,1,0,0.6129,other
91113292,/Users/nickzwart/Desktop/9-8-2026/91113292.json,NorthStar,0,0,0.2778,Grimmsnarl
91113342,/Users/nickzwart/Desktop/9-8-2026/91113342.json,wkonishi,1,0,0.5103,Grimmsnarl
91114168,/Users/nickzwart/Desktop/9-8-2026/91114168.json,Juyong,0,1,0.4386,Grimmsnarl
91114223,/Users/nickzwart/Desktop/9-8-2026/91114223.json,wkonishi,0,1,0.5103,M-Lopunny
91114273,/Users/nickzwart/Desktop/9-8-2026/91114273.json,Team Rot-Weiß,0,1,0.528,Hydrapple
91113492,/Users/nickzwart/Desktop/9-8-2026/91113492.json,"Bart, Edwyn",0,1,0.5982,Ogerpon
91113569,/Users/nickzwart/Desktop/9-8-2026/91113569.json,masspeaks,0,0,0.4757,Grimmsnarl
91114431,/Users/nickzwart/Desktop/9-8-2026/91114431.json,vvs,0,1,0.5895,other
91115071,/Users/nickzwart/Desktop/9-8-2026/91115071.json,masspeaks,1,0,0.4757,Grimmsnarl
91115340,/Users/nickzwart/Desktop/9-8-2026/91115340.json,隔壁老王,0,1,0.3125,Hydrapple
91115984,/Users/nickzwart/Desktop/9-8-2026/91115984.json,wkonishi,0,1,0.5103,Alakazam
91115984,/Users/nickzwart/Desktop/9-8-2026/91115984.json,Team Rot-Weiß,1,0,0.528,Alakazam
91116036,/Users/nickzwart/Desktop/9-8-2026/91116036.json,Team Rot-Weiß,1,1,0.528,M-Kangaskhan
91116045,/Users/nickzwart/Desktop/9-8-2026/91116045.json,哈基米南北绿豆,1,0,0.5125,Hydrapple
91116101,/Users/nickzwart/Desktop/9-8-2026/91116101.json,ANDPAD kaggler team,1,0,0.5612,M-Kangaskhan
91116197,/Users/nickzwart/Desktop/9-8-2026/91116197.json,Team KASA.,0,1,0.4737,M-Kangaskhan
91116764,/Users/nickzwart/Desktop/9-8-2026/91116764.json,Challengestone,0,1,0.4419,Ogerpon
91116786,/Users/nickzwart/Desktop/9-8-2026/91116786.json,"Bart, Edwyn",0,1,0.5982,Grimmsnarl
91116811,/Users/nickzwart/Desktop/9-8-2026/91116811.json,Evgeniy Zdoronok,1,0,0.5789,Grimmsnarl
91117930,/Users/nickzwart/Desktop/9-8-2026/91117930.json,MR.h,0,1,0.5395,Alakazam
91117930,/Users/nickzwart/Desktop/9-8-2026/91117930.json,Team Rot-Weiß,1,0,0.528,Alakazam
91118528,/Users/nickzwart/Desktop/9-8-2026/91118528.json,Challengestone,1,1,0.4419,Grimmsnarl
91118566,/Users/nickzwart/Desktop/9-8-2026/91118566.json,Team KASA.,0,1,0.4737,M-Lopunny
91117105,/Users/nickzwart/Desktop/9-8-2026/91117105.json,Team KASA.,0,1,0.4737,Grimmsnarl
91117639,/Users/nickzwart/Desktop/9-8-2026/91117639.json,Challengestone,1,1,0.4419,Grimmsnarl
91118630,/Users/nickzwart/Desktop/9-8-2026/91118630.json,wkonishi,0,0,0.5103,Alakazam
91118630,/Users/nickzwart/Desktop/9-8-2026/91118630.json,Mearyl,1,1,0.3913,Alakazam
91118691,/Users/nickzwart/Desktop/9-8-2026/91118691.json,Mearyl,0,1,0.3913,Hydrapple
91118802,/Users/nickzwart/Desktop/9-8-2026/91118802.json,哈基米南北绿豆,0,1,0.5125,M-Lopunny
91119565,/Users/nickzwart/Desktop/9-8-2026/91119565.json,Ghleii,1,0,0.5556,Hydrapple
91119583,/Users/nickzwart/Desktop/9-8-2026/91119583.json,fishcat,1,0,0.4815,Hydrapple
91119635,/Users/nickzwart/Desktop/9-8-2026/91119635.json,S4nkurero,1,0,0.5467,M-Kangaskhan
91119402,/Users/nickzwart/Desktop/9-8-2026/91119402.json,Challengestone,0,0,0.4419,Alakazam
91119402,/Users/nickzwart/Desktop/9-8-2026/91119402.json,哈基米南北绿豆,1,1,0.5125,Alakazam
91119447,/Users/nickzwart/Desktop/9-8-2026/91119447.json,哈基米南北绿豆,1,1,0.5125,Grimmsnarl
91119718,/Users/nickzwart/Desktop/9-8-2026/91119718.json,MR.h,0,0,0.5395,M-Kangaskhan
91120253,/Users/nickzwart/Desktop/9-8-2026/91120253.json,齐乐,1,1,0.4322,Grimmsnarl
91120258,/Users/nickzwart/Desktop/9-8-2026/91120258.json,Challengestone,0,0,0.4419,Ogerpon
91120527,/Users/nickzwart/Desktop/9-8-2026/91120527.json,爆爆盛焼脂油麺,0,0,0.4944,Ogerpon
91120564,/Users/nickzwart/Desktop/9-8-2026/91120564.json,wkonishi,0,1,0.5103,M-Lopunny
91121109,/Users/nickzwart/Desktop/9-8-2026/91121109.json,宝糕手,1,1,0.5128,Ogerpon
91121116,/Users/nickzwart/Desktop/9-8-2026/91121116.json,Team,1,1,0.5161,Dragapult
91120375,/Users/nickzwart/Desktop/9-8-2026/91120375.json,Mearyl,0,1,0.3913,Dragapult
91120386,/Users/nickzwart/Desktop/9-8-2026/91120386.json,Ghleii,1,0,0.5556,M-Lucario
91120454,/Users/nickzwart/Desktop/9-8-2026/91120454.json,wkonishi,1,0,0.5103,M-Lopunny
91121153,/Users/nickzwart/Desktop/9-8-2026/91121153.json,Challengestone,1,1,0.4419,Crustle
91121182,/Users/nickzwart/Desktop/9-8-2026/91121182.json,Evgeniy Zdoronok,1,1,0.5789,Grimmsnarl
91121354,/Users/nickzwart/Desktop/9-8-2026/91121354.json,haruto,0,0,0.4035,Hydrapple
91121428,/Users/nickzwart/Desktop/9-8-2026/91121428.json,哈基米南北绿豆,0,0,0.5125,Grimmsnarl
91121432,/Users/nickzwart/Desktop/9-8-2026/91121432.json,AlphaStarmie,0,1,0.6129,M-Lucario
91122020,/Users/nickzwart/Desktop/9-8-2026/91122020.json,Challengestone,0,0,0.4419,Alakazam
91122020,/Users/nickzwart/Desktop/9-8-2026/91122020.json,aaa,1,1,0.6279,Alakazam
91122069,/Users/nickzwart/Desktop/9-8-2026/91122069.json,Team Rot-Weiß,1,0,0.528,Grimmsnarl
91122287,/Users/nickzwart/Desktop/9-8-2026/91122287.json,Jonathan Coletti,1,0,0.6226,M-Lucario
91122987,/Users/nickzwart/Desktop/9-8-2026/91122987.json,宝糕手,1,0,0.5128,Dragapult
91123096,/Users/nickzwart/Desktop/9-8-2026/91123096.json,AlphaStarmie,0,1,0.6129,M-Lucario
91123131,/Users/nickzwart/Desktop/9-8-2026/91123131.json,wkonishi,1,0,0.5103,Grimmsnarl
91122857,/Users/nickzwart/Desktop/9-8-2026/91122857.json,宝糕手,1,1,0.5128,Grimmsnarl
91122873,/Users/nickzwart/Desktop/9-8-2026/91122873.json,haruto,0,1,0.4035,Alakazam
91122873,/Users/nickzwart/Desktop/9-8-2026/91122873.json,Challengestone,1,0,0.4419,Alakazam
91122899,/Users/nickzwart/Desktop/9-8-2026/91122899.json,哈基米南北绿豆,1,1,0.5125,Dragapult
91123763,/Users/nickzwart/Desktop/9-8-2026/91123763.json,NorthStar,0,0,0.2778,Grimmsnarl
91123789,/Users/nickzwart/Desktop/9-8-2026/91123789.json,Challengestone,0,0,0.4419,Grimmsnarl
91123829,/Users/nickzwart/Desktop/9-8-2026/91123829.json,哈基米南北绿豆,1,0,0.5125,Grimmsnarl
91124000,/Users/nickzwart/Desktop/9-8-2026/91124000.json,Ghleii,1,0,0.5556,Hydrapple
91124100,/Users/nickzwart/Desktop/9-8-2026/91124100.json,Challengestone,0,0,0.4419,Dragapult
91124674,/Users/nickzwart/Desktop/9-8-2026/91124674.json,"Bart, Edwyn",0,0,0.5982,Dragapult
91124956,/Users/nickzwart/Desktop/9-8-2026/91124956.json,AlphaStarmie,1,0,0.6129,other
91125489,/Users/nickzwart/Desktop/9-8-2026/91125489.json,Jonathan Coletti,1,0,0.6226,M-Lopunny
91125507,/Users/nickzwart/Desktop/9-8-2026/91125507.json,宝糕手,0,0,0.5128,M-Kangaskhan
91125545,/Users/nickzwart/Desktop/9-8-2026/91125545.json,Challengestone,1,1,0.4419,Meganium
91125546,/Users/nickzwart/Desktop/9-8-2026/91125546.json,ANDPAD kaggler team,1,1,0.5612,Dragapult
91126441,/Users/nickzwart/Desktop/9-8-2026/91126441.json,wkonishi,0,0,0.5103,M-Lopunny
91128138,/Users/nickzwart/Desktop/9-8-2026/91128138.json,宝糕手,1,1,0.5128,M-Kangaskhan
91128250,/Users/nickzwart/Desktop/9-8-2026/91128250.json,S4nkurero,0,1,0.5467,M-Lopunny
91129028,/Users/nickzwart/Desktop/9-8-2026/91129028.json,宝糕手,0,1,0.5128,Ogerpon
91129061,/Users/nickzwart/Desktop/9-8-2026/91129061.json,Team,0,0,0.5161,Ogerpon
91129120,/Users/nickzwart/Desktop/9-8-2026/91129120.json,redblackbst,0,0,0.3125,Dragapult
91129317,/Users/nickzwart/Desktop/9-8-2026/91129317.json,vvs,0,0,0.5895,Grimmsnarl
91129887,/Users/nickzwart/Desktop/9-8-2026/91129887.json,齐乐,0,0,0.4322,Grimmsnarl
91130783,/Users/nickzwart/Desktop/9-8-2026/91130783.json,Evgeniy Zdoronok,1,0,0.5789,Grimmsnarl
91130806,/Users/nickzwart/Desktop/9-8-2026/91130806.json,MTADA,0,1,0.375,Alakazam
91130806,/Users/nickzwart/Desktop/9-8-2026/91130806.json,"Bart, Edwyn",1,0,0.5982,Alakazam
91130815,/Users/nickzwart/Desktop/9-8-2026/91130815.json,Challengestone,1,0,0.4419,M-Lopunny
91130834,/Users/nickzwart/Desktop/9-8-2026/91130834.json,Pokemon Fan,1,1,0.5417,M-Lopunny
91130129,/Users/nickzwart/Desktop/9-8-2026/91130129.json,Pushu?,0,1,0.4328,Alakazam
91130129,/Users/nickzwart/Desktop/9-8-2026/91130129.json,MR.h,1,0,0.5395,Alakazam
91130152,/Users/nickzwart/Desktop/9-8-2026/91130152.json,"kenkoooo @ estie, inc.",0,0,0.4154,Grimmsnarl
91129938,/Users/nickzwart/Desktop/9-8-2026/91129938.json,vvs,1,0,0.5895,Dragapult
91129967,/Users/nickzwart/Desktop/9-8-2026/91129967.json,Challengestone,0,1,0.4419,Grimmsnarl
91130854,/Users/nickzwart/Desktop/9-8-2026/91130854.json,"kenkoooo @ estie, inc.",0,0,0.4154,Grimmsnarl
91131069,/Users/nickzwart/Desktop/9-8-2026/91131069.json,Mearyl,1,0,0.3913,M-Lopunny
91131653,/Users/nickzwart/Desktop/9-8-2026/91131653.json,Evgeniy Zdoronok,0,1,0.5789,Dragapult
91131693,/Users/nickzwart/Desktop/9-8-2026/91131693.json,宝糕手,1,0,0.5128,Dragapult
91131943,/Users/nickzwart/Desktop/9-8-2026/91131943.json,"Bart, Edwyn",0,1,0.5982,Ogerpon
91132550,/Users/nickzwart/Desktop/9-8-2026/91132550.json,"Bart, Edwyn",1,0,0.5982,Grimmsnarl
91132584,/Users/nickzwart/Desktop/9-8-2026/91132584.json,fishcat,1,0,0.4815,Crustle
91132587,/Users/nickzwart/Desktop/9-8-2026/91132587.json,Juyong,0,1,0.4386,Grimmsnarl
91133310,/Users/nickzwart/Desktop/9-8-2026/91133310.json,Can,1,0,0.4853,M-Lucario
91133325,/Users/nickzwart/Desktop/9-8-2026/91133325.json,Mearyl,0,0,0.3913,Grimmsnarl
91133372,/Users/nickzwart/Desktop/9-8-2026/91133372.json,齐乐,1,0,0.4322,Dragapult
91132682,/Users/nickzwart/Desktop/9-8-2026/91132682.json,哈基米南北绿豆,1,1,0.5125,M-Lucario
91132776,/Users/nickzwart/Desktop/9-8-2026/91132776.json,AlphaStarmie,0,1,0.6129,M-Kangaskhan
91132795,/Users/nickzwart/Desktop/9-8-2026/91132795.json,宝糕手,1,1,0.5128,Grimmsnarl
91133678,/Users/nickzwart/Desktop/9-8-2026/91133678.json,ANDPAD kaggler team,1,0,0.5612,Dragapult
91134249,/Users/nickzwart/Desktop/9-8-2026/91134249.json,Team Rot-Weiß,1,0,0.528,Grimmsnarl
91133441,/Users/nickzwart/Desktop/9-8-2026/91133441.json,ei1333,1,0,0.5349,M-Kangaskhan
91133592,/Users/nickzwart/Desktop/9-8-2026/91133592.json,pokewaves,1,1,0.3889,Ogerpon
91134464,/Users/nickzwart/Desktop/9-8-2026/91134464.json,AlphaStarmie,0,1,0.6129,other
91134492,/Users/nickzwart/Desktop/9-8-2026/91134492.json,ANDPAD kaggler team,0,1,0.5612,Ogerpon
91134550,/Users/nickzwart/Desktop/9-8-2026/91134550.json,wkonishi,1,1,0.5103,M-Froslass
91135058,/Users/nickzwart/Desktop/9-8-2026/91135058.json,Pokemon Fan,0,0,0.5417,Ogerpon
91134341,/Users/nickzwart/Desktop/9-8-2026/91134341.json,Evgeniy Zdoronok,1,1,0.5789,Dragapult
91134414,/Users/nickzwart/Desktop/9-8-2026/91134414.json,masspeaks,1,0,0.4757,M-Lopunny
91135126,/Users/nickzwart/Desktop/9-8-2026/91135126.json,宝糕手,1,0,0.5128,Grimmsnarl
91135192,/Users/nickzwart/Desktop/9-8-2026/91135192.json,Team Rot-Weiß,1,1,0.528,Grimmsnarl
91135225,/Users/nickzwart/Desktop/9-8-2026/91135225.json,Team,0,0,0.5161,Dragapult
91135416,/Users/nickzwart/Desktop/9-8-2026/91135416.json,Ghleii,0,1,0.5556,Crustle
91135920,/Users/nickzwart/Desktop/9-8-2026/91135920.json,爆爆盛焼脂油麺,1,1,0.4944,M-Lopunny
91135945,/Users/nickzwart/Desktop/9-8-2026/91135945.json,NorthStar,1,1,0.2778,M-Lopunny
91136026,/Users/nickzwart/Desktop/9-8-2026/91136026.json,"kenkoooo @ estie, inc.",0,0,0.4154,Alakazam
91136026,/Users/nickzwart/Desktop/9-8-2026/91136026.json,宝糕手,1,1,0.5128,Alakazam
91136075,/Users/nickzwart/Desktop/9-8-2026/91136075.json,MTADA,1,0,0.375,Grimmsnarl
91136155,/Users/nickzwart/Desktop/9-8-2026/91136155.json,Juyong,0,0,0.4386,Dragapult
91136286,/Users/nickzwart/Desktop/9-8-2026/91136286.json,齐乐,1,0,0.4322,Dragapult
91136903,/Users/nickzwart/Desktop/9-8-2026/91136903.json,宝糕手,0,1,0.5128,M-Kangaskhan
91136932,/Users/nickzwart/Desktop/9-8-2026/91136932.json,宝糕手,0,1,0.5128,Dragapult
91138015,/Users/nickzwart/Desktop/9-8-2026/91138015.json,AlphaStarmie,0,0,0.6129,Grimmsnarl
91138658,/Users/nickzwart/Desktop/9-8-2026/91138658.json,宝糕手,1,1,0.5128,M-Lopunny
91137803,/Users/nickzwart/Desktop/9-8-2026/91137803.json,"Bart, Edwyn",0,1,0.5982,Ogerpon
91137811,/Users/nickzwart/Desktop/9-8-2026/91137811.json,Jonathan Coletti,0,1,0.6226,Grimmsnarl
91137814,/Users/nickzwart/Desktop/9-8-2026/91137814.json,Ghleii,1,0,0.5556,Dragapult
91137884,/Users/nickzwart/Desktop/9-8-2026/91137884.json,AlphaStarmie,1,1,0.6129,M-Lucario
91138683,/Users/nickzwart/Desktop/9-8-2026/91138683.json,"kenkoooo @ estie, inc.",0,0,0.4154,Grimmsnarl
91138685,/Users/nickzwart/Desktop/9-8-2026/91138685.json,masspeaks,0,1,0.4757,Grimmsnarl
91138876,/Users/nickzwart/Desktop/9-8-2026/91138876.json,Evgeniy Zdoronok,1,0,0.5789,Dragapult
91139535,/Users/nickzwart/Desktop/9-8-2026/91139535.json,vvs,0,1,0.5895,Alakazam
91139535,/Users/nickzwart/Desktop/9-8-2026/91139535.json,宝糕手,1,0,0.5128,Alakazam
91139559,/Users/nickzwart/Desktop/9-8-2026/91139559.json,爆爆盛焼脂油麺,0,1,0.4944,Dragapult
91139580,/Users/nickzwart/Desktop/9-8-2026/91139580.json,Juyong,0,0,0.4386,Crustle
91139748,/Users/nickzwart/Desktop/9-8-2026/91139748.json,AlphaStarmie,0,0,0.6129,M-Kangaskhan
91140358,/Users/nickzwart/Desktop/9-8-2026/91140358.json,"kenkoooo @ estie, inc.",0,1,0.4154,M-Lopunny
91140428,/Users/nickzwart/Desktop/9-8-2026/91140428.json,haruto,0,1,0.4035,Alakazam
91140428,/Users/nickzwart/Desktop/9-8-2026/91140428.json,宝糕手,1,0,0.5128,Alakazam
91140455,/Users/nickzwart/Desktop/9-8-2026/91140455.json,爆爆盛焼脂油麺,1,0,0.4944,Grimmsnarl
91141398,/Users/nickzwart/Desktop/9-8-2026/91141398.json,MTADA,1,0,0.375,Grimmsnarl
91141521,/Users/nickzwart/Desktop/9-8-2026/91141521.json,ANDPAD kaggler team,0,0,0.5612,M-Kangaskhan
91141218,/Users/nickzwart/Desktop/9-8-2026/91141218.json,vvs,0,0,0.5895,Dragapult
91141305,/Users/nickzwart/Desktop/9-8-2026/91141305.json,AlphaStarmie,0,1,0.6129,Alakazam
91141377,/Users/nickzwart/Desktop/9-8-2026/91141377.json,宝糕手,1,0,0.5128,Ogerpon
91141390,/Users/nickzwart/Desktop/9-8-2026/91141390.json,masspeaks,1,0,0.4757,Ogerpon
91142185,/Users/nickzwart/Desktop/9-8-2026/91142185.json,宝糕手,0,1,0.5128,other
91142212,/Users/nickzwart/Desktop/9-8-2026/91142212.json,"Bart, Edwyn",1,0,0.5982,Dragapult
91142232,/Users/nickzwart/Desktop/9-8-2026/91142232.json,MTADA,0,0,0.375,M-Lopunny
91142378,/Users/nickzwart/Desktop/9-8-2026/91142378.json,AlphaStarmie,0,1,0.6129,Alakazam
91142378,/Users/nickzwart/Desktop/9-8-2026/91142378.json,齐乐,1,0,0.4322,Alakazam
91143067,/Users/nickzwart/Desktop/9-8-2026/91143067.json,宝糕手,1,0,0.5128,Ogerpon
91142352,/Users/nickzwart/Desktop/9-8-2026/91142352.json,Team Rot-Weiß,1,0,0.528,M-Lopunny
91142358,/Users/nickzwart/Desktop/9-8-2026/91142358.json,bono,0,1,0.1905,Grimmsnarl
91142364,/Users/nickzwart/Desktop/9-8-2026/91142364.json,MTADA,1,1,0.375,M-Lopunny
91143918,/Users/nickzwart/Desktop/9-8-2026/91143918.json,pokewaves,1,0,0.3889,Hydrapple
91143140,/Users/nickzwart/Desktop/9-8-2026/91143140.json,AlphaStarmie,0,0,0.6129,M-Lucario
91144118,/Users/nickzwart/Desktop/9-8-2026/91144118.json,AlphaStarmie,1,1,0.6129,Dragapult
91144143,/Users/nickzwart/Desktop/9-8-2026/91144143.json,"kenkoooo @ estie, inc.",1,1,0.4154,Ogerpon
91144047,/Users/nickzwart/Desktop/9-8-2026/91144047.json,Evgeniy Zdoronok,1,0,0.5789,Dragapult
91144073,/Users/nickzwart/Desktop/9-8-2026/91144073.json,hotpotbro,0,0,0.2609,Ogerpon
91144880,/Users/nickzwart/Desktop/9-8-2026/91144880.json,AlphaStarmie,0,0,0.6129,M-Lucario
91144904,/Users/nickzwart/Desktop/9-8-2026/91144904.json,AlphaStarmie,0,1,0.6129,Alakazam
91144904,/Users/nickzwart/Desktop/9-8-2026/91144904.json,宝糕手,1,0,0.5128,Alakazam
91144805,/Users/nickzwart/Desktop/9-8-2026/91144805.json,bono,1,0,0.1905,Grimmsnarl
91144937,/Users/nickzwart/Desktop/9-8-2026/91144937.json,哈基米南北绿豆,1,1,0.5125,M-Kangaskhan
91145599,/Users/nickzwart/Desktop/9-8-2026/91145599.json,爆爆盛焼脂油麺,0,1,0.4944,Ogerpon
91145637,/Users/nickzwart/Desktop/9-8-2026/91145637.json,"Bart, Edwyn",1,0,0.5982,Hydrapple
91145751,/Users/nickzwart/Desktop/9-8-2026/91145751.json,Team,0,1,0.5161,M-Lucario
91145798,/Users/nickzwart/Desktop/9-8-2026/91145798.json,AlphaStarmie,1,0,0.6129,M-Kangaskhan
91145823,/Users/nickzwart/Desktop/9-8-2026/91145823.json,哈基米南北绿豆,1,1,0.5125,M-Kangaskhan
91145826,/Users/nickzwart/Desktop/9-8-2026/91145826.json,"kenkoooo @ estie, inc.",0,0,0.4154,Grimmsnarl
91145704,/Users/nickzwart/Desktop/9-8-2026/91145704.json,宝糕手,1,0,0.5128,Hydrapple
91145724,/Users/nickzwart/Desktop/9-8-2026/91145724.json,Challengestone,0,1,0.4419,Dragapult
91146605,/Users/nickzwart/Desktop/9-8-2026/91146605.json,"Bart, Edwyn",1,0,0.5982,Grimmsnarl
91146629,/Users/nickzwart/Desktop/9-8-2026/91146629.json,"Bart, Edwyn",1,0,0.5982,Grimmsnarl
91146694,/Users/nickzwart/Desktop/9-8-2026/91146694.json,AlphaStarmie,1,1,0.6129,M-Lopunny
91147331,/Users/nickzwart/Desktop/9-8-2026/91147331.json,S4nkurero,1,1,0.5467,Hydrapple
91146589,/Users/nickzwart/Desktop/9-8-2026/91146589.json,宝糕手,0,0,0.5128,M-Lopunny
91147402,/Users/nickzwart/Desktop/9-8-2026/91147402.json,vvs,0,1,0.5895,Hydrapple
91147496,/Users/nickzwart/Desktop/9-8-2026/91147496.json,"Bart, Edwyn",0,0,0.5982,Grimmsnarl
91147497,/Users/nickzwart/Desktop/9-8-2026/91147497.json,Challengestone,0,1,0.4419,Dragapult
91147572,/Users/nickzwart/Desktop/9-8-2026/91147572.json,AlphaStarmie,1,1,0.6129,Grimmsnarl
91148213,/Users/nickzwart/Desktop/9-8-2026/91148213.json,S4nkurero,0,1,0.5467,Grimmsnarl
91148336,/Users/nickzwart/Desktop/9-8-2026/91148336.json,隔壁老王,1,1,0.3125,Grimmsnarl
91148384,/Users/nickzwart/Desktop/9-8-2026/91148384.json,"Bart, Edwyn",1,1,0.5982,Grimmsnarl
91148397,/Users/nickzwart/Desktop/9-8-2026/91148397.json,Juyong,0,1,0.4386,Crustle
91149319,/Users/nickzwart/Desktop/9-8-2026/91149319.json,ANDPAD kaggler team,0,0,0.5612,Grimmsnarl
91149324,/Users/nickzwart/Desktop/9-8-2026/91149324.json,S4nkurero,0,0,0.5467,Dragapult
91148435,/Users/nickzwart/Desktop/9-8-2026/91148435.json,哈基米南北绿豆,0,0,0.5125,Alakazam
91148435,/Users/nickzwart/Desktop/9-8-2026/91148435.json,AlphaStarmie,1,1,0.6129,Alakazam
91148524,/Users/nickzwart/Desktop/9-8-2026/91148524.json,MR.h,0,1,0.5395,Grimmsnarl
91149166,/Users/nickzwart/Desktop/9-8-2026/91149166.json,MTADA,0,1,0.375,Dragapult
91149173,/Users/nickzwart/Desktop/9-8-2026/91149173.json,Juyong,0,1,0.4386,Ogerpon
91149396,/Users/nickzwart/Desktop/9-8-2026/91149396.json,Pushu?,1,0,0.4328,Grimmsnarl
91149987,/Users/nickzwart/Desktop/9-8-2026/91149987.json,S4nkurero,0,1,0.5467,M-Kangaskhan
91150048,/Users/nickzwart/Desktop/9-8-2026/91150048.json,pokewaves,1,0,0.3889,Grimmsnarl
91150124,/Users/nickzwart/Desktop/9-8-2026/91150124.json,Evgeniy Zdoronok,0,1,0.5789,Ogerpon
91151058,/Users/nickzwart/Desktop/9-8-2026/91151058.json,AlphaStarmie,1,1,0.6129,M-Lopunny
91151747,/Users/nickzwart/Desktop/9-8-2026/91151747.json,S4nkurero,1,1,0.5467,Grimmsnarl
91151760,/Users/nickzwart/Desktop/9-8-2026/91151760.json,齐乐,0,1,0.4322,Grimmsnarl
91150192,/Users/nickzwart/Desktop/9-8-2026/91150192.json,AlphaStarmie,0,1,0.6129,Garchomp
91150234,/Users/nickzwart/Desktop/9-8-2026/91150234.json,fishcat,0,1,0.4815,M-Kangaskhan
91150262,/Users/nickzwart/Desktop/9-8-2026/91150262.json,fishcat,1,1,0.4815,Grimmsnarl
91150869,/Users/nickzwart/Desktop/9-8-2026/91150869.json,MTADA,0,0,0.375,Alakazam
91150869,/Users/nickzwart/Desktop/9-8-2026/91150869.json,S4nkurero,1,1,0.5467,Alakazam
91151914,/Users/nickzwart/Desktop/9-8-2026/91151914.json,宝糕手,0,0,0.5128,Dragapult
91150945,/Users/nickzwart/Desktop/9-8-2026/91150945.json,"Bart, Edwyn",0,0,0.5982,Hydrapple
91151938,/Users/nickzwart/Desktop/9-8-2026/91151938.json,vvs,0,1,0.5895,Alakazam
91151938,/Users/nickzwart/Desktop/9-8-2026/91151938.json,AlphaStarmie,1,0,0.6129,Alakazam
91152015,/Users/nickzwart/Desktop/9-8-2026/91152015.json,ANDPAD kaggler team,1,0,0.5612,Dragapult
91152636,/Users/nickzwart/Desktop/9-8-2026/91152636.json,S4nkurero,0,0,0.5467,Grimmsnarl
91152756,/Users/nickzwart/Desktop/9-8-2026/91152756.json,Juyong,0,1,0.4386,M-Lopunny
91152855,/Users/nickzwart/Desktop/9-8-2026/91152855.json,AlphaStarmie,0,1,0.6129,Grimmsnarl
91152934,/Users/nickzwart/Desktop/9-8-2026/91152934.json,wkonishi,0,1,0.5103,M-Kangaskhan
91152937,/Users/nickzwart/Desktop/9-8-2026/91152937.json,ei1333,1,0,0.5349,M-Lopunny
91152561,/Users/nickzwart/Desktop/kdcyberdude/91152561.json,AdrianWang2003,0,0,0.2667,Grimmsnarl
91516791,/Users/nickzwart/Desktop/kdcyberdude/91516791.json,Jonathan Coletti,0,1,0.6226,Grimmsnarl
91952522,/Users/nickzwart/Desktop/kdcyberdude/91952522.json,Jonathan Coletti,0,0,0.6226,Grimmsnarl
91961930,/Users/nickzwart/Desktop/kdcyberdude/91961930.json,Jonathan Coletti,0,0,0.6226,Grimmsnarl
