episode,path,player,side,won,player_winrate,opp_deck
90872498,/Users/nickzwart/Desktop/Palsystem 2/90872498.json,Petit Canard,1,1,0.5455,Ogerpon
90880156,/Users/nickzwart/Desktop/Palsystem 2/90880156(1).json,Petit Canard,1,0,0.5455,Ogerpon
90919835,/Users/nickzwart/Desktop/Palsystem 2/90919835.json,Kh0a,0,0,0.5833,Ogerpon
91080263,/Users/nickzwart/Desktop/Palsystem 2/91080263.json,THIRD PTCG Club,1,0,0.5125,Ogerpon
91081137,/Users/nickzwart/Desktop/Palsystem 2/91081137.json,Dipam Chakraborty,1,0,0.6782,Ogerpon
91139685,/Users/nickzwart/Desktop/Palsystem 2/91139685.json,Pokemon Siuuuu,0,0,0.6019,Ogerpon
91073266,/Users/nickzwart/Desktop/Palsystem 2/91073266.json,Dipam Chakraborty,0,1,0.6782,Ogerpon
91076781,/Users/nickzwart/Desktop/Palsystem 2/91076781.json,Dipam Chakraborty,1,1,0.6782,Ogerpon
91191540,/Users/nickzwart/Desktop/Palsystem 2/91191540.json,やる気元気ミワハルキ,1,1,0.7262,Ogerpon
91192415,/Users/nickzwart/Desktop/Palsystem 2/91192415.json,やる気元気ミワハルキ,0,1,0.7262,Ogerpon
91194188,/Users/nickzwart/Desktop/Palsystem 2/91194188.json,Marshall Maximizer,0,0,0.6,Ogerpon
91423346,/Users/nickzwart/Desktop/Palsystem 2/91423346.json,Dipam Chakraborty,0,0,0.6782,Ogerpon
91423368,/Users/nickzwart/Desktop/Palsystem 2/91423368.json,Pokemon Siuuuu,1,0,0.6019,Ogerpon
91605212,/Users/nickzwart/Desktop/Palsystem 2/91605212.json,Dipam Chakraborty,0,1,0.6782,Ogerpon
91153475,/Users/nickzwart/Desktop/8-8-2026/91153475.json,やる気元気ミワハルキ,0,1,0.7262,Garchomp
91154436,/Users/nickzwart/Desktop/8-8-2026/91154436.json,Pokemon Siuuuu,0,0,0.6019,Alakazam
91155359,/Users/nickzwart/Desktop/8-8-2026/91155359.json,やる気元気ミワハルキ,1,1,0.7262,M-Lopunny
91155367,/Users/nickzwart/Desktop/8-8-2026/91155367.json,やる気元気ミワハルキ,0,1,0.7262,Dragapult
91155367,/Users/nickzwart/Desktop/8-8-2026/91155367.json,cyrus,1,0,0.4286,Dragapult
91155455,/Users/nickzwart/Desktop/8-8-2026/91155455.json,Budew,0,0,0.3077,Grimmsnarl
91155637,/Users/nickzwart/Desktop/8-8-2026/91155637.json,Budew,0,0,0.3077,Grimmsnarl
91156250,/Users/nickzwart/Desktop/8-8-2026/91156250.json,やる気元気ミワハルキ,1,0,0.7262,M-Lopunny
91156481,/Users/nickzwart/Desktop/8-8-2026/91156481.json,cyrus,1,1,0.4286,M-Lopunny
91157176,/Users/nickzwart/Desktop/8-8-2026/91157176.json,やる気元気ミワハルキ,0,0,0.7262,Ogerpon
91157347,/Users/nickzwart/Desktop/8-8-2026/91157347.json,e-toppo + kurupical,0,1,0.6136,Grimmsnarl
91158018,/Users/nickzwart/Desktop/8-8-2026/91158018.json,やる気元気ミワハルキ,0,1,0.7262,Ogerpon
91158948,/Users/nickzwart/Desktop/8-8-2026/91158948.json,やる気元気ミワハルキ,0,0,0.7262,Dragapult
91158948,/Users/nickzwart/Desktop/8-8-2026/91158948.json,Kh0a,1,1,0.5833,Dragapult
91159748,/Users/nickzwart/Desktop/8-8-2026/91159748.json,やる気元気ミワハルキ,0,1,0.7262,Crustle
91159778,/Users/nickzwart/Desktop/8-8-2026/91159778.json,やる気元気ミワハルキ,0,1,0.7262,Grimmsnarl
91159929,/Users/nickzwart/Desktop/8-8-2026/91159929.json,LumenLiquidity,0,1,0.6296,Grimmsnarl
91160009,/Users/nickzwart/Desktop/8-8-2026/91160009.json,Budew,0,1,0.3077,Grimmsnarl
91160044,/Users/nickzwart/Desktop/8-8-2026/91160044.json,LumenLiquidity,0,0,0.6296,M-Kangaskhan
91160625,/Users/nickzwart/Desktop/8-8-2026/91160625.json,やる気元気ミワハルキ,1,1,0.7262,Grimmsnarl
91160629,/Users/nickzwart/Desktop/8-8-2026/91160629.json,やる気元気ミワハルキ,1,0,0.7262,M-Kangaskhan
91160691,/Users/nickzwart/Desktop/8-8-2026/91160691.json,Pokemon Siuuuu,1,1,0.6019,M-Lopunny
91160713,/Users/nickzwart/Desktop/8-8-2026/91160713.json,RtoABC,1,1,0.5882,Garchomp
91160866,/Users/nickzwart/Desktop/8-8-2026/91160866.json,LumenLiquidity,1,0,0.6296,Grimmsnarl
91161451,/Users/nickzwart/Desktop/8-8-2026/91161451.json,LumenLiquidity,0,1,0.6296,Grimmsnarl
91161517,/Users/nickzwart/Desktop/8-8-2026/91161517.json,やる気元気ミワハルキ,1,1,0.7262,M-Lopunny
91162394,/Users/nickzwart/Desktop/8-8-2026/91162394.json,やる気元気ミワハルキ,1,1,0.7262,Grimmsnarl
91162396,/Users/nickzwart/Desktop/8-8-2026/91162396.json,やる気元気ミワハルキ,1,0,0.7262,M-Kangaskhan
91163300,/Users/nickzwart/Desktop/8-8-2026/91163300.json,やる気元気ミワハルキ,1,0,0.7262,M-Lopunny
91163306,/Users/nickzwart/Desktop/8-8-2026/91163306.json,やる気元気ミワハルキ,0,1,0.7262,Alakazam
91163546,/Users/nickzwart/Desktop/8-8-2026/91163546.json,やる気元気ミワハルキ,1,0,0.7262,Grimmsnarl
91164179,/Users/nickzwart/Desktop/8-8-2026/91164179.json,やる気元気ミワハルキ,1,1,0.7262,M-Kangaskhan
91164184,/Users/nickzwart/Desktop/8-8-2026/91164184.json,やる気元気ミワハルキ,0,1,0.7262,M-Lopunny
91165065,/Users/nickzwart/Desktop/8-8-2026/91165065.json,やる気元気ミワハルキ,1,0,0.7262,M-Lopunny
91165947,/Users/nickzwart/Desktop/8-8-2026/91165947.json,やる気元気ミワハルキ,0,1,0.7262,Dragapult
91165947,/Users/nickzwart/Desktop/8-8-2026/91165947.json,Pokemon Siuuuu,1,0,0.6019,Dragapult
91165953,/Users/nickzwart/Desktop/8-8-2026/91165953.json,やる気元気ミワハルキ,0,1,0.7262,other
91166019,/Users/nickzwart/Desktop/8-8-2026/91166019.json,Pokemon Siuuuu,1,1,0.6019,M-Lopunny
91166196,/Users/nickzwart/Desktop/8-8-2026/91166196.json,Kh0a,1,1,0.5833,Hydrapple
91166817,/Users/nickzwart/Desktop/8-8-2026/91166817.json,やる気元気ミワハルキ,0,0,0.7262,Grimmsnarl
91166825,/Users/nickzwart/Desktop/8-8-2026/91166825.json,やる気元気ミワハルキ,1,1,0.7262,Grimmsnarl
91166997,/Users/nickzwart/Desktop/8-8-2026/91166997.json,Pokemon Siuuuu,1,0,0.6019,M-Lopunny
91167664,/Users/nickzwart/Desktop/8-8-2026/91167664.json,やる気元気ミワハルキ,1,1,0.7262,M-Lopunny
91167676,/Users/nickzwart/Desktop/8-8-2026/91167676.json,やる気元気ミワハルキ,1,1,0.7262,Grimmsnarl
91167689,/Users/nickzwart/Desktop/8-8-2026/91167689.json,やる気元気ミワハルキ,0,1,0.7262,Ogerpon
91167734,/Users/nickzwart/Desktop/8-8-2026/91167734.json,LumenLiquidity,1,1,0.6296,Grimmsnarl
91167866,/Users/nickzwart/Desktop/8-8-2026/91167866.json,RtoABC,1,1,0.5882,Grimmsnarl
91168594,/Users/nickzwart/Desktop/8-8-2026/91168594.json,やる気元気ミワハルキ,1,1,0.7262,Grimmsnarl
91169446,/Users/nickzwart/Desktop/8-8-2026/91169446.json,やる気元気ミワハルキ,0,1,0.7262,M-Lopunny
91169465,/Users/nickzwart/Desktop/8-8-2026/91169465.json,やる気元気ミワハルキ,1,1,0.7262,Alakazam
91169484,/Users/nickzwart/Desktop/8-8-2026/91169484.json,Pokemon Siuuuu,1,1,0.6019,Ogerpon
91170329,/Users/nickzwart/Desktop/8-8-2026/91170329.json,やる気元気ミワハルキ,0,0,0.7262,M-Kangaskhan
91170331,/Users/nickzwart/Desktop/8-8-2026/91170331.json,やる気元気ミワハルキ,1,0,0.7262,M-Kangaskhan
91171220,/Users/nickzwart/Desktop/8-8-2026/91171220.json,やる気元気ミワハルキ,1,0,0.7262,Grimmsnarl
91171228,/Users/nickzwart/Desktop/8-8-2026/91171228.json,やる気元気ミワハルキ,0,1,0.7262,Grimmsnarl
91172095,/Users/nickzwart/Desktop/8-8-2026/91172095.json,やる気元気ミワハルキ,0,1,0.7262,M-Kangaskhan
91172101,/Users/nickzwart/Desktop/8-8-2026/91172101.json,やる気元気ミワハルキ,0,1,0.7262,Grimmsnarl
91172102,/Users/nickzwart/Desktop/8-8-2026/91172102.json,Pokemon Siuuuu,1,0,0.6019,Grimmsnarl
91172967,/Users/nickzwart/Desktop/8-8-2026/91172967.json,やる気元気ミワハルキ,0,1,0.7262,Ogerpon
91172973,/Users/nickzwart/Desktop/8-8-2026/91172973.json,やる気元気ミワハルキ,1,1,0.7262,Ogerpon
91172867,/Users/nickzwart/Desktop/8-8-2026/91172867.json,Marshall Maximizer,1,1,0.6,Alakazam
91172868,/Users/nickzwart/Desktop/8-8-2026/91172868.json,Marshall Maximizer,1,1,0.6,Grimmsnarl
91173739,/Users/nickzwart/Desktop/8-8-2026/91173739.json,Marshall Maximizer,1,0,0.6,Alakazam
91173756,/Users/nickzwart/Desktop/8-8-2026/91173756.json,やる気元気ミワハルキ,1,1,0.7262,M-Lopunny
91174723,/Users/nickzwart/Desktop/8-8-2026/91174723.json,やる気元気ミワハルキ,0,0,0.7262,Grimmsnarl
91174735,/Users/nickzwart/Desktop/8-8-2026/91174735.json,Marshall Maximizer,0,0,0.6,Dragapult
91174735,/Users/nickzwart/Desktop/8-8-2026/91174735.json,やる気元気ミワハルキ,1,1,0.7262,Dragapult
91174778,/Users/nickzwart/Desktop/8-8-2026/91174778.json,LumenLiquidity,1,1,0.6296,Ogerpon
91175506,/Users/nickzwart/Desktop/8-8-2026/91175506.json,Marshall Maximizer,1,1,0.6,Garchomp
91175519,/Users/nickzwart/Desktop/8-8-2026/91175519.json,e-toppo + kurupical,0,1,0.6136,Grimmsnarl
91175607,/Users/nickzwart/Desktop/8-8-2026/91175607.json,THIRD PTCG Club,0,0,0.5125,Dragapult
91175607,/Users/nickzwart/Desktop/8-8-2026/91175607.json,やる気元気ミワハルキ,1,1,0.7262,Dragapult
91175610,/Users/nickzwart/Desktop/8-8-2026/91175610.json,やる気元気ミワハルキ,0,1,0.7262,Alakazam
91175695,/Users/nickzwart/Desktop/8-8-2026/91175695.json,cyrus,1,1,0.4286,M-Lopunny
91176397,/Users/nickzwart/Desktop/8-8-2026/91176397.json,Marshall Maximizer,0,1,0.6,M-Lopunny
91176478,/Users/nickzwart/Desktop/8-8-2026/91176478.json,LumenLiquidity,1,0,0.6296,Grimmsnarl
91176511,/Users/nickzwart/Desktop/8-8-2026/91176511.json,LumenLiquidity,0,1,0.6296,Dragapult
91176511,/Users/nickzwart/Desktop/8-8-2026/91176511.json,やる気元気ミワハルキ,1,0,0.7262,Dragapult
91176512,/Users/nickzwart/Desktop/8-8-2026/91176512.json,やる気元気ミワハルキ,0,1,0.7262,Ogerpon
91176517,/Users/nickzwart/Desktop/8-8-2026/91176517.json,e-toppo + kurupical,1,1,0.6136,Grimmsnarl
91176569,/Users/nickzwart/Desktop/8-8-2026/91176569.json,Budew,0,0,0.3077,Alakazam
91177258,/Users/nickzwart/Desktop/8-8-2026/91177258.json,Marshall Maximizer,0,1,0.6,Alakazam
91177371,/Users/nickzwart/Desktop/8-8-2026/91177371.json,やる気元気ミワハルキ,0,1,0.7262,Grimmsnarl
91178159,/Users/nickzwart/Desktop/8-8-2026/91178159.json,Marshall Maximizer,0,0,0.6,Crustle
91178268,/Users/nickzwart/Desktop/8-8-2026/91178268.json,やる気元気ミワハルキ,1,1,0.7262,Alakazam
91178272,/Users/nickzwart/Desktop/8-8-2026/91178272.json,やる気元気ミワハルキ,0,1,0.7262,Dragapult
91178272,/Users/nickzwart/Desktop/8-8-2026/91178272.json,THIRD PTCG Club,1,0,0.5125,Dragapult
91179360,/Users/nickzwart/Desktop/8-8-2026/91179360.json,e-toppo + kurupical,1,1,0.6136,Grimmsnarl
91179952,/Users/nickzwart/Desktop/8-8-2026/91179952.json,Marshall Maximizer,1,1,0.6,Grimmsnarl
91179155,/Users/nickzwart/Desktop/8-8-2026/91179155.json,やる気元気ミワハルキ,0,0,0.7262,M-Kangaskhan
91179170,/Users/nickzwart/Desktop/8-8-2026/91179170.json,やる気元気ミワハルキ,1,1,0.7262,Grimmsnarl
91179038,/Users/nickzwart/Desktop/8-8-2026/91179038.json,e-toppo + kurupical,1,1,0.6136,M-Lopunny
91179068,/Users/nickzwart/Desktop/8-8-2026/91179068.json,Marshall Maximizer,1,1,0.6,Grimmsnarl
91180039,/Users/nickzwart/Desktop/8-8-2026/91180039.json,やる気元気ミワハルキ,1,1,0.7262,Grimmsnarl
91180045,/Users/nickzwart/Desktop/8-8-2026/91180045.json,e-toppo + kurupical,0,0,0.6136,Dragapult
91180045,/Users/nickzwart/Desktop/8-8-2026/91180045.json,やる気元気ミワハルキ,1,1,0.7262,Dragapult
91180852,/Users/nickzwart/Desktop/8-8-2026/91180852.json,Marshall Maximizer,1,0,0.6,M-Kangaskhan
91180939,/Users/nickzwart/Desktop/8-8-2026/91180939.json,やる気元気ミワハルキ,1,1,0.7262,Grimmsnarl
91180945,/Users/nickzwart/Desktop/8-8-2026/91180945.json,やる気元気ミワハルキ,0,1,0.7262,M-Lopunny
91180952,/Users/nickzwart/Desktop/8-8-2026/91180952.json,Pokemon Siuuuu,0,0,0.6019,Ogerpon
91181751,/Users/nickzwart/Desktop/8-8-2026/91181751.json,Marshall Maximizer,1,1,0.6,Ogerpon
91182613,/Users/nickzwart/Desktop/8-8-2026/91182613.json,LumenLiquidity,0,1,0.6296,Grimmsnarl
91182627,/Users/nickzwart/Desktop/8-8-2026/91182627.json,Marshall Maximizer,0,1,0.6,Alakazam
91182717,/Users/nickzwart/Desktop/8-8-2026/91182717.json,やる気元気ミワハルキ,0,0,0.7262,M-Kangaskhan
91182731,/Users/nickzwart/Desktop/8-8-2026/91182731.json,やる気元気ミワハルキ,0,1,0.7262,Alakazam
91182788,/Users/nickzwart/Desktop/8-8-2026/91182788.json,e-toppo + kurupical,0,1,0.6136,Alakazam
91181836,/Users/nickzwart/Desktop/8-8-2026/91181836.json,やる気元気ミワハルキ,1,1,0.7262,Alakazam
91181841,/Users/nickzwart/Desktop/8-8-2026/91181841.json,やる気元気ミワハルキ,1,0,0.7262,Ogerpon
91181860,/Users/nickzwart/Desktop/8-8-2026/91181860.json,LumenLiquidity,0,1,0.6296,Ogerpon
91183516,/Users/nickzwart/Desktop/8-8-2026/91183516.json,やる気元気ミワハルキ,1,1,0.7262,Alakazam
91183519,/Users/nickzwart/Desktop/8-8-2026/91183519.json,やる気元気ミワハルキ,1,0,0.7262,M-Kangaskhan
91183634,/Users/nickzwart/Desktop/8-8-2026/91183634.json,Marshall Maximizer,0,0,0.6,M-Lopunny
91184389,/Users/nickzwart/Desktop/8-8-2026/91184389.json,RtoABC,1,0,0.5882,Hydrapple
91184390,/Users/nickzwart/Desktop/8-8-2026/91184390.json,Marshall Maximizer,1,1,0.6,Grimmsnarl
91184476,/Users/nickzwart/Desktop/8-8-2026/91184476.json,やる気元気ミワハルキ,1,1,0.7262,Grimmsnarl
91184488,/Users/nickzwart/Desktop/8-8-2026/91184488.json,やる気元気ミワハルキ,1,1,0.7262,Grimmsnarl
91186117,/Users/nickzwart/Desktop/8-8-2026/91186117.json,Marshall Maximizer,0,0,0.6,M-Kangaskhan
91186160,/Users/nickzwart/Desktop/8-8-2026/91186160.json,Pokemon Siuuuu,1,1,0.6019,M-Kangaskhan
91185365,/Users/nickzwart/Desktop/8-8-2026/91185365.json,やる気元気ミワハルキ,0,1,0.7262,Hydrapple
91185375,/Users/nickzwart/Desktop/8-8-2026/91185375.json,やる気元気ミワハルキ,0,0,0.7262,M-Kangaskhan
91186273,/Users/nickzwart/Desktop/8-8-2026/91186273.json,やる気元気ミワハルキ,0,1,0.7262,Grimmsnarl
91186396,/Users/nickzwart/Desktop/8-8-2026/91186396.json,e-toppo + kurupical,1,1,0.6136,M-Lopunny
91187030,/Users/nickzwart/Desktop/8-8-2026/91187030.json,Marshall Maximizer,0,1,0.6,Grimmsnarl
91187132,/Users/nickzwart/Desktop/8-8-2026/91187132.json,やる気元気ミワハルキ,0,1,0.7262,Alakazam
91187155,/Users/nickzwart/Desktop/8-8-2026/91187155.json,やる気元気ミワハルキ,0,1,0.7262,Ogerpon
91187974,/Users/nickzwart/Desktop/8-8-2026/91187974.json,Kh0a,1,0,0.5833,Grimmsnarl
91188011,/Users/nickzwart/Desktop/8-8-2026/91188011.json,やる気元気ミワハルキ,0,0,0.7262,Grimmsnarl
91188809,/Users/nickzwart/Desktop/8-8-2026/91188809.json,Marshall Maximizer,0,0,0.6,Grimmsnarl
91188827,/Users/nickzwart/Desktop/8-8-2026/91188827.json,cyrus,1,1,0.4286,M-Kangaskhan
91188028,/Users/nickzwart/Desktop/8-8-2026/91188028.json,やる気元気ミワハルキ,1,1,0.7262,Grimmsnarl
91188895,/Users/nickzwart/Desktop/8-8-2026/91188895.json,やる気元気ミワハルキ,1,1,0.7262,M-Kangaskhan
91188910,/Users/nickzwart/Desktop/8-8-2026/91188910.json,やる気元気ミワハルキ,1,1,0.7262,Grimmsnarl
91189674,/Users/nickzwart/Desktop/8-8-2026/91189674.json,Marshall Maximizer,0,1,0.6,Ogerpon
91189765,/Users/nickzwart/Desktop/8-8-2026/91189765.json,やる気元気ミワハルキ,1,1,0.7262,M-Kangaskhan
91189785,/Users/nickzwart/Desktop/8-8-2026/91189785.json,やる気元気ミワハルキ,0,1,0.7262,Ogerpon
91189786,/Users/nickzwart/Desktop/8-8-2026/91189786.json,LumenLiquidity,1,1,0.6296,Grimmsnarl
91190567,/Users/nickzwart/Desktop/8-8-2026/91190567.json,Marshall Maximizer,0,0,0.6,Grimmsnarl
91190662,/Users/nickzwart/Desktop/8-8-2026/91190662.json,やる気元気ミワハルキ,1,0,0.7262,M-Lopunny
91190681,/Users/nickzwart/Desktop/8-8-2026/91190681.json,やる気元気ミワハルキ,0,1,0.7262,Alakazam
91191446,/Users/nickzwart/Desktop/8-8-2026/91191446.json,Marshall Maximizer,0,1,0.6,Grimmsnarl
91192315,/Users/nickzwart/Desktop/8-8-2026/91192315.json,Marshall Maximizer,0,1,0.6,Grimmsnarl
91191541,/Users/nickzwart/Desktop/8-8-2026/91191541.json,e-toppo + kurupical,0,0,0.6136,Dragapult
91191541,/Users/nickzwart/Desktop/8-8-2026/91191541.json,やる気元気ミワハルキ,1,1,0.7262,Dragapult
91192431,/Users/nickzwart/Desktop/8-8-2026/91192431.json,やる気元気ミワハルキ,0,0,0.7262,M-Kangaskhan
91192448,/Users/nickzwart/Desktop/8-8-2026/91192448.json,Kh0a,0,0,0.5833,Grimmsnarl
91193103,/Users/nickzwart/Desktop/8-8-2026/91193103.json,Kh0a,1,0,0.5833,Grimmsnarl
91193216,/Users/nickzwart/Desktop/8-8-2026/91193216.json,LumenLiquidity,0,0,0.6296,Dragapult
91193216,/Users/nickzwart/Desktop/8-8-2026/91193216.json,Marshall Maximizer,1,1,0.6,Dragapult
91194118,/Users/nickzwart/Desktop/8-8-2026/91194118.json,e-toppo + kurupical,0,1,0.6136,Grimmsnarl
91194120,/Users/nickzwart/Desktop/8-8-2026/91194120.json,やる気元気ミワハルキ,0,1,0.7262,other
91193317,/Users/nickzwart/Desktop/8-8-2026/91193317.json,やる気元気ミワハルキ,1,1,0.7262,M-Lopunny
91193336,/Users/nickzwart/Desktop/8-8-2026/91193336.json,やる気元気ミワハルキ,0,1,0.7262,Ogerpon
91194979,/Users/nickzwart/Desktop/8-8-2026/91194979.json,Marshall Maximizer,0,1,0.6,Ogerpon
91194992,/Users/nickzwart/Desktop/8-8-2026/91194992.json,Kh0a,1,1,0.5833,M-Lopunny
91195869,/Users/nickzwart/Desktop/8-8-2026/91195869.json,Marshall Maximizer,1,1,0.6,M-Lopunny
91197628,/Users/nickzwart/Desktop/8-8-2026/91197628.json,Marshall Maximizer,1,1,0.6,Grimmsnarl
91198559,/Users/nickzwart/Desktop/8-8-2026/91198559.json,Kh0a,1,0,0.5833,Hydrapple
91196710,/Users/nickzwart/Desktop/8-8-2026/91196710.json,Marshall Maximizer,0,1,0.6,Alakazam
91198520,/Users/nickzwart/Desktop/8-8-2026/91198520.json,Marshall Maximizer,0,0,0.6,Grimmsnarl
91201172,/Users/nickzwart/Desktop/8-8-2026/91201172.json,Marshall Maximizer,1,1,0.6,M-Kangaskhan
91200227,/Users/nickzwart/Desktop/8-8-2026/91200227.json,Marshall Maximizer,1,0,0.6,Alakazam
91201866,/Users/nickzwart/Desktop/8-8-2026/91201866.json,LumenLiquidity,0,1,0.6296,Grimmsnarl
91202934,/Users/nickzwart/Desktop/8-8-2026/91202934.json,Marshall Maximizer,0,0,0.6,Dragapult
91202934,/Users/nickzwart/Desktop/8-8-2026/91202934.json,LumenLiquidity,1,1,0.6296,Dragapult
91203039,/Users/nickzwart/Desktop/8-8-2026/91203039.json,Pokemon Siuuuu,1,1,0.6019,Grimmsnarl
91203700,/Users/nickzwart/Desktop/8-8-2026/91203700.json,cyrus,1,0,0.4286,Ogerpon
91203786,/Users/nickzwart/Desktop/8-8-2026/91203786.json,Kh0a,1,0,0.5833,Hydrapple
91203826,/Users/nickzwart/Desktop/8-8-2026/91203826.json,Marshall Maximizer,1,0,0.6,Alakazam
91204710,/Users/nickzwart/Desktop/8-8-2026/91204710.json,Marshall Maximizer,1,0,0.6,Grimmsnarl
91205612,/Users/nickzwart/Desktop/8-8-2026/91205612.json,Marshall Maximizer,0,1,0.6,Grimmsnarl
91206499,/Users/nickzwart/Desktop/8-8-2026/91206499.json,Marshall Maximizer,0,1,0.6,Alakazam
91206504,/Users/nickzwart/Desktop/8-8-2026/91206504.json,Pokemon Siuuuu,1,1,0.6019,Alakazam
91207326,/Users/nickzwart/Desktop/8-8-2026/91207326.json,Marshall Maximizer,0,1,0.6,Hydrapple
91207393,/Users/nickzwart/Desktop/8-8-2026/91207393.json,Marshall Maximizer,1,0,0.6,Alakazam
91207443,/Users/nickzwart/Desktop/8-8-2026/91207443.json,THIRD PTCG Club,0,0,0.5125,M-Kangaskhan
91208046,/Users/nickzwart/Desktop/8-8-2026/91208046.json,youtube.com/@BigBugginnings,0,1,0.4667,M-Kangaskhan
91208976,/Users/nickzwart/Desktop/8-8-2026/91208976.json,Marshall Maximizer,0,1,0.6,M-Lopunny
91208291,/Users/nickzwart/Desktop/8-8-2026/91208291.json,Marshall Maximizer,0,0,0.6,Garchomp
91209107,/Users/nickzwart/Desktop/8-8-2026/91209107.json,Marshall Maximizer,0,1,0.6,Grimmsnarl
91209141,/Users/nickzwart/Desktop/8-8-2026/91209141.json,youtube.com/@BigBugginnings,1,0,0.4667,M-Lopunny
91209848,/Users/nickzwart/Desktop/8-8-2026/91209848.json,youtube.com/@BigBugginnings,1,0,0.4667,Ogerpon
91210079,/Users/nickzwart/Desktop/8-8-2026/91210079.json,Marshall Maximizer,0,1,0.6,M-Lucario
91210969,/Users/nickzwart/Desktop/8-8-2026/91210969.json,Marshall Maximizer,1,1,0.6,Ogerpon
91211870,/Users/nickzwart/Desktop/8-8-2026/91211870.json,Marshall Maximizer,0,0,0.6,Dragapult
91211870,/Users/nickzwart/Desktop/8-8-2026/91211870.json,Pokemon Siuuuu,1,1,0.6019,Dragapult
91212526,/Users/nickzwart/Desktop/8-8-2026/91212526.json,youtube.com/@BigBugginnings,0,1,0.4667,Grimmsnarl
91213426,/Users/nickzwart/Desktop/8-8-2026/91213426.json,youtube.com/@BigBugginnings,1,1,0.4667,Ogerpon
91214307,/Users/nickzwart/Desktop/8-8-2026/91214307.json,youtube.com/@BigBugginnings,1,0,0.4667,Alakazam
91214424,/Users/nickzwart/Desktop/8-8-2026/91214424.json,Budew,1,0,0.3077,Ogerpon
91212771,/Users/nickzwart/Desktop/8-8-2026/91212771.json,Marshall Maximizer,1,0,0.6,Grimmsnarl
91215216,/Users/nickzwart/Desktop/8-8-2026/91215216.json,youtube.com/@BigBugginnings,0,1,0.4667,Grimmsnarl
91216112,/Users/nickzwart/Desktop/8-8-2026/91216112.json,youtube.com/@BigBugginnings,1,0,0.4667,Alakazam
91216134,/Users/nickzwart/Desktop/8-8-2026/91216134.json,Pokemon Siuuuu,1,1,0.6019,Grimmsnarl
91217787,/Users/nickzwart/Desktop/8-8-2026/91217787.json,Pokopia,1,1,0.5152,Grimmsnarl
91217808,/Users/nickzwart/Desktop/8-8-2026/91217808.json,haggle,1,0,0.6308,Alakazam
91217952,/Users/nickzwart/Desktop/8-8-2026/91217952.json,e-toppo + kurupical,1,0,0.6136,Grimmsnarl
91218698,/Users/nickzwart/Desktop/8-8-2026/91218698.json,Pokopia,0,1,0.5152,Alakazam
91218716,/Users/nickzwart/Desktop/8-8-2026/91218716.json,haggle,1,0,0.6308,M-Lopunny
91219576,/Users/nickzwart/Desktop/8-8-2026/91219576.json,Pokopia,0,1,0.5152,Grimmsnarl
91221340,/Users/nickzwart/Desktop/8-8-2026/91221340.json,Pokopia,0,0,0.5152,M-Lopunny
91221359,/Users/nickzwart/Desktop/8-8-2026/91221359.json,Pokopia,0,1,0.5152,other
91221672,/Users/nickzwart/Desktop/8-8-2026/91221672.json,LumenLiquidity,1,1,0.6296,Ogerpon
91220458,/Users/nickzwart/Desktop/8-8-2026/91220458.json,Pokopia,1,1,0.5152,Dragapult
91220463,/Users/nickzwart/Desktop/8-8-2026/91220463.json,Pokopia,0,1,0.5152,Grimmsnarl
91223397,/Users/nickzwart/Desktop/8-8-2026/91223397.json,e-toppo + kurupical,0,0,0.6136,Alakazam
91224052,/Users/nickzwart/Desktop/8-8-2026/91224052.json,Pokopia,0,1,0.5152,Grimmsnarl
91225067,/Users/nickzwart/Desktop/8-8-2026/91225067.json,youtube.com/@BigBugginnings,0,0,0.4667,Alakazam
91223165,/Users/nickzwart/Desktop/8-8-2026/91223165.json,Pokopia,0,1,0.5152,M-Lopunny
91223223,/Users/nickzwart/Desktop/8-8-2026/91223223.json,e-toppo + kurupical,1,1,0.6136,M-Lopunny
91223280,/Users/nickzwart/Desktop/8-8-2026/91223280.json,Pokemon Siuuuu,1,0,0.6019,Grimmsnarl
91224234,/Users/nickzwart/Desktop/8-8-2026/91224234.json,e-toppo + kurupical,1,1,0.6136,Alakazam
91224942,/Users/nickzwart/Desktop/8-8-2026/91224942.json,Pokopia,0,1,0.5152,Grimmsnarl
91225839,/Users/nickzwart/Desktop/8-8-2026/91225839.json,Pokopia,1,0,0.5152,M-Lopunny
91226057,/Users/nickzwart/Desktop/8-8-2026/91226057.json,Budew,0,1,0.3077,Alakazam
91227602,/Users/nickzwart/Desktop/8-8-2026/91227602.json,Pokopia,1,0,0.5152,Grimmsnarl
91228471,/Users/nickzwart/Desktop/8-8-2026/91228471.json,Pokemon Siuuuu,0,1,0.6019,Dragapult
91228471,/Users/nickzwart/Desktop/8-8-2026/91228471.json,Pokopia,1,0,0.5152,Dragapult
91227652,/Users/nickzwart/Desktop/8-8-2026/91227652.json,haggle,0,1,0.6308,Ogerpon
91227699,/Users/nickzwart/Desktop/8-8-2026/91227699.json,Pokemon Siuuuu,0,0,0.6019,Grimmsnarl
91229514,/Users/nickzwart/Desktop/8-8-2026/91229514.json,youtube.com/@BigBugginnings,0,1,0.4667,Alakazam
91229387,/Users/nickzwart/Desktop/8-8-2026/91229387.json,Pokemon Siuuuu,0,1,0.6019,Dragapult
91229387,/Users/nickzwart/Desktop/8-8-2026/91229387.json,Pokopia,1,0,0.5152,Dragapult
91229414,/Users/nickzwart/Desktop/8-8-2026/91229414.json,Kh0a,1,1,0.5833,Grimmsnarl
91230278,/Users/nickzwart/Desktop/8-8-2026/91230278.json,Pokopia,1,1,0.5152,M-Froslass
91230348,/Users/nickzwart/Desktop/8-8-2026/91230348.json,cyrus,1,0,0.4286,Alakazam
91230397,/Users/nickzwart/Desktop/8-8-2026/91230397.json,Pokemon Siuuuu,1,0,0.6019,Alakazam
91231421,/Users/nickzwart/Desktop/8-8-2026/91231421.json,LumenLiquidity,0,0,0.6296,Hydrapple
91232066,/Users/nickzwart/Desktop/8-8-2026/91232066.json,Pokopia,1,0,0.5152,Alakazam
91232113,/Users/nickzwart/Desktop/8-8-2026/91232113.json,haggle,0,1,0.6308,M-Lucario
91231224,/Users/nickzwart/Desktop/8-8-2026/91231224.json,haggle,1,0,0.6308,Grimmsnarl
91231409,/Users/nickzwart/Desktop/8-8-2026/91231409.json,THIRD PTCG Club,0,1,0.5125,Grimmsnarl
91232949,/Users/nickzwart/Desktop/8-8-2026/91232949.json,Pokopia,0,0,0.5152,Grimmsnarl
91233853,/Users/nickzwart/Desktop/8-8-2026/91233853.json,haggle,0,0,0.6308,Grimmsnarl
91233880,/Users/nickzwart/Desktop/8-8-2026/91233880.json,Pokopia,1,0,0.5152,Grimmsnarl
91233913,/Users/nickzwart/Desktop/8-8-2026/91233913.json,youtube.com/@BigBugginnings,0,1,0.4667,Ogerpon
91236553,/Users/nickzwart/Desktop/8-8-2026/91236553.json,haggle,0,0,0.6308,M-Lopunny
91237395,/Users/nickzwart/Desktop/8-8-2026/91237395.json,Pokopia,0,0,0.5152,Grimmsnarl
91234725,/Users/nickzwart/Desktop/8-8-2026/91234725.json,e-toppo + kurupical,0,1,0.6136,Dragapult
91234725,/Users/nickzwart/Desktop/8-8-2026/91234725.json,Pokopia,1,0,0.5152,Dragapult
91236428,/Users/nickzwart/Desktop/8-8-2026/91236428.json,LumenLiquidity,1,1,0.6296,Alakazam
91236506,/Users/nickzwart/Desktop/8-8-2026/91236506.json,Pokopia,1,0,0.5152,Alakazam
91240252,/Users/nickzwart/Desktop/8-8-2026/91240252.json,Budew,0,0,0.3077,Grimmsnarl
91240962,/Users/nickzwart/Desktop/8-8-2026/91240962.json,Pokopia,1,1,0.5152,Crustle
91240137,/Users/nickzwart/Desktop/8-8-2026/91240137.json,haggle,1,1,0.6308,Grimmsnarl
91240150,/Users/nickzwart/Desktop/8-8-2026/91240150.json,LumenLiquidity,0,1,0.6296,Grimmsnarl
91241844,/Users/nickzwart/Desktop/8-8-2026/91241844.json,Pokopia,0,0,0.5152,Grimmsnarl
91243624,/Users/nickzwart/Desktop/8-8-2026/91243624.json,Pokopia,0,1,0.5152,Hydrapple
91243711,/Users/nickzwart/Desktop/8-8-2026/91243711.json,haggle,1,0,0.6308,M-Lopunny
91243763,/Users/nickzwart/Desktop/8-8-2026/91243763.json,e-toppo + kurupical,0,1,0.6136,Grimmsnarl
91242737,/Users/nickzwart/Desktop/8-8-2026/91242737.json,Pokopia,1,1,0.5152,Grimmsnarl
91242831,/Users/nickzwart/Desktop/8-8-2026/91242831.json,haggle,1,0,0.6308,Grimmsnarl
91244530,/Users/nickzwart/Desktop/8-8-2026/91244530.json,Pokopia,1,1,0.5152,Crustle
91244555,/Users/nickzwart/Desktop/8-8-2026/91244555.json,LumenLiquidity,0,1,0.6296,Grimmsnarl
91244565,/Users/nickzwart/Desktop/8-8-2026/91244565.json,RtoABC,0,1,0.5882,Ogerpon
91245337,/Users/nickzwart/Desktop/8-8-2026/91245337.json,Pokemon Siuuuu,1,1,0.6019,Alakazam
91245430,/Users/nickzwart/Desktop/8-8-2026/91245430.json,Pokopia,0,1,0.5152,Grimmsnarl
91246338,/Users/nickzwart/Desktop/8-8-2026/91246338.json,Pokopia,0,0,0.5152,Alakazam
91246413,/Users/nickzwart/Desktop/8-8-2026/91246413.json,haggle,1,1,0.6308,Grimmsnarl
91247199,/Users/nickzwart/Desktop/8-8-2026/91247199.json,e-toppo + kurupical,1,0,0.6136,M-Lopunny
91247241,/Users/nickzwart/Desktop/8-8-2026/91247241.json,Pokopia,1,1,0.5152,Grimmsnarl
91248126,/Users/nickzwart/Desktop/8-8-2026/91248126.json,Pokopia,0,1,0.5152,Grimmsnarl
91248799,/Users/nickzwart/Desktop/8-8-2026/91248799.json,Pokopia,1,1,0.5152,Alakazam
91247310,/Users/nickzwart/Desktop/8-8-2026/91247310.json,haggle,0,1,0.6308,Alakazam
91247977,/Users/nickzwart/Desktop/8-8-2026/91247977.json,Pokemon Siuuuu,0,1,0.6019,Grimmsnarl
91249914,/Users/nickzwart/Desktop/8-8-2026/91249914.json,Pokopia,1,1,0.5152,Hydrapple
91251720,/Users/nickzwart/Desktop/8-8-2026/91251720.json,Pokopia,0,1,0.5152,Dragapult
91251720,/Users/nickzwart/Desktop/8-8-2026/91251720.json,THIRD PTCG Club,1,0,0.5125,Dragapult
91250783,/Users/nickzwart/Desktop/8-8-2026/91250783.json,Pokopia,1,1,0.5152,Grimmsnarl
91250809,/Users/nickzwart/Desktop/8-8-2026/91250809.json,Pokopia,0,0,0.5152,M-Kangaskhan
91253497,/Users/nickzwart/Desktop/8-8-2026/91253497.json,Pokopia,1,0,0.5152,Grimmsnarl
91252613,/Users/nickzwart/Desktop/8-8-2026/91252613.json,Pokopia,1,1,0.5152,Grimmsnarl
91252692,/Users/nickzwart/Desktop/8-8-2026/91252692.json,LumenLiquidity,1,0,0.6296,Alakazam
91254187,/Users/nickzwart/Desktop/8-8-2026/91254187.json,haggle,0,1,0.6308,Ogerpon
91254352,/Users/nickzwart/Desktop/8-8-2026/91254352.json,e-toppo + kurupical,0,1,0.6136,Alakazam
91254395,/Users/nickzwart/Desktop/8-8-2026/91254395.json,Pokopia,0,1,0.5152,Ogerpon
91255240,/Users/nickzwart/Desktop/8-8-2026/91255240.json,RtoABC,1,1,0.5882,M-Lopunny
91255269,/Users/nickzwart/Desktop/8-8-2026/91255269.json,Pokopia,0,1,0.5152,M-Lopunny
91256210,/Users/nickzwart/Desktop/8-8-2026/91256210.json,Pokopia,0,0,0.5152,M-Kangaskhan
91256763,/Users/nickzwart/Desktop/8-8-2026/91256763.json,Pokemon Siuuuu,0,1,0.6019,Grimmsnarl
91258544,/Users/nickzwart/Desktop/8-8-2026/91258544.json,e-toppo + kurupical,0,1,0.6136,Grimmsnarl
91258742,/Users/nickzwart/Desktop/8-8-2026/91258742.json,THIRD PTCG Club,0,1,0.5125,Dudunsparce
91257904,/Users/nickzwart/Desktop/8-8-2026/91257904.json,THIRD PTCG Club,0,1,0.5125,M-Lopunny
91262258,/Users/nickzwart/Desktop/8-8-2026/91262258.json,Pokemon Siuuuu,1,0,0.6019,other
91263169,/Users/nickzwart/Desktop/8-8-2026/91263169.json,e-toppo + kurupical,0,1,0.6136,Alakazam
91266699,/Users/nickzwart/Desktop/8-8-2026/91266699.json,THIRD PTCG Club,1,1,0.5125,Grimmsnarl
91269422,/Users/nickzwart/Desktop/8-8-2026/91269422.json,Pokemon Siuuuu,0,1,0.6019,Alakazam
91269188,/Users/nickzwart/Desktop/8-8-2026/91269188.json,haggle,0,1,0.6308,Grimmsnarl
91270291,/Users/nickzwart/Desktop/8-8-2026/91270291.json,LumenLiquidity,1,0,0.6296,Alakazam
91271118,/Users/nickzwart/Desktop/8-8-2026/91271118.json,Dipam Chakraborty,1,0,0.6782,M-Kangaskhan
91271252,/Users/nickzwart/Desktop/8-8-2026/91271252.json,THIRD PTCG Club,1,0,0.5125,Grimmsnarl
91273036,/Users/nickzwart/Desktop/8-8-2026/91273036.json,e-toppo + kurupical,0,0,0.6136,Alakazam
91273703,/Users/nickzwart/Desktop/8-8-2026/91273703.json,Pokopia,1,1,0.5152,Dudunsparce
91272061,/Users/nickzwart/Desktop/8-8-2026/91272061.json,ANDPAD kaggler team,1,1,0.5,Grimmsnarl
91272128,/Users/nickzwart/Desktop/8-8-2026/91272128.json,Budew,1,1,0.3077,Ogerpon
91272164,/Users/nickzwart/Desktop/8-8-2026/91272164.json,e-toppo + kurupical,1,0,0.6136,M-Lopunny
91272783,/Users/nickzwart/Desktop/8-8-2026/91272783.json,Budew,0,0,0.3077,Alakazam
91272969,/Users/nickzwart/Desktop/8-8-2026/91272969.json,ANDPAD kaggler team,1,0,0.5,other
91274613,/Users/nickzwart/Desktop/8-8-2026/91274613.json,haggle,1,1,0.6308,Grimmsnarl
91274860,/Users/nickzwart/Desktop/8-8-2026/91274860.json,ANDPAD kaggler team,1,1,0.5,Grimmsnarl
91273777,/Users/nickzwart/Desktop/8-8-2026/91273777.json,LumenLiquidity,0,1,0.6296,Alakazam
91273935,/Users/nickzwart/Desktop/8-8-2026/91273935.json,Dipam Chakraborty,0,1,0.6782,Alakazam
91274019,/Users/nickzwart/Desktop/8-8-2026/91274019.json,haggle,1,1,0.6308,M-Kangaskhan
91275511,/Users/nickzwart/Desktop/8-8-2026/91275511.json,haggle,1,0,0.6308,Grimmsnarl
91275679,/Users/nickzwart/Desktop/8-8-2026/91275679.json,Pokemon Siuuuu,0,0,0.6019,M-Lucario
91275683,/Users/nickzwart/Desktop/8-8-2026/91275683.json,LumenLiquidity,0,0,0.6296,Alakazam
91275726,/Users/nickzwart/Desktop/8-8-2026/91275726.json,ANDPAD kaggler team,1,0,0.5,Grimmsnarl
91275752,/Users/nickzwart/Desktop/8-8-2026/91275752.json,Dipam Chakraborty,1,1,0.6782,Grimmsnarl
91277328,/Users/nickzwart/Desktop/8-8-2026/91277328.json,haggle,0,0,0.6308,M-Lopunny
91277485,/Users/nickzwart/Desktop/8-8-2026/91277485.json,ANDPAD kaggler team,0,1,0.5,Ogerpon
91278199,/Users/nickzwart/Desktop/8-8-2026/91278199.json,haggle,0,1,0.6308,Grimmsnarl
91278325,/Users/nickzwart/Desktop/8-8-2026/91278325.json,Dipam Chakraborty,0,1,0.6782,Ogerpon
91279113,/Users/nickzwart/Desktop/8-8-2026/91279113.json,haggle,0,1,0.6308,Dudunsparce
91279226,/Users/nickzwart/Desktop/8-8-2026/91279226.json,Dipam Chakraborty,1,1,0.6782,Grimmsnarl
91280121,/Users/nickzwart/Desktop/8-8-2026/91280121.json,Dipam Chakraborty,1,0,0.6782,Ogerpon
91280170,/Users/nickzwart/Desktop/8-8-2026/91280170.json,ANDPAD kaggler team,1,1,0.5,Grimmsnarl
91281060,/Users/nickzwart/Desktop/8-8-2026/91281060.json,ANDPAD kaggler team,0,0,0.5,Grimmsnarl
91280897,/Users/nickzwart/Desktop/8-8-2026/91280897.json,haggle,1,0,0.6308,Alakazam
91281016,/Users/nickzwart/Desktop/8-8-2026/91281016.json,Dipam Chakraborty,0,0,0.6782,M-Lucario
91281914,/Users/nickzwart/Desktop/8-8-2026/91281914.json,Dipam Chakraborty,0,1,0.6782,Ogerpon
91281950,/Users/nickzwart/Desktop/8-8-2026/91281950.json,ANDPAD kaggler team,0,0,0.5,Grimmsnarl
91282713,/Users/nickzwart/Desktop/8-8-2026/91282713.json,haggle,0,1,0.6308,Ogerpon
91282811,/Users/nickzwart/Desktop/8-8-2026/91282811.json,Dipam Chakraborty,0,0,0.6782,Grimmsnarl
91282831,/Users/nickzwart/Desktop/8-8-2026/91282831.json,ANDPAD kaggler team,0,1,0.5,Grimmsnarl
91283716,/Users/nickzwart/Desktop/8-8-2026/91283716.json,Dipam Chakraborty,0,1,0.6782,Alakazam
91283792,/Users/nickzwart/Desktop/8-8-2026/91283792.json,LumenLiquidity,1,1,0.6296,M-Kangaskhan
91284366,/Users/nickzwart/Desktop/8-8-2026/91284366.json,Pokopia,1,0,0.5152,Alakazam
91284460,/Users/nickzwart/Desktop/8-8-2026/91284460.json,haggle,1,1,0.6308,Grimmsnarl
91285520,/Users/nickzwart/Desktop/8-8-2026/91285520.json,Dipam Chakraborty,1,1,0.6782,Ogerpon
91284568,/Users/nickzwart/Desktop/8-8-2026/91284568.json,Dipam Chakraborty,0,1,0.6782,Ogerpon
91285414,/Users/nickzwart/Desktop/8-8-2026/91285414.json,haggle,0,0,0.6308,Alakazam
91286344,/Users/nickzwart/Desktop/8-8-2026/91286344.json,haggle,1,1,0.6308,Grimmsnarl
91286445,/Users/nickzwart/Desktop/8-8-2026/91286445.json,Dipam Chakraborty,1,1,0.6782,Alakazam
91286448,/Users/nickzwart/Desktop/8-8-2026/91286448.json,THIRD PTCG Club,0,1,0.5125,Alakazam
91287246,/Users/nickzwart/Desktop/8-8-2026/91287246.json,haggle,0,1,0.6308,Grimmsnarl
91287379,/Users/nickzwart/Desktop/8-8-2026/91287379.json,Dipam Chakraborty,0,1,0.6782,Grimmsnarl
91288153,/Users/nickzwart/Desktop/8-8-2026/91288153.json,e-toppo + kurupical,0,1,0.6136,Dragapult
91288153,/Users/nickzwart/Desktop/8-8-2026/91288153.json,haggle,1,0,0.6308,Dragapult
91289049,/Users/nickzwart/Desktop/8-8-2026/91289049.json,haggle,0,1,0.6308,Alakazam
91289057,/Users/nickzwart/Desktop/8-8-2026/91289057.json,ANDPAD kaggler team,0,0,0.5,Grimmsnarl
91288246,/Users/nickzwart/Desktop/8-8-2026/91288246.json,Dipam Chakraborty,1,0,0.6782,Alakazam
91288878,/Users/nickzwart/Desktop/8-8-2026/91288878.json,Kh0a,0,0,0.5833,Alakazam
91289186,/Users/nickzwart/Desktop/8-8-2026/91289186.json,Dipam Chakraborty,1,1,0.6782,Alakazam
91289970,/Users/nickzwart/Desktop/8-8-2026/91289970.json,haggle,1,1,0.6308,Grimmsnarl
91290070,/Users/nickzwart/Desktop/8-8-2026/91290070.json,Dipam Chakraborty,1,1,0.6782,Grimmsnarl
91290876,/Users/nickzwart/Desktop/8-8-2026/91290876.json,haggle,0,1,0.6308,Grimmsnarl
91291814,/Users/nickzwart/Desktop/8-8-2026/91291814.json,haggle,1,0,0.6308,Crustle
91293399,/Users/nickzwart/Desktop/8-8-2026/91293399.json,haggle,1,1,0.6308,Crustle
91292545,/Users/nickzwart/Desktop/8-8-2026/91292545.json,Pokopia,0,0,0.5152,Grimmsnarl
91292664,/Users/nickzwart/Desktop/8-8-2026/91292664.json,haggle,0,0,0.6308,Grimmsnarl
91294449,/Users/nickzwart/Desktop/8-8-2026/91294449.json,haggle,1,0,0.6308,M-Lucario
91296112,/Users/nickzwart/Desktop/8-8-2026/91296112.json,haggle,0,1,0.6308,Alakazam
91296255,/Users/nickzwart/Desktop/8-8-2026/91296255.json,haggle,1,1,0.6308,Ogerpon
91295351,/Users/nickzwart/Desktop/8-8-2026/91295351.json,RtoABC,1,0,0.5882,Alakazam
91295359,/Users/nickzwart/Desktop/8-8-2026/91295359.json,haggle,0,0,0.6308,Dragapult
91295359,/Users/nickzwart/Desktop/8-8-2026/91295359.json,LumenLiquidity,1,1,0.6296,Dragapult
91296270,/Users/nickzwart/Desktop/8-8-2026/91296270.json,haggle,0,1,0.6308,Alakazam
91297149,/Users/nickzwart/Desktop/8-8-2026/91297149.json,haggle,0,0,0.6308,M-Lopunny
91298029,/Users/nickzwart/Desktop/8-8-2026/91298029.json,haggle,1,0,0.6308,Dudunsparce
91298031,/Users/nickzwart/Desktop/8-8-2026/91298031.json,RtoABC,1,0,0.5882,M-Froslass
91298949,/Users/nickzwart/Desktop/8-8-2026/91298949.json,haggle,1,1,0.6308,Ogerpon
91299897,/Users/nickzwart/Desktop/8-8-2026/91299897.json,Budew,0,0,0.3077,Grimmsnarl
91301679,/Users/nickzwart/Desktop/8-8-2026/91301679.json,Pokemon Siuuuu,1,1,0.6019,Grimmsnarl
91300799,/Users/nickzwart/Desktop/8-8-2026/91300799.json,LumenLiquidity,1,1,0.6296,Alakazam
91304259,/Users/nickzwart/Desktop/8-8-2026/91304259.json,LumenLiquidity,1,0,0.6296,Grimmsnarl
91304394,/Users/nickzwart/Desktop/8-8-2026/91304394.json,Dipam Chakraborty,1,1,0.6782,M-Kangaskhan
91306916,/Users/nickzwart/Desktop/8-8-2026/91306916.json,LumenLiquidity,1,0,0.6296,Alakazam
91308773,/Users/nickzwart/Desktop/8-8-2026/91308773.json,LumenLiquidity,0,1,0.6296,Hydrapple
91308799,/Users/nickzwart/Desktop/8-8-2026/91308799.json,e-toppo + kurupical,1,0,0.6136,Grimmsnarl
91309510,/Users/nickzwart/Desktop/8-8-2026/91309510.json,Budew,0,1,0.3077,Ogerpon
91309743,/Users/nickzwart/Desktop/8-8-2026/91309743.json,haggle,0,0,0.6308,Grimmsnarl
91310425,/Users/nickzwart/Desktop/8-8-2026/91310425.json,Pokopia,0,0,0.5152,M-Lucario
91311449,/Users/nickzwart/Desktop/8-8-2026/91311449.json,Pokemon Siuuuu,0,1,0.6019,M-Kangaskhan
91312214,/Users/nickzwart/Desktop/8-8-2026/91312214.json,e-toppo + kurupical,0,0,0.6136,M-Lucario
91312333,/Users/nickzwart/Desktop/8-8-2026/91312333.json,Dipam Chakraborty,0,0,0.6782,Alakazam
91314089,/Users/nickzwart/Desktop/8-8-2026/91314089.json,THIRD PTCG Club,1,1,0.5125,M-Lopunny
91315083,/Users/nickzwart/Desktop/8-8-2026/91315083.json,RtoABC,1,1,0.5882,Crustle
91316586,/Users/nickzwart/Desktop/8-8-2026/91316586.json,Pokemon Siuuuu,1,1,0.6019,Alakazam
91318527,/Users/nickzwart/Desktop/8-8-2026/91318527.json,Pokemon Siuuuu,0,1,0.6019,Grimmsnarl
91320259,/Users/nickzwart/Desktop/8-8-2026/91320259.json,Pokopia,1,1,0.5152,Alakazam
91320397,/Users/nickzwart/Desktop/8-8-2026/91320397.json,Dipam Chakraborty,0,1,0.6782,Garchomp
91324912,/Users/nickzwart/Desktop/8-8-2026/91324912.json,Pokemon Siuuuu,0,0,0.6019,Garchomp
91326568,/Users/nickzwart/Desktop/8-8-2026/91326568.json,haggle,0,1,0.6308,Grimmsnarl
91326754,/Users/nickzwart/Desktop/8-8-2026/91326754.json,haggle,0,1,0.6308,Dragapult
91326754,/Users/nickzwart/Desktop/8-8-2026/91326754.json,Pokopia,1,0,0.5152,Dragapult
91328406,/Users/nickzwart/Desktop/8-8-2026/91328406.json,THIRD PTCG Club,0,1,0.5125,Grimmsnarl
91328527,/Users/nickzwart/Desktop/8-8-2026/91328527.json,Dipam Chakraborty,1,1,0.6782,M-Lucario
91331878,/Users/nickzwart/Desktop/8-8-2026/91331878.json,Dipam Chakraborty,0,1,0.6782,Grimmsnarl
91332126,/Users/nickzwart/Desktop/8-8-2026/91332126.json,Pokopia,0,1,0.5152,Grimmsnarl
91332769,/Users/nickzwart/Desktop/8-8-2026/91332769.json,Dipam Chakraborty,0,1,0.6782,M-Lopunny
91332910,/Users/nickzwart/Desktop/8-8-2026/91332910.json,Pokopia,0,1,0.5152,Grimmsnarl
91334686,/Users/nickzwart/Desktop/8-8-2026/91334686.json,THIRD PTCG Club,1,0,0.5125,M-Kangaskhan
91334727,/Users/nickzwart/Desktop/8-8-2026/91334727.json,e-toppo + kurupical,1,0,0.6136,Grimmsnarl
91335513,/Users/nickzwart/Desktop/8-8-2026/91335513.json,Dipam Chakraborty,1,1,0.6782,Grimmsnarl
91337353,/Users/nickzwart/Desktop/8-8-2026/91337353.json,Dipam Chakraborty,1,1,0.6782,Alakazam
91337449,/Users/nickzwart/Desktop/8-8-2026/91337449.json,LumenLiquidity,1,1,0.6296,Alakazam
91338185,/Users/nickzwart/Desktop/8-8-2026/91338185.json,Dipam Chakraborty,1,1,0.6782,Grimmsnarl
91338481,/Users/nickzwart/Desktop/8-8-2026/91338481.json,haggle,1,1,0.6308,Alakazam
91339194,/Users/nickzwart/Desktop/8-8-2026/91339194.json,Dipam Chakraborty,0,1,0.6782,Ogerpon
91340090,/Users/nickzwart/Desktop/8-8-2026/91340090.json,Dipam Chakraborty,0,1,0.6782,Grimmsnarl
91339363,/Users/nickzwart/Desktop/8-8-2026/91339363.json,Budew,0,1,0.3077,Grimmsnarl
91340949,/Users/nickzwart/Desktop/8-8-2026/91340949.json,Dipam Chakraborty,0,1,0.6782,M-Lucario
91341097,/Users/nickzwart/Desktop/8-8-2026/91341097.json,Budew,0,0,0.3077,Grimmsnarl
91342020,/Users/nickzwart/Desktop/8-8-2026/91342020.json,Dipam Chakraborty,0,1,0.6782,Alakazam
91343037,/Users/nickzwart/Desktop/8-8-2026/91343037.json,Dipam Chakraborty,1,0,0.6782,M-Kangaskhan
91343681,/Users/nickzwart/Desktop/8-8-2026/91343681.json,Dipam Chakraborty,1,1,0.6782,M-Kangaskhan
91343712,/Users/nickzwart/Desktop/8-8-2026/91343712.json,e-toppo + kurupical,0,0,0.6136,Grimmsnarl
91343746,/Users/nickzwart/Desktop/8-8-2026/91343746.json,Dipam Chakraborty,1,1,0.6782,Ogerpon
91343844,/Users/nickzwart/Desktop/8-8-2026/91343844.json,Pokemon Siuuuu,1,0,0.6019,Alakazam
91343878,/Users/nickzwart/Desktop/8-8-2026/91343878.json,LumenLiquidity,0,1,0.6296,Grimmsnarl
91343879,/Users/nickzwart/Desktop/8-8-2026/91343879.json,Pokemon Siuuuu,0,1,0.6019,Grimmsnarl
91344672,/Users/nickzwart/Desktop/8-8-2026/91344672.json,Dipam Chakraborty,0,1,0.6782,M-Lucario
91344792,/Users/nickzwart/Desktop/8-8-2026/91344792.json,LumenLiquidity,0,1,0.6296,Grimmsnarl
91345562,/Users/nickzwart/Desktop/8-8-2026/91345562.json,THIRD PTCG Club,0,1,0.5125,Dragapult
91345562,/Users/nickzwart/Desktop/8-8-2026/91345562.json,Dipam Chakraborty,1,0,0.6782,Dragapult
91346501,/Users/nickzwart/Desktop/8-8-2026/91346501.json,Dipam Chakraborty,1,1,0.6782,Hydrapple
91347408,/Users/nickzwart/Desktop/8-8-2026/91347408.json,Dipam Chakraborty,0,0,0.6782,M-Kangaskhan
91347363,/Users/nickzwart/Desktop/8-8-2026/91347363.json,haggle,0,0,0.6308,M-Kangaskhan
91348349,/Users/nickzwart/Desktop/8-8-2026/91348349.json,Dipam Chakraborty,0,0,0.6782,M-Lucario
91349150,/Users/nickzwart/Desktop/8-8-2026/91349150.json,Dipam Chakraborty,1,1,0.6782,M-Lopunny
91350852,/Users/nickzwart/Desktop/8-8-2026/91350852.json,RtoABC,0,0,0.5882,M-Starmie
91350172,/Users/nickzwart/Desktop/8-8-2026/91350172.json,Dipam Chakraborty,0,0,0.6782,Garchomp
91351101,/Users/nickzwart/Desktop/8-8-2026/91351101.json,Dipam Chakraborty,0,1,0.6782,Grimmsnarl
91351866,/Users/nickzwart/Desktop/8-8-2026/91351866.json,LumenLiquidity,1,1,0.6296,M-Lucario
91352114,/Users/nickzwart/Desktop/8-8-2026/91352114.json,Dipam Chakraborty,0,1,0.6782,M-Lopunny
91352933,/Users/nickzwart/Desktop/8-8-2026/91352933.json,Dipam Chakraborty,0,1,0.6782,Alakazam
91353835,/Users/nickzwart/Desktop/8-8-2026/91353835.json,Dipam Chakraborty,1,1,0.6782,M-Lopunny
91354767,/Users/nickzwart/Desktop/8-8-2026/91354767.json,Dipam Chakraborty,1,1,0.6782,Alakazam
91355665,/Users/nickzwart/Desktop/8-8-2026/91355665.json,Dipam Chakraborty,1,0,0.6782,M-Lopunny
91355688,/Users/nickzwart/Desktop/8-8-2026/91355688.json,Dipam Chakraborty,0,1,0.6782,Alakazam
91356280,/Users/nickzwart/Desktop/8-8-2026/91356280.json,Dipam Chakraborty,0,1,0.6782,Grimmsnarl
91356312,/Users/nickzwart/Desktop/8-8-2026/91356312.json,haggle,1,1,0.6308,M-Lucario
91356516,/Users/nickzwart/Desktop/8-8-2026/91356516.json,Pokopia,1,1,0.5152,M-Lopunny
91356625,/Users/nickzwart/Desktop/8-8-2026/91356625.json,Dipam Chakraborty,0,1,0.6782,Dragapult
91356625,/Users/nickzwart/Desktop/8-8-2026/91356625.json,Pokopia,1,0,0.5152,Dragapult
91357201,/Users/nickzwart/Desktop/8-8-2026/91357201.json,haggle,0,1,0.6308,other
91357500,/Users/nickzwart/Desktop/8-8-2026/91357500.json,Dipam Chakraborty,0,1,0.6782,Grimmsnarl
91357516,/Users/nickzwart/Desktop/8-8-2026/91357516.json,THIRD PTCG Club,0,1,0.5125,Ogerpon
91358399,/Users/nickzwart/Desktop/8-8-2026/91358399.json,THIRD PTCG Club,0,0,0.5125,Dragapult
91358399,/Users/nickzwart/Desktop/8-8-2026/91358399.json,Dipam Chakraborty,1,1,0.6782,Dragapult
91359087,/Users/nickzwart/Desktop/8-8-2026/91359087.json,Pokemon Siuuuu,0,1,0.6019,M-Kangaskhan
91359299,/Users/nickzwart/Desktop/8-8-2026/91359299.json,Dipam Chakraborty,1,1,0.6782,Alakazam
91360004,/Users/nickzwart/Desktop/8-8-2026/91360004.json,Dipam Chakraborty,1,1,0.6782,M-Lopunny
91361977,/Users/nickzwart/Desktop/8-8-2026/91361977.json,haggle,1,1,0.6308,Grimmsnarl
91364694,/Users/nickzwart/Desktop/8-8-2026/91364694.json,haggle,0,1,0.6308,Alakazam
91365372,/Users/nickzwart/Desktop/8-8-2026/91365372.json,e-toppo + kurupical,0,0,0.6136,M-Lucario
91366570,/Users/nickzwart/Desktop/8-8-2026/91366570.json,Pokemon Siuuuu,1,1,0.6019,Alakazam
91367382,/Users/nickzwart/Desktop/8-8-2026/91367382.json,Dipam Chakraborty,0,1,0.6782,Grimmsnarl
91368370,/Users/nickzwart/Desktop/8-8-2026/91368370.json,e-toppo + kurupical,0,1,0.6136,Grimmsnarl
91368977,/Users/nickzwart/Desktop/8-8-2026/91368977.json,Dipam Chakraborty,0,1,0.6782,Alakazam
91369023,/Users/nickzwart/Desktop/8-8-2026/91369023.json,Pokemon Siuuuu,0,0,0.6019,other
91372709,/Users/nickzwart/Desktop/8-8-2026/91372709.json,haggle,1,1,0.6308,Alakazam
91371062,/Users/nickzwart/Desktop/8-8-2026/91371062.json,e-toppo + kurupical,0,0,0.6136,M-Kangaskhan
91378190,/Users/nickzwart/Desktop/8-8-2026/91378190.json,e-toppo + kurupical,0,0,0.6136,Ogerpon
91380748,/Users/nickzwart/Desktop/8-8-2026/91380748.json,Dipam Chakraborty,0,1,0.6782,Crustle
91380036,/Users/nickzwart/Desktop/8-8-2026/91380036.json,LumenLiquidity,1,0,0.6296,Grimmsnarl
91381983,/Users/nickzwart/Desktop/8-8-2026/91381983.json,Dipam Chakraborty,1,1,0.6782,M-Kangaskhan
91383462,/Users/nickzwart/Desktop/8-8-2026/91383462.json,RtoABC,1,0,0.5882,M-Starmie
91382548,/Users/nickzwart/Desktop/8-8-2026/91382548.json,Dipam Chakraborty,1,1,0.6782,M-Kangaskhan
91385287,/Users/nickzwart/Desktop/8-8-2026/91385287.json,Dipam Chakraborty,1,1,0.6782,Alakazam
91383704,/Users/nickzwart/Desktop/8-8-2026/91383704.json,Dipam Chakraborty,1,1,0.6782,M-Lopunny
91384385,/Users/nickzwart/Desktop/8-8-2026/91384385.json,Dipam Chakraborty,1,0,0.6782,M-Lucario
91385625,/Users/nickzwart/Desktop/8-8-2026/91385625.json,LumenLiquidity,1,0,0.6296,Garchomp
91386179,/Users/nickzwart/Desktop/8-8-2026/91386179.json,Dipam Chakraborty,0,1,0.6782,Alakazam
91387072,/Users/nickzwart/Desktop/8-8-2026/91387072.json,Dipam Chakraborty,0,0,0.6782,M-Lucario
91387996,/Users/nickzwart/Desktop/8-8-2026/91387996.json,Dipam Chakraborty,1,1,0.6782,Grimmsnarl
91388870,/Users/nickzwart/Desktop/8-8-2026/91388870.json,Dipam Chakraborty,1,1,0.6782,Grimmsnarl
91388891,/Users/nickzwart/Desktop/8-8-2026/91388891.json,Dipam Chakraborty,0,1,0.6782,Grimmsnarl
91388896,/Users/nickzwart/Desktop/8-8-2026/91388896.json,Pokopia,1,0,0.5152,Grimmsnarl
91388920,/Users/nickzwart/Desktop/8-8-2026/91388920.json,Pokemon Siuuuu,1,0,0.6019,M-Lucario
91388951,/Users/nickzwart/Desktop/8-8-2026/91388951.json,Pokemon Siuuuu,0,0,0.6019,M-Kangaskhan
91389809,/Users/nickzwart/Desktop/8-8-2026/91389809.json,Dipam Chakraborty,1,1,0.6782,M-Lucario
91389833,/Users/nickzwart/Desktop/8-8-2026/91389833.json,Pokemon Siuuuu,1,1,0.6019,Grimmsnarl
91389964,/Users/nickzwart/Desktop/8-8-2026/91389964.json,haggle,0,1,0.6308,Grimmsnarl
91390719,/Users/nickzwart/Desktop/8-8-2026/91390719.json,Dipam Chakraborty,0,0,0.6782,Grimmsnarl
91392557,/Users/nickzwart/Desktop/8-8-2026/91392557.json,Dipam Chakraborty,0,0,0.6782,M-Kangaskhan
91391629,/Users/nickzwart/Desktop/8-8-2026/91391629.json,Dipam Chakraborty,0,0,0.6782,M-Lucario
91393466,/Users/nickzwart/Desktop/8-8-2026/91393466.json,Dipam Chakraborty,0,0,0.6782,Garchomp
91394284,/Users/nickzwart/Desktop/8-8-2026/91394284.json,youtube.com/@BigBugginnings,0,1,0.4667,M-Lucario
91394375,/Users/nickzwart/Desktop/8-8-2026/91394375.json,Dipam Chakraborty,0,0,0.6782,Grimmsnarl
91395302,/Users/nickzwart/Desktop/8-8-2026/91395302.json,Dipam Chakraborty,0,0,0.6782,Garchomp
91395493,/Users/nickzwart/Desktop/8-8-2026/91395493.json,Dipam Chakraborty,0,0,0.6782,M-Lopunny
91395199,/Users/nickzwart/Desktop/8-8-2026/91395199.json,youtube.com/@BigBugginnings,1,1,0.4667,Alakazam
91396113,/Users/nickzwart/Desktop/8-8-2026/91396113.json,youtube.com/@BigBugginnings,0,1,0.4667,Alakazam
91396192,/Users/nickzwart/Desktop/8-8-2026/91396192.json,youtube.com/@BigBugginnings,0,0,0.4667,Grimmsnarl
91397022,/Users/nickzwart/Desktop/8-8-2026/91397022.json,youtube.com/@BigBugginnings,0,0,0.4667,M-Starmie
91396357,/Users/nickzwart/Desktop/8-8-2026/91396357.json,youtube.com/@BigBugginnings,1,0,0.4667,M-Lucario
91396369,/Users/nickzwart/Desktop/8-8-2026/91396369.json,e-toppo + kurupical,1,1,0.6136,Ogerpon
91397272,/Users/nickzwart/Desktop/8-8-2026/91397272.json,THIRD PTCG Club,0,0,0.5125,M-Lopunny
91397340,/Users/nickzwart/Desktop/8-8-2026/91397340.json,Dipam Chakraborty,1,1,0.6782,Dudunsparce
91397356,/Users/nickzwart/Desktop/8-8-2026/91397356.json,Dipam Chakraborty,0,1,0.6782,M-Kangaskhan
91397953,/Users/nickzwart/Desktop/8-8-2026/91397953.json,youtube.com/@BigBugginnings,1,1,0.4667,Grimmsnarl
91399734,/Users/nickzwart/Desktop/8-8-2026/91399734.json,youtube.com/@BigBugginnings,0,1,0.4667,Grimmsnarl
91399811,/Users/nickzwart/Desktop/8-8-2026/91399811.json,Pokemon Siuuuu,0,0,0.6019,Grimmsnarl
91399825,/Users/nickzwart/Desktop/8-8-2026/91399825.json,Dipam Chakraborty,0,1,0.6782,Grimmsnarl
91398041,/Users/nickzwart/Desktop/8-8-2026/91398041.json,Dipam Chakraborty,0,1,0.6782,Grimmsnarl
91398845,/Users/nickzwart/Desktop/8-8-2026/91398845.json,e-toppo + kurupical,0,0,0.6136,Dragapult
91398845,/Users/nickzwart/Desktop/8-8-2026/91398845.json,youtube.com/@BigBugginnings,1,1,0.4667,Dragapult
91398937,/Users/nickzwart/Desktop/8-8-2026/91398937.json,Dipam Chakraborty,0,1,0.6782,M-Lucario
91400640,/Users/nickzwart/Desktop/8-8-2026/91400640.json,youtube.com/@BigBugginnings,1,0,0.4667,Grimmsnarl
91400725,/Users/nickzwart/Desktop/8-8-2026/91400725.json,youtube.com/@BigBugginnings,1,0,0.4667,M-Starmie
91400735,/Users/nickzwart/Desktop/8-8-2026/91400735.json,Dipam Chakraborty,0,0,0.6782,Ogerpon
91401551,/Users/nickzwart/Desktop/8-8-2026/91401551.json,youtube.com/@BigBugginnings,0,0,0.4667,Alakazam
91401639,/Users/nickzwart/Desktop/8-8-2026/91401639.json,Dipam Chakraborty,0,1,0.6782,Alakazam
91402535,/Users/nickzwart/Desktop/8-8-2026/91402535.json,Dipam Chakraborty,0,1,0.6782,Grimmsnarl
91402734,/Users/nickzwart/Desktop/8-8-2026/91402734.json,Dipam Chakraborty,1,1,0.6782,Alakazam
91402457,/Users/nickzwart/Desktop/8-8-2026/91402457.json,youtube.com/@BigBugginnings,1,1,0.4667,Grimmsnarl
91403355,/Users/nickzwart/Desktop/8-8-2026/91403355.json,youtube.com/@BigBugginnings,1,0,0.4667,M-Kangaskhan
91403436,/Users/nickzwart/Desktop/8-8-2026/91403436.json,Dipam Chakraborty,0,1,0.6782,M-Lucario
91403540,/Users/nickzwart/Desktop/8-8-2026/91403540.json,youtube.com/@BigBugginnings,1,0,0.4667,M-Lopunny
91404273,/Users/nickzwart/Desktop/8-8-2026/91404273.json,youtube.com/@BigBugginnings,0,0,0.4667,M-Lucario
91404327,/Users/nickzwart/Desktop/8-8-2026/91404327.json,e-toppo + kurupical,0,1,0.6136,Grimmsnarl
91404347,/Users/nickzwart/Desktop/8-8-2026/91404347.json,Dipam Chakraborty,0,1,0.6782,M-Kangaskhan
91405130,/Users/nickzwart/Desktop/8-8-2026/91405130.json,KawattaTaido,0,1,0.6757,Alakazam
91405181,/Users/nickzwart/Desktop/8-8-2026/91405181.json,youtube.com/@BigBugginnings,1,1,0.4667,Grimmsnarl
91405251,/Users/nickzwart/Desktop/8-8-2026/91405251.json,Dipam Chakraborty,1,0,0.6782,M-Kangaskhan
91405470,/Users/nickzwart/Desktop/8-8-2026/91405470.json,Dipam Chakraborty,1,0,0.6782,M-Kangaskhan
91406031,/Users/nickzwart/Desktop/8-8-2026/91406031.json,KawattaTaido,0,1,0.6757,Grimmsnarl
91406072,/Users/nickzwart/Desktop/8-8-2026/91406072.json,youtube.com/@BigBugginnings,0,1,0.4667,Dragapult
91406072,/Users/nickzwart/Desktop/8-8-2026/91406072.json,THIRD PTCG Club,1,0,0.5125,Dragapult
91406142,/Users/nickzwart/Desktop/8-8-2026/91406142.json,Dipam Chakraborty,0,1,0.6782,M-Starmie
91406272,/Users/nickzwart/Desktop/8-8-2026/91406272.json,THIRD PTCG Club,0,1,0.5125,M-Lopunny
91407860,/Users/nickzwart/Desktop/8-8-2026/91407860.json,KawattaTaido,0,0,0.6757,Alakazam
91406947,/Users/nickzwart/Desktop/8-8-2026/91406947.json,KawattaTaido,1,1,0.6757,Grimmsnarl
91406996,/Users/nickzwart/Desktop/8-8-2026/91406996.json,youtube.com/@BigBugginnings,0,0,0.4667,Grimmsnarl
91407074,/Users/nickzwart/Desktop/8-8-2026/91407074.json,Dipam Chakraborty,1,1,0.6782,Grimmsnarl
91408815,/Users/nickzwart/Desktop/8-8-2026/91408815.json,youtube.com/@BigBugginnings,1,0,0.4667,Alakazam
91407923,/Users/nickzwart/Desktop/8-8-2026/91407923.json,THIRD PTCG Club,0,0,0.5125,Grimmsnarl
91407983,/Users/nickzwart/Desktop/8-8-2026/91407983.json,Dipam Chakraborty,1,0,0.6782,M-Kangaskhan
91408048,/Users/nickzwart/Desktop/8-8-2026/91408048.json,LumenLiquidity,0,1,0.6296,M-Kangaskhan
91409711,/Users/nickzwart/Desktop/8-8-2026/91409711.json,LumenLiquidity,0,0,0.6296,Alakazam
91408892,/Users/nickzwart/Desktop/8-8-2026/91408892.json,Dipam Chakraborty,0,1,0.6782,Alakazam
91408957,/Users/nickzwart/Desktop/8-8-2026/91408957.json,LumenLiquidity,0,1,0.6296,Alakazam
91409791,/Users/nickzwart/Desktop/8-8-2026/91409791.json,Dipam Chakraborty,1,1,0.6782,Grimmsnarl
91409890,/Users/nickzwart/Desktop/8-8-2026/91409890.json,THIRD PTCG Club,0,0,0.5125,Dragapult
91409890,/Users/nickzwart/Desktop/8-8-2026/91409890.json,Dipam Chakraborty,1,1,0.6782,Dragapult
91410705,/Users/nickzwart/Desktop/8-8-2026/91410705.json,Dipam Chakraborty,1,1,0.6782,M-Lopunny
91411543,/Users/nickzwart/Desktop/8-8-2026/91411543.json,youtube.com/@BigBugginnings,0,1,0.4667,Grimmsnarl
91411619,/Users/nickzwart/Desktop/8-8-2026/91411619.json,Dipam Chakraborty,0,0,0.6782,Garchomp
91412471,/Users/nickzwart/Desktop/8-8-2026/91412471.json,youtube.com/@BigBugginnings,1,0,0.4667,Grimmsnarl
91412672,/Users/nickzwart/Desktop/8-8-2026/91412672.json,Dipam Chakraborty,0,0,0.6782,M-Kangaskhan
91412541,/Users/nickzwart/Desktop/8-8-2026/91412541.json,Dipam Chakraborty,0,1,0.6782,Garchomp
91413448,/Users/nickzwart/Desktop/8-8-2026/91413448.json,Dipam Chakraborty,0,1,0.6782,Alakazam
91414300,/Users/nickzwart/Desktop/8-8-2026/91414300.json,youtube.com/@BigBugginnings,0,1,0.4667,Alakazam
91414359,/Users/nickzwart/Desktop/8-8-2026/91414359.json,Dipam Chakraborty,0,1,0.6782,M-Kangaskhan
91415061,/Users/nickzwart/Desktop/8-8-2026/91415061.json,Pokopia,0,1,0.5152,Grimmsnarl
91415268,/Users/nickzwart/Desktop/8-8-2026/91415268.json,Dipam Chakraborty,0,1,0.6782,M-Lopunny
91415282,/Users/nickzwart/Desktop/8-8-2026/91415282.json,haggle,1,1,0.6308,Grimmsnarl
91416097,/Users/nickzwart/Desktop/8-8-2026/91416097.json,youtube.com/@BigBugginnings,0,0,0.4667,M-Kangaskhan
91415972,/Users/nickzwart/Desktop/8-8-2026/91415972.json,Pokemon Siuuuu,0,1,0.6019,Grimmsnarl
91417051,/Users/nickzwart/Desktop/8-8-2026/91417051.json,Dipam Chakraborty,1,0,0.6782,Grimmsnarl
91416166,/Users/nickzwart/Desktop/8-8-2026/91416166.json,e-toppo + kurupical,0,1,0.6136,Grimmsnarl
91416264,/Users/nickzwart/Desktop/8-8-2026/91416264.json,THIRD PTCG Club,1,0,0.5125,M-Lucario
91417016,/Users/nickzwart/Desktop/8-8-2026/91417016.json,haggle,1,1,0.6308,Ogerpon
91417915,/Users/nickzwart/Desktop/8-8-2026/91417915.json,e-toppo + kurupical,1,1,0.6136,M-Kangaskhan
91417928,/Users/nickzwart/Desktop/8-8-2026/91417928.json,Dipam Chakraborty,1,1,0.6782,Hydrapple
91419690,/Users/nickzwart/Desktop/8-8-2026/91419690.json,youtube.com/@BigBugginnings,0,1,0.4667,Alakazam
91419735,/Users/nickzwart/Desktop/8-8-2026/91419735.json,Dipam Chakraborty,1,1,0.6782,M-Lucario
91418841,/Users/nickzwart/Desktop/8-8-2026/91418841.json,Dipam Chakraborty,0,1,0.6782,M-Starmie
91417953,/Users/nickzwart/Desktop/8-8-2026/91417953.json,THIRD PTCG Club,1,0,0.5125,Grimmsnarl
91418034,/Users/nickzwart/Desktop/8-8-2026/91418034.json,Dipam Chakraborty,0,1,0.6782,M-Kangaskhan
91418803,/Users/nickzwart/Desktop/8-8-2026/91418803.json,youtube.com/@BigBugginnings,1,1,0.4667,Ogerpon
91420637,/Users/nickzwart/Desktop/8-8-2026/91420637.json,Dipam Chakraborty,1,0,0.6782,M-Lucario
91421668,/Users/nickzwart/Desktop/8-8-2026/91421668.json,Dipam Chakraborty,0,0,0.6782,Dragapult
91421668,/Users/nickzwart/Desktop/8-8-2026/91421668.json,Pokemon Siuuuu,1,1,0.6019,Dragapult
91422385,/Users/nickzwart/Desktop/8-8-2026/91422385.json,Dipam Chakraborty,1,1,0.6782,M-Kangaskhan
91424116,/Users/nickzwart/Desktop/8-8-2026/91424116.json,Pokemon Siuuuu,0,1,0.6019,Grimmsnarl
91423318,/Users/nickzwart/Desktop/8-8-2026/91423318.json,youtube.com/@BigBugginnings,0,1,0.4667,Alakazam
91424335,/Users/nickzwart/Desktop/8-8-2026/91424335.json,Dipam Chakraborty,0,0,0.6782,Dragapult
91424335,/Users/nickzwart/Desktop/8-8-2026/91424335.json,e-toppo + kurupical,1,1,0.6136,Dragapult
91425039,/Users/nickzwart/Desktop/8-8-2026/91425039.json,Dipam Chakraborty,1,1,0.6782,M-Lopunny
91425103,/Users/nickzwart/Desktop/8-8-2026/91425103.json,youtube.com/@BigBugginnings,0,1,0.4667,Grimmsnarl
91426855,/Users/nickzwart/Desktop/8-8-2026/91426855.json,RtoABC,0,1,0.5882,Grimmsnarl
91426911,/Users/nickzwart/Desktop/8-8-2026/91426911.json,youtube.com/@BigBugginnings,0,0,0.4667,Alakazam
91426010,/Users/nickzwart/Desktop/8-8-2026/91426010.json,youtube.com/@BigBugginnings,0,1,0.4667,Grimmsnarl
91427821,/Users/nickzwart/Desktop/8-8-2026/91427821.json,youtube.com/@BigBugginnings,0,0,0.4667,Alakazam
91427878,/Users/nickzwart/Desktop/8-8-2026/91427878.json,LumenLiquidity,1,1,0.6296,Grimmsnarl
91428667,/Users/nickzwart/Desktop/8-8-2026/91428667.json,RtoABC,0,1,0.5882,Grimmsnarl
91428729,/Users/nickzwart/Desktop/8-8-2026/91428729.json,youtube.com/@BigBugginnings,1,1,0.4667,Grimmsnarl
91428854,/Users/nickzwart/Desktop/8-8-2026/91428854.json,Dipam Chakraborty,0,1,0.6782,M-Starmie
91429737,/Users/nickzwart/Desktop/8-8-2026/91429737.json,Dipam Chakraborty,0,1,0.6782,M-Starmie
91429567,/Users/nickzwart/Desktop/8-8-2026/91429567.json,LumenLiquidity,0,0,0.6296,M-Lopunny
91429622,/Users/nickzwart/Desktop/8-8-2026/91429622.json,youtube.com/@BigBugginnings,0,0,0.4667,Grimmsnarl
91430558,/Users/nickzwart/Desktop/8-8-2026/91430558.json,Pokemon Siuuuu,0,0,0.6019,Garchomp
91431349,/Users/nickzwart/Desktop/8-8-2026/91431349.json,LumenLiquidity,0,1,0.6296,Grimmsnarl
91431459,/Users/nickzwart/Desktop/8-8-2026/91431459.json,youtube.com/@BigBugginnings,0,1,0.4667,Crustle
91432439,/Users/nickzwart/Desktop/8-8-2026/91432439.json,Dipam Chakraborty,0,0,0.6782,Grimmsnarl
91432514,/Users/nickzwart/Desktop/8-8-2026/91432514.json,Dipam Chakraborty,0,1,0.6782,M-Lopunny
91433409,/Users/nickzwart/Desktop/8-8-2026/91433409.json,haggle,1,1,0.6308,M-Lopunny
91435122,/Users/nickzwart/Desktop/8-8-2026/91435122.json,Pokemon Siuuuu,1,0,0.6019,M-Kangaskhan
91434257,/Users/nickzwart/Desktop/8-8-2026/91434257.json,haggle,1,1,0.6308,Grimmsnarl
91435888,/Users/nickzwart/Desktop/8-8-2026/91435888.json,RtoABC,1,1,0.5882,Alakazam
91436009,/Users/nickzwart/Desktop/8-8-2026/91436009.json,RtoABC,1,1,0.5882,Alakazam
91436027,/Users/nickzwart/Desktop/8-8-2026/91436027.json,LumenLiquidity,1,0,0.6296,M-Lopunny
91436058,/Users/nickzwart/Desktop/8-8-2026/91436058.json,Dipam Chakraborty,0,0,0.6782,M-Kangaskhan
91436659,/Users/nickzwart/Desktop/8-8-2026/91436659.json,youtube.com/@BigBugginnings,1,0,0.4667,Grimmsnarl
91437572,/Users/nickzwart/Desktop/8-8-2026/91437572.json,Dipam Chakraborty,1,1,0.6782,M-Lucario
91438494,/Users/nickzwart/Desktop/8-8-2026/91438494.json,KawattaTaido,1,0,0.6757,M-Kangaskhan
91438620,/Users/nickzwart/Desktop/8-8-2026/91438620.json,haggle,0,1,0.6308,M-Lopunny
91438622,/Users/nickzwart/Desktop/8-8-2026/91438622.json,RtoABC,0,0,0.5882,Grimmsnarl
91438793,/Users/nickzwart/Desktop/8-8-2026/91438793.json,Dipam Chakraborty,0,1,0.6782,M-Kangaskhan
91439539,/Users/nickzwart/Desktop/8-8-2026/91439539.json,RtoABC,0,1,0.5882,Grimmsnarl
91440612,/Users/nickzwart/Desktop/8-8-2026/91440612.json,Dipam Chakraborty,1,0,0.6782,Ogerpon
91441223,/Users/nickzwart/Desktop/8-8-2026/91441223.json,KawattaTaido,0,1,0.6757,Hydrapple
91441347,/Users/nickzwart/Desktop/8-8-2026/91441347.json,RtoABC,1,1,0.5882,Grimmsnarl
91442111,/Users/nickzwart/Desktop/8-8-2026/91442111.json,KawattaTaido,1,1,0.6757,Alakazam
91442248,/Users/nickzwart/Desktop/8-8-2026/91442248.json,youtube.com/@BigBugginnings,1,0,0.4667,Dudunsparce
91443022,/Users/nickzwart/Desktop/8-8-2026/91443022.json,KawattaTaido,1,0,0.6757,Grimmsnarl
91443246,/Users/nickzwart/Desktop/8-8-2026/91443246.json,Dipam Chakraborty,0,1,0.6782,Grimmsnarl
91443295,/Users/nickzwart/Desktop/8-8-2026/91443295.json,Dipam Chakraborty,0,0,0.6782,Grimmsnarl
91444252,/Users/nickzwart/Desktop/8-8-2026/91444252.json,e-toppo + kurupical,1,1,0.6136,Hydrapple
91444018,/Users/nickzwart/Desktop/8-8-2026/91444018.json,youtube.com/@BigBugginnings,0,1,0.4667,Grimmsnarl
91444142,/Users/nickzwart/Desktop/8-8-2026/91444142.json,THIRD PTCG Club,1,0,0.5125,Alakazam
91445681,/Users/nickzwart/Desktop/8-8-2026/91445681.json,haggle,1,0,0.6308,M-Kangaskhan
91445785,/Users/nickzwart/Desktop/8-8-2026/91445785.json,KawattaTaido,1,1,0.6757,Grimmsnarl
91445950,/Users/nickzwart/Desktop/8-8-2026/91445950.json,Dipam Chakraborty,0,0,0.6782,M-Kangaskhan
91446610,/Users/nickzwart/Desktop/8-8-2026/91446610.json,haggle,1,1,0.6308,Alakazam
91446874,/Users/nickzwart/Desktop/8-8-2026/91446874.json,THIRD PTCG Club,1,1,0.5125,M-Lucario
91447471,/Users/nickzwart/Desktop/8-8-2026/91447471.json,youtube.com/@BigBugginnings,1,0,0.4667,M-Lopunny
91447536,/Users/nickzwart/Desktop/8-8-2026/91447536.json,KawattaTaido,0,1,0.6757,Grimmsnarl
91447731,/Users/nickzwart/Desktop/8-8-2026/91447731.json,THIRD PTCG Club,1,0,0.5125,Alakazam
91447733,/Users/nickzwart/Desktop/8-8-2026/91447733.json,haggle,0,0,0.6308,M-Kangaskhan
91448447,/Users/nickzwart/Desktop/8-8-2026/91448447.json,KawattaTaido,0,1,0.6757,Garchomp
91449320,/Users/nickzwart/Desktop/8-8-2026/91449320.json,haggle,1,1,0.6308,Hydrapple
91449490,/Users/nickzwart/Desktop/8-8-2026/91449490.json,Kh0a,0,1,0.5833,Grimmsnarl
91449524,/Users/nickzwart/Desktop/8-8-2026/91449524.json,youtube.com/@BigBugginnings,1,0,0.4667,Grimmsnarl
91450188,/Users/nickzwart/Desktop/8-8-2026/91450188.json,haggle,1,1,0.6308,M-Kangaskhan
91450250,/Users/nickzwart/Desktop/8-8-2026/91450250.json,KawattaTaido,1,1,0.6757,Grimmsnarl
91450411,/Users/nickzwart/Desktop/8-8-2026/91450411.json,Dipam Chakraborty,0,0,0.6782,Grimmsnarl
91451200,/Users/nickzwart/Desktop/8-8-2026/91451200.json,KawattaTaido,0,1,0.6757,M-Lopunny
91452078,/Users/nickzwart/Desktop/8-8-2026/91452078.json,KawattaTaido,1,1,0.6757,Ogerpon
91452973,/Users/nickzwart/Desktop/8-8-2026/91452973.json,KawattaTaido,0,1,0.6757,M-Lucario
91451444,/Users/nickzwart/Desktop/8-8-2026/91451444.json,e-toppo + kurupical,1,0,0.6136,Grimmsnarl
91454907,/Users/nickzwart/Desktop/8-8-2026/91454907.json,Pokemon Siuuuu,0,1,0.6019,Alakazam
91454943,/Users/nickzwart/Desktop/8-8-2026/91454943.json,Pokemon Siuuuu,0,0,0.6019,Alakazam
91454948,/Users/nickzwart/Desktop/8-8-2026/91454948.json,Dipam Chakraborty,0,1,0.6782,M-Lucario
91455734,/Users/nickzwart/Desktop/8-8-2026/91455734.json,KawattaTaido,1,1,0.6757,Grimmsnarl
91454750,/Users/nickzwart/Desktop/8-8-2026/91454750.json,youtube.com/@BigBugginnings,1,0,0.4667,M-Kangaskhan
91454767,/Users/nickzwart/Desktop/8-8-2026/91454767.json,KawattaTaido,1,0,0.6757,Alakazam
91456616,/Users/nickzwart/Desktop/8-8-2026/91456616.json,KawattaTaido,1,1,0.6757,Grimmsnarl
91456657,/Users/nickzwart/Desktop/8-8-2026/91456657.json,haggle,1,1,0.6308,Grimmsnarl
91457514,/Users/nickzwart/Desktop/8-8-2026/91457514.json,KawattaTaido,1,0,0.6757,Grimmsnarl
91458616,/Users/nickzwart/Desktop/8-8-2026/91458616.json,e-toppo + kurupical,0,1,0.6136,Grimmsnarl
91458416,/Users/nickzwart/Desktop/8-8-2026/91458416.json,KawattaTaido,1,1,0.6757,other
91458577,/Users/nickzwart/Desktop/8-8-2026/91458577.json,Dipam Chakraborty,0,1,0.6782,Grimmsnarl
91459338,/Users/nickzwart/Desktop/8-8-2026/91459338.json,KawattaTaido,1,0,0.6757,M-Kangaskhan
91460225,/Users/nickzwart/Desktop/8-8-2026/91460225.json,KawattaTaido,1,1,0.6757,Grimmsnarl
91461030,/Users/nickzwart/Desktop/8-8-2026/91461030.json,e-toppo + kurupical,1,0,0.6136,Ogerpon
91461137,/Users/nickzwart/Desktop/8-8-2026/91461137.json,KawattaTaido,0,1,0.6757,other
91463007,/Users/nickzwart/Desktop/8-8-2026/91463007.json,KawattaTaido,1,1,0.6757,Grimmsnarl
91463061,/Users/nickzwart/Desktop/8-8-2026/91463061.json,THIRD PTCG Club,1,0,0.5125,Alakazam
91461277,/Users/nickzwart/Desktop/8-8-2026/91461277.json,Dipam Chakraborty,1,0,0.6782,Grimmsnarl
91461967,/Users/nickzwart/Desktop/8-8-2026/91461967.json,Pokemon Siuuuu,1,0,0.6019,M-Lopunny
91462009,/Users/nickzwart/Desktop/8-8-2026/91462009.json,e-toppo + kurupical,0,0,0.6136,Grimmsnarl
91462045,/Users/nickzwart/Desktop/8-8-2026/91462045.json,Pokemon Siuuuu,0,1,0.6019,Dragapult
91462045,/Users/nickzwart/Desktop/8-8-2026/91462045.json,KawattaTaido,1,0,0.6757,Dragapult
91464669,/Users/nickzwart/Desktop/8-8-2026/91464669.json,Pokemon Siuuuu,1,1,0.6019,Ogerpon
91463867,/Users/nickzwart/Desktop/8-8-2026/91463867.json,KawattaTaido,1,1,0.6757,Grimmsnarl
91464779,/Users/nickzwart/Desktop/8-8-2026/91464779.json,KawattaTaido,0,1,0.6757,Grimmsnarl
91464968,/Users/nickzwart/Desktop/8-8-2026/91464968.json,haggle,1,0,0.6308,M-Lopunny
91465663,/Users/nickzwart/Desktop/8-8-2026/91465663.json,KawattaTaido,0,1,0.6757,Alakazam
91466587,/Users/nickzwart/Desktop/8-8-2026/91466587.json,KawattaTaido,1,0,0.6757,M-Lopunny
91466741,/Users/nickzwart/Desktop/8-8-2026/91466741.json,Dipam Chakraborty,1,1,0.6782,Garchomp
91466761,/Users/nickzwart/Desktop/8-8-2026/91466761.json,e-toppo + kurupical,1,1,0.6136,M-Starmie
91467423,/Users/nickzwart/Desktop/8-8-2026/91467423.json,e-toppo + kurupical,1,0,0.6136,M-Lopunny
91467470,/Users/nickzwart/Desktop/8-8-2026/91467470.json,haggle,1,0,0.6308,Crustle
91467499,/Users/nickzwart/Desktop/8-8-2026/91467499.json,KawattaTaido,0,0,0.6757,Crustle
91468458,/Users/nickzwart/Desktop/8-8-2026/91468458.json,Dipam Chakraborty,1,0,0.6782,M-Kangaskhan
91468476,/Users/nickzwart/Desktop/8-8-2026/91468476.json,KawattaTaido,0,1,0.6757,Alakazam
91469298,/Users/nickzwart/Desktop/8-8-2026/91469298.json,KawattaTaido,0,1,0.6757,Grimmsnarl
91470241,/Users/nickzwart/Desktop/8-8-2026/91470241.json,KawattaTaido,0,0,0.6757,Grimmsnarl
91469484,/Users/nickzwart/Desktop/8-8-2026/91469484.json,Kh0a,1,0,0.5833,M-Lopunny
91470126,/Users/nickzwart/Desktop/8-8-2026/91470126.json,Pokemon Siuuuu,1,0,0.6019,Ogerpon
91471159,/Users/nickzwart/Desktop/8-8-2026/91471159.json,KawattaTaido,0,1,0.6757,Grimmsnarl
91471259,/Users/nickzwart/Desktop/8-8-2026/91471259.json,Pokemon Siuuuu,1,0,0.6019,M-Kangaskhan
91472070,/Users/nickzwart/Desktop/8-8-2026/91472070.json,KawattaTaido,0,1,0.6757,Grimmsnarl
91473865,/Users/nickzwart/Desktop/8-8-2026/91473865.json,THIRD PTCG Club,0,1,0.5125,Alakazam
91473889,/Users/nickzwart/Desktop/8-8-2026/91473889.json,KawattaTaido,1,0,0.6757,Alakazam
91474779,/Users/nickzwart/Desktop/8-8-2026/91474779.json,THIRD PTCG Club,1,0,0.5125,Alakazam
91474801,/Users/nickzwart/Desktop/8-8-2026/91474801.json,KawattaTaido,1,0,0.6757,Grimmsnarl
90849005,/Users/nickzwart/Desktop/9-8-2026/90849005.json,Petit Canard,1,0,0.5455,Grimmsnarl
90849035,/Users/nickzwart/Desktop/9-8-2026/90849035.json,Petit Canard,1,1,0.5455,M-Kangaskhan
90850764,/Users/nickzwart/Desktop/9-8-2026/90850764.json,Petit Canard,0,1,0.5455,Ogerpon
90851660,/Users/nickzwart/Desktop/9-8-2026/90851660.json,Pokemon Siuuuu,1,0,0.6019,Ogerpon
90851446,/Users/nickzwart/Desktop/9-8-2026/90851446.json,szlachetny snieg,0,1,0.4615,Grimmsnarl
90851565,/Users/nickzwart/Desktop/9-8-2026/90851565.json,Pokemon Siuuuu,1,0,0.6019,Alakazam
90852276,/Users/nickzwart/Desktop/9-8-2026/90852276.json,szlachetny snieg,1,1,0.4615,M-Kangaskhan
90852464,/Users/nickzwart/Desktop/9-8-2026/90852464.json,Pokemon Siuuuu,1,0,0.6019,Alakazam
90853016,/Users/nickzwart/Desktop/9-8-2026/90853016.json,Kh0a,1,0,0.5833,Grimmsnarl
90853119,/Users/nickzwart/Desktop/9-8-2026/90853119.json,szlachetny snieg,0,0,0.4615,Grimmsnarl
90853853,/Users/nickzwart/Desktop/9-8-2026/90853853.json,RtoABC,1,1,0.5882,Grimmsnarl
90853974,/Users/nickzwart/Desktop/9-8-2026/90853974.json,youtube.com/@BigBugginnings,0,1,0.4667,M-Kangaskhan
90854162,/Users/nickzwart/Desktop/9-8-2026/90854162.json,LumenLiquidity,1,0,0.6296,Grimmsnarl
90854819,/Users/nickzwart/Desktop/9-8-2026/90854819.json,szlachetny snieg,0,1,0.4615,Crustle
90854822,/Users/nickzwart/Desktop/9-8-2026/90854822.json,youtube.com/@BigBugginnings,0,0,0.4667,Grimmsnarl
90855660,/Users/nickzwart/Desktop/9-8-2026/90855660.json,szlachetny snieg,0,0,0.4615,Grimmsnarl
90855837,/Users/nickzwart/Desktop/9-8-2026/90855837.json,Kh0a,0,0,0.5833,Dragapult
90855837,/Users/nickzwart/Desktop/9-8-2026/90855837.json,LumenLiquidity,1,1,0.6296,Dragapult
90857212,/Users/nickzwart/Desktop/9-8-2026/90857212.json,Pokemon Siuuuu,1,1,0.6019,Alakazam
90857258,/Users/nickzwart/Desktop/9-8-2026/90857258.json,LumenLiquidity,0,1,0.6296,Grimmsnarl
90858055,/Users/nickzwart/Desktop/9-8-2026/90858055.json,LumenLiquidity,1,0,0.6296,Grimmsnarl
90858214,/Users/nickzwart/Desktop/9-8-2026/90858214.json,szlachetny snieg,0,1,0.4615,M-Lopunny
90858232,/Users/nickzwart/Desktop/9-8-2026/90858232.json,youtube.com/@BigBugginnings,1,0,0.4667,Alakazam
90858246,/Users/nickzwart/Desktop/9-8-2026/90858246.json,Pokemon Siuuuu,1,1,0.6019,Alakazam
90859754,/Users/nickzwart/Desktop/9-8-2026/90859754.json,szlachetny snieg,0,0,0.4615,Grimmsnarl
90859904,/Users/nickzwart/Desktop/9-8-2026/90859904.json,szlachetny snieg,0,1,0.4615,Grimmsnarl
90859930,/Users/nickzwart/Desktop/9-8-2026/90859930.json,youtube.com/@BigBugginnings,0,0,0.4667,Dragapult
90859930,/Users/nickzwart/Desktop/9-8-2026/90859930.json,Kh0a,1,1,0.5833,Dragapult
90860766,/Users/nickzwart/Desktop/9-8-2026/90860766.json,szlachetny snieg,0,0,0.4615,Alakazam
90861534,/Users/nickzwart/Desktop/9-8-2026/90861534.json,szlachetny snieg,0,1,0.4615,other
90862494,/Users/nickzwart/Desktop/9-8-2026/90862494.json,szlachetny snieg,1,1,0.4615,M-Kangaskhan
90863174,/Users/nickzwart/Desktop/9-8-2026/90863174.json,Pokemon Siuuuu,1,1,0.6019,Grimmsnarl
90863311,/Users/nickzwart/Desktop/9-8-2026/90863311.json,szlachetny snieg,0,0,0.4615,Grimmsnarl
90864038,/Users/nickzwart/Desktop/9-8-2026/90864038.json,LumenLiquidity,1,1,0.6296,Grimmsnarl
90864185,/Users/nickzwart/Desktop/9-8-2026/90864185.json,szlachetny snieg,0,1,0.4615,Dragapult
90864185,/Users/nickzwart/Desktop/9-8-2026/90864185.json,Kh0a,1,0,0.5833,Dragapult
90865039,/Users/nickzwart/Desktop/9-8-2026/90865039.json,szlachetny snieg,0,1,0.4615,M-Kangaskhan
90865091,/Users/nickzwart/Desktop/9-8-2026/90865091.json,youtube.com/@BigBugginnings,1,1,0.4667,Grimmsnarl
90865160,/Users/nickzwart/Desktop/9-8-2026/90865160.json,e-toppo + kurupical,0,0,0.6136,M-Lopunny
90865900,/Users/nickzwart/Desktop/9-8-2026/90865900.json,szlachetny snieg,0,1,0.4615,Ogerpon
90865953,/Users/nickzwart/Desktop/9-8-2026/90865953.json,youtube.com/@BigBugginnings,1,0,0.4667,Grimmsnarl
90866797,/Users/nickzwart/Desktop/9-8-2026/90866797.json,youtube.com/@BigBugginnings,1,0,0.4667,Grimmsnarl
90867486,/Users/nickzwart/Desktop/9-8-2026/90867486.json,szlachetny snieg,1,0,0.4615,Grimmsnarl
90867676,/Users/nickzwart/Desktop/9-8-2026/90867676.json,youtube.com/@BigBugginnings,0,0,0.4667,Ogerpon
90868433,/Users/nickzwart/Desktop/9-8-2026/90868433.json,Budew,1,0,0.3077,Grimmsnarl
90868473,/Users/nickzwart/Desktop/9-8-2026/90868473.json,szlachetny snieg,0,0,0.4615,Grimmsnarl
90870092,/Users/nickzwart/Desktop/9-8-2026/90870092.json,szlachetny snieg,0,0,0.4615,M-Lopunny
90870923,/Users/nickzwart/Desktop/9-8-2026/90870923.json,Petit Canard,1,0,0.5455,Grimmsnarl
90870200,/Users/nickzwart/Desktop/9-8-2026/90870200.json,szlachetny snieg,0,0,0.4615,Alakazam
90871033,/Users/nickzwart/Desktop/9-8-2026/90871033.json,e-toppo + kurupical,1,1,0.6136,Alakazam
90871065,/Users/nickzwart/Desktop/9-8-2026/90871065.json,szlachetny snieg,1,1,0.4615,Grimmsnarl
90872766,/Users/nickzwart/Desktop/9-8-2026/90872766.json,szlachetny snieg,0,1,0.4615,Grimmsnarl
90872622,/Users/nickzwart/Desktop/9-8-2026/90872622.json,Kh0a,1,1,0.5833,Grimmsnarl
90871881,/Users/nickzwart/Desktop/9-8-2026/90871881.json,szlachetny snieg,1,1,0.4615,Grimmsnarl
90873451,/Users/nickzwart/Desktop/9-8-2026/90873451.json,RtoABC,1,1,0.5882,M-Lopunny
90874468,/Users/nickzwart/Desktop/9-8-2026/90874468.json,szlachetny snieg,0,1,0.4615,Alakazam
90876010,/Users/nickzwart/Desktop/9-8-2026/90876010.json,e-toppo + kurupical,1,1,0.6136,M-Lopunny
90878391,/Users/nickzwart/Desktop/9-8-2026/90878391.json,e-toppo + kurupical,0,0,0.6136,Grimmsnarl
90879464,/Users/nickzwart/Desktop/9-8-2026/90879464.json,Pokopia,0,0,0.5152,Alakazam
90881012,/Users/nickzwart/Desktop/9-8-2026/90881012.json,cyrus,1,0,0.4286,Garchomp
90881081,/Users/nickzwart/Desktop/9-8-2026/90881081.json,Pokemon Siuuuu,1,1,0.6019,Grimmsnarl
90881107,/Users/nickzwart/Desktop/9-8-2026/90881107.json,szlachetny snieg,0,0,0.4615,Grimmsnarl
90881746,/Users/nickzwart/Desktop/9-8-2026/90881746.json,szlachetny snieg,0,1,0.4615,Grimmsnarl
90881921,/Users/nickzwart/Desktop/9-8-2026/90881921.json,Pokemon Siuuuu,0,1,0.6019,Alakazam
90883465,/Users/nickzwart/Desktop/9-8-2026/90883465.json,LumenLiquidity,0,1,0.6296,Alakazam
90882750,/Users/nickzwart/Desktop/9-8-2026/90882750.json,Kh0a,1,1,0.5833,M-Lopunny
90884487,/Users/nickzwart/Desktop/9-8-2026/90884487.json,e-toppo + kurupical,1,1,0.6136,Grimmsnarl
90884280,/Users/nickzwart/Desktop/9-8-2026/90884280.json,Pokopia,1,0,0.5152,Grimmsnarl
90884333,/Users/nickzwart/Desktop/9-8-2026/90884333.json,Kh0a,0,1,0.5833,Alakazam
90885166,/Users/nickzwart/Desktop/9-8-2026/90885166.json,Pokopia,0,0,0.5152,Alakazam
90885960,/Users/nickzwart/Desktop/9-8-2026/90885960.json,Petit Canard,1,0,0.5455,Alakazam
90887789,/Users/nickzwart/Desktop/9-8-2026/90887789.json,Kh0a,0,0,0.5833,M-Lopunny
90890120,/Users/nickzwart/Desktop/9-8-2026/90890120.json,e-toppo + kurupical,1,0,0.6136,Grimmsnarl
90889350,/Users/nickzwart/Desktop/9-8-2026/90889350.json,Pokemon Siuuuu,0,1,0.6019,Alakazam
90890319,/Users/nickzwart/Desktop/9-8-2026/90890319.json,Pokemon Siuuuu,0,0,0.6019,M-Lopunny
90890427,/Users/nickzwart/Desktop/9-8-2026/90890427.json,Pokemon Siuuuu,1,1,0.6019,M-Kangaskhan
90891030,/Users/nickzwart/Desktop/9-8-2026/90891030.json,Petit Canard,1,0,0.5455,Alakazam
90892588,/Users/nickzwart/Desktop/9-8-2026/90892588.json,Kh0a,0,0,0.5833,M-Kangaskhan
90892904,/Users/nickzwart/Desktop/9-8-2026/90892904.json,szlachetny snieg,1,0,0.4615,Alakazam
90895103,/Users/nickzwart/Desktop/9-8-2026/90895103.json,Kh0a,1,0,0.5833,M-Kangaskhan
90896790,/Users/nickzwart/Desktop/9-8-2026/90896790.json,Kh0a,0,1,0.5833,Grimmsnarl
90896808,/Users/nickzwart/Desktop/9-8-2026/90896808.json,Kh0a,0,0,0.5833,M-Lucario
90896892,/Users/nickzwart/Desktop/9-8-2026/90896892.json,Kh0a,0,1,0.5833,Grimmsnarl
90897612,/Users/nickzwart/Desktop/9-8-2026/90897612.json,Kh0a,0,1,0.5833,Garchomp
90898615,/Users/nickzwart/Desktop/9-8-2026/90898615.json,LumenLiquidity,1,0,0.6296,Alakazam
90898429,/Users/nickzwart/Desktop/9-8-2026/90898429.json,Kh0a,1,0,0.5833,Grimmsnarl
90898434,/Users/nickzwart/Desktop/9-8-2026/90898434.json,Kh0a,1,0,0.5833,Dudunsparce
90899270,/Users/nickzwart/Desktop/9-8-2026/90899270.json,Kh0a,1,1,0.5833,Alakazam
90899281,/Users/nickzwart/Desktop/9-8-2026/90899281.json,Kh0a,1,1,0.5833,Alakazam
90900137,/Users/nickzwart/Desktop/9-8-2026/90900137.json,Kh0a,0,1,0.5833,Alakazam
90901011,/Users/nickzwart/Desktop/9-8-2026/90901011.json,Kh0a,1,1,0.5833,M-Lopunny
90900120,/Users/nickzwart/Desktop/9-8-2026/90900120.json,Kh0a,0,1,0.5833,Ogerpon
90901884,/Users/nickzwart/Desktop/9-8-2026/90901884.json,Kh0a,0,0,0.5833,M-Kangaskhan
90901885,/Users/nickzwart/Desktop/9-8-2026/90901885.json,Kh0a,1,0,0.5833,Grimmsnarl
90902080,/Users/nickzwart/Desktop/9-8-2026/90902080.json,szlachetny snieg,1,0,0.4615,Grimmsnarl
90902716,/Users/nickzwart/Desktop/9-8-2026/90902716.json,Kh0a,1,1,0.5833,Alakazam
90902722,/Users/nickzwart/Desktop/9-8-2026/90902722.json,Kh0a,1,1,0.5833,Grimmsnarl
90902725,/Users/nickzwart/Desktop/9-8-2026/90902725.json,szlachetny snieg,1,0,0.4615,Grimmsnarl
90903574,/Users/nickzwart/Desktop/9-8-2026/90903574.json,Kh0a,0,0,0.5833,Hydrapple
90903740,/Users/nickzwart/Desktop/9-8-2026/90903740.json,Petit Canard,0,1,0.5455,Alakazam
90903833,/Users/nickzwart/Desktop/9-8-2026/90903833.json,RtoABC,0,1,0.5882,Alakazam
90904435,/Users/nickzwart/Desktop/9-8-2026/90904435.json,Kh0a,0,1,0.5833,Grimmsnarl
90904446,/Users/nickzwart/Desktop/9-8-2026/90904446.json,Kh0a,0,0,0.5833,M-Kangaskhan
90906323,/Users/nickzwart/Desktop/9-8-2026/90906323.json,Kh0a,0,1,0.5833,Alakazam
90907791,/Users/nickzwart/Desktop/9-8-2026/90907791.json,e-toppo + kurupical,1,0,0.6136,other
90906997,/Users/nickzwart/Desktop/9-8-2026/90906997.json,Kh0a,0,1,0.5833,Hydrapple
90905275,/Users/nickzwart/Desktop/9-8-2026/90905275.json,Kh0a,1,0,0.5833,M-Kangaskhan
90905290,/Users/nickzwart/Desktop/9-8-2026/90905290.json,Kh0a,1,0,0.5833,Grimmsnarl
90907060,/Users/nickzwart/Desktop/9-8-2026/90907060.json,Kh0a,1,1,0.5833,Alakazam
90907108,/Users/nickzwart/Desktop/9-8-2026/90907108.json,Budew,1,1,0.3077,Grimmsnarl
90907858,/Users/nickzwart/Desktop/9-8-2026/90907858.json,Kh0a,1,0,0.5833,M-Lopunny
90907873,/Users/nickzwart/Desktop/9-8-2026/90907873.json,Kh0a,1,0,0.5833,M-Lopunny
90908701,/Users/nickzwart/Desktop/9-8-2026/90908701.json,Kh0a,1,1,0.5833,Grimmsnarl
90908707,/Users/nickzwart/Desktop/9-8-2026/90908707.json,Kh0a,1,1,0.5833,Dudunsparce
90909536,/Users/nickzwart/Desktop/9-8-2026/90909536.json,Kh0a,1,0,0.5833,Ogerpon
90910412,/Users/nickzwart/Desktop/9-8-2026/90910412.json,Kh0a,1,0,0.5833,Grimmsnarl
90910420,/Users/nickzwart/Desktop/9-8-2026/90910420.json,Pokemon Siuuuu,0,1,0.6019,Grimmsnarl
90909547,/Users/nickzwart/Desktop/9-8-2026/90909547.json,Kh0a,1,1,0.5833,Alakazam
90910403,/Users/nickzwart/Desktop/9-8-2026/90910403.json,Kh0a,1,1,0.5833,Garchomp
90910618,/Users/nickzwart/Desktop/9-8-2026/90910618.json,Kh0a,0,1,0.5833,M-Lopunny
90911262,/Users/nickzwart/Desktop/9-8-2026/90911262.json,Kh0a,0,1,0.5833,Ogerpon
90911274,/Users/nickzwart/Desktop/9-8-2026/90911274.json,Kh0a,0,1,0.5833,Grimmsnarl
90912986,/Users/nickzwart/Desktop/9-8-2026/90912986.json,Kh0a,0,1,0.5833,Grimmsnarl
90913004,/Users/nickzwart/Desktop/9-8-2026/90913004.json,Kh0a,1,1,0.5833,Grimmsnarl
90913130,/Users/nickzwart/Desktop/9-8-2026/90913130.json,Petit Canard,0,1,0.5455,other
90913148,/Users/nickzwart/Desktop/9-8-2026/90913148.json,youtube.com/@BigBugginnings,0,1,0.4667,M-Kangaskhan
90912056,/Users/nickzwart/Desktop/9-8-2026/90912056.json,Kh0a,0,0,0.5833,M-Kangaskhan
90912120,/Users/nickzwart/Desktop/9-8-2026/90912120.json,Kh0a,0,1,0.5833,Grimmsnarl
90912138,/Users/nickzwart/Desktop/9-8-2026/90912138.json,Kh0a,0,0,0.5833,M-Lopunny
90913848,/Users/nickzwart/Desktop/9-8-2026/90913848.json,Kh0a,1,1,0.5833,M-Lopunny
90914721,/Users/nickzwart/Desktop/9-8-2026/90914721.json,Kh0a,1,0,0.5833,M-Kangaskhan
90916480,/Users/nickzwart/Desktop/9-8-2026/90916480.json,RtoABC,0,1,0.5882,Grimmsnarl
90915555,/Users/nickzwart/Desktop/9-8-2026/90915555.json,Kh0a,1,0,0.5833,Ogerpon
90915566,/Users/nickzwart/Desktop/9-8-2026/90915566.json,Kh0a,0,1,0.5833,M-Lopunny
90915652,/Users/nickzwart/Desktop/9-8-2026/90915652.json,Budew,0,0,0.3077,Grimmsnarl
90916389,/Users/nickzwart/Desktop/9-8-2026/90916389.json,Kh0a,1,0,0.5833,Grimmsnarl
90917151,/Users/nickzwart/Desktop/9-8-2026/90917151.json,Pokemon Siuuuu,0,1,0.6019,M-Kangaskhan
90917219,/Users/nickzwart/Desktop/9-8-2026/90917219.json,Kh0a,1,0,0.5833,other
90917220,/Users/nickzwart/Desktop/9-8-2026/90917220.json,Kh0a,0,1,0.5833,Grimmsnarl
90918081,/Users/nickzwart/Desktop/9-8-2026/90918081.json,Kh0a,0,1,0.5833,Alakazam
90918086,/Users/nickzwart/Desktop/9-8-2026/90918086.json,Kh0a,0,1,0.5833,Grimmsnarl
90918806,/Users/nickzwart/Desktop/9-8-2026/90918806.json,Kh0a,1,1,0.5833,Alakazam
90918924,/Users/nickzwart/Desktop/9-8-2026/90918924.json,Kh0a,0,1,0.5833,Alakazam
90919899,/Users/nickzwart/Desktop/9-8-2026/90919899.json,Pokemon Siuuuu,0,1,0.6019,Alakazam
90919671,/Users/nickzwart/Desktop/9-8-2026/90919671.json,Petit Canard,0,1,0.5455,M-Kangaskhan
90920596,/Users/nickzwart/Desktop/9-8-2026/90920596.json,Kh0a,0,1,0.5833,Ogerpon
90921323,/Users/nickzwart/Desktop/9-8-2026/90921323.json,LumenLiquidity,0,1,0.6296,Ogerpon
90921526,/Users/nickzwart/Desktop/9-8-2026/90921526.json,LumenLiquidity,0,0,0.6296,Dragapult
90921526,/Users/nickzwart/Desktop/9-8-2026/90921526.json,Kh0a,1,1,0.5833,Dragapult
90921429,/Users/nickzwart/Desktop/9-8-2026/90921429.json,Kh0a,1,1,0.5833,Garchomp
90921435,/Users/nickzwart/Desktop/9-8-2026/90921435.json,Kh0a,0,1,0.5833,M-Lopunny
90922255,/Users/nickzwart/Desktop/9-8-2026/90922255.json,Kh0a,1,1,0.5833,M-Lucario
90922256,/Users/nickzwart/Desktop/9-8-2026/90922256.json,Kh0a,1,1,0.5833,M-Kangaskhan
90923083,/Users/nickzwart/Desktop/9-8-2026/90923083.json,Kh0a,1,0,0.5833,Crustle
90923093,/Users/nickzwart/Desktop/9-8-2026/90923093.json,Kh0a,0,1,0.5833,Ogerpon
90923724,/Users/nickzwart/Desktop/9-8-2026/90923724.json,szlachetny snieg,1,0,0.4615,other
90923920,/Users/nickzwart/Desktop/9-8-2026/90923920.json,Kh0a,1,1,0.5833,Grimmsnarl
90923925,/Users/nickzwart/Desktop/9-8-2026/90923925.json,Kh0a,1,0,0.5833,M-Kangaskhan
90925587,/Users/nickzwart/Desktop/9-8-2026/90925587.json,Kh0a,0,0,0.5833,M-Lopunny
90925596,/Users/nickzwart/Desktop/9-8-2026/90925596.json,Kh0a,1,0,0.5833,M-Lopunny
90924676,/Users/nickzwart/Desktop/9-8-2026/90924676.json,Kh0a,1,1,0.5833,M-Lopunny
90924809,/Users/nickzwart/Desktop/9-8-2026/90924809.json,Kh0a,1,1,0.5833,Alakazam
90926437,/Users/nickzwart/Desktop/9-8-2026/90926437.json,Kh0a,1,1,0.5833,M-Lopunny
90926443,/Users/nickzwart/Desktop/9-8-2026/90926443.json,Kh0a,1,1,0.5833,M-Lopunny
90927278,/Users/nickzwart/Desktop/9-8-2026/90927278.json,Kh0a,0,0,0.5833,Alakazam
90928141,/Users/nickzwart/Desktop/9-8-2026/90928141.json,Kh0a,0,1,0.5833,Dragapult
90928141,/Users/nickzwart/Desktop/9-8-2026/90928141.json,Budew,1,0,0.3077,Dragapult
90928152,/Users/nickzwart/Desktop/9-8-2026/90928152.json,Kh0a,1,1,0.5833,Ogerpon
90928993,/Users/nickzwart/Desktop/9-8-2026/90928993.json,Kh0a,1,0,0.5833,M-Lopunny
90928997,/Users/nickzwart/Desktop/9-8-2026/90928997.json,Kh0a,1,1,0.5833,Ogerpon
90929794,/Users/nickzwart/Desktop/9-8-2026/90929794.json,Kh0a,0,0,0.5833,M-Kangaskhan
90930613,/Users/nickzwart/Desktop/9-8-2026/90930613.json,Kh0a,0,1,0.5833,Grimmsnarl
90930758,/Users/nickzwart/Desktop/9-8-2026/90930758.json,Kh0a,0,0,0.5833,M-Kangaskhan
90931503,/Users/nickzwart/Desktop/9-8-2026/90931503.json,LumenLiquidity,0,1,0.6296,Dragapult
90931503,/Users/nickzwart/Desktop/9-8-2026/90931503.json,Kh0a,1,0,0.5833,Dragapult
90932413,/Users/nickzwart/Desktop/9-8-2026/90932413.json,Kh0a,1,1,0.5833,Grimmsnarl
90934032,/Users/nickzwart/Desktop/9-8-2026/90934032.json,Kh0a,0,0,0.5833,Ogerpon
90933003,/Users/nickzwart/Desktop/9-8-2026/90933003.json,Kh0a,1,0,0.5833,other
90933193,/Users/nickzwart/Desktop/9-8-2026/90933193.json,Kh0a,0,1,0.5833,Grimmsnarl
90933195,/Users/nickzwart/Desktop/9-8-2026/90933195.json,Kh0a,0,1,0.5833,Grimmsnarl
90934633,/Users/nickzwart/Desktop/9-8-2026/90934633.json,Kh0a,0,1,0.5833,M-Lopunny
90935805,/Users/nickzwart/Desktop/9-8-2026/90935805.json,szlachetny snieg,1,0,0.4615,Ogerpon
90936542,/Users/nickzwart/Desktop/9-8-2026/90936542.json,Kh0a,1,0,0.5833,Crustle
90935707,/Users/nickzwart/Desktop/9-8-2026/90935707.json,Kh0a,0,0,0.5833,M-Lopunny
90935753,/Users/nickzwart/Desktop/9-8-2026/90935753.json,Kh0a,0,1,0.5833,Alakazam
90934945,/Users/nickzwart/Desktop/9-8-2026/90934945.json,Kh0a,0,1,0.5833,M-Lopunny
90939774,/Users/nickzwart/Desktop/9-8-2026/90939774.json,Kh0a,0,1,0.5833,Grimmsnarl
90940757,/Users/nickzwart/Desktop/9-8-2026/90940757.json,Pokemon Siuuuu,0,1,0.6019,Grimmsnarl
90941519,/Users/nickzwart/Desktop/9-8-2026/90941519.json,Kh0a,1,0,0.5833,Ogerpon
90940593,/Users/nickzwart/Desktop/9-8-2026/90940593.json,Pokemon Siuuuu,1,0,0.6019,other
90945691,/Users/nickzwart/Desktop/9-8-2026/90945691.json,Kh0a,0,0,0.5833,Ogerpon
90949001,/Users/nickzwart/Desktop/9-8-2026/90949001.json,Pokemon Siuuuu,1,1,0.6019,Ogerpon
90951515,/Users/nickzwart/Desktop/9-8-2026/90951515.json,Kh0a,0,1,0.5833,Grimmsnarl
90950746,/Users/nickzwart/Desktop/9-8-2026/90950746.json,RtoABC,0,0,0.5882,Grimmsnarl
90953720,/Users/nickzwart/Desktop/9-8-2026/90953720.json,Kh0a,0,0,0.5833,M-Kangaskhan
90956418,/Users/nickzwart/Desktop/9-8-2026/90956418.json,Pokemon Siuuuu,0,0,0.6019,other
90956435,/Users/nickzwart/Desktop/9-8-2026/90956435.json,RtoABC,0,1,0.5882,Ogerpon
90958988,/Users/nickzwart/Desktop/9-8-2026/90958988.json,LumenLiquidity,1,0,0.6296,Alakazam
90959801,/Users/nickzwart/Desktop/9-8-2026/90959801.json,e-toppo + kurupical,1,1,0.6136,Alakazam
90962162,/Users/nickzwart/Desktop/9-8-2026/90962162.json,Pokopia,0,0,0.5152,Grimmsnarl
90961489,/Users/nickzwart/Desktop/9-8-2026/90961489.json,LumenLiquidity,1,1,0.6296,M-Lopunny
90962890,/Users/nickzwart/Desktop/9-8-2026/90962890.json,Pokemon Siuuuu,1,1,0.6019,Alakazam
90964070,/Users/nickzwart/Desktop/9-8-2026/90964070.json,Kh0a,1,0,0.5833,M-Kangaskhan
90964644,/Users/nickzwart/Desktop/9-8-2026/90964644.json,LumenLiquidity,1,0,0.6296,M-Lopunny
90969609,/Users/nickzwart/Desktop/9-8-2026/90969609.json,cyrus,1,1,0.4286,Grimmsnarl
90969659,/Users/nickzwart/Desktop/9-8-2026/90969659.json,Kh0a,1,0,0.5833,M-Kangaskhan
90970450,/Users/nickzwart/Desktop/9-8-2026/90970450.json,cyrus,1,0,0.4286,Grimmsnarl
90970505,/Users/nickzwart/Desktop/9-8-2026/90970505.json,Kh0a,1,1,0.5833,M-Lucario
90971285,/Users/nickzwart/Desktop/9-8-2026/90971285.json,cyrus,1,1,0.4286,Grimmsnarl
90971333,/Users/nickzwart/Desktop/9-8-2026/90971333.json,Kh0a,1,0,0.5833,Dudunsparce
90971487,/Users/nickzwart/Desktop/9-8-2026/90971487.json,Pokemon Siuuuu,0,0,0.6019,M-Kangaskhan
90972163,/Users/nickzwart/Desktop/9-8-2026/90972163.json,Kh0a,0,1,0.5833,Alakazam
90973866,/Users/nickzwart/Desktop/9-8-2026/90973866.json,Kh0a,0,1,0.5833,Grimmsnarl
90974639,/Users/nickzwart/Desktop/9-8-2026/90974639.json,cyrus,0,0,0.4286,Ogerpon
90974752,/Users/nickzwart/Desktop/9-8-2026/90974752.json,LumenLiquidity,0,1,0.6296,Grimmsnarl
90974845,/Users/nickzwart/Desktop/9-8-2026/90974845.json,Kh0a,1,1,0.5833,Grimmsnarl
90976339,/Users/nickzwart/Desktop/9-8-2026/90976339.json,LumenLiquidity,1,1,0.6296,M-Lopunny
90976354,/Users/nickzwart/Desktop/9-8-2026/90976354.json,cyrus,0,0,0.4286,Grimmsnarl
90976400,/Users/nickzwart/Desktop/9-8-2026/90976400.json,Kh0a,1,1,0.5833,other
90977261,/Users/nickzwart/Desktop/9-8-2026/90977261.json,Kh0a,0,0,0.5833,M-Kangaskhan
90978093,/Users/nickzwart/Desktop/9-8-2026/90978093.json,Kh0a,0,0,0.5833,Grimmsnarl
90978867,/Users/nickzwart/Desktop/9-8-2026/90978867.json,Budew,0,0,0.3077,M-Lopunny
90979868,/Users/nickzwart/Desktop/9-8-2026/90979868.json,Kh0a,1,0,0.5833,M-Lopunny
90982280,/Users/nickzwart/Desktop/9-8-2026/90982280.json,Kh0a,1,1,0.5833,M-Lopunny
90982309,/Users/nickzwart/Desktop/9-8-2026/90982309.json,Pokopia,1,0,0.5152,M-Lopunny
90985716,/Users/nickzwart/Desktop/9-8-2026/90985716.json,RtoABC,1,1,0.5882,M-Lopunny
90987405,/Users/nickzwart/Desktop/9-8-2026/90987405.json,Pokemon Siuuuu,0,1,0.6019,other
90988142,/Users/nickzwart/Desktop/9-8-2026/90988142.json,cyrus,1,1,0.4286,M-Lopunny
90986434,/Users/nickzwart/Desktop/9-8-2026/90986434.json,Kh0a,1,0,0.5833,M-Lopunny
90988751,/Users/nickzwart/Desktop/9-8-2026/90988751.json,LumenLiquidity,1,1,0.6296,Grimmsnarl
90989677,/Users/nickzwart/Desktop/9-8-2026/90989677.json,RtoABC,1,0,0.5882,Alakazam
90990420,/Users/nickzwart/Desktop/9-8-2026/90990420.json,LumenLiquidity,1,1,0.6296,Hydrapple
90988999,/Users/nickzwart/Desktop/9-8-2026/90988999.json,RtoABC,0,0,0.5882,M-Lopunny
90991258,/Users/nickzwart/Desktop/9-8-2026/90991258.json,LumenLiquidity,0,1,0.6296,Alakazam
90992123,/Users/nickzwart/Desktop/9-8-2026/90992123.json,LumenLiquidity,1,1,0.6296,M-Kangaskhan
90991428,/Users/nickzwart/Desktop/9-8-2026/90991428.json,Pokopia,1,1,0.5152,Alakazam
90991490,/Users/nickzwart/Desktop/9-8-2026/90991490.json,Pokopia,1,0,0.5152,M-Kangaskhan
90993022,/Users/nickzwart/Desktop/9-8-2026/90993022.json,LumenLiquidity,0,0,0.6296,Alakazam
90993799,/Users/nickzwart/Desktop/9-8-2026/90993799.json,LumenLiquidity,0,1,0.6296,Alakazam
90994612,/Users/nickzwart/Desktop/9-8-2026/90994612.json,LumenLiquidity,0,1,0.6296,Grimmsnarl
90997044,/Users/nickzwart/Desktop/9-8-2026/90997044.json,Kh0a,0,1,0.5833,Grimmsnarl
90999726,/Users/nickzwart/Desktop/9-8-2026/90999726.json,Pokemon Siuuuu,0,1,0.6019,Ogerpon
90998109,/Users/nickzwart/Desktop/9-8-2026/90998109.json,Pokemon Siuuuu,1,0,0.6019,Hydrapple
90997984,/Users/nickzwart/Desktop/9-8-2026/90997984.json,LumenLiquidity,0,0,0.6296,M-Lopunny
90997118,/Users/nickzwart/Desktop/9-8-2026/90997118.json,e-toppo + kurupical,1,1,0.6136,Ogerpon
90997135,/Users/nickzwart/Desktop/9-8-2026/90997135.json,LumenLiquidity,1,0,0.6296,M-Lopunny
90998823,/Users/nickzwart/Desktop/9-8-2026/90998823.json,LumenLiquidity,0,1,0.6296,Grimmsnarl
90998998,/Users/nickzwart/Desktop/9-8-2026/90998998.json,LumenLiquidity,1,1,0.6296,Grimmsnarl
91000470,/Users/nickzwart/Desktop/9-8-2026/91000470.json,Pokopia,1,1,0.5152,Ogerpon
91001319,/Users/nickzwart/Desktop/9-8-2026/91001319.json,LumenLiquidity,0,1,0.6296,Alakazam
91001487,/Users/nickzwart/Desktop/9-8-2026/91001487.json,Kh0a,0,1,0.5833,Grimmsnarl
91000502,/Users/nickzwart/Desktop/9-8-2026/91000502.json,LumenLiquidity,0,1,0.6296,Grimmsnarl
91000592,/Users/nickzwart/Desktop/9-8-2026/91000592.json,Kh0a,0,1,0.5833,Grimmsnarl
91000614,/Users/nickzwart/Desktop/9-8-2026/91000614.json,RtoABC,0,1,0.5882,Hydrapple
91003005,/Users/nickzwart/Desktop/9-8-2026/91003005.json,Budew,0,0,0.3077,M-Kangaskhan
91003024,/Users/nickzwart/Desktop/9-8-2026/91003024.json,LumenLiquidity,0,0,0.6296,M-Kangaskhan
91003029,/Users/nickzwart/Desktop/9-8-2026/91003029.json,LumenLiquidity,1,0,0.6296,M-Lopunny
91002183,/Users/nickzwart/Desktop/9-8-2026/91002183.json,Pokopia,0,0,0.5152,Dragapult
91002183,/Users/nickzwart/Desktop/9-8-2026/91002183.json,LumenLiquidity,1,1,0.6296,Dragapult
91003869,/Users/nickzwart/Desktop/9-8-2026/91003869.json,LumenLiquidity,1,1,0.6296,M-Kangaskhan
91003970,/Users/nickzwart/Desktop/9-8-2026/91003970.json,Kh0a,0,1,0.5833,Dudunsparce
91004763,/Users/nickzwart/Desktop/9-8-2026/91004763.json,LumenLiquidity,0,1,0.6296,Grimmsnarl
91005501,/Users/nickzwart/Desktop/9-8-2026/91005501.json,LumenLiquidity,1,1,0.6296,Garchomp
91007235,/Users/nickzwart/Desktop/9-8-2026/91007235.json,LumenLiquidity,1,1,0.6296,Grimmsnarl
91006393,/Users/nickzwart/Desktop/9-8-2026/91006393.json,LumenLiquidity,1,0,0.6296,Alakazam
91007346,/Users/nickzwart/Desktop/9-8-2026/91007346.json,Kh0a,0,1,0.5833,Grimmsnarl
91008188,/Users/nickzwart/Desktop/9-8-2026/91008188.json,e-toppo + kurupical,0,1,0.6136,Alakazam
91008212,/Users/nickzwart/Desktop/9-8-2026/91008212.json,Kh0a,1,1,0.5833,Crustle
91008932,/Users/nickzwart/Desktop/9-8-2026/91008932.json,LumenLiquidity,0,1,0.6296,Hydrapple
91009752,/Users/nickzwart/Desktop/9-8-2026/91009752.json,LumenLiquidity,0,0,0.6296,M-Kangaskhan
91009790,/Users/nickzwart/Desktop/9-8-2026/91009790.json,LumenLiquidity,1,1,0.6296,Alakazam
91010614,/Users/nickzwart/Desktop/9-8-2026/91010614.json,LumenLiquidity,0,1,0.6296,Alakazam
91011435,/Users/nickzwart/Desktop/9-8-2026/91011435.json,LumenLiquidity,1,0,0.6296,Grimmsnarl
91011546,/Users/nickzwart/Desktop/9-8-2026/91011546.json,RtoABC,1,0,0.5882,M-Lucario
91012268,/Users/nickzwart/Desktop/9-8-2026/91012268.json,LumenLiquidity,1,1,0.6296,Dudunsparce
91014059,/Users/nickzwart/Desktop/9-8-2026/91014059.json,Budew,0,1,0.3077,Grimmsnarl
91014087,/Users/nickzwart/Desktop/9-8-2026/91014087.json,Kh0a,1,1,0.5833,M-Lopunny
91013956,/Users/nickzwart/Desktop/9-8-2026/91013956.json,LumenLiquidity,1,1,0.6296,Alakazam
91012325,/Users/nickzwart/Desktop/9-8-2026/91012325.json,LumenLiquidity,1,0,0.6296,M-Lopunny
91013023,/Users/nickzwart/Desktop/9-8-2026/91013023.json,e-toppo + kurupical,0,0,0.6136,Grimmsnarl
91013119,/Users/nickzwart/Desktop/9-8-2026/91013119.json,LumenLiquidity,1,1,0.6296,M-Lopunny
91013866,/Users/nickzwart/Desktop/9-8-2026/91013866.json,Pokemon Siuuuu,0,1,0.6019,Grimmsnarl
91014826,/Users/nickzwart/Desktop/9-8-2026/91014826.json,LumenLiquidity,1,1,0.6296,M-Lopunny
91015665,/Users/nickzwart/Desktop/9-8-2026/91015665.json,LumenLiquidity,0,0,0.6296,M-Lucario
91015694,/Users/nickzwart/Desktop/9-8-2026/91015694.json,Pokemon Siuuuu,1,0,0.6019,Alakazam
91016308,/Users/nickzwart/Desktop/9-8-2026/91016308.json,LumenLiquidity,0,1,0.6296,Hydrapple
91016501,/Users/nickzwart/Desktop/9-8-2026/91016501.json,LumenLiquidity,1,0,0.6296,Crustle
91018880,/Users/nickzwart/Desktop/9-8-2026/91018880.json,Pokemon Siuuuu,1,1,0.6019,other
91019028,/Users/nickzwart/Desktop/9-8-2026/91019028.json,Kh0a,1,1,0.5833,Ogerpon
91019040,/Users/nickzwart/Desktop/9-8-2026/91019040.json,LumenLiquidity,1,0,0.6296,Grimmsnarl
91019900,/Users/nickzwart/Desktop/9-8-2026/91019900.json,LumenLiquidity,1,1,0.6296,M-Lopunny
91020734,/Users/nickzwart/Desktop/9-8-2026/91020734.json,Pokopia,0,1,0.5152,Ogerpon
91020752,/Users/nickzwart/Desktop/9-8-2026/91020752.json,LumenLiquidity,1,0,0.6296,M-Lucario
91021406,/Users/nickzwart/Desktop/9-8-2026/91021406.json,e-toppo + kurupical,1,1,0.6136,Grimmsnarl
91021610,/Users/nickzwart/Desktop/9-8-2026/91021610.json,LumenLiquidity,1,1,0.6296,Grimmsnarl
91025759,/Users/nickzwart/Desktop/9-8-2026/91025759.json,e-toppo + kurupical,0,0,0.6136,Grimmsnarl
91029071,/Users/nickzwart/Desktop/9-8-2026/91029071.json,Pokopia,1,1,0.5152,Grimmsnarl
91029794,/Users/nickzwart/Desktop/9-8-2026/91029794.json,Kh0a,1,1,0.5833,M-Froslass
91036547,/Users/nickzwart/Desktop/9-8-2026/91036547.json,Kh0a,1,0,0.5833,M-Lopunny
91040113,/Users/nickzwart/Desktop/9-8-2026/91040113.json,LumenLiquidity,0,1,0.6296,M-Lucario
91041585,/Users/nickzwart/Desktop/9-8-2026/91041585.json,LumenLiquidity,0,0,0.6296,Grimmsnarl
91043182,/Users/nickzwart/Desktop/9-8-2026/91043182.json,Pokopia,0,0,0.5152,M-Kangaskhan
91042540,/Users/nickzwart/Desktop/9-8-2026/91042540.json,Pokopia,0,0,0.5152,Alakazam
91044237,/Users/nickzwart/Desktop/9-8-2026/91044237.json,Pokemon Siuuuu,0,1,0.6019,Alakazam
91044943,/Users/nickzwart/Desktop/9-8-2026/91044943.json,Pokopia,1,0,0.5152,Alakazam
91047625,/Users/nickzwart/Desktop/9-8-2026/91047625.json,Pokemon Siuuuu,1,1,0.6019,Ogerpon
91050088,/Users/nickzwart/Desktop/9-8-2026/91050088.json,213tubo,0,1,0.6458,Grimmsnarl
91050180,/Users/nickzwart/Desktop/9-8-2026/91050180.json,Pokemon Siuuuu,0,0,0.6019,Ogerpon
91050719,/Users/nickzwart/Desktop/9-8-2026/91050719.json,THIRD PTCG Club,0,0,0.5125,Ogerpon
91050769,/Users/nickzwart/Desktop/9-8-2026/91050769.json,213tubo,1,1,0.6458,Alakazam
91050972,/Users/nickzwart/Desktop/9-8-2026/91050972.json,Pokemon Siuuuu,1,0,0.6019,M-Lopunny
91052484,/Users/nickzwart/Desktop/9-8-2026/91052484.json,213tubo,0,1,0.6458,M-Lopunny
91053304,/Users/nickzwart/Desktop/9-8-2026/91053304.json,THIRD PTCG Club,1,1,0.5125,Grimmsnarl
91053340,/Users/nickzwart/Desktop/9-8-2026/91053340.json,213tubo,0,1,0.6458,Grimmsnarl
91053577,/Users/nickzwart/Desktop/9-8-2026/91053577.json,Pokemon Siuuuu,1,1,0.6019,M-Kangaskhan
91054157,/Users/nickzwart/Desktop/9-8-2026/91054157.json,THIRD PTCG Club,1,1,0.5125,M-Kangaskhan
91054193,/Users/nickzwart/Desktop/9-8-2026/91054193.json,213tubo,1,0,0.6458,M-Lopunny
91054212,/Users/nickzwart/Desktop/9-8-2026/91054212.json,szlachetny snieg,0,0,0.4615,Crustle
91055171,/Users/nickzwart/Desktop/9-8-2026/91055171.json,THIRD PTCG Club,1,0,0.5125,M-Lopunny
91055818,/Users/nickzwart/Desktop/9-8-2026/91055818.json,Pokemon Siuuuu,0,1,0.6019,Grimmsnarl
91055885,/Users/nickzwart/Desktop/9-8-2026/91055885.json,213tubo,1,0,0.6458,Grimmsnarl
91055016,/Users/nickzwart/Desktop/9-8-2026/91055016.json,THIRD PTCG Club,1,1,0.5125,Grimmsnarl
91055052,/Users/nickzwart/Desktop/9-8-2026/91055052.json,213tubo,1,0,0.6458,M-Lopunny
91056621,/Users/nickzwart/Desktop/9-8-2026/91056621.json,213tubo,0,0,0.6458,Ogerpon
91056683,/Users/nickzwart/Desktop/9-8-2026/91056683.json,Dipam Chakraborty,1,1,0.6782,M-Lopunny
91056697,/Users/nickzwart/Desktop/9-8-2026/91056697.json,THIRD PTCG Club,0,1,0.5125,Alakazam
91056749,/Users/nickzwart/Desktop/9-8-2026/91056749.json,213tubo,0,1,0.6458,Grimmsnarl
91056782,/Users/nickzwart/Desktop/9-8-2026/91056782.json,Kh0a,1,1,0.5833,Grimmsnarl
91057692,/Users/nickzwart/Desktop/9-8-2026/91057692.json,LumenLiquidity,1,0,0.6296,M-Lopunny
91057800,/Users/nickzwart/Desktop/9-8-2026/91057800.json,szlachetny snieg,1,1,0.4615,M-Lopunny
91058383,/Users/nickzwart/Desktop/9-8-2026/91058383.json,Dipam Chakraborty,0,1,0.6782,Grimmsnarl
91057541,/Users/nickzwart/Desktop/9-8-2026/91057541.json,Dipam Chakraborty,1,1,0.6782,M-Lopunny
91057553,/Users/nickzwart/Desktop/9-8-2026/91057553.json,THIRD PTCG Club,1,0,0.5125,Dudunsparce
91057602,/Users/nickzwart/Desktop/9-8-2026/91057602.json,213tubo,0,1,0.6458,Grimmsnarl
91059332,/Users/nickzwart/Desktop/9-8-2026/91059332.json,213tubo,0,0,0.6458,M-Kangaskhan
91058456,/Users/nickzwart/Desktop/9-8-2026/91058456.json,213tubo,0,1,0.6458,M-Lopunny
91059249,/Users/nickzwart/Desktop/9-8-2026/91059249.json,Dipam Chakraborty,0,1,0.6782,Grimmsnarl
91059274,/Users/nickzwart/Desktop/9-8-2026/91059274.json,THIRD PTCG Club,1,0,0.5125,M-Kangaskhan
91060119,/Users/nickzwart/Desktop/9-8-2026/91060119.json,Dipam Chakraborty,0,1,0.6782,M-Lopunny
91060155,/Users/nickzwart/Desktop/9-8-2026/91060155.json,THIRD PTCG Club,1,1,0.5125,other
91060204,/Users/nickzwart/Desktop/9-8-2026/91060204.json,213tubo,0,0,0.6458,Grimmsnarl
91060997,/Users/nickzwart/Desktop/9-8-2026/91060997.json,Dipam Chakraborty,0,1,0.6782,Grimmsnarl
91061029,/Users/nickzwart/Desktop/9-8-2026/91061029.json,THIRD PTCG Club,1,0,0.5125,M-Kangaskhan
91061078,/Users/nickzwart/Desktop/9-8-2026/91061078.json,THIRD PTCG Club,0,0,0.5125,Dragapult
91061078,/Users/nickzwart/Desktop/9-8-2026/91061078.json,213tubo,1,1,0.6458,Dragapult
91061115,/Users/nickzwart/Desktop/9-8-2026/91061115.json,THIRD PTCG Club,0,1,0.5125,Alakazam
91061870,/Users/nickzwart/Desktop/9-8-2026/91061870.json,Dipam Chakraborty,0,1,0.6782,Ogerpon
91061930,/Users/nickzwart/Desktop/9-8-2026/91061930.json,THIRD PTCG Club,0,1,0.5125,Ogerpon
91061953,/Users/nickzwart/Desktop/9-8-2026/91061953.json,213tubo,0,1,0.6458,Hydrapple
91062098,/Users/nickzwart/Desktop/9-8-2026/91062098.json,LumenLiquidity,0,1,0.6296,Alakazam
91062142,/Users/nickzwart/Desktop/9-8-2026/91062142.json,Pokemon Siuuuu,0,1,0.6019,M-Kangaskhan
91062708,/Users/nickzwart/Desktop/9-8-2026/91062708.json,szlachetny snieg,0,1,0.4615,Dragapult
91062708,/Users/nickzwart/Desktop/9-8-2026/91062708.json,213tubo,1,0,0.6458,Dragapult
91062841,/Users/nickzwart/Desktop/9-8-2026/91062841.json,Dipam Chakraborty,0,1,0.6782,M-Lopunny
91062861,/Users/nickzwart/Desktop/9-8-2026/91062861.json,Dipam Chakraborty,0,1,0.6782,Ogerpon
91062891,/Users/nickzwart/Desktop/9-8-2026/91062891.json,THIRD PTCG Club,1,0,0.5125,Grimmsnarl
91063620,/Users/nickzwart/Desktop/9-8-2026/91063620.json,Dipam Chakraborty,1,0,0.6782,M-Kangaskhan
91063684,/Users/nickzwart/Desktop/9-8-2026/91063684.json,THIRD PTCG Club,0,1,0.5125,M-Kangaskhan
91064482,/Users/nickzwart/Desktop/9-8-2026/91064482.json,Dipam Chakraborty,0,0,0.6782,M-Kangaskhan
91064537,/Users/nickzwart/Desktop/9-8-2026/91064537.json,THIRD PTCG Club,0,1,0.5125,other
91064564,/Users/nickzwart/Desktop/9-8-2026/91064564.json,213tubo,1,1,0.6458,Ogerpon
91065374,/Users/nickzwart/Desktop/9-8-2026/91065374.json,Dipam Chakraborty,1,1,0.6782,Grimmsnarl
91066295,/Users/nickzwart/Desktop/9-8-2026/91066295.json,THIRD PTCG Club,1,0,0.5125,Ogerpon
91066329,/Users/nickzwart/Desktop/9-8-2026/91066329.json,szlachetny snieg,0,0,0.4615,Dragapult
91066329,/Users/nickzwart/Desktop/9-8-2026/91066329.json,213tubo,1,1,0.6458,Dragapult
91067121,/Users/nickzwart/Desktop/9-8-2026/91067121.json,Dipam Chakraborty,0,1,0.6782,Grimmsnarl
91067206,/Users/nickzwart/Desktop/9-8-2026/91067206.json,213tubo,1,1,0.6458,Ogerpon
91068085,/Users/nickzwart/Desktop/9-8-2026/91068085.json,213tubo,1,0,0.6458,Ogerpon
91067983,/Users/nickzwart/Desktop/9-8-2026/91067983.json,Dipam Chakraborty,0,0,0.6782,Grimmsnarl
91069753,/Users/nickzwart/Desktop/9-8-2026/91069753.json,Dipam Chakraborty,0,1,0.6782,M-Lucario
91069849,/Users/nickzwart/Desktop/9-8-2026/91069849.json,213tubo,1,1,0.6458,Alakazam
91070610,/Users/nickzwart/Desktop/9-8-2026/91070610.json,Dipam Chakraborty,0,1,0.6782,M-Lucario
91068867,/Users/nickzwart/Desktop/9-8-2026/91068867.json,Dipam Chakraborty,0,1,0.6782,Alakazam
91068911,/Users/nickzwart/Desktop/9-8-2026/91068911.json,THIRD PTCG Club,1,0,0.5125,M-Kangaskhan
91068957,/Users/nickzwart/Desktop/9-8-2026/91068957.json,213tubo,1,0,0.6458,M-Lopunny
91070714,/Users/nickzwart/Desktop/9-8-2026/91070714.json,Dipam Chakraborty,0,0,0.6782,M-Kangaskhan
91070719,/Users/nickzwart/Desktop/9-8-2026/91070719.json,THIRD PTCG Club,1,1,0.5125,Alakazam
91070774,/Users/nickzwart/Desktop/9-8-2026/91070774.json,213tubo,1,0,0.6458,other
91071512,/Users/nickzwart/Desktop/9-8-2026/91071512.json,Dipam Chakraborty,1,1,0.6782,Grimmsnarl
91071541,/Users/nickzwart/Desktop/9-8-2026/91071541.json,THIRD PTCG Club,0,1,0.5125,Grimmsnarl
91071567,/Users/nickzwart/Desktop/9-8-2026/91071567.json,Pokemon Siuuuu,1,1,0.6019,M-Kangaskhan
91071598,/Users/nickzwart/Desktop/9-8-2026/91071598.json,213tubo,0,1,0.6458,Grimmsnarl
91072395,/Users/nickzwart/Desktop/9-8-2026/91072395.json,Dipam Chakraborty,0,1,0.6782,Alakazam
91072481,/Users/nickzwart/Desktop/9-8-2026/91072481.json,213tubo,0,1,0.6458,Grimmsnarl
91072549,/Users/nickzwart/Desktop/9-8-2026/91072549.json,LumenLiquidity,1,1,0.6296,Grimmsnarl
91073301,/Users/nickzwart/Desktop/9-8-2026/91073301.json,THIRD PTCG Club,0,1,0.5125,Ogerpon
91073356,/Users/nickzwart/Desktop/9-8-2026/91073356.json,213tubo,0,0,0.6458,Grimmsnarl
91074145,/Users/nickzwart/Desktop/9-8-2026/91074145.json,Dipam Chakraborty,0,1,0.6782,Alakazam
91074175,/Users/nickzwart/Desktop/9-8-2026/91074175.json,THIRD PTCG Club,0,1,0.5125,Grimmsnarl
91074197,/Users/nickzwart/Desktop/9-8-2026/91074197.json,LumenLiquidity,0,1,0.6296,Grimmsnarl
91074235,/Users/nickzwart/Desktop/9-8-2026/91074235.json,213tubo,0,1,0.6458,Grimmsnarl
91075118,/Users/nickzwart/Desktop/9-8-2026/91075118.json,213tubo,1,1,0.6458,Hydrapple
91075172,/Users/nickzwart/Desktop/9-8-2026/91075172.json,Dipam Chakraborty,1,0,0.6782,M-Lopunny
91075216,/Users/nickzwart/Desktop/9-8-2026/91075216.json,THIRD PTCG Club,1,0,0.5125,M-Lopunny
91075030,/Users/nickzwart/Desktop/9-8-2026/91075030.json,Dipam Chakraborty,0,1,0.6782,Grimmsnarl
91075058,/Users/nickzwart/Desktop/9-8-2026/91075058.json,THIRD PTCG Club,1,1,0.5125,Alakazam
91075791,/Users/nickzwart/Desktop/9-8-2026/91075791.json,Dipam Chakraborty,0,1,0.6782,other
91075941,/Users/nickzwart/Desktop/9-8-2026/91075941.json,THIRD PTCG Club,0,1,0.5125,Grimmsnarl
91077683,/Users/nickzwart/Desktop/9-8-2026/91077683.json,Kh0a,0,1,0.5833,Hydrapple
91077720,/Users/nickzwart/Desktop/9-8-2026/91077720.json,THIRD PTCG Club,1,0,0.5125,M-Kangaskhan
91077734,/Users/nickzwart/Desktop/9-8-2026/91077734.json,213tubo,1,1,0.6458,M-Lopunny
91076809,/Users/nickzwart/Desktop/9-8-2026/91076809.json,THIRD PTCG Club,0,0,0.5125,Grimmsnarl
91076866,/Users/nickzwart/Desktop/9-8-2026/91076866.json,Budew,0,0,0.3077,Grimmsnarl
91076876,/Users/nickzwart/Desktop/9-8-2026/91076876.json,213tubo,1,1,0.6458,M-Lopunny
91076947,/Users/nickzwart/Desktop/9-8-2026/91076947.json,Pokemon Siuuuu,0,1,0.6019,Hydrapple
91076959,/Users/nickzwart/Desktop/9-8-2026/91076959.json,213tubo,1,0,0.6458,Grimmsnarl
91077833,/Users/nickzwart/Desktop/9-8-2026/91077833.json,Dipam Chakraborty,0,1,0.6782,Alakazam
91078575,/Users/nickzwart/Desktop/9-8-2026/91078575.json,THIRD PTCG Club,0,0,0.5125,M-Lopunny
91078634,/Users/nickzwart/Desktop/9-8-2026/91078634.json,213tubo,1,0,0.6458,Ogerpon
91079403,/Users/nickzwart/Desktop/9-8-2026/91079403.json,Dipam Chakraborty,0,1,0.6782,Alakazam
91079445,/Users/nickzwart/Desktop/9-8-2026/91079445.json,THIRD PTCG Club,0,1,0.5125,Grimmsnarl
91079469,/Users/nickzwart/Desktop/9-8-2026/91079469.json,Kh0a,1,0,0.5833,Grimmsnarl
91080286,/Users/nickzwart/Desktop/9-8-2026/91080286.json,Dipam Chakraborty,0,0,0.6782,Alakazam
91080309,/Users/nickzwart/Desktop/9-8-2026/91080309.json,Kh0a,0,1,0.5833,M-Kangaskhan
91082004,/Users/nickzwart/Desktop/9-8-2026/91082004.json,Dipam Chakraborty,1,0,0.6782,M-Kangaskhan
91082033,/Users/nickzwart/Desktop/9-8-2026/91082033.json,THIRD PTCG Club,0,0,0.5125,Grimmsnarl
91081177,/Users/nickzwart/Desktop/9-8-2026/91081177.json,THIRD PTCG Club,1,1,0.5125,Ogerpon
91082881,/Users/nickzwart/Desktop/9-8-2026/91082881.json,Dipam Chakraborty,1,1,0.6782,M-Kangaskhan
91083051,/Users/nickzwart/Desktop/9-8-2026/91083051.json,Kh0a,0,1,0.5833,Grimmsnarl
91083858,/Users/nickzwart/Desktop/9-8-2026/91083858.json,THIRD PTCG Club,0,0,0.5125,Grimmsnarl
91084639,/Users/nickzwart/Desktop/9-8-2026/91084639.json,LumenLiquidity,1,1,0.6296,Ogerpon
91084658,/Users/nickzwart/Desktop/9-8-2026/91084658.json,Dipam Chakraborty,1,1,0.6782,M-Kangaskhan
91084694,/Users/nickzwart/Desktop/9-8-2026/91084694.json,THIRD PTCG Club,0,1,0.5125,Grimmsnarl
91085532,/Users/nickzwart/Desktop/9-8-2026/91085532.json,Dipam Chakraborty,0,1,0.6782,Alakazam
91085565,/Users/nickzwart/Desktop/9-8-2026/91085565.json,THIRD PTCG Club,0,1,0.5125,M-Lopunny
91085686,/Users/nickzwart/Desktop/9-8-2026/91085686.json,LumenLiquidity,0,1,0.6296,M-Lopunny
91086411,/Users/nickzwart/Desktop/9-8-2026/91086411.json,Dipam Chakraborty,0,1,0.6782,Alakazam
91086416,/Users/nickzwart/Desktop/9-8-2026/91086416.json,Kh0a,0,1,0.5833,Hydrapple
91086448,/Users/nickzwart/Desktop/9-8-2026/91086448.json,THIRD PTCG Club,1,0,0.5125,Ogerpon
91087153,/Users/nickzwart/Desktop/9-8-2026/91087153.json,LumenLiquidity,0,0,0.6296,M-Kangaskhan
91088195,/Users/nickzwart/Desktop/9-8-2026/91088195.json,THIRD PTCG Club,1,0,0.5125,Alakazam
91088154,/Users/nickzwart/Desktop/9-8-2026/91088154.json,Dipam Chakraborty,0,0,0.6782,other
91089059,/Users/nickzwart/Desktop/9-8-2026/91089059.json,213tubo,0,1,0.6458,Dragapult
91089059,/Users/nickzwart/Desktop/9-8-2026/91089059.json,Pokemon Siuuuu,1,0,0.6019,Dragapult
91089076,/Users/nickzwart/Desktop/9-8-2026/91089076.json,Pokemon Siuuuu,0,1,0.6019,Ogerpon
91089126,/Users/nickzwart/Desktop/9-8-2026/91089126.json,Dipam Chakraborty,1,1,0.6782,Grimmsnarl
91089897,/Users/nickzwart/Desktop/9-8-2026/91089897.json,Dipam Chakraborty,0,1,0.6782,Ogerpon
91089905,/Users/nickzwart/Desktop/9-8-2026/91089905.json,LumenLiquidity,1,1,0.6296,Hydrapple
91090788,/Users/nickzwart/Desktop/9-8-2026/91090788.json,Dipam Chakraborty,0,1,0.6782,other
91090876,/Users/nickzwart/Desktop/9-8-2026/91090876.json,213tubo,1,1,0.6458,Grimmsnarl
91091625,/Users/nickzwart/Desktop/9-8-2026/91091625.json,Dipam Chakraborty,1,1,0.6782,M-Kangaskhan
91091632,/Users/nickzwart/Desktop/9-8-2026/91091632.json,Pokemon Siuuuu,1,0,0.6019,Hydrapple
91091636,/Users/nickzwart/Desktop/9-8-2026/91091636.json,THIRD PTCG Club,0,1,0.5125,Hydrapple
91091796,/Users/nickzwart/Desktop/9-8-2026/91091796.json,THIRD PTCG Club,0,1,0.5125,Alakazam
91092512,/Users/nickzwart/Desktop/9-8-2026/91092512.json,Dipam Chakraborty,1,0,0.6782,M-Kangaskhan
91093375,/Users/nickzwart/Desktop/9-8-2026/91093375.json,Dipam Chakraborty,0,0,0.6782,M-Lucario
91093412,/Users/nickzwart/Desktop/9-8-2026/91093412.json,Pokemon Siuuuu,0,1,0.6019,Alakazam
91094151,/Users/nickzwart/Desktop/9-8-2026/91094151.json,Budew,0,1,0.3077,Dudunsparce
91094306,/Users/nickzwart/Desktop/9-8-2026/91094306.json,Dipam Chakraborty,0,1,0.6782,Hydrapple
91095129,/Users/nickzwart/Desktop/9-8-2026/91095129.json,Dipam Chakraborty,0,1,0.6782,M-Lopunny
91095999,/Users/nickzwart/Desktop/9-8-2026/91095999.json,Dipam Chakraborty,1,0,0.6782,M-Kangaskhan
91096124,/Users/nickzwart/Desktop/9-8-2026/91096124.json,213tubo,0,0,0.6458,M-Kangaskhan
91097776,/Users/nickzwart/Desktop/9-8-2026/91097776.json,Dipam Chakraborty,1,1,0.6782,M-Lopunny
91096968,/Users/nickzwart/Desktop/9-8-2026/91096968.json,Dipam Chakraborty,1,1,0.6782,M-Lopunny
91097016,/Users/nickzwart/Desktop/9-8-2026/91097016.json,THIRD PTCG Club,0,1,0.5125,Dragapult
91097016,/Users/nickzwart/Desktop/9-8-2026/91097016.json,szlachetny snieg,1,0,0.4615,Dragapult
91098502,/Users/nickzwart/Desktop/9-8-2026/91098502.json,Kh0a,0,1,0.5833,M-Kangaskhan
91100261,/Users/nickzwart/Desktop/9-8-2026/91100261.json,Budew,0,0,0.3077,Alakazam
91100478,/Users/nickzwart/Desktop/9-8-2026/91100478.json,Kh0a,0,0,0.5833,Grimmsnarl
91101044,/Users/nickzwart/Desktop/9-8-2026/91101044.json,LumenLiquidity,0,1,0.6296,other
91101328,/Users/nickzwart/Desktop/9-8-2026/91101328.json,THIRD PTCG Club,1,1,0.5125,Alakazam
91101988,/Users/nickzwart/Desktop/9-8-2026/91101988.json,Dipam Chakraborty,1,1,0.6782,Grimmsnarl
91101992,/Users/nickzwart/Desktop/9-8-2026/91101992.json,Dipam Chakraborty,0,1,0.6782,M-Froslass
91101159,/Users/nickzwart/Desktop/9-8-2026/91101159.json,RtoABC,1,1,0.5882,Alakazam
91101282,/Users/nickzwart/Desktop/9-8-2026/91101282.json,Dipam Chakraborty,0,0,0.6782,M-Lopunny
91102015,/Users/nickzwart/Desktop/9-8-2026/91102015.json,213tubo,1,0,0.6458,M-Kangaskhan
91102031,/Users/nickzwart/Desktop/9-8-2026/91102031.json,Kh0a,1,1,0.5833,M-Lopunny
91102779,/Users/nickzwart/Desktop/9-8-2026/91102779.json,LumenLiquidity,1,1,0.6296,Grimmsnarl
91103045,/Users/nickzwart/Desktop/9-8-2026/91103045.json,Pokemon Siuuuu,1,1,0.6019,Ogerpon
91104838,/Users/nickzwart/Desktop/9-8-2026/91104838.json,Dipam Chakraborty,1,0,0.6782,M-Lucario
91104535,/Users/nickzwart/Desktop/9-8-2026/91104535.json,LumenLiquidity,1,0,0.6296,Grimmsnarl
91104575,/Users/nickzwart/Desktop/9-8-2026/91104575.json,Pokemon Siuuuu,1,1,0.6019,M-Kangaskhan
91104622,/Users/nickzwart/Desktop/9-8-2026/91104622.json,e-toppo + kurupical,1,0,0.6136,Grimmsnarl
91105603,/Users/nickzwart/Desktop/9-8-2026/91105603.json,e-toppo + kurupical,1,0,0.6136,Grimmsnarl
91106291,/Users/nickzwart/Desktop/9-8-2026/91106291.json,LumenLiquidity,1,1,0.6296,Grimmsnarl
91106377,/Users/nickzwart/Desktop/9-8-2026/91106377.json,e-toppo + kurupical,0,1,0.6136,Alakazam
91106508,/Users/nickzwart/Desktop/9-8-2026/91106508.json,THIRD PTCG Club,1,0,0.5125,Ogerpon
91108346,/Users/nickzwart/Desktop/9-8-2026/91108346.json,213tubo,0,1,0.6458,Alakazam
91108059,/Users/nickzwart/Desktop/9-8-2026/91108059.json,LumenLiquidity,1,1,0.6296,Ogerpon
91108138,/Users/nickzwart/Desktop/9-8-2026/91108138.json,e-toppo + kurupical,0,1,0.6136,Grimmsnarl
91107255,/Users/nickzwart/Desktop/9-8-2026/91107255.json,e-toppo + kurupical,0,1,0.6136,other
91109039,/Users/nickzwart/Desktop/9-8-2026/91109039.json,e-toppo + kurupical,0,1,0.6136,Grimmsnarl
91109195,/Users/nickzwart/Desktop/9-8-2026/91109195.json,Pokemon Siuuuu,0,0,0.6019,Ogerpon
91109798,/Users/nickzwart/Desktop/9-8-2026/91109798.json,LumenLiquidity,0,1,0.6296,Hydrapple
91110111,/Users/nickzwart/Desktop/9-8-2026/91110111.json,e-toppo + kurupical,0,1,0.6136,Grimmsnarl
91111672,/Users/nickzwart/Desktop/9-8-2026/91111672.json,e-toppo + kurupical,0,1,0.6136,Alakazam
91111832,/Users/nickzwart/Desktop/9-8-2026/91111832.json,THIRD PTCG Club,0,1,0.5125,Alakazam
91111575,/Users/nickzwart/Desktop/9-8-2026/91111575.json,LumenLiquidity,1,0,0.6296,Alakazam
91110707,/Users/nickzwart/Desktop/9-8-2026/91110707.json,LumenLiquidity,0,0,0.6296,M-Lopunny
91110777,/Users/nickzwart/Desktop/9-8-2026/91110777.json,213tubo,0,1,0.6458,Crustle
91110795,/Users/nickzwart/Desktop/9-8-2026/91110795.json,e-toppo + kurupical,1,0,0.6136,Grimmsnarl
91110924,/Users/nickzwart/Desktop/9-8-2026/91110924.json,Pokemon Siuuuu,0,1,0.6019,Alakazam
91112511,/Users/nickzwart/Desktop/9-8-2026/91112511.json,e-toppo + kurupical,0,1,0.6136,M-Lopunny
91112622,/Users/nickzwart/Desktop/9-8-2026/91112622.json,Dipam Chakraborty,1,0,0.6782,M-Lucario
91112650,/Users/nickzwart/Desktop/9-8-2026/91112650.json,Dipam Chakraborty,0,0,0.6782,M-Kangaskhan
91113321,/Users/nickzwart/Desktop/9-8-2026/91113321.json,LumenLiquidity,0,0,0.6296,M-Lucario
91113406,/Users/nickzwart/Desktop/9-8-2026/91113406.json,e-toppo + kurupical,1,1,0.6136,Ogerpon
91114281,/Users/nickzwart/Desktop/9-8-2026/91114281.json,e-toppo + kurupical,1,0,0.6136,M-Lopunny
91114158,/Users/nickzwart/Desktop/9-8-2026/91114158.json,Dipam Chakraborty,0,1,0.6782,Grimmsnarl
91114487,/Users/nickzwart/Desktop/9-8-2026/91114487.json,Pokemon Siuuuu,1,0,0.6019,M-Kangaskhan
91115154,/Users/nickzwart/Desktop/9-8-2026/91115154.json,e-toppo + kurupical,0,1,0.6136,other
91115163,/Users/nickzwart/Desktop/9-8-2026/91115163.json,LumenLiquidity,0,0,0.6296,Dragapult
91115163,/Users/nickzwart/Desktop/9-8-2026/91115163.json,Kh0a,1,1,0.5833,Dragapult
91115930,/Users/nickzwart/Desktop/9-8-2026/91115930.json,cyrus,0,0,0.4286,Grimmsnarl
91115956,/Users/nickzwart/Desktop/9-8-2026/91115956.json,LumenLiquidity,0,1,0.6296,Hydrapple
91115988,/Users/nickzwart/Desktop/9-8-2026/91115988.json,Pokemon Siuuuu,1,1,0.6019,M-Lopunny
91116047,/Users/nickzwart/Desktop/9-8-2026/91116047.json,e-toppo + kurupical,0,1,0.6136,M-Kangaskhan
91116170,/Users/nickzwart/Desktop/9-8-2026/91116170.json,THIRD PTCG Club,1,0,0.5125,Ogerpon
91116237,/Users/nickzwart/Desktop/9-8-2026/91116237.json,213tubo,1,1,0.6458,Grimmsnarl
91117717,/Users/nickzwart/Desktop/9-8-2026/91117717.json,LumenLiquidity,0,1,0.6296,M-Kangaskhan
91117815,/Users/nickzwart/Desktop/9-8-2026/91117815.json,e-toppo + kurupical,1,1,0.6136,Grimmsnarl
91118536,/Users/nickzwart/Desktop/9-8-2026/91118536.json,LumenLiquidity,1,1,0.6296,Ogerpon
91118559,/Users/nickzwart/Desktop/9-8-2026/91118559.json,Kh0a,0,1,0.5833,Grimmsnarl
91116935,/Users/nickzwart/Desktop/9-8-2026/91116935.json,e-toppo + kurupical,0,1,0.6136,Grimmsnarl
91117103,/Users/nickzwart/Desktop/9-8-2026/91117103.json,LumenLiquidity,0,1,0.6296,Dragapult
91117103,/Users/nickzwart/Desktop/9-8-2026/91117103.json,RtoABC,1,0,0.5882,Dragapult
91117700,/Users/nickzwart/Desktop/9-8-2026/91117700.json,213tubo,0,1,0.6458,Grimmsnarl
91119527,/Users/nickzwart/Desktop/9-8-2026/91119527.json,LumenLiquidity,0,1,0.6296,M-Lopunny
91119563,/Users/nickzwart/Desktop/9-8-2026/91119563.json,e-toppo + kurupical,0,0,0.6136,Ogerpon
91119418,/Users/nickzwart/Desktop/9-8-2026/91119418.json,LumenLiquidity,1,0,0.6296,Grimmsnarl
91119682,/Users/nickzwart/Desktop/9-8-2026/91119682.json,Dipam Chakraborty,0,1,0.6782,M-Lucario
91121136,/Users/nickzwart/Desktop/9-8-2026/91121136.json,szlachetny snieg,0,0,0.4615,Grimmsnarl
91120375,/Users/nickzwart/Desktop/9-8-2026/91120375.json,LumenLiquidity,1,0,0.6296,Alakazam
91120501,/Users/nickzwart/Desktop/9-8-2026/91120501.json,e-toppo + kurupical,1,1,0.6136,Grimmsnarl
91121167,/Users/nickzwart/Desktop/9-8-2026/91121167.json,LumenLiquidity,0,1,0.6296,Grimmsnarl
91121227,/Users/nickzwart/Desktop/9-8-2026/91121227.json,LumenLiquidity,0,1,0.6296,Grimmsnarl
91121315,/Users/nickzwart/Desktop/9-8-2026/91121315.json,e-toppo + kurupical,0,1,0.6136,Ogerpon
91121419,/Users/nickzwart/Desktop/9-8-2026/91121419.json,cyrus,1,1,0.4286,Ogerpon
91122043,/Users/nickzwart/Desktop/9-8-2026/91122043.json,LumenLiquidity,1,0,0.6296,Grimmsnarl
91122185,/Users/nickzwart/Desktop/9-8-2026/91122185.json,e-toppo + kurupical,1,1,0.6136,Grimmsnarl
91122987,/Users/nickzwart/Desktop/9-8-2026/91122987.json,LumenLiquidity,0,1,0.6296,Alakazam
91122899,/Users/nickzwart/Desktop/9-8-2026/91122899.json,LumenLiquidity,0,0,0.6296,Alakazam
91123192,/Users/nickzwart/Desktop/9-8-2026/91123192.json,e-toppo + kurupical,0,0,0.6136,Grimmsnarl
91123799,/Users/nickzwart/Desktop/9-8-2026/91123799.json,LumenLiquidity,1,1,0.6296,Grimmsnarl
91123866,/Users/nickzwart/Desktop/9-8-2026/91123866.json,LumenLiquidity,1,1,0.6296,Grimmsnarl
91124010,/Users/nickzwart/Desktop/9-8-2026/91124010.json,Kh0a,1,1,0.5833,Grimmsnarl
91124100,/Users/nickzwart/Desktop/9-8-2026/91124100.json,Pokemon Siuuuu,1,1,0.6019,Alakazam
91124674,/Users/nickzwart/Desktop/9-8-2026/91124674.json,THIRD PTCG Club,1,1,0.5125,Alakazam
91124747,/Users/nickzwart/Desktop/9-8-2026/91124747.json,LumenLiquidity,0,1,0.6296,Grimmsnarl
91124807,/Users/nickzwart/Desktop/9-8-2026/91124807.json,RtoABC,1,0,0.5882,Grimmsnarl
91124962,/Users/nickzwart/Desktop/9-8-2026/91124962.json,213tubo,0,1,0.6458,Ogerpon
91124971,/Users/nickzwart/Desktop/9-8-2026/91124971.json,RtoABC,0,0,0.5882,Grimmsnarl
91125509,/Users/nickzwart/Desktop/9-8-2026/91125509.json,LumenLiquidity,1,1,0.6296,Grimmsnarl
91125546,/Users/nickzwart/Desktop/9-8-2026/91125546.json,LumenLiquidity,0,0,0.6296,Alakazam
91126622,/Users/nickzwart/Desktop/9-8-2026/91126622.json,Pokemon Siuuuu,1,1,0.6019,Grimmsnarl
91127293,/Users/nickzwart/Desktop/9-8-2026/91127293.json,LumenLiquidity,1,1,0.6296,Ogerpon
91126400,/Users/nickzwart/Desktop/9-8-2026/91126400.json,LumenLiquidity,0,0,0.6296,Dragapult
91126400,/Users/nickzwart/Desktop/9-8-2026/91126400.json,cyrus,1,1,0.4286,Dragapult
91126423,/Users/nickzwart/Desktop/9-8-2026/91126423.json,LumenLiquidity,1,1,0.6296,Hydrapple
91127384,/Users/nickzwart/Desktop/9-8-2026/91127384.json,LumenLiquidity,1,1,0.6296,Grimmsnarl
91128131,/Users/nickzwart/Desktop/9-8-2026/91128131.json,Pokemon Siuuuu,0,1,0.6019,Grimmsnarl
91128174,/Users/nickzwart/Desktop/9-8-2026/91128174.json,LumenLiquidity,0,1,0.6296,Grimmsnarl
91128260,/Users/nickzwart/Desktop/9-8-2026/91128260.json,LumenLiquidity,0,1,0.6296,Dragapult
91128260,/Users/nickzwart/Desktop/9-8-2026/91128260.json,szlachetny snieg,1,0,0.4615,Dragapult
91128277,/Users/nickzwart/Desktop/9-8-2026/91128277.json,213tubo,0,1,0.6458,Grimmsnarl
91128397,/Users/nickzwart/Desktop/9-8-2026/91128397.json,e-toppo + kurupical,1,0,0.6136,Ogerpon
91129070,/Users/nickzwart/Desktop/9-8-2026/91129070.json,LumenLiquidity,0,1,0.6296,Grimmsnarl
91129120,/Users/nickzwart/Desktop/9-8-2026/91129120.json,LumenLiquidity,1,1,0.6296,Alakazam
91129182,/Users/nickzwart/Desktop/9-8-2026/91129182.json,Pokemon Siuuuu,0,1,0.6019,Grimmsnarl
91129226,/Users/nickzwart/Desktop/9-8-2026/91129226.json,Dipam Chakraborty,1,1,0.6782,M-Lopunny
91129895,/Users/nickzwart/Desktop/9-8-2026/91129895.json,cyrus,1,0,0.4286,M-Kangaskhan
91130810,/Users/nickzwart/Desktop/9-8-2026/91130810.json,Budew,1,0,0.3077,Grimmsnarl
91130822,/Users/nickzwart/Desktop/9-8-2026/91130822.json,LumenLiquidity,1,1,0.6296,M-Kangaskhan
91129938,/Users/nickzwart/Desktop/9-8-2026/91129938.json,LumenLiquidity,0,1,0.6296,Alakazam
91130016,/Users/nickzwart/Desktop/9-8-2026/91130016.json,LumenLiquidity,0,1,0.6296,Crustle
91130864,/Users/nickzwart/Desktop/9-8-2026/91130864.json,LumenLiquidity,0,1,0.6296,Grimmsnarl
91131074,/Users/nickzwart/Desktop/9-8-2026/91131074.json,e-toppo + kurupical,1,0,0.6136,M-Lopunny
91131653,/Users/nickzwart/Desktop/9-8-2026/91131653.json,cyrus,1,0,0.4286,Alakazam
91131693,/Users/nickzwart/Desktop/9-8-2026/91131693.json,LumenLiquidity,0,1,0.6296,Alakazam
91131704,/Users/nickzwart/Desktop/9-8-2026/91131704.json,Kh0a,1,1,0.5833,Grimmsnarl
91131736,/Users/nickzwart/Desktop/9-8-2026/91131736.json,LumenLiquidity,1,0,0.6296,Grimmsnarl
91132561,/Users/nickzwart/Desktop/9-8-2026/91132561.json,LumenLiquidity,0,1,0.6296,M-Kangaskhan
91132601,/Users/nickzwart/Desktop/9-8-2026/91132601.json,LumenLiquidity,1,0,0.6296,M-Lopunny
91133349,/Users/nickzwart/Desktop/9-8-2026/91133349.json,Budew,0,0,0.3077,Ogerpon
91133372,/Users/nickzwart/Desktop/9-8-2026/91133372.json,LumenLiquidity,0,1,0.6296,Alakazam
91132747,/Users/nickzwart/Desktop/9-8-2026/91132747.json,THIRD PTCG Club,1,0,0.5125,Grimmsnarl
91132791,/Users/nickzwart/Desktop/9-8-2026/91132791.json,Kh0a,1,0,0.5833,Grimmsnarl
91133644,/Users/nickzwart/Desktop/9-8-2026/91133644.json,Dipam Chakraborty,0,0,0.6782,M-Lucario
91133678,/Users/nickzwart/Desktop/9-8-2026/91133678.json,Dipam Chakraborty,0,1,0.6782,Alakazam
91133470,/Users/nickzwart/Desktop/9-8-2026/91133470.json,LumenLiquidity,0,1,0.6296,Grimmsnarl
91133581,/Users/nickzwart/Desktop/9-8-2026/91133581.json,LumenLiquidity,0,0,0.6296,Grimmsnarl
91134471,/Users/nickzwart/Desktop/9-8-2026/91134471.json,Kh0a,1,0,0.5833,Crustle
91134266,/Users/nickzwart/Desktop/9-8-2026/91134266.json,LumenLiquidity,1,0,0.6296,Grimmsnarl
91134310,/Users/nickzwart/Desktop/9-8-2026/91134310.json,LumenLiquidity,0,0,0.6296,Grimmsnarl
91134341,/Users/nickzwart/Desktop/9-8-2026/91134341.json,LumenLiquidity,0,0,0.6296,Alakazam
91135173,/Users/nickzwart/Desktop/9-8-2026/91135173.json,LumenLiquidity,0,1,0.6296,M-Lopunny
91135204,/Users/nickzwart/Desktop/9-8-2026/91135204.json,213tubo,1,0,0.6458,Grimmsnarl
91135225,/Users/nickzwart/Desktop/9-8-2026/91135225.json,LumenLiquidity,1,1,0.6296,Alakazam
91135417,/Users/nickzwart/Desktop/9-8-2026/91135417.json,cyrus,1,1,0.4286,Grimmsnarl
91136045,/Users/nickzwart/Desktop/9-8-2026/91136045.json,LumenLiquidity,0,0,0.6296,Dragapult
91136045,/Users/nickzwart/Desktop/9-8-2026/91136045.json,THIRD PTCG Club,1,1,0.5125,Dragapult
91136155,/Users/nickzwart/Desktop/9-8-2026/91136155.json,e-toppo + kurupical,1,1,0.6136,Alakazam
91136286,/Users/nickzwart/Desktop/9-8-2026/91136286.json,Dipam Chakraborty,0,1,0.6782,Alakazam
91136932,/Users/nickzwart/Desktop/9-8-2026/91136932.json,LumenLiquidity,1,0,0.6296,Alakazam
91136959,/Users/nickzwart/Desktop/9-8-2026/91136959.json,213tubo,0,1,0.6458,Grimmsnarl
91138645,/Users/nickzwart/Desktop/9-8-2026/91138645.json,THIRD PTCG Club,1,1,0.5125,Grimmsnarl
91137814,/Users/nickzwart/Desktop/9-8-2026/91137814.json,LumenLiquidity,0,1,0.6296,Alakazam
91137857,/Users/nickzwart/Desktop/9-8-2026/91137857.json,LumenLiquidity,1,1,0.6296,M-Kangaskhan
91136978,/Users/nickzwart/Desktop/9-8-2026/91136978.json,LumenLiquidity,0,0,0.6296,Garchomp
91137107,/Users/nickzwart/Desktop/9-8-2026/91137107.json,Dipam Chakraborty,0,0,0.6782,Grimmsnarl
91137166,/Users/nickzwart/Desktop/9-8-2026/91137166.json,Pokemon Siuuuu,1,1,0.6019,Grimmsnarl
91138689,/Users/nickzwart/Desktop/9-8-2026/91138689.json,LumenLiquidity,1,1,0.6296,M-Kangaskhan
91138729,/Users/nickzwart/Desktop/9-8-2026/91138729.json,LumenLiquidity,0,1,0.6296,M-Kangaskhan
91138876,/Users/nickzwart/Desktop/9-8-2026/91138876.json,Dipam Chakraborty,0,1,0.6782,Alakazam
91139537,/Users/nickzwart/Desktop/9-8-2026/91139537.json,e-toppo + kurupical,0,1,0.6136,Dudunsparce
91139559,/Users/nickzwart/Desktop/9-8-2026/91139559.json,LumenLiquidity,1,0,0.6296,Alakazam
91139608,/Users/nickzwart/Desktop/9-8-2026/91139608.json,LumenLiquidity,1,1,0.6296,M-Kangaskhan
91139696,/Users/nickzwart/Desktop/9-8-2026/91139696.json,Dipam Chakraborty,0,1,0.6782,Dragapult
91139696,/Users/nickzwart/Desktop/9-8-2026/91139696.json,Pokemon Siuuuu,1,0,0.6019,Dragapult
91140402,/Users/nickzwart/Desktop/9-8-2026/91140402.json,Kh0a,0,0,0.5833,Grimmsnarl
91140461,/Users/nickzwart/Desktop/9-8-2026/91140461.json,LumenLiquidity,0,1,0.6296,Grimmsnarl
91140498,/Users/nickzwart/Desktop/9-8-2026/91140498.json,LumenLiquidity,1,0,0.6296,Grimmsnarl
91140547,/Users/nickzwart/Desktop/9-8-2026/91140547.json,Dipam Chakraborty,0,1,0.6782,Dragapult
91140547,/Users/nickzwart/Desktop/9-8-2026/91140547.json,213tubo,1,0,0.6458,Dragapult
91141452,/Users/nickzwart/Desktop/9-8-2026/91141452.json,Dipam Chakraborty,1,1,0.6782,Ogerpon
91141218,/Users/nickzwart/Desktop/9-8-2026/91141218.json,LumenLiquidity,1,1,0.6296,Alakazam
91141242,/Users/nickzwart/Desktop/9-8-2026/91141242.json,LumenLiquidity,0,1,0.6296,M-Lopunny
91141259,/Users/nickzwart/Desktop/9-8-2026/91141259.json,Dipam Chakraborty,1,0,0.6782,other
91142212,/Users/nickzwart/Desktop/9-8-2026/91142212.json,e-toppo + kurupical,0,1,0.6136,Alakazam
91142215,/Users/nickzwart/Desktop/9-8-2026/91142215.json,LumenLiquidity,1,0,0.6296,Grimmsnarl
91142262,/Users/nickzwart/Desktop/9-8-2026/91142262.json,LumenLiquidity,0,1,0.6296,Dragapult
91142262,/Users/nickzwart/Desktop/9-8-2026/91142262.json,cyrus,1,0,0.4286,Dragapult
91142285,/Users/nickzwart/Desktop/9-8-2026/91142285.json,Dipam Chakraborty,1,0,0.6782,other
91142351,/Users/nickzwart/Desktop/9-8-2026/91142351.json,RtoABC,1,1,0.5882,M-Lucario
91143873,/Users/nickzwart/Desktop/9-8-2026/91143873.json,e-toppo + kurupical,0,0,0.6136,Grimmsnarl
91143094,/Users/nickzwart/Desktop/9-8-2026/91143094.json,LumenLiquidity,0,0,0.6296,Grimmsnarl
91143129,/Users/nickzwart/Desktop/9-8-2026/91143129.json,LumenLiquidity,1,0,0.6296,M-Kangaskhan
91143173,/Users/nickzwart/Desktop/9-8-2026/91143173.json,Dipam Chakraborty,1,1,0.6782,M-Lopunny
91144100,/Users/nickzwart/Desktop/9-8-2026/91144100.json,szlachetny snieg,0,1,0.4615,Grimmsnarl
91144118,/Users/nickzwart/Desktop/9-8-2026/91144118.json,Pokemon Siuuuu,0,0,0.6019,Alakazam
91144165,/Users/nickzwart/Desktop/9-8-2026/91144165.json,LumenLiquidity,0,1,0.6296,other
91144031,/Users/nickzwart/Desktop/9-8-2026/91144031.json,Pokemon Siuuuu,1,0,0.6019,Ogerpon
91144047,/Users/nickzwart/Desktop/9-8-2026/91144047.json,LumenLiquidity,0,1,0.6296,Alakazam
91144076,/Users/nickzwart/Desktop/9-8-2026/91144076.json,Dipam Chakraborty,0,0,0.6782,Dragapult
91144076,/Users/nickzwart/Desktop/9-8-2026/91144076.json,Pokemon Siuuuu,1,1,0.6019,Dragapult
91144082,/Users/nickzwart/Desktop/9-8-2026/91144082.json,Dipam Chakraborty,0,0,0.6782,M-Lucario
91144901,/Users/nickzwart/Desktop/9-8-2026/91144901.json,Dipam Chakraborty,0,0,0.6782,other
91144911,/Users/nickzwart/Desktop/9-8-2026/91144911.json,LumenLiquidity,0,0,0.6296,Dragapult
91144911,/Users/nickzwart/Desktop/9-8-2026/91144911.json,e-toppo + kurupical,1,1,0.6136,Dragapult
91144928,/Users/nickzwart/Desktop/9-8-2026/91144928.json,Dipam Chakraborty,0,0,0.6782,Dragapult
91144928,/Users/nickzwart/Desktop/9-8-2026/91144928.json,213tubo,1,1,0.6458,Dragapult
91144848,/Users/nickzwart/Desktop/9-8-2026/91144848.json,Budew,1,0,0.3077,Grimmsnarl
91144852,/Users/nickzwart/Desktop/9-8-2026/91144852.json,LumenLiquidity,1,1,0.6296,Ogerpon
91145567,/Users/nickzwart/Desktop/9-8-2026/91145567.json,LumenLiquidity,1,0,0.6296,Grimmsnarl
91145681,/Users/nickzwart/Desktop/9-8-2026/91145681.json,213tubo,0,1,0.6458,Grimmsnarl
91145750,/Users/nickzwart/Desktop/9-8-2026/91145750.json,THIRD PTCG Club,0,1,0.5125,Grimmsnarl
91145700,/Users/nickzwart/Desktop/9-8-2026/91145700.json,THIRD PTCG Club,0,1,0.5125,Dudunsparce
91145722,/Users/nickzwart/Desktop/9-8-2026/91145722.json,LumenLiquidity,1,1,0.6296,Grimmsnarl
91145724,/Users/nickzwart/Desktop/9-8-2026/91145724.json,cyrus,1,0,0.4286,Alakazam
91145731,/Users/nickzwart/Desktop/9-8-2026/91145731.json,LumenLiquidity,1,1,0.6296,M-Lopunny
91146610,/Users/nickzwart/Desktop/9-8-2026/91146610.json,LumenLiquidity,1,1,0.6296,M-Kangaskhan
91146630,/Users/nickzwart/Desktop/9-8-2026/91146630.json,Dipam Chakraborty,1,1,0.6782,M-Lucario
91145909,/Users/nickzwart/Desktop/9-8-2026/91145909.json,Dipam Chakraborty,0,0,0.6782,M-Lopunny
91146560,/Users/nickzwart/Desktop/9-8-2026/91146560.json,LumenLiquidity,0,0,0.6296,Grimmsnarl
91147497,/Users/nickzwart/Desktop/9-8-2026/91147497.json,LumenLiquidity,1,0,0.6296,Alakazam
91148396,/Users/nickzwart/Desktop/9-8-2026/91148396.json,LumenLiquidity,1,1,0.6296,Ogerpon
91149257,/Users/nickzwart/Desktop/9-8-2026/91149257.json,Kh0a,1,0,0.5833,Grimmsnarl
91149324,/Users/nickzwart/Desktop/9-8-2026/91149324.json,e-toppo + kurupical,1,1,0.6136,Alakazam
91149334,/Users/nickzwart/Desktop/9-8-2026/91149334.json,THIRD PTCG Club,1,0,0.5125,Grimmsnarl
91148406,/Users/nickzwart/Desktop/9-8-2026/91148406.json,e-toppo + kurupical,1,1,0.6136,M-Lopunny
91149166,/Users/nickzwart/Desktop/9-8-2026/91149166.json,LumenLiquidity,1,0,0.6296,Alakazam
91150167,/Users/nickzwart/Desktop/9-8-2026/91150167.json,LumenLiquidity,1,0,0.6296,Grimmsnarl
91151055,/Users/nickzwart/Desktop/9-8-2026/91151055.json,LumenLiquidity,0,1,0.6296,Dragapult
91151055,/Users/nickzwart/Desktop/9-8-2026/91151055.json,Kh0a,1,0,0.5833,Dragapult
91151830,/Users/nickzwart/Desktop/9-8-2026/91151830.json,e-toppo + kurupical,1,1,0.6136,Hydrapple
91151903,/Users/nickzwart/Desktop/9-8-2026/91151903.json,LumenLiquidity,0,0,0.6296,Grimmsnarl
91151914,/Users/nickzwart/Desktop/9-8-2026/91151914.json,Pokemon Siuuuu,1,1,0.6019,Alakazam
91150930,/Users/nickzwart/Desktop/9-8-2026/91150930.json,szlachetny snieg,0,0,0.4615,Grimmsnarl
91152015,/Users/nickzwart/Desktop/9-8-2026/91152015.json,213tubo,0,1,0.6458,Alakazam
91152644,/Users/nickzwart/Desktop/9-8-2026/91152644.json,LumenLiquidity,0,0,0.6296,Garchomp
91152810,/Users/nickzwart/Desktop/9-8-2026/91152810.json,Pokemon Siuuuu,1,0,0.6019,M-Lucario
91644687,/Users/nickzwart/Desktop/kdcyberdude/91644687.json,Kh0a,0,1,0.5833,Grimmsnarl
91920761,/Users/nickzwart/Desktop/kdcyberdude/91920761.json,Kh0a,1,0,0.5833,Grimmsnarl
91922672,/Users/nickzwart/Desktop/kdcyberdude/91922672.json,やる気元気ミワハルキ,1,1,0.7262,Grimmsnarl
91931088,/Users/nickzwart/Desktop/kdcyberdude/91931088.json,やる気元気ミワハルキ,1,0,0.7262,Grimmsnarl
91939326,/Users/nickzwart/Desktop/kdcyberdude/91939326.json,RtoABC,0,0,0.5882,Grimmsnarl
