episode,path,player,side,won,player_winrate,opp_deck
90872498,/Users/nickzwart/Desktop/Palsystem 2/90872498.json,Petit Canard,1,1,0.5294,Ogerpon
90880156,/Users/nickzwart/Desktop/Palsystem 2/90880156(1).json,Petit Canard,1,0,0.5294,Ogerpon
90919835,/Users/nickzwart/Desktop/Palsystem 2/90919835.json,Kh0a,0,0,0.6116,Ogerpon
91080263,/Users/nickzwart/Desktop/Palsystem 2/91080263.json,THIRD PTCG Club,1,0,0.5508,Ogerpon
91081137,/Users/nickzwart/Desktop/Palsystem 2/91081137.json,Dipam Chakraborty,1,0,0.6779,Ogerpon
91139685,/Users/nickzwart/Desktop/Palsystem 2/91139685.json,Pokemon Siuuuu,0,0,0.5809,Ogerpon
91073266,/Users/nickzwart/Desktop/Palsystem 2/91073266.json,Dipam Chakraborty,0,1,0.6779,Ogerpon
91076781,/Users/nickzwart/Desktop/Palsystem 2/91076781.json,Dipam Chakraborty,1,1,0.6779,Ogerpon
91191540,/Users/nickzwart/Desktop/Palsystem 2/91191540.json,やる気元気ミワハルキ,1,1,0.64,Ogerpon
91192415,/Users/nickzwart/Desktop/Palsystem 2/91192415.json,やる気元気ミワハルキ,0,1,0.64,Ogerpon
91194188,/Users/nickzwart/Desktop/Palsystem 2/91194188.json,Marshall Maximizer,0,0,0.6042,Ogerpon
91578244,/Users/nickzwart/Desktop/Palsystem 2/91578244.json,Sixth Sense,1,1,0.7167,Hydrapple
91423346,/Users/nickzwart/Desktop/Palsystem 2/91423346.json,Dipam Chakraborty,0,0,0.6779,Ogerpon
91423368,/Users/nickzwart/Desktop/Palsystem 2/91423368.json,Pokemon Siuuuu,1,0,0.5809,Ogerpon
91590301,/Users/nickzwart/Desktop/Palsystem 2/91590301.json,Sixth Sense,0,0,0.7167,Ogerpon
91605212,/Users/nickzwart/Desktop/Palsystem 2/91605212.json,Dipam Chakraborty,0,1,0.6779,Ogerpon
91608835,/Users/nickzwart/Desktop/Palsystem 2/91608835.json,Sixth Sense,0,1,0.7167,Ogerpon
91726505,/Users/nickzwart/Desktop/Palsystem 2/91726505.json,flg,0,0,0.6387,Ogerpon
91734890,/Users/nickzwart/Desktop/Palsystem 2/91734890.json,flg,0,0,0.6387,Ogerpon
91153475,/Users/nickzwart/Desktop/8-8-2026/91153475.json,やる気元気ミワハルキ,0,1,0.64,Garchomp
91154436,/Users/nickzwart/Desktop/8-8-2026/91154436.json,Pokemon Siuuuu,0,0,0.5809,Alakazam
91155359,/Users/nickzwart/Desktop/8-8-2026/91155359.json,やる気元気ミワハルキ,1,1,0.64,M-Lopunny
91155367,/Users/nickzwart/Desktop/8-8-2026/91155367.json,やる気元気ミワハルキ,0,1,0.64,Dragapult
91155367,/Users/nickzwart/Desktop/8-8-2026/91155367.json,cyrus,1,0,0.4286,Dragapult
91155455,/Users/nickzwart/Desktop/8-8-2026/91155455.json,Budew,0,0,0.3636,Grimmsnarl
91155637,/Users/nickzwart/Desktop/8-8-2026/91155637.json,Budew,0,0,0.3636,Grimmsnarl
91156250,/Users/nickzwart/Desktop/8-8-2026/91156250.json,やる気元気ミワハルキ,1,0,0.64,M-Lopunny
91156481,/Users/nickzwart/Desktop/8-8-2026/91156481.json,cyrus,1,1,0.4286,M-Lopunny
91157176,/Users/nickzwart/Desktop/8-8-2026/91157176.json,やる気元気ミワハルキ,0,0,0.64,Ogerpon
91157347,/Users/nickzwart/Desktop/8-8-2026/91157347.json,e-toppo + kurupical,0,1,0.5909,Grimmsnarl
91158018,/Users/nickzwart/Desktop/8-8-2026/91158018.json,やる気元気ミワハルキ,0,1,0.64,Ogerpon
91158948,/Users/nickzwart/Desktop/8-8-2026/91158948.json,やる気元気ミワハルキ,0,0,0.64,Dragapult
91158948,/Users/nickzwart/Desktop/8-8-2026/91158948.json,Kh0a,1,1,0.6116,Dragapult
91159748,/Users/nickzwart/Desktop/8-8-2026/91159748.json,やる気元気ミワハルキ,0,1,0.64,Crustle
91159778,/Users/nickzwart/Desktop/8-8-2026/91159778.json,やる気元気ミワハルキ,0,1,0.64,Grimmsnarl
91159929,/Users/nickzwart/Desktop/8-8-2026/91159929.json,LumenLiquidity,0,1,0.624,Grimmsnarl
91160009,/Users/nickzwart/Desktop/8-8-2026/91160009.json,Budew,0,1,0.3636,Grimmsnarl
91160044,/Users/nickzwart/Desktop/8-8-2026/91160044.json,LumenLiquidity,0,0,0.624,M-Kangaskhan
91160625,/Users/nickzwart/Desktop/8-8-2026/91160625.json,やる気元気ミワハルキ,1,1,0.64,Grimmsnarl
91160629,/Users/nickzwart/Desktop/8-8-2026/91160629.json,やる気元気ミワハルキ,1,0,0.64,M-Kangaskhan
91160691,/Users/nickzwart/Desktop/8-8-2026/91160691.json,Pokemon Siuuuu,1,1,0.5809,M-Lopunny
91160713,/Users/nickzwart/Desktop/8-8-2026/91160713.json,RtoABC,1,1,0.5244,Garchomp
91160866,/Users/nickzwart/Desktop/8-8-2026/91160866.json,LumenLiquidity,1,0,0.624,Grimmsnarl
91161451,/Users/nickzwart/Desktop/8-8-2026/91161451.json,LumenLiquidity,0,1,0.624,Grimmsnarl
91161517,/Users/nickzwart/Desktop/8-8-2026/91161517.json,やる気元気ミワハルキ,1,1,0.64,M-Lopunny
91162394,/Users/nickzwart/Desktop/8-8-2026/91162394.json,やる気元気ミワハルキ,1,1,0.64,Grimmsnarl
91162396,/Users/nickzwart/Desktop/8-8-2026/91162396.json,やる気元気ミワハルキ,1,0,0.64,M-Kangaskhan
91163300,/Users/nickzwart/Desktop/8-8-2026/91163300.json,やる気元気ミワハルキ,1,0,0.64,M-Lopunny
91163306,/Users/nickzwart/Desktop/8-8-2026/91163306.json,やる気元気ミワハルキ,0,1,0.64,Alakazam
91163546,/Users/nickzwart/Desktop/8-8-2026/91163546.json,やる気元気ミワハルキ,1,0,0.64,Grimmsnarl
91164179,/Users/nickzwart/Desktop/8-8-2026/91164179.json,やる気元気ミワハルキ,1,1,0.64,M-Kangaskhan
91164184,/Users/nickzwart/Desktop/8-8-2026/91164184.json,やる気元気ミワハルキ,0,1,0.64,M-Lopunny
91165065,/Users/nickzwart/Desktop/8-8-2026/91165065.json,やる気元気ミワハルキ,1,0,0.64,M-Lopunny
91165947,/Users/nickzwart/Desktop/8-8-2026/91165947.json,やる気元気ミワハルキ,0,1,0.64,Dragapult
91165947,/Users/nickzwart/Desktop/8-8-2026/91165947.json,Pokemon Siuuuu,1,0,0.5809,Dragapult
91165953,/Users/nickzwart/Desktop/8-8-2026/91165953.json,やる気元気ミワハルキ,0,1,0.64,other
91166019,/Users/nickzwart/Desktop/8-8-2026/91166019.json,Pokemon Siuuuu,1,1,0.5809,M-Lopunny
91166196,/Users/nickzwart/Desktop/8-8-2026/91166196.json,Kh0a,1,1,0.6116,Hydrapple
91166817,/Users/nickzwart/Desktop/8-8-2026/91166817.json,やる気元気ミワハルキ,0,0,0.64,Grimmsnarl
91166825,/Users/nickzwart/Desktop/8-8-2026/91166825.json,やる気元気ミワハルキ,1,1,0.64,Grimmsnarl
91166997,/Users/nickzwart/Desktop/8-8-2026/91166997.json,Pokemon Siuuuu,1,0,0.5809,M-Lopunny
91167664,/Users/nickzwart/Desktop/8-8-2026/91167664.json,やる気元気ミワハルキ,1,1,0.64,M-Lopunny
91167676,/Users/nickzwart/Desktop/8-8-2026/91167676.json,やる気元気ミワハルキ,1,1,0.64,Grimmsnarl
91167689,/Users/nickzwart/Desktop/8-8-2026/91167689.json,やる気元気ミワハルキ,0,1,0.64,Ogerpon
91167734,/Users/nickzwart/Desktop/8-8-2026/91167734.json,LumenLiquidity,1,1,0.624,Grimmsnarl
91167866,/Users/nickzwart/Desktop/8-8-2026/91167866.json,RtoABC,1,1,0.5244,Grimmsnarl
91168594,/Users/nickzwart/Desktop/8-8-2026/91168594.json,やる気元気ミワハルキ,1,1,0.64,Grimmsnarl
91169446,/Users/nickzwart/Desktop/8-8-2026/91169446.json,やる気元気ミワハルキ,0,1,0.64,M-Lopunny
91169465,/Users/nickzwart/Desktop/8-8-2026/91169465.json,やる気元気ミワハルキ,1,1,0.64,Alakazam
91169484,/Users/nickzwart/Desktop/8-8-2026/91169484.json,Pokemon Siuuuu,1,1,0.5809,Ogerpon
91170329,/Users/nickzwart/Desktop/8-8-2026/91170329.json,やる気元気ミワハルキ,0,0,0.64,M-Kangaskhan
91170331,/Users/nickzwart/Desktop/8-8-2026/91170331.json,やる気元気ミワハルキ,1,0,0.64,M-Kangaskhan
91171152,/Users/nickzwart/Desktop/8-8-2026/91171152.json,yaki-imo,1,0,0.5,Ogerpon
91171220,/Users/nickzwart/Desktop/8-8-2026/91171220.json,やる気元気ミワハルキ,1,0,0.64,Grimmsnarl
91171228,/Users/nickzwart/Desktop/8-8-2026/91171228.json,やる気元気ミワハルキ,0,1,0.64,Grimmsnarl
91172095,/Users/nickzwart/Desktop/8-8-2026/91172095.json,やる気元気ミワハルキ,0,1,0.64,M-Kangaskhan
91172101,/Users/nickzwart/Desktop/8-8-2026/91172101.json,やる気元気ミワハルキ,0,1,0.64,Grimmsnarl
91172102,/Users/nickzwart/Desktop/8-8-2026/91172102.json,Pokemon Siuuuu,1,0,0.5809,Grimmsnarl
91172183,/Users/nickzwart/Desktop/8-8-2026/91172183.json,yaki-imo,1,1,0.5,M-Lopunny
91172967,/Users/nickzwart/Desktop/8-8-2026/91172967.json,やる気元気ミワハルキ,0,1,0.64,Ogerpon
91172973,/Users/nickzwart/Desktop/8-8-2026/91172973.json,やる気元気ミワハルキ,1,1,0.64,Ogerpon
91172867,/Users/nickzwart/Desktop/8-8-2026/91172867.json,Marshall Maximizer,1,1,0.6042,Alakazam
91172868,/Users/nickzwart/Desktop/8-8-2026/91172868.json,Marshall Maximizer,1,1,0.6042,Grimmsnarl
91173739,/Users/nickzwart/Desktop/8-8-2026/91173739.json,Marshall Maximizer,1,0,0.6042,Alakazam
91173756,/Users/nickzwart/Desktop/8-8-2026/91173756.json,やる気元気ミワハルキ,1,1,0.64,M-Lopunny
91174723,/Users/nickzwart/Desktop/8-8-2026/91174723.json,やる気元気ミワハルキ,0,0,0.64,Grimmsnarl
91174735,/Users/nickzwart/Desktop/8-8-2026/91174735.json,Marshall Maximizer,0,0,0.6042,Dragapult
91174735,/Users/nickzwart/Desktop/8-8-2026/91174735.json,やる気元気ミワハルキ,1,1,0.64,Dragapult
91174778,/Users/nickzwart/Desktop/8-8-2026/91174778.json,LumenLiquidity,1,1,0.624,Ogerpon
91175506,/Users/nickzwart/Desktop/8-8-2026/91175506.json,Marshall Maximizer,1,1,0.6042,Garchomp
91175519,/Users/nickzwart/Desktop/8-8-2026/91175519.json,e-toppo + kurupical,0,1,0.5909,Grimmsnarl
91175607,/Users/nickzwart/Desktop/8-8-2026/91175607.json,THIRD PTCG Club,0,0,0.5508,Dragapult
91175607,/Users/nickzwart/Desktop/8-8-2026/91175607.json,やる気元気ミワハルキ,1,1,0.64,Dragapult
91175610,/Users/nickzwart/Desktop/8-8-2026/91175610.json,やる気元気ミワハルキ,0,1,0.64,Alakazam
91175695,/Users/nickzwart/Desktop/8-8-2026/91175695.json,cyrus,1,1,0.4286,M-Lopunny
91176397,/Users/nickzwart/Desktop/8-8-2026/91176397.json,Marshall Maximizer,0,1,0.6042,M-Lopunny
91176478,/Users/nickzwart/Desktop/8-8-2026/91176478.json,LumenLiquidity,1,0,0.624,Grimmsnarl
91176511,/Users/nickzwart/Desktop/8-8-2026/91176511.json,LumenLiquidity,0,1,0.624,Dragapult
91176511,/Users/nickzwart/Desktop/8-8-2026/91176511.json,やる気元気ミワハルキ,1,0,0.64,Dragapult
91176512,/Users/nickzwart/Desktop/8-8-2026/91176512.json,やる気元気ミワハルキ,0,1,0.64,Ogerpon
91176517,/Users/nickzwart/Desktop/8-8-2026/91176517.json,e-toppo + kurupical,1,1,0.5909,Grimmsnarl
91176569,/Users/nickzwart/Desktop/8-8-2026/91176569.json,Budew,0,0,0.3636,Alakazam
91177258,/Users/nickzwart/Desktop/8-8-2026/91177258.json,Marshall Maximizer,0,1,0.6042,Alakazam
91177371,/Users/nickzwart/Desktop/8-8-2026/91177371.json,やる気元気ミワハルキ,0,1,0.64,Grimmsnarl
91178159,/Users/nickzwart/Desktop/8-8-2026/91178159.json,Marshall Maximizer,0,0,0.6042,Crustle
91178268,/Users/nickzwart/Desktop/8-8-2026/91178268.json,やる気元気ミワハルキ,1,1,0.64,Alakazam
91178272,/Users/nickzwart/Desktop/8-8-2026/91178272.json,やる気元気ミワハルキ,0,1,0.64,Dragapult
91178272,/Users/nickzwart/Desktop/8-8-2026/91178272.json,THIRD PTCG Club,1,0,0.5508,Dragapult
91179360,/Users/nickzwart/Desktop/8-8-2026/91179360.json,e-toppo + kurupical,1,1,0.5909,Grimmsnarl
91179952,/Users/nickzwart/Desktop/8-8-2026/91179952.json,Marshall Maximizer,1,1,0.6042,Grimmsnarl
91179155,/Users/nickzwart/Desktop/8-8-2026/91179155.json,やる気元気ミワハルキ,0,0,0.64,M-Kangaskhan
91179170,/Users/nickzwart/Desktop/8-8-2026/91179170.json,やる気元気ミワハルキ,1,1,0.64,Grimmsnarl
91179038,/Users/nickzwart/Desktop/8-8-2026/91179038.json,e-toppo + kurupical,1,1,0.5909,M-Lopunny
91179068,/Users/nickzwart/Desktop/8-8-2026/91179068.json,Marshall Maximizer,1,1,0.6042,Grimmsnarl
91180039,/Users/nickzwart/Desktop/8-8-2026/91180039.json,やる気元気ミワハルキ,1,1,0.64,Grimmsnarl
91180045,/Users/nickzwart/Desktop/8-8-2026/91180045.json,e-toppo + kurupical,0,0,0.5909,Dragapult
91180045,/Users/nickzwart/Desktop/8-8-2026/91180045.json,やる気元気ミワハルキ,1,1,0.64,Dragapult
91180852,/Users/nickzwart/Desktop/8-8-2026/91180852.json,Marshall Maximizer,1,0,0.6042,M-Kangaskhan
91180939,/Users/nickzwart/Desktop/8-8-2026/91180939.json,やる気元気ミワハルキ,1,1,0.64,Grimmsnarl
91180945,/Users/nickzwart/Desktop/8-8-2026/91180945.json,やる気元気ミワハルキ,0,1,0.64,M-Lopunny
91180952,/Users/nickzwart/Desktop/8-8-2026/91180952.json,Pokemon Siuuuu,0,0,0.5809,Ogerpon
91181751,/Users/nickzwart/Desktop/8-8-2026/91181751.json,Marshall Maximizer,1,1,0.6042,Ogerpon
91182613,/Users/nickzwart/Desktop/8-8-2026/91182613.json,LumenLiquidity,0,1,0.624,Grimmsnarl
91182627,/Users/nickzwart/Desktop/8-8-2026/91182627.json,Marshall Maximizer,0,1,0.6042,Alakazam
91182702,/Users/nickzwart/Desktop/8-8-2026/91182702.json,yaki-imo,1,0,0.5,Grimmsnarl
91182717,/Users/nickzwart/Desktop/8-8-2026/91182717.json,やる気元気ミワハルキ,0,0,0.64,M-Kangaskhan
91182731,/Users/nickzwart/Desktop/8-8-2026/91182731.json,やる気元気ミワハルキ,0,1,0.64,Alakazam
91182788,/Users/nickzwart/Desktop/8-8-2026/91182788.json,e-toppo + kurupical,0,1,0.5909,Alakazam
91181836,/Users/nickzwart/Desktop/8-8-2026/91181836.json,やる気元気ミワハルキ,1,1,0.64,Alakazam
91181841,/Users/nickzwart/Desktop/8-8-2026/91181841.json,やる気元気ミワハルキ,1,0,0.64,Ogerpon
91181860,/Users/nickzwart/Desktop/8-8-2026/91181860.json,LumenLiquidity,0,1,0.624,Ogerpon
91183516,/Users/nickzwart/Desktop/8-8-2026/91183516.json,やる気元気ミワハルキ,1,1,0.64,Alakazam
91183519,/Users/nickzwart/Desktop/8-8-2026/91183519.json,やる気元気ミワハルキ,1,0,0.64,M-Kangaskhan
91183634,/Users/nickzwart/Desktop/8-8-2026/91183634.json,Marshall Maximizer,0,0,0.6042,M-Lopunny
91184389,/Users/nickzwart/Desktop/8-8-2026/91184389.json,RtoABC,1,0,0.5244,Hydrapple
91184390,/Users/nickzwart/Desktop/8-8-2026/91184390.json,Marshall Maximizer,1,1,0.6042,Grimmsnarl
91184476,/Users/nickzwart/Desktop/8-8-2026/91184476.json,やる気元気ミワハルキ,1,1,0.64,Grimmsnarl
91184488,/Users/nickzwart/Desktop/8-8-2026/91184488.json,やる気元気ミワハルキ,1,1,0.64,Grimmsnarl
91186117,/Users/nickzwart/Desktop/8-8-2026/91186117.json,Marshall Maximizer,0,0,0.6042,M-Kangaskhan
91186160,/Users/nickzwart/Desktop/8-8-2026/91186160.json,Pokemon Siuuuu,1,1,0.5809,M-Kangaskhan
91185365,/Users/nickzwart/Desktop/8-8-2026/91185365.json,やる気元気ミワハルキ,0,1,0.64,Hydrapple
91185375,/Users/nickzwart/Desktop/8-8-2026/91185375.json,やる気元気ミワハルキ,0,0,0.64,M-Kangaskhan
91186273,/Users/nickzwart/Desktop/8-8-2026/91186273.json,やる気元気ミワハルキ,0,1,0.64,Grimmsnarl
91186396,/Users/nickzwart/Desktop/8-8-2026/91186396.json,e-toppo + kurupical,1,1,0.5909,M-Lopunny
91187030,/Users/nickzwart/Desktop/8-8-2026/91187030.json,Marshall Maximizer,0,1,0.6042,Grimmsnarl
91187132,/Users/nickzwart/Desktop/8-8-2026/91187132.json,やる気元気ミワハルキ,0,1,0.64,Alakazam
91187155,/Users/nickzwart/Desktop/8-8-2026/91187155.json,やる気元気ミワハルキ,0,1,0.64,Ogerpon
91187974,/Users/nickzwart/Desktop/8-8-2026/91187974.json,Kh0a,1,0,0.6116,Grimmsnarl
91188011,/Users/nickzwart/Desktop/8-8-2026/91188011.json,やる気元気ミワハルキ,0,0,0.64,Grimmsnarl
91188809,/Users/nickzwart/Desktop/8-8-2026/91188809.json,Marshall Maximizer,0,0,0.6042,Grimmsnarl
91188827,/Users/nickzwart/Desktop/8-8-2026/91188827.json,cyrus,1,1,0.4286,M-Kangaskhan
91188028,/Users/nickzwart/Desktop/8-8-2026/91188028.json,やる気元気ミワハルキ,1,1,0.64,Grimmsnarl
91188895,/Users/nickzwart/Desktop/8-8-2026/91188895.json,やる気元気ミワハルキ,1,1,0.64,M-Kangaskhan
91188910,/Users/nickzwart/Desktop/8-8-2026/91188910.json,やる気元気ミワハルキ,1,1,0.64,Grimmsnarl
91189674,/Users/nickzwart/Desktop/8-8-2026/91189674.json,Marshall Maximizer,0,1,0.6042,Ogerpon
91189765,/Users/nickzwart/Desktop/8-8-2026/91189765.json,やる気元気ミワハルキ,1,1,0.64,M-Kangaskhan
91189785,/Users/nickzwart/Desktop/8-8-2026/91189785.json,やる気元気ミワハルキ,0,1,0.64,Ogerpon
91189786,/Users/nickzwart/Desktop/8-8-2026/91189786.json,LumenLiquidity,1,1,0.624,Grimmsnarl
91190567,/Users/nickzwart/Desktop/8-8-2026/91190567.json,Marshall Maximizer,0,0,0.6042,Grimmsnarl
91190662,/Users/nickzwart/Desktop/8-8-2026/91190662.json,やる気元気ミワハルキ,1,0,0.64,M-Lopunny
91190681,/Users/nickzwart/Desktop/8-8-2026/91190681.json,やる気元気ミワハルキ,0,1,0.64,Alakazam
91191446,/Users/nickzwart/Desktop/8-8-2026/91191446.json,Marshall Maximizer,0,1,0.6042,Grimmsnarl
91192315,/Users/nickzwart/Desktop/8-8-2026/91192315.json,Marshall Maximizer,0,1,0.6042,Grimmsnarl
91191541,/Users/nickzwart/Desktop/8-8-2026/91191541.json,e-toppo + kurupical,0,0,0.5909,Dragapult
91191541,/Users/nickzwart/Desktop/8-8-2026/91191541.json,やる気元気ミワハルキ,1,1,0.64,Dragapult
91192431,/Users/nickzwart/Desktop/8-8-2026/91192431.json,やる気元気ミワハルキ,0,0,0.64,M-Kangaskhan
91192448,/Users/nickzwart/Desktop/8-8-2026/91192448.json,Kh0a,0,0,0.6116,Grimmsnarl
91193103,/Users/nickzwart/Desktop/8-8-2026/91193103.json,Kh0a,1,0,0.6116,Grimmsnarl
91193216,/Users/nickzwart/Desktop/8-8-2026/91193216.json,LumenLiquidity,0,0,0.624,Dragapult
91193216,/Users/nickzwart/Desktop/8-8-2026/91193216.json,Marshall Maximizer,1,1,0.6042,Dragapult
91194118,/Users/nickzwart/Desktop/8-8-2026/91194118.json,e-toppo + kurupical,0,1,0.5909,Grimmsnarl
91194120,/Users/nickzwart/Desktop/8-8-2026/91194120.json,やる気元気ミワハルキ,0,1,0.64,other
91193317,/Users/nickzwart/Desktop/8-8-2026/91193317.json,やる気元気ミワハルキ,1,1,0.64,M-Lopunny
91193336,/Users/nickzwart/Desktop/8-8-2026/91193336.json,やる気元気ミワハルキ,0,1,0.64,Ogerpon
91194979,/Users/nickzwart/Desktop/8-8-2026/91194979.json,Marshall Maximizer,0,1,0.6042,Ogerpon
91194992,/Users/nickzwart/Desktop/8-8-2026/91194992.json,Kh0a,1,1,0.6116,M-Lopunny
91195869,/Users/nickzwart/Desktop/8-8-2026/91195869.json,Marshall Maximizer,1,1,0.6042,M-Lopunny
91197628,/Users/nickzwart/Desktop/8-8-2026/91197628.json,Marshall Maximizer,1,1,0.6042,Grimmsnarl
91198559,/Users/nickzwart/Desktop/8-8-2026/91198559.json,Kh0a,1,0,0.6116,Hydrapple
91196710,/Users/nickzwart/Desktop/8-8-2026/91196710.json,Marshall Maximizer,0,1,0.6042,Alakazam
91198520,/Users/nickzwart/Desktop/8-8-2026/91198520.json,Marshall Maximizer,0,0,0.6042,Grimmsnarl
91201172,/Users/nickzwart/Desktop/8-8-2026/91201172.json,Marshall Maximizer,1,1,0.6042,M-Kangaskhan
91200227,/Users/nickzwart/Desktop/8-8-2026/91200227.json,Marshall Maximizer,1,0,0.6042,Alakazam
91201866,/Users/nickzwart/Desktop/8-8-2026/91201866.json,LumenLiquidity,0,1,0.624,Grimmsnarl
91202934,/Users/nickzwart/Desktop/8-8-2026/91202934.json,Marshall Maximizer,0,0,0.6042,Dragapult
91202934,/Users/nickzwart/Desktop/8-8-2026/91202934.json,LumenLiquidity,1,1,0.624,Dragapult
91203039,/Users/nickzwart/Desktop/8-8-2026/91203039.json,Pokemon Siuuuu,1,1,0.5809,Grimmsnarl
91203700,/Users/nickzwart/Desktop/8-8-2026/91203700.json,cyrus,1,0,0.4286,Ogerpon
91203786,/Users/nickzwart/Desktop/8-8-2026/91203786.json,Kh0a,1,0,0.6116,Hydrapple
91203826,/Users/nickzwart/Desktop/8-8-2026/91203826.json,Marshall Maximizer,1,0,0.6042,Alakazam
91204710,/Users/nickzwart/Desktop/8-8-2026/91204710.json,Marshall Maximizer,1,0,0.6042,Grimmsnarl
91205612,/Users/nickzwart/Desktop/8-8-2026/91205612.json,Marshall Maximizer,0,1,0.6042,Grimmsnarl
91206499,/Users/nickzwart/Desktop/8-8-2026/91206499.json,Marshall Maximizer,0,1,0.6042,Alakazam
91206504,/Users/nickzwart/Desktop/8-8-2026/91206504.json,Pokemon Siuuuu,1,1,0.5809,Alakazam
91207326,/Users/nickzwart/Desktop/8-8-2026/91207326.json,Marshall Maximizer,0,1,0.6042,Hydrapple
91207393,/Users/nickzwart/Desktop/8-8-2026/91207393.json,Marshall Maximizer,1,0,0.6042,Alakazam
91207443,/Users/nickzwart/Desktop/8-8-2026/91207443.json,THIRD PTCG Club,0,0,0.5508,M-Kangaskhan
91208046,/Users/nickzwart/Desktop/8-8-2026/91208046.json,youtube.com/@BigBugginnings,0,1,0.4559,M-Kangaskhan
91208976,/Users/nickzwart/Desktop/8-8-2026/91208976.json,Marshall Maximizer,0,1,0.6042,M-Lopunny
91208291,/Users/nickzwart/Desktop/8-8-2026/91208291.json,Marshall Maximizer,0,0,0.6042,Garchomp
91209107,/Users/nickzwart/Desktop/8-8-2026/91209107.json,Marshall Maximizer,0,1,0.6042,Grimmsnarl
91209141,/Users/nickzwart/Desktop/8-8-2026/91209141.json,youtube.com/@BigBugginnings,1,0,0.4559,M-Lopunny
91209848,/Users/nickzwart/Desktop/8-8-2026/91209848.json,youtube.com/@BigBugginnings,1,0,0.4559,Ogerpon
91210079,/Users/nickzwart/Desktop/8-8-2026/91210079.json,Marshall Maximizer,0,1,0.6042,M-Lucario
91210969,/Users/nickzwart/Desktop/8-8-2026/91210969.json,Marshall Maximizer,1,1,0.6042,Ogerpon
91211870,/Users/nickzwart/Desktop/8-8-2026/91211870.json,Marshall Maximizer,0,0,0.6042,Dragapult
91211870,/Users/nickzwart/Desktop/8-8-2026/91211870.json,Pokemon Siuuuu,1,1,0.5809,Dragapult
91212526,/Users/nickzwart/Desktop/8-8-2026/91212526.json,youtube.com/@BigBugginnings,0,1,0.4559,Grimmsnarl
91213426,/Users/nickzwart/Desktop/8-8-2026/91213426.json,youtube.com/@BigBugginnings,1,1,0.4559,Ogerpon
91214307,/Users/nickzwart/Desktop/8-8-2026/91214307.json,youtube.com/@BigBugginnings,1,0,0.4559,Alakazam
91214424,/Users/nickzwart/Desktop/8-8-2026/91214424.json,Budew,1,0,0.3636,Ogerpon
91212771,/Users/nickzwart/Desktop/8-8-2026/91212771.json,Marshall Maximizer,1,0,0.6042,Grimmsnarl
91215216,/Users/nickzwart/Desktop/8-8-2026/91215216.json,youtube.com/@BigBugginnings,0,1,0.4559,Grimmsnarl
91216112,/Users/nickzwart/Desktop/8-8-2026/91216112.json,youtube.com/@BigBugginnings,1,0,0.4559,Alakazam
91216134,/Users/nickzwart/Desktop/8-8-2026/91216134.json,Pokemon Siuuuu,1,1,0.5809,Grimmsnarl
91217787,/Users/nickzwart/Desktop/8-8-2026/91217787.json,Pokopia,1,1,0.5217,Grimmsnarl
91217808,/Users/nickzwart/Desktop/8-8-2026/91217808.json,haggle,1,0,0.528,Alakazam
91217952,/Users/nickzwart/Desktop/8-8-2026/91217952.json,e-toppo + kurupical,1,0,0.5909,Grimmsnarl
91218698,/Users/nickzwart/Desktop/8-8-2026/91218698.json,Pokopia,0,1,0.5217,Alakazam
91218716,/Users/nickzwart/Desktop/8-8-2026/91218716.json,haggle,1,0,0.528,M-Lopunny
91219576,/Users/nickzwart/Desktop/8-8-2026/91219576.json,Pokopia,0,1,0.5217,Grimmsnarl
91221340,/Users/nickzwart/Desktop/8-8-2026/91221340.json,Pokopia,0,0,0.5217,M-Lopunny
91221359,/Users/nickzwart/Desktop/8-8-2026/91221359.json,Pokopia,0,1,0.5217,other
91221672,/Users/nickzwart/Desktop/8-8-2026/91221672.json,LumenLiquidity,1,1,0.624,Ogerpon
91220458,/Users/nickzwart/Desktop/8-8-2026/91220458.json,KatR,0,0,0.1667,Dragapult
91220458,/Users/nickzwart/Desktop/8-8-2026/91220458.json,Pokopia,1,1,0.5217,Dragapult
91220463,/Users/nickzwart/Desktop/8-8-2026/91220463.json,Pokopia,0,1,0.5217,Grimmsnarl
91223397,/Users/nickzwart/Desktop/8-8-2026/91223397.json,e-toppo + kurupical,0,0,0.5909,Alakazam
91224052,/Users/nickzwart/Desktop/8-8-2026/91224052.json,Pokopia,0,1,0.5217,Grimmsnarl
91225067,/Users/nickzwart/Desktop/8-8-2026/91225067.json,youtube.com/@BigBugginnings,0,0,0.4559,Alakazam
91223165,/Users/nickzwart/Desktop/8-8-2026/91223165.json,Pokopia,0,1,0.5217,M-Lopunny
91223223,/Users/nickzwart/Desktop/8-8-2026/91223223.json,e-toppo + kurupical,1,1,0.5909,M-Lopunny
91223280,/Users/nickzwart/Desktop/8-8-2026/91223280.json,Pokemon Siuuuu,1,0,0.5809,Grimmsnarl
91224234,/Users/nickzwart/Desktop/8-8-2026/91224234.json,e-toppo + kurupical,1,1,0.5909,Alakazam
91224942,/Users/nickzwart/Desktop/8-8-2026/91224942.json,Pokopia,0,1,0.5217,Grimmsnarl
91225839,/Users/nickzwart/Desktop/8-8-2026/91225839.json,Pokopia,1,0,0.5217,M-Lopunny
91226057,/Users/nickzwart/Desktop/8-8-2026/91226057.json,Budew,0,1,0.3636,Alakazam
91227602,/Users/nickzwart/Desktop/8-8-2026/91227602.json,Pokopia,1,0,0.5217,Grimmsnarl
91228471,/Users/nickzwart/Desktop/8-8-2026/91228471.json,Pokemon Siuuuu,0,1,0.5809,Dragapult
91228471,/Users/nickzwart/Desktop/8-8-2026/91228471.json,Pokopia,1,0,0.5217,Dragapult
91227652,/Users/nickzwart/Desktop/8-8-2026/91227652.json,haggle,0,1,0.528,Ogerpon
91227699,/Users/nickzwart/Desktop/8-8-2026/91227699.json,Pokemon Siuuuu,0,0,0.5809,Grimmsnarl
91229514,/Users/nickzwart/Desktop/8-8-2026/91229514.json,youtube.com/@BigBugginnings,0,1,0.4559,Alakazam
91229387,/Users/nickzwart/Desktop/8-8-2026/91229387.json,Pokemon Siuuuu,0,1,0.5809,Dragapult
91229387,/Users/nickzwart/Desktop/8-8-2026/91229387.json,Pokopia,1,0,0.5217,Dragapult
91229414,/Users/nickzwart/Desktop/8-8-2026/91229414.json,Kh0a,1,1,0.6116,Grimmsnarl
91230278,/Users/nickzwart/Desktop/8-8-2026/91230278.json,Pokopia,1,1,0.5217,M-Froslass
91230348,/Users/nickzwart/Desktop/8-8-2026/91230348.json,cyrus,1,0,0.4286,Alakazam
91230397,/Users/nickzwart/Desktop/8-8-2026/91230397.json,Pokemon Siuuuu,1,0,0.5809,Alakazam
91231421,/Users/nickzwart/Desktop/8-8-2026/91231421.json,LumenLiquidity,0,0,0.624,Hydrapple
91232066,/Users/nickzwart/Desktop/8-8-2026/91232066.json,Pokopia,1,0,0.5217,Alakazam
91232113,/Users/nickzwart/Desktop/8-8-2026/91232113.json,haggle,0,1,0.528,M-Lucario
91231224,/Users/nickzwart/Desktop/8-8-2026/91231224.json,haggle,1,0,0.528,Grimmsnarl
91231409,/Users/nickzwart/Desktop/8-8-2026/91231409.json,THIRD PTCG Club,0,1,0.5508,Grimmsnarl
91232949,/Users/nickzwart/Desktop/8-8-2026/91232949.json,Pokopia,0,0,0.5217,Grimmsnarl
91233853,/Users/nickzwart/Desktop/8-8-2026/91233853.json,haggle,0,0,0.528,Grimmsnarl
91233880,/Users/nickzwart/Desktop/8-8-2026/91233880.json,Pokopia,1,0,0.5217,Grimmsnarl
91233913,/Users/nickzwart/Desktop/8-8-2026/91233913.json,youtube.com/@BigBugginnings,0,1,0.4559,Ogerpon
91236553,/Users/nickzwart/Desktop/8-8-2026/91236553.json,haggle,0,0,0.528,M-Lopunny
91237395,/Users/nickzwart/Desktop/8-8-2026/91237395.json,Pokopia,0,0,0.5217,Grimmsnarl
91234725,/Users/nickzwart/Desktop/8-8-2026/91234725.json,e-toppo + kurupical,0,1,0.5909,Dragapult
91234725,/Users/nickzwart/Desktop/8-8-2026/91234725.json,Pokopia,1,0,0.5217,Dragapult
91236428,/Users/nickzwart/Desktop/8-8-2026/91236428.json,LumenLiquidity,1,1,0.624,Alakazam
91236506,/Users/nickzwart/Desktop/8-8-2026/91236506.json,Pokopia,1,0,0.5217,Alakazam
91240252,/Users/nickzwart/Desktop/8-8-2026/91240252.json,Budew,0,0,0.3636,Grimmsnarl
91240962,/Users/nickzwart/Desktop/8-8-2026/91240962.json,Pokopia,1,1,0.5217,Crustle
91240137,/Users/nickzwart/Desktop/8-8-2026/91240137.json,haggle,1,1,0.528,Grimmsnarl
91240150,/Users/nickzwart/Desktop/8-8-2026/91240150.json,LumenLiquidity,0,1,0.624,Grimmsnarl
91241844,/Users/nickzwart/Desktop/8-8-2026/91241844.json,Pokopia,0,0,0.5217,Grimmsnarl
91243624,/Users/nickzwart/Desktop/8-8-2026/91243624.json,Pokopia,0,1,0.5217,Hydrapple
91243711,/Users/nickzwart/Desktop/8-8-2026/91243711.json,haggle,1,0,0.528,M-Lopunny
91243763,/Users/nickzwart/Desktop/8-8-2026/91243763.json,e-toppo + kurupical,0,1,0.5909,Grimmsnarl
91242737,/Users/nickzwart/Desktop/8-8-2026/91242737.json,Pokopia,1,1,0.5217,Grimmsnarl
91242831,/Users/nickzwart/Desktop/8-8-2026/91242831.json,haggle,1,0,0.528,Grimmsnarl
91244530,/Users/nickzwart/Desktop/8-8-2026/91244530.json,Pokopia,1,1,0.5217,Crustle
91244555,/Users/nickzwart/Desktop/8-8-2026/91244555.json,LumenLiquidity,0,1,0.624,Grimmsnarl
91244565,/Users/nickzwart/Desktop/8-8-2026/91244565.json,RtoABC,0,1,0.5244,Ogerpon
91245337,/Users/nickzwart/Desktop/8-8-2026/91245337.json,Pokemon Siuuuu,1,1,0.5809,Alakazam
91245430,/Users/nickzwart/Desktop/8-8-2026/91245430.json,Pokopia,0,1,0.5217,Grimmsnarl
91246338,/Users/nickzwart/Desktop/8-8-2026/91246338.json,Pokopia,0,0,0.5217,Alakazam
91246413,/Users/nickzwart/Desktop/8-8-2026/91246413.json,haggle,1,1,0.528,Grimmsnarl
91247199,/Users/nickzwart/Desktop/8-8-2026/91247199.json,e-toppo + kurupical,1,0,0.5909,M-Lopunny
91247241,/Users/nickzwart/Desktop/8-8-2026/91247241.json,Pokopia,1,1,0.5217,Grimmsnarl
91248126,/Users/nickzwart/Desktop/8-8-2026/91248126.json,Pokopia,0,1,0.5217,Grimmsnarl
91248799,/Users/nickzwart/Desktop/8-8-2026/91248799.json,Pokopia,1,1,0.5217,Alakazam
91247310,/Users/nickzwart/Desktop/8-8-2026/91247310.json,haggle,0,1,0.528,Alakazam
91247977,/Users/nickzwart/Desktop/8-8-2026/91247977.json,Pokemon Siuuuu,0,1,0.5809,Grimmsnarl
91249914,/Users/nickzwart/Desktop/8-8-2026/91249914.json,Pokopia,1,1,0.5217,Hydrapple
91251720,/Users/nickzwart/Desktop/8-8-2026/91251720.json,Pokopia,0,1,0.5217,Dragapult
91251720,/Users/nickzwart/Desktop/8-8-2026/91251720.json,THIRD PTCG Club,1,0,0.5508,Dragapult
91250783,/Users/nickzwart/Desktop/8-8-2026/91250783.json,Pokopia,1,1,0.5217,Grimmsnarl
91250809,/Users/nickzwart/Desktop/8-8-2026/91250809.json,Pokopia,0,0,0.5217,M-Kangaskhan
91253497,/Users/nickzwart/Desktop/8-8-2026/91253497.json,Pokopia,1,0,0.5217,Grimmsnarl
91252613,/Users/nickzwart/Desktop/8-8-2026/91252613.json,Pokopia,1,1,0.5217,Grimmsnarl
91252692,/Users/nickzwart/Desktop/8-8-2026/91252692.json,LumenLiquidity,1,0,0.624,Alakazam
91254187,/Users/nickzwart/Desktop/8-8-2026/91254187.json,haggle,0,1,0.528,Ogerpon
91254352,/Users/nickzwart/Desktop/8-8-2026/91254352.json,e-toppo + kurupical,0,1,0.5909,Alakazam
91254395,/Users/nickzwart/Desktop/8-8-2026/91254395.json,Pokopia,0,1,0.5217,Ogerpon
91255240,/Users/nickzwart/Desktop/8-8-2026/91255240.json,RtoABC,1,1,0.5244,M-Lopunny
91255269,/Users/nickzwart/Desktop/8-8-2026/91255269.json,Pokopia,0,1,0.5217,M-Lopunny
91256210,/Users/nickzwart/Desktop/8-8-2026/91256210.json,Pokopia,0,0,0.5217,M-Kangaskhan
91256763,/Users/nickzwart/Desktop/8-8-2026/91256763.json,Pokemon Siuuuu,0,1,0.5809,Grimmsnarl
91258544,/Users/nickzwart/Desktop/8-8-2026/91258544.json,e-toppo + kurupical,0,1,0.5909,Grimmsnarl
91258742,/Users/nickzwart/Desktop/8-8-2026/91258742.json,THIRD PTCG Club,0,1,0.5508,Dudunsparce
91257904,/Users/nickzwart/Desktop/8-8-2026/91257904.json,THIRD PTCG Club,0,1,0.5508,M-Lopunny
91262258,/Users/nickzwart/Desktop/8-8-2026/91262258.json,Pokemon Siuuuu,1,0,0.5809,other
91263169,/Users/nickzwart/Desktop/8-8-2026/91263169.json,e-toppo + kurupical,0,1,0.5909,Alakazam
91266699,/Users/nickzwart/Desktop/8-8-2026/91266699.json,THIRD PTCG Club,1,1,0.5508,Grimmsnarl
91269422,/Users/nickzwart/Desktop/8-8-2026/91269422.json,Pokemon Siuuuu,0,1,0.5809,Alakazam
91269188,/Users/nickzwart/Desktop/8-8-2026/91269188.json,haggle,0,1,0.528,Grimmsnarl
91270291,/Users/nickzwart/Desktop/8-8-2026/91270291.json,LumenLiquidity,1,0,0.624,Alakazam
91271118,/Users/nickzwart/Desktop/8-8-2026/91271118.json,Dipam Chakraborty,1,0,0.6779,M-Kangaskhan
91271252,/Users/nickzwart/Desktop/8-8-2026/91271252.json,THIRD PTCG Club,1,0,0.5508,Grimmsnarl
91273036,/Users/nickzwart/Desktop/8-8-2026/91273036.json,e-toppo + kurupical,0,0,0.5909,Alakazam
91273703,/Users/nickzwart/Desktop/8-8-2026/91273703.json,Pokopia,1,1,0.5217,Dudunsparce
91272061,/Users/nickzwart/Desktop/8-8-2026/91272061.json,ANDPAD kaggler team,1,1,0.5,Grimmsnarl
91272128,/Users/nickzwart/Desktop/8-8-2026/91272128.json,Budew,1,1,0.3636,Ogerpon
91272164,/Users/nickzwart/Desktop/8-8-2026/91272164.json,e-toppo + kurupical,1,0,0.5909,M-Lopunny
91272783,/Users/nickzwart/Desktop/8-8-2026/91272783.json,Budew,0,0,0.3636,Alakazam
91272969,/Users/nickzwart/Desktop/8-8-2026/91272969.json,ANDPAD kaggler team,1,0,0.5,other
91274613,/Users/nickzwart/Desktop/8-8-2026/91274613.json,haggle,1,1,0.528,Grimmsnarl
91274860,/Users/nickzwart/Desktop/8-8-2026/91274860.json,ANDPAD kaggler team,1,1,0.5,Grimmsnarl
91273777,/Users/nickzwart/Desktop/8-8-2026/91273777.json,LumenLiquidity,0,1,0.624,Alakazam
91273935,/Users/nickzwart/Desktop/8-8-2026/91273935.json,Dipam Chakraborty,0,1,0.6779,Alakazam
91274019,/Users/nickzwart/Desktop/8-8-2026/91274019.json,haggle,1,1,0.528,M-Kangaskhan
91275511,/Users/nickzwart/Desktop/8-8-2026/91275511.json,haggle,1,0,0.528,Grimmsnarl
91275679,/Users/nickzwart/Desktop/8-8-2026/91275679.json,Pokemon Siuuuu,0,0,0.5809,M-Lucario
91275683,/Users/nickzwart/Desktop/8-8-2026/91275683.json,LumenLiquidity,0,0,0.624,Alakazam
91275726,/Users/nickzwart/Desktop/8-8-2026/91275726.json,ANDPAD kaggler team,1,0,0.5,Grimmsnarl
91275752,/Users/nickzwart/Desktop/8-8-2026/91275752.json,Dipam Chakraborty,1,1,0.6779,Grimmsnarl
91277328,/Users/nickzwart/Desktop/8-8-2026/91277328.json,haggle,0,0,0.528,M-Lopunny
91277485,/Users/nickzwart/Desktop/8-8-2026/91277485.json,ANDPAD kaggler team,0,1,0.5,Ogerpon
91278199,/Users/nickzwart/Desktop/8-8-2026/91278199.json,haggle,0,1,0.528,Grimmsnarl
91278325,/Users/nickzwart/Desktop/8-8-2026/91278325.json,Dipam Chakraborty,0,1,0.6779,Ogerpon
91279113,/Users/nickzwart/Desktop/8-8-2026/91279113.json,haggle,0,1,0.528,Dudunsparce
91279226,/Users/nickzwart/Desktop/8-8-2026/91279226.json,Dipam Chakraborty,1,1,0.6779,Grimmsnarl
91280121,/Users/nickzwart/Desktop/8-8-2026/91280121.json,Dipam Chakraborty,1,0,0.6779,Ogerpon
91280170,/Users/nickzwart/Desktop/8-8-2026/91280170.json,ANDPAD kaggler team,1,1,0.5,Grimmsnarl
91281060,/Users/nickzwart/Desktop/8-8-2026/91281060.json,ANDPAD kaggler team,0,0,0.5,Grimmsnarl
91280897,/Users/nickzwart/Desktop/8-8-2026/91280897.json,haggle,1,0,0.528,Alakazam
91281016,/Users/nickzwart/Desktop/8-8-2026/91281016.json,Dipam Chakraborty,0,0,0.6779,M-Lucario
91281914,/Users/nickzwart/Desktop/8-8-2026/91281914.json,Dipam Chakraborty,0,1,0.6779,Ogerpon
91281950,/Users/nickzwart/Desktop/8-8-2026/91281950.json,ANDPAD kaggler team,0,0,0.5,Grimmsnarl
91282713,/Users/nickzwart/Desktop/8-8-2026/91282713.json,haggle,0,1,0.528,Ogerpon
91282811,/Users/nickzwart/Desktop/8-8-2026/91282811.json,Dipam Chakraborty,0,0,0.6779,Grimmsnarl
91282831,/Users/nickzwart/Desktop/8-8-2026/91282831.json,ANDPAD kaggler team,0,1,0.5,Grimmsnarl
91283716,/Users/nickzwart/Desktop/8-8-2026/91283716.json,Dipam Chakraborty,0,1,0.6779,Alakazam
91283792,/Users/nickzwart/Desktop/8-8-2026/91283792.json,LumenLiquidity,1,1,0.624,M-Kangaskhan
91284366,/Users/nickzwart/Desktop/8-8-2026/91284366.json,Pokopia,1,0,0.5217,Alakazam
91284460,/Users/nickzwart/Desktop/8-8-2026/91284460.json,haggle,1,1,0.528,Grimmsnarl
91285520,/Users/nickzwart/Desktop/8-8-2026/91285520.json,Dipam Chakraborty,1,1,0.6779,Ogerpon
91284568,/Users/nickzwart/Desktop/8-8-2026/91284568.json,Dipam Chakraborty,0,1,0.6779,Ogerpon
91285414,/Users/nickzwart/Desktop/8-8-2026/91285414.json,haggle,0,0,0.528,Alakazam
91286344,/Users/nickzwart/Desktop/8-8-2026/91286344.json,haggle,1,1,0.528,Grimmsnarl
91286445,/Users/nickzwart/Desktop/8-8-2026/91286445.json,Dipam Chakraborty,1,1,0.6779,Alakazam
91286448,/Users/nickzwart/Desktop/8-8-2026/91286448.json,THIRD PTCG Club,0,1,0.5508,Alakazam
91287246,/Users/nickzwart/Desktop/8-8-2026/91287246.json,haggle,0,1,0.528,Grimmsnarl
91287379,/Users/nickzwart/Desktop/8-8-2026/91287379.json,Dipam Chakraborty,0,1,0.6779,Grimmsnarl
91288153,/Users/nickzwart/Desktop/8-8-2026/91288153.json,e-toppo + kurupical,0,1,0.5909,Dragapult
91288153,/Users/nickzwart/Desktop/8-8-2026/91288153.json,haggle,1,0,0.528,Dragapult
91289049,/Users/nickzwart/Desktop/8-8-2026/91289049.json,haggle,0,1,0.528,Alakazam
91289057,/Users/nickzwart/Desktop/8-8-2026/91289057.json,ANDPAD kaggler team,0,0,0.5,Grimmsnarl
91288246,/Users/nickzwart/Desktop/8-8-2026/91288246.json,Dipam Chakraborty,1,0,0.6779,Alakazam
91288878,/Users/nickzwart/Desktop/8-8-2026/91288878.json,Kh0a,0,0,0.6116,Alakazam
91289186,/Users/nickzwart/Desktop/8-8-2026/91289186.json,Dipam Chakraborty,1,1,0.6779,Alakazam
91289970,/Users/nickzwart/Desktop/8-8-2026/91289970.json,haggle,1,1,0.528,Grimmsnarl
91290070,/Users/nickzwart/Desktop/8-8-2026/91290070.json,Dipam Chakraborty,1,1,0.6779,Grimmsnarl
91290876,/Users/nickzwart/Desktop/8-8-2026/91290876.json,haggle,0,1,0.528,Grimmsnarl
91291814,/Users/nickzwart/Desktop/8-8-2026/91291814.json,haggle,1,0,0.528,Crustle
91293399,/Users/nickzwart/Desktop/8-8-2026/91293399.json,haggle,1,1,0.528,Crustle
91292545,/Users/nickzwart/Desktop/8-8-2026/91292545.json,Pokopia,0,0,0.5217,Grimmsnarl
91292664,/Users/nickzwart/Desktop/8-8-2026/91292664.json,haggle,0,0,0.528,Grimmsnarl
91294449,/Users/nickzwart/Desktop/8-8-2026/91294449.json,haggle,1,0,0.528,M-Lucario
91296112,/Users/nickzwart/Desktop/8-8-2026/91296112.json,haggle,0,1,0.528,Alakazam
91296255,/Users/nickzwart/Desktop/8-8-2026/91296255.json,haggle,1,1,0.528,Ogerpon
91295351,/Users/nickzwart/Desktop/8-8-2026/91295351.json,RtoABC,1,0,0.5244,Alakazam
91295359,/Users/nickzwart/Desktop/8-8-2026/91295359.json,haggle,0,0,0.528,Dragapult
91295359,/Users/nickzwart/Desktop/8-8-2026/91295359.json,LumenLiquidity,1,1,0.624,Dragapult
91296270,/Users/nickzwart/Desktop/8-8-2026/91296270.json,haggle,0,1,0.528,Alakazam
91297149,/Users/nickzwart/Desktop/8-8-2026/91297149.json,haggle,0,0,0.528,M-Lopunny
91298029,/Users/nickzwart/Desktop/8-8-2026/91298029.json,haggle,1,0,0.528,Dudunsparce
91298031,/Users/nickzwart/Desktop/8-8-2026/91298031.json,RtoABC,1,0,0.5244,M-Froslass
91298949,/Users/nickzwart/Desktop/8-8-2026/91298949.json,haggle,1,1,0.528,Ogerpon
91299897,/Users/nickzwart/Desktop/8-8-2026/91299897.json,Budew,0,0,0.3636,Grimmsnarl
91301679,/Users/nickzwart/Desktop/8-8-2026/91301679.json,Pokemon Siuuuu,1,1,0.5809,Grimmsnarl
91300799,/Users/nickzwart/Desktop/8-8-2026/91300799.json,LumenLiquidity,1,1,0.624,Alakazam
91304259,/Users/nickzwart/Desktop/8-8-2026/91304259.json,LumenLiquidity,1,0,0.624,Grimmsnarl
91304394,/Users/nickzwart/Desktop/8-8-2026/91304394.json,Dipam Chakraborty,1,1,0.6779,M-Kangaskhan
91306916,/Users/nickzwart/Desktop/8-8-2026/91306916.json,LumenLiquidity,1,0,0.624,Alakazam
91308773,/Users/nickzwart/Desktop/8-8-2026/91308773.json,LumenLiquidity,0,1,0.624,Hydrapple
91308799,/Users/nickzwart/Desktop/8-8-2026/91308799.json,e-toppo + kurupical,1,0,0.5909,Grimmsnarl
91309510,/Users/nickzwart/Desktop/8-8-2026/91309510.json,Budew,0,1,0.3636,Ogerpon
91309743,/Users/nickzwart/Desktop/8-8-2026/91309743.json,haggle,0,0,0.528,Grimmsnarl
91310425,/Users/nickzwart/Desktop/8-8-2026/91310425.json,Pokopia,0,0,0.5217,M-Lucario
91311449,/Users/nickzwart/Desktop/8-8-2026/91311449.json,Pokemon Siuuuu,0,1,0.5809,M-Kangaskhan
91312214,/Users/nickzwart/Desktop/8-8-2026/91312214.json,e-toppo + kurupical,0,0,0.5909,M-Lucario
91312333,/Users/nickzwart/Desktop/8-8-2026/91312333.json,Dipam Chakraborty,0,0,0.6779,Alakazam
91314089,/Users/nickzwart/Desktop/8-8-2026/91314089.json,THIRD PTCG Club,1,1,0.5508,M-Lopunny
91315083,/Users/nickzwart/Desktop/8-8-2026/91315083.json,RtoABC,1,1,0.5244,Crustle
91316586,/Users/nickzwart/Desktop/8-8-2026/91316586.json,Pokemon Siuuuu,1,1,0.5809,Alakazam
91318527,/Users/nickzwart/Desktop/8-8-2026/91318527.json,Pokemon Siuuuu,0,1,0.5809,Grimmsnarl
91320259,/Users/nickzwart/Desktop/8-8-2026/91320259.json,Pokopia,1,1,0.5217,Alakazam
91320397,/Users/nickzwart/Desktop/8-8-2026/91320397.json,Dipam Chakraborty,0,1,0.6779,Garchomp
91324912,/Users/nickzwart/Desktop/8-8-2026/91324912.json,Pokemon Siuuuu,0,0,0.5809,Garchomp
91326568,/Users/nickzwart/Desktop/8-8-2026/91326568.json,haggle,0,1,0.528,Grimmsnarl
91326754,/Users/nickzwart/Desktop/8-8-2026/91326754.json,haggle,0,1,0.528,Dragapult
91326754,/Users/nickzwart/Desktop/8-8-2026/91326754.json,Pokopia,1,0,0.5217,Dragapult
91328406,/Users/nickzwart/Desktop/8-8-2026/91328406.json,THIRD PTCG Club,0,1,0.5508,Grimmsnarl
91328527,/Users/nickzwart/Desktop/8-8-2026/91328527.json,Dipam Chakraborty,1,1,0.6779,M-Lucario
91331878,/Users/nickzwart/Desktop/8-8-2026/91331878.json,Dipam Chakraborty,0,1,0.6779,Grimmsnarl
91332126,/Users/nickzwart/Desktop/8-8-2026/91332126.json,Pokopia,0,1,0.5217,Grimmsnarl
91332769,/Users/nickzwart/Desktop/8-8-2026/91332769.json,Dipam Chakraborty,0,1,0.6779,M-Lopunny
91332910,/Users/nickzwart/Desktop/8-8-2026/91332910.json,Pokopia,0,1,0.5217,Grimmsnarl
91334686,/Users/nickzwart/Desktop/8-8-2026/91334686.json,THIRD PTCG Club,1,0,0.5508,M-Kangaskhan
91334727,/Users/nickzwart/Desktop/8-8-2026/91334727.json,e-toppo + kurupical,1,0,0.5909,Grimmsnarl
91335513,/Users/nickzwart/Desktop/8-8-2026/91335513.json,Dipam Chakraborty,1,1,0.6779,Grimmsnarl
91337353,/Users/nickzwart/Desktop/8-8-2026/91337353.json,Dipam Chakraborty,1,1,0.6779,Alakazam
91337449,/Users/nickzwart/Desktop/8-8-2026/91337449.json,LumenLiquidity,1,1,0.624,Alakazam
91338185,/Users/nickzwart/Desktop/8-8-2026/91338185.json,Dipam Chakraborty,1,1,0.6779,Grimmsnarl
91338481,/Users/nickzwart/Desktop/8-8-2026/91338481.json,haggle,1,1,0.528,Alakazam
91339194,/Users/nickzwart/Desktop/8-8-2026/91339194.json,Dipam Chakraborty,0,1,0.6779,Ogerpon
91340090,/Users/nickzwart/Desktop/8-8-2026/91340090.json,Dipam Chakraborty,0,1,0.6779,Grimmsnarl
91339363,/Users/nickzwart/Desktop/8-8-2026/91339363.json,Budew,0,1,0.3636,Grimmsnarl
91340949,/Users/nickzwart/Desktop/8-8-2026/91340949.json,Dipam Chakraborty,0,1,0.6779,M-Lucario
91341097,/Users/nickzwart/Desktop/8-8-2026/91341097.json,Budew,0,0,0.3636,Grimmsnarl
91342020,/Users/nickzwart/Desktop/8-8-2026/91342020.json,Dipam Chakraborty,0,1,0.6779,Alakazam
91343037,/Users/nickzwart/Desktop/8-8-2026/91343037.json,Dipam Chakraborty,1,0,0.6779,M-Kangaskhan
91343681,/Users/nickzwart/Desktop/8-8-2026/91343681.json,Dipam Chakraborty,1,1,0.6779,M-Kangaskhan
91343712,/Users/nickzwart/Desktop/8-8-2026/91343712.json,e-toppo + kurupical,0,0,0.5909,Grimmsnarl
91343746,/Users/nickzwart/Desktop/8-8-2026/91343746.json,Dipam Chakraborty,1,1,0.6779,Ogerpon
91343844,/Users/nickzwart/Desktop/8-8-2026/91343844.json,Pokemon Siuuuu,1,0,0.5809,Alakazam
91343878,/Users/nickzwart/Desktop/8-8-2026/91343878.json,LumenLiquidity,0,1,0.624,Grimmsnarl
91343879,/Users/nickzwart/Desktop/8-8-2026/91343879.json,Pokemon Siuuuu,0,1,0.5809,Grimmsnarl
91344672,/Users/nickzwart/Desktop/8-8-2026/91344672.json,Dipam Chakraborty,0,1,0.6779,M-Lucario
91344792,/Users/nickzwart/Desktop/8-8-2026/91344792.json,LumenLiquidity,0,1,0.624,Grimmsnarl
91345562,/Users/nickzwart/Desktop/8-8-2026/91345562.json,THIRD PTCG Club,0,1,0.5508,Dragapult
91345562,/Users/nickzwart/Desktop/8-8-2026/91345562.json,Dipam Chakraborty,1,0,0.6779,Dragapult
91346501,/Users/nickzwart/Desktop/8-8-2026/91346501.json,Dipam Chakraborty,1,1,0.6779,Hydrapple
91347408,/Users/nickzwart/Desktop/8-8-2026/91347408.json,Dipam Chakraborty,0,0,0.6779,M-Kangaskhan
91347363,/Users/nickzwart/Desktop/8-8-2026/91347363.json,haggle,0,0,0.528,M-Kangaskhan
91348349,/Users/nickzwart/Desktop/8-8-2026/91348349.json,Dipam Chakraborty,0,0,0.6779,M-Lucario
91349150,/Users/nickzwart/Desktop/8-8-2026/91349150.json,Dipam Chakraborty,1,1,0.6779,M-Lopunny
91350852,/Users/nickzwart/Desktop/8-8-2026/91350852.json,RtoABC,0,0,0.5244,M-Starmie
91350172,/Users/nickzwart/Desktop/8-8-2026/91350172.json,Dipam Chakraborty,0,0,0.6779,Garchomp
91351101,/Users/nickzwart/Desktop/8-8-2026/91351101.json,Dipam Chakraborty,0,1,0.6779,Grimmsnarl
91351866,/Users/nickzwart/Desktop/8-8-2026/91351866.json,LumenLiquidity,1,1,0.624,M-Lucario
91352114,/Users/nickzwart/Desktop/8-8-2026/91352114.json,Dipam Chakraborty,0,1,0.6779,M-Lopunny
91352933,/Users/nickzwart/Desktop/8-8-2026/91352933.json,Dipam Chakraborty,0,1,0.6779,Alakazam
91353835,/Users/nickzwart/Desktop/8-8-2026/91353835.json,Dipam Chakraborty,1,1,0.6779,M-Lopunny
91354767,/Users/nickzwart/Desktop/8-8-2026/91354767.json,Dipam Chakraborty,1,1,0.6779,Alakazam
91355665,/Users/nickzwart/Desktop/8-8-2026/91355665.json,Dipam Chakraborty,1,0,0.6779,M-Lopunny
91355688,/Users/nickzwart/Desktop/8-8-2026/91355688.json,Dipam Chakraborty,0,1,0.6779,Alakazam
91356280,/Users/nickzwart/Desktop/8-8-2026/91356280.json,Dipam Chakraborty,0,1,0.6779,Grimmsnarl
91356312,/Users/nickzwart/Desktop/8-8-2026/91356312.json,haggle,1,1,0.528,M-Lucario
91356516,/Users/nickzwart/Desktop/8-8-2026/91356516.json,Pokopia,1,1,0.5217,M-Lopunny
91356625,/Users/nickzwart/Desktop/8-8-2026/91356625.json,Dipam Chakraborty,0,1,0.6779,Dragapult
91356625,/Users/nickzwart/Desktop/8-8-2026/91356625.json,Pokopia,1,0,0.5217,Dragapult
91357201,/Users/nickzwart/Desktop/8-8-2026/91357201.json,haggle,0,1,0.528,other
91357500,/Users/nickzwart/Desktop/8-8-2026/91357500.json,Dipam Chakraborty,0,1,0.6779,Grimmsnarl
91357516,/Users/nickzwart/Desktop/8-8-2026/91357516.json,THIRD PTCG Club,0,1,0.5508,Ogerpon
91358399,/Users/nickzwart/Desktop/8-8-2026/91358399.json,THIRD PTCG Club,0,0,0.5508,Dragapult
91358399,/Users/nickzwart/Desktop/8-8-2026/91358399.json,Dipam Chakraborty,1,1,0.6779,Dragapult
91359087,/Users/nickzwart/Desktop/8-8-2026/91359087.json,Pokemon Siuuuu,0,1,0.5809,M-Kangaskhan
91359299,/Users/nickzwart/Desktop/8-8-2026/91359299.json,Dipam Chakraborty,1,1,0.6779,Alakazam
91360004,/Users/nickzwart/Desktop/8-8-2026/91360004.json,Dipam Chakraborty,1,1,0.6779,M-Lopunny
91361977,/Users/nickzwart/Desktop/8-8-2026/91361977.json,haggle,1,1,0.528,Grimmsnarl
91364694,/Users/nickzwart/Desktop/8-8-2026/91364694.json,haggle,0,1,0.528,Alakazam
91365372,/Users/nickzwart/Desktop/8-8-2026/91365372.json,e-toppo + kurupical,0,0,0.5909,M-Lucario
91366570,/Users/nickzwart/Desktop/8-8-2026/91366570.json,Pokemon Siuuuu,1,1,0.5809,Alakazam
91367382,/Users/nickzwart/Desktop/8-8-2026/91367382.json,Dipam Chakraborty,0,1,0.6779,Grimmsnarl
91368370,/Users/nickzwart/Desktop/8-8-2026/91368370.json,e-toppo + kurupical,0,1,0.5909,Grimmsnarl
91368977,/Users/nickzwart/Desktop/8-8-2026/91368977.json,Dipam Chakraborty,0,1,0.6779,Alakazam
91369023,/Users/nickzwart/Desktop/8-8-2026/91369023.json,Pokemon Siuuuu,0,0,0.5809,other
91372709,/Users/nickzwart/Desktop/8-8-2026/91372709.json,haggle,1,1,0.528,Alakazam
91371062,/Users/nickzwart/Desktop/8-8-2026/91371062.json,e-toppo + kurupical,0,0,0.5909,M-Kangaskhan
91378190,/Users/nickzwart/Desktop/8-8-2026/91378190.json,e-toppo + kurupical,0,0,0.5909,Ogerpon
91380748,/Users/nickzwart/Desktop/8-8-2026/91380748.json,Dipam Chakraborty,0,1,0.6779,Crustle
91380036,/Users/nickzwart/Desktop/8-8-2026/91380036.json,LumenLiquidity,1,0,0.624,Grimmsnarl
91381983,/Users/nickzwart/Desktop/8-8-2026/91381983.json,Dipam Chakraborty,1,1,0.6779,M-Kangaskhan
91383462,/Users/nickzwart/Desktop/8-8-2026/91383462.json,RtoABC,1,0,0.5244,M-Starmie
91382548,/Users/nickzwart/Desktop/8-8-2026/91382548.json,Dipam Chakraborty,1,1,0.6779,M-Kangaskhan
91385287,/Users/nickzwart/Desktop/8-8-2026/91385287.json,Dipam Chakraborty,1,1,0.6779,Alakazam
91383704,/Users/nickzwart/Desktop/8-8-2026/91383704.json,Dipam Chakraborty,1,1,0.6779,M-Lopunny
91384385,/Users/nickzwart/Desktop/8-8-2026/91384385.json,Dipam Chakraborty,1,0,0.6779,M-Lucario
91385625,/Users/nickzwart/Desktop/8-8-2026/91385625.json,LumenLiquidity,1,0,0.624,Garchomp
91386179,/Users/nickzwart/Desktop/8-8-2026/91386179.json,Dipam Chakraborty,0,1,0.6779,Alakazam
91387072,/Users/nickzwart/Desktop/8-8-2026/91387072.json,Dipam Chakraborty,0,0,0.6779,M-Lucario
91387996,/Users/nickzwart/Desktop/8-8-2026/91387996.json,Dipam Chakraborty,1,1,0.6779,Grimmsnarl
91388870,/Users/nickzwart/Desktop/8-8-2026/91388870.json,Dipam Chakraborty,1,1,0.6779,Grimmsnarl
91388891,/Users/nickzwart/Desktop/8-8-2026/91388891.json,Dipam Chakraborty,0,1,0.6779,Grimmsnarl
91388896,/Users/nickzwart/Desktop/8-8-2026/91388896.json,Pokopia,1,0,0.5217,Grimmsnarl
91388920,/Users/nickzwart/Desktop/8-8-2026/91388920.json,Pokemon Siuuuu,1,0,0.5809,M-Lucario
91388951,/Users/nickzwart/Desktop/8-8-2026/91388951.json,Pokemon Siuuuu,0,0,0.5809,M-Kangaskhan
91389809,/Users/nickzwart/Desktop/8-8-2026/91389809.json,Dipam Chakraborty,1,1,0.6779,M-Lucario
91389833,/Users/nickzwart/Desktop/8-8-2026/91389833.json,Pokemon Siuuuu,1,1,0.5809,Grimmsnarl
91389964,/Users/nickzwart/Desktop/8-8-2026/91389964.json,haggle,0,1,0.528,Grimmsnarl
91390719,/Users/nickzwart/Desktop/8-8-2026/91390719.json,Dipam Chakraborty,0,0,0.6779,Grimmsnarl
91392557,/Users/nickzwart/Desktop/8-8-2026/91392557.json,Dipam Chakraborty,0,0,0.6779,M-Kangaskhan
91391629,/Users/nickzwart/Desktop/8-8-2026/91391629.json,Dipam Chakraborty,0,0,0.6779,M-Lucario
91393466,/Users/nickzwart/Desktop/8-8-2026/91393466.json,Dipam Chakraborty,0,0,0.6779,Garchomp
91394284,/Users/nickzwart/Desktop/8-8-2026/91394284.json,youtube.com/@BigBugginnings,0,1,0.4559,M-Lucario
91394375,/Users/nickzwart/Desktop/8-8-2026/91394375.json,Dipam Chakraborty,0,0,0.6779,Grimmsnarl
91395302,/Users/nickzwart/Desktop/8-8-2026/91395302.json,Dipam Chakraborty,0,0,0.6779,Garchomp
91395493,/Users/nickzwart/Desktop/8-8-2026/91395493.json,Dipam Chakraborty,0,0,0.6779,M-Lopunny
91395199,/Users/nickzwart/Desktop/8-8-2026/91395199.json,youtube.com/@BigBugginnings,1,1,0.4559,Alakazam
91396113,/Users/nickzwart/Desktop/8-8-2026/91396113.json,youtube.com/@BigBugginnings,0,1,0.4559,Alakazam
91396192,/Users/nickzwart/Desktop/8-8-2026/91396192.json,youtube.com/@BigBugginnings,0,0,0.4559,Grimmsnarl
91397022,/Users/nickzwart/Desktop/8-8-2026/91397022.json,youtube.com/@BigBugginnings,0,0,0.4559,M-Starmie
91396357,/Users/nickzwart/Desktop/8-8-2026/91396357.json,youtube.com/@BigBugginnings,1,0,0.4559,M-Lucario
91396369,/Users/nickzwart/Desktop/8-8-2026/91396369.json,e-toppo + kurupical,1,1,0.5909,Ogerpon
91397272,/Users/nickzwart/Desktop/8-8-2026/91397272.json,THIRD PTCG Club,0,0,0.5508,M-Lopunny
91397340,/Users/nickzwart/Desktop/8-8-2026/91397340.json,Dipam Chakraborty,1,1,0.6779,Dudunsparce
91397356,/Users/nickzwart/Desktop/8-8-2026/91397356.json,Dipam Chakraborty,0,1,0.6779,M-Kangaskhan
91397953,/Users/nickzwart/Desktop/8-8-2026/91397953.json,youtube.com/@BigBugginnings,1,1,0.4559,Grimmsnarl
91399734,/Users/nickzwart/Desktop/8-8-2026/91399734.json,youtube.com/@BigBugginnings,0,1,0.4559,Grimmsnarl
91399811,/Users/nickzwart/Desktop/8-8-2026/91399811.json,Pokemon Siuuuu,0,0,0.5809,Grimmsnarl
91399825,/Users/nickzwart/Desktop/8-8-2026/91399825.json,Dipam Chakraborty,0,1,0.6779,Grimmsnarl
91398041,/Users/nickzwart/Desktop/8-8-2026/91398041.json,Dipam Chakraborty,0,1,0.6779,Grimmsnarl
91398845,/Users/nickzwart/Desktop/8-8-2026/91398845.json,e-toppo + kurupical,0,0,0.5909,Dragapult
91398845,/Users/nickzwart/Desktop/8-8-2026/91398845.json,youtube.com/@BigBugginnings,1,1,0.4559,Dragapult
91398937,/Users/nickzwart/Desktop/8-8-2026/91398937.json,Dipam Chakraborty,0,1,0.6779,M-Lucario
91400640,/Users/nickzwart/Desktop/8-8-2026/91400640.json,youtube.com/@BigBugginnings,1,0,0.4559,Grimmsnarl
91400725,/Users/nickzwart/Desktop/8-8-2026/91400725.json,youtube.com/@BigBugginnings,1,0,0.4559,M-Starmie
91400735,/Users/nickzwart/Desktop/8-8-2026/91400735.json,Dipam Chakraborty,0,0,0.6779,Ogerpon
91401551,/Users/nickzwart/Desktop/8-8-2026/91401551.json,youtube.com/@BigBugginnings,0,0,0.4559,Alakazam
91401639,/Users/nickzwart/Desktop/8-8-2026/91401639.json,Dipam Chakraborty,0,1,0.6779,Alakazam
91402535,/Users/nickzwart/Desktop/8-8-2026/91402535.json,Dipam Chakraborty,0,1,0.6779,Grimmsnarl
91402734,/Users/nickzwart/Desktop/8-8-2026/91402734.json,Dipam Chakraborty,1,1,0.6779,Alakazam
91402457,/Users/nickzwart/Desktop/8-8-2026/91402457.json,youtube.com/@BigBugginnings,1,1,0.4559,Grimmsnarl
91403355,/Users/nickzwart/Desktop/8-8-2026/91403355.json,youtube.com/@BigBugginnings,1,0,0.4559,M-Kangaskhan
91403436,/Users/nickzwart/Desktop/8-8-2026/91403436.json,Dipam Chakraborty,0,1,0.6779,M-Lucario
91403540,/Users/nickzwart/Desktop/8-8-2026/91403540.json,youtube.com/@BigBugginnings,1,0,0.4559,M-Lopunny
91404273,/Users/nickzwart/Desktop/8-8-2026/91404273.json,youtube.com/@BigBugginnings,0,0,0.4559,M-Lucario
91404327,/Users/nickzwart/Desktop/8-8-2026/91404327.json,e-toppo + kurupical,0,1,0.5909,Grimmsnarl
91404347,/Users/nickzwart/Desktop/8-8-2026/91404347.json,Dipam Chakraborty,0,1,0.6779,M-Kangaskhan
91405130,/Users/nickzwart/Desktop/8-8-2026/91405130.json,KawattaTaido,0,1,0.6757,Alakazam
91405181,/Users/nickzwart/Desktop/8-8-2026/91405181.json,youtube.com/@BigBugginnings,1,1,0.4559,Grimmsnarl
91405251,/Users/nickzwart/Desktop/8-8-2026/91405251.json,Dipam Chakraborty,1,0,0.6779,M-Kangaskhan
91405470,/Users/nickzwart/Desktop/8-8-2026/91405470.json,Dipam Chakraborty,1,0,0.6779,M-Kangaskhan
91406031,/Users/nickzwart/Desktop/8-8-2026/91406031.json,KawattaTaido,0,1,0.6757,Grimmsnarl
91406072,/Users/nickzwart/Desktop/8-8-2026/91406072.json,youtube.com/@BigBugginnings,0,1,0.4559,Dragapult
91406072,/Users/nickzwart/Desktop/8-8-2026/91406072.json,THIRD PTCG Club,1,0,0.5508,Dragapult
91406142,/Users/nickzwart/Desktop/8-8-2026/91406142.json,Dipam Chakraborty,0,1,0.6779,M-Starmie
91406272,/Users/nickzwart/Desktop/8-8-2026/91406272.json,THIRD PTCG Club,0,1,0.5508,M-Lopunny
91407860,/Users/nickzwart/Desktop/8-8-2026/91407860.json,KawattaTaido,0,0,0.6757,Alakazam
91406947,/Users/nickzwart/Desktop/8-8-2026/91406947.json,KawattaTaido,1,1,0.6757,Grimmsnarl
91406996,/Users/nickzwart/Desktop/8-8-2026/91406996.json,youtube.com/@BigBugginnings,0,0,0.4559,Grimmsnarl
91407074,/Users/nickzwart/Desktop/8-8-2026/91407074.json,Dipam Chakraborty,1,1,0.6779,Grimmsnarl
91408815,/Users/nickzwart/Desktop/8-8-2026/91408815.json,youtube.com/@BigBugginnings,1,0,0.4559,Alakazam
91407923,/Users/nickzwart/Desktop/8-8-2026/91407923.json,THIRD PTCG Club,0,0,0.5508,Grimmsnarl
91407983,/Users/nickzwart/Desktop/8-8-2026/91407983.json,Dipam Chakraborty,1,0,0.6779,M-Kangaskhan
91408048,/Users/nickzwart/Desktop/8-8-2026/91408048.json,LumenLiquidity,0,1,0.624,M-Kangaskhan
91409711,/Users/nickzwart/Desktop/8-8-2026/91409711.json,LumenLiquidity,0,0,0.624,Alakazam
91408892,/Users/nickzwart/Desktop/8-8-2026/91408892.json,Dipam Chakraborty,0,1,0.6779,Alakazam
91408957,/Users/nickzwart/Desktop/8-8-2026/91408957.json,LumenLiquidity,0,1,0.624,Alakazam
91409791,/Users/nickzwart/Desktop/8-8-2026/91409791.json,Dipam Chakraborty,1,1,0.6779,Grimmsnarl
91409890,/Users/nickzwart/Desktop/8-8-2026/91409890.json,THIRD PTCG Club,0,0,0.5508,Dragapult
91409890,/Users/nickzwart/Desktop/8-8-2026/91409890.json,Dipam Chakraborty,1,1,0.6779,Dragapult
91410705,/Users/nickzwart/Desktop/8-8-2026/91410705.json,Dipam Chakraborty,1,1,0.6779,M-Lopunny
91411543,/Users/nickzwart/Desktop/8-8-2026/91411543.json,youtube.com/@BigBugginnings,0,1,0.4559,Grimmsnarl
91411619,/Users/nickzwart/Desktop/8-8-2026/91411619.json,Dipam Chakraborty,0,0,0.6779,Garchomp
91412471,/Users/nickzwart/Desktop/8-8-2026/91412471.json,youtube.com/@BigBugginnings,1,0,0.4559,Grimmsnarl
91412672,/Users/nickzwart/Desktop/8-8-2026/91412672.json,Dipam Chakraborty,0,0,0.6779,M-Kangaskhan
91412541,/Users/nickzwart/Desktop/8-8-2026/91412541.json,Dipam Chakraborty,0,1,0.6779,Garchomp
91413448,/Users/nickzwart/Desktop/8-8-2026/91413448.json,Dipam Chakraborty,0,1,0.6779,Alakazam
91414300,/Users/nickzwart/Desktop/8-8-2026/91414300.json,youtube.com/@BigBugginnings,0,1,0.4559,Alakazam
91414359,/Users/nickzwart/Desktop/8-8-2026/91414359.json,Dipam Chakraborty,0,1,0.6779,M-Kangaskhan
91415061,/Users/nickzwart/Desktop/8-8-2026/91415061.json,Pokopia,0,1,0.5217,Grimmsnarl
91415268,/Users/nickzwart/Desktop/8-8-2026/91415268.json,Dipam Chakraborty,0,1,0.6779,M-Lopunny
91415282,/Users/nickzwart/Desktop/8-8-2026/91415282.json,haggle,1,1,0.528,Grimmsnarl
91416097,/Users/nickzwart/Desktop/8-8-2026/91416097.json,youtube.com/@BigBugginnings,0,0,0.4559,M-Kangaskhan
91415972,/Users/nickzwart/Desktop/8-8-2026/91415972.json,Pokemon Siuuuu,0,1,0.5809,Grimmsnarl
91417051,/Users/nickzwart/Desktop/8-8-2026/91417051.json,Dipam Chakraborty,1,0,0.6779,Grimmsnarl
91416166,/Users/nickzwart/Desktop/8-8-2026/91416166.json,e-toppo + kurupical,0,1,0.5909,Grimmsnarl
91416264,/Users/nickzwart/Desktop/8-8-2026/91416264.json,THIRD PTCG Club,1,0,0.5508,M-Lucario
91417016,/Users/nickzwart/Desktop/8-8-2026/91417016.json,haggle,1,1,0.528,Ogerpon
91417915,/Users/nickzwart/Desktop/8-8-2026/91417915.json,e-toppo + kurupical,1,1,0.5909,M-Kangaskhan
91417928,/Users/nickzwart/Desktop/8-8-2026/91417928.json,Dipam Chakraborty,1,1,0.6779,Hydrapple
91419690,/Users/nickzwart/Desktop/8-8-2026/91419690.json,youtube.com/@BigBugginnings,0,1,0.4559,Alakazam
91419735,/Users/nickzwart/Desktop/8-8-2026/91419735.json,Dipam Chakraborty,1,1,0.6779,M-Lucario
91418841,/Users/nickzwart/Desktop/8-8-2026/91418841.json,Dipam Chakraborty,0,1,0.6779,M-Starmie
91417953,/Users/nickzwart/Desktop/8-8-2026/91417953.json,THIRD PTCG Club,1,0,0.5508,Grimmsnarl
91418034,/Users/nickzwart/Desktop/8-8-2026/91418034.json,Dipam Chakraborty,0,1,0.6779,M-Kangaskhan
91418803,/Users/nickzwart/Desktop/8-8-2026/91418803.json,youtube.com/@BigBugginnings,1,1,0.4559,Ogerpon
91420637,/Users/nickzwart/Desktop/8-8-2026/91420637.json,Dipam Chakraborty,1,0,0.6779,M-Lucario
91421668,/Users/nickzwart/Desktop/8-8-2026/91421668.json,Dipam Chakraborty,0,0,0.6779,Dragapult
91421668,/Users/nickzwart/Desktop/8-8-2026/91421668.json,Pokemon Siuuuu,1,1,0.5809,Dragapult
91422385,/Users/nickzwart/Desktop/8-8-2026/91422385.json,Dipam Chakraborty,1,1,0.6779,M-Kangaskhan
91424116,/Users/nickzwart/Desktop/8-8-2026/91424116.json,Pokemon Siuuuu,0,1,0.5809,Grimmsnarl
91423318,/Users/nickzwart/Desktop/8-8-2026/91423318.json,youtube.com/@BigBugginnings,0,1,0.4559,Alakazam
91424335,/Users/nickzwart/Desktop/8-8-2026/91424335.json,Dipam Chakraborty,0,0,0.6779,Dragapult
91424335,/Users/nickzwart/Desktop/8-8-2026/91424335.json,e-toppo + kurupical,1,1,0.5909,Dragapult
91425039,/Users/nickzwart/Desktop/8-8-2026/91425039.json,Dipam Chakraborty,1,1,0.6779,M-Lopunny
91425103,/Users/nickzwart/Desktop/8-8-2026/91425103.json,youtube.com/@BigBugginnings,0,1,0.4559,Grimmsnarl
91426855,/Users/nickzwart/Desktop/8-8-2026/91426855.json,RtoABC,0,1,0.5244,Grimmsnarl
91426911,/Users/nickzwart/Desktop/8-8-2026/91426911.json,youtube.com/@BigBugginnings,0,0,0.4559,Alakazam
91426010,/Users/nickzwart/Desktop/8-8-2026/91426010.json,youtube.com/@BigBugginnings,0,1,0.4559,Grimmsnarl
91427821,/Users/nickzwart/Desktop/8-8-2026/91427821.json,youtube.com/@BigBugginnings,0,0,0.4559,Alakazam
91427878,/Users/nickzwart/Desktop/8-8-2026/91427878.json,LumenLiquidity,1,1,0.624,Grimmsnarl
91428667,/Users/nickzwart/Desktop/8-8-2026/91428667.json,RtoABC,0,1,0.5244,Grimmsnarl
91428729,/Users/nickzwart/Desktop/8-8-2026/91428729.json,youtube.com/@BigBugginnings,1,1,0.4559,Grimmsnarl
91428854,/Users/nickzwart/Desktop/8-8-2026/91428854.json,Dipam Chakraborty,0,1,0.6779,M-Starmie
91429737,/Users/nickzwart/Desktop/8-8-2026/91429737.json,Dipam Chakraborty,0,1,0.6779,M-Starmie
91429567,/Users/nickzwart/Desktop/8-8-2026/91429567.json,LumenLiquidity,0,0,0.624,M-Lopunny
91429622,/Users/nickzwart/Desktop/8-8-2026/91429622.json,youtube.com/@BigBugginnings,0,0,0.4559,Grimmsnarl
91430558,/Users/nickzwart/Desktop/8-8-2026/91430558.json,Pokemon Siuuuu,0,0,0.5809,Garchomp
91431349,/Users/nickzwart/Desktop/8-8-2026/91431349.json,LumenLiquidity,0,1,0.624,Grimmsnarl
91431459,/Users/nickzwart/Desktop/8-8-2026/91431459.json,youtube.com/@BigBugginnings,0,1,0.4559,Crustle
91432439,/Users/nickzwart/Desktop/8-8-2026/91432439.json,Dipam Chakraborty,0,0,0.6779,Grimmsnarl
91432514,/Users/nickzwart/Desktop/8-8-2026/91432514.json,Dipam Chakraborty,0,1,0.6779,M-Lopunny
91433409,/Users/nickzwart/Desktop/8-8-2026/91433409.json,haggle,1,1,0.528,M-Lopunny
91435122,/Users/nickzwart/Desktop/8-8-2026/91435122.json,Pokemon Siuuuu,1,0,0.5809,M-Kangaskhan
91434257,/Users/nickzwart/Desktop/8-8-2026/91434257.json,haggle,1,1,0.528,Grimmsnarl
91435888,/Users/nickzwart/Desktop/8-8-2026/91435888.json,RtoABC,1,1,0.5244,Alakazam
91436009,/Users/nickzwart/Desktop/8-8-2026/91436009.json,RtoABC,1,1,0.5244,Alakazam
91436027,/Users/nickzwart/Desktop/8-8-2026/91436027.json,LumenLiquidity,1,0,0.624,M-Lopunny
91436058,/Users/nickzwart/Desktop/8-8-2026/91436058.json,Dipam Chakraborty,0,0,0.6779,M-Kangaskhan
91436659,/Users/nickzwart/Desktop/8-8-2026/91436659.json,youtube.com/@BigBugginnings,1,0,0.4559,Grimmsnarl
91437572,/Users/nickzwart/Desktop/8-8-2026/91437572.json,Dipam Chakraborty,1,1,0.6779,M-Lucario
91438494,/Users/nickzwart/Desktop/8-8-2026/91438494.json,KawattaTaido,1,0,0.6757,M-Kangaskhan
91438620,/Users/nickzwart/Desktop/8-8-2026/91438620.json,haggle,0,1,0.528,M-Lopunny
91438622,/Users/nickzwart/Desktop/8-8-2026/91438622.json,RtoABC,0,0,0.5244,Grimmsnarl
91438793,/Users/nickzwart/Desktop/8-8-2026/91438793.json,Dipam Chakraborty,0,1,0.6779,M-Kangaskhan
91439539,/Users/nickzwart/Desktop/8-8-2026/91439539.json,RtoABC,0,1,0.5244,Grimmsnarl
91440612,/Users/nickzwart/Desktop/8-8-2026/91440612.json,Dipam Chakraborty,1,0,0.6779,Ogerpon
91441223,/Users/nickzwart/Desktop/8-8-2026/91441223.json,KawattaTaido,0,1,0.6757,Hydrapple
91441347,/Users/nickzwart/Desktop/8-8-2026/91441347.json,RtoABC,1,1,0.5244,Grimmsnarl
91442111,/Users/nickzwart/Desktop/8-8-2026/91442111.json,KawattaTaido,1,1,0.6757,Alakazam
91442248,/Users/nickzwart/Desktop/8-8-2026/91442248.json,youtube.com/@BigBugginnings,1,0,0.4559,Dudunsparce
91443022,/Users/nickzwart/Desktop/8-8-2026/91443022.json,KawattaTaido,1,0,0.6757,Grimmsnarl
91443246,/Users/nickzwart/Desktop/8-8-2026/91443246.json,Dipam Chakraborty,0,1,0.6779,Grimmsnarl
91443295,/Users/nickzwart/Desktop/8-8-2026/91443295.json,Dipam Chakraborty,0,0,0.6779,Grimmsnarl
91444252,/Users/nickzwart/Desktop/8-8-2026/91444252.json,e-toppo + kurupical,1,1,0.5909,Hydrapple
91444018,/Users/nickzwart/Desktop/8-8-2026/91444018.json,youtube.com/@BigBugginnings,0,1,0.4559,Grimmsnarl
91444142,/Users/nickzwart/Desktop/8-8-2026/91444142.json,THIRD PTCG Club,1,0,0.5508,Alakazam
91445681,/Users/nickzwart/Desktop/8-8-2026/91445681.json,haggle,1,0,0.528,M-Kangaskhan
91445785,/Users/nickzwart/Desktop/8-8-2026/91445785.json,KawattaTaido,1,1,0.6757,Grimmsnarl
91445950,/Users/nickzwart/Desktop/8-8-2026/91445950.json,Dipam Chakraborty,0,0,0.6779,M-Kangaskhan
91446610,/Users/nickzwart/Desktop/8-8-2026/91446610.json,haggle,1,1,0.528,Alakazam
91446874,/Users/nickzwart/Desktop/8-8-2026/91446874.json,THIRD PTCG Club,1,1,0.5508,M-Lucario
91447471,/Users/nickzwart/Desktop/8-8-2026/91447471.json,youtube.com/@BigBugginnings,1,0,0.4559,M-Lopunny
91447536,/Users/nickzwart/Desktop/8-8-2026/91447536.json,KawattaTaido,0,1,0.6757,Grimmsnarl
91447731,/Users/nickzwart/Desktop/8-8-2026/91447731.json,THIRD PTCG Club,1,0,0.5508,Alakazam
91447733,/Users/nickzwart/Desktop/8-8-2026/91447733.json,haggle,0,0,0.528,M-Kangaskhan
91448447,/Users/nickzwart/Desktop/8-8-2026/91448447.json,KawattaTaido,0,1,0.6757,Garchomp
91449320,/Users/nickzwart/Desktop/8-8-2026/91449320.json,haggle,1,1,0.528,Hydrapple
91449490,/Users/nickzwart/Desktop/8-8-2026/91449490.json,Kh0a,0,1,0.6116,Grimmsnarl
91449524,/Users/nickzwart/Desktop/8-8-2026/91449524.json,youtube.com/@BigBugginnings,1,0,0.4559,Grimmsnarl
91450188,/Users/nickzwart/Desktop/8-8-2026/91450188.json,haggle,1,1,0.528,M-Kangaskhan
91450250,/Users/nickzwart/Desktop/8-8-2026/91450250.json,KawattaTaido,1,1,0.6757,Grimmsnarl
91450411,/Users/nickzwart/Desktop/8-8-2026/91450411.json,Dipam Chakraborty,0,0,0.6779,Grimmsnarl
91451200,/Users/nickzwart/Desktop/8-8-2026/91451200.json,KawattaTaido,0,1,0.6757,M-Lopunny
91452078,/Users/nickzwart/Desktop/8-8-2026/91452078.json,KawattaTaido,1,1,0.6757,Ogerpon
91452973,/Users/nickzwart/Desktop/8-8-2026/91452973.json,KawattaTaido,0,1,0.6757,M-Lucario
91451444,/Users/nickzwart/Desktop/8-8-2026/91451444.json,e-toppo + kurupical,1,0,0.5909,Grimmsnarl
91452010,/Users/nickzwart/Desktop/8-8-2026/91452010.json,yaki-imo,0,0,0.5,M-Kangaskhan
91454907,/Users/nickzwart/Desktop/8-8-2026/91454907.json,Pokemon Siuuuu,0,1,0.5809,Alakazam
91454943,/Users/nickzwart/Desktop/8-8-2026/91454943.json,Pokemon Siuuuu,0,0,0.5809,Alakazam
91454948,/Users/nickzwart/Desktop/8-8-2026/91454948.json,Dipam Chakraborty,0,1,0.6779,M-Lucario
91455734,/Users/nickzwart/Desktop/8-8-2026/91455734.json,KawattaTaido,1,1,0.6757,Grimmsnarl
91454750,/Users/nickzwart/Desktop/8-8-2026/91454750.json,youtube.com/@BigBugginnings,1,0,0.4559,M-Kangaskhan
91454767,/Users/nickzwart/Desktop/8-8-2026/91454767.json,KawattaTaido,1,0,0.6757,Alakazam
91456616,/Users/nickzwart/Desktop/8-8-2026/91456616.json,KawattaTaido,1,1,0.6757,Grimmsnarl
91456657,/Users/nickzwart/Desktop/8-8-2026/91456657.json,haggle,1,1,0.528,Grimmsnarl
91457514,/Users/nickzwart/Desktop/8-8-2026/91457514.json,KawattaTaido,1,0,0.6757,Grimmsnarl
91458616,/Users/nickzwart/Desktop/8-8-2026/91458616.json,e-toppo + kurupical,0,1,0.5909,Grimmsnarl
91458416,/Users/nickzwart/Desktop/8-8-2026/91458416.json,KawattaTaido,1,1,0.6757,other
91458577,/Users/nickzwart/Desktop/8-8-2026/91458577.json,Dipam Chakraborty,0,1,0.6779,Grimmsnarl
91459338,/Users/nickzwart/Desktop/8-8-2026/91459338.json,KawattaTaido,1,0,0.6757,M-Kangaskhan
91460225,/Users/nickzwart/Desktop/8-8-2026/91460225.json,KawattaTaido,1,1,0.6757,Grimmsnarl
91461030,/Users/nickzwart/Desktop/8-8-2026/91461030.json,e-toppo + kurupical,1,0,0.5909,Ogerpon
91461137,/Users/nickzwart/Desktop/8-8-2026/91461137.json,KawattaTaido,0,1,0.6757,other
91463007,/Users/nickzwart/Desktop/8-8-2026/91463007.json,KawattaTaido,1,1,0.6757,Grimmsnarl
91463061,/Users/nickzwart/Desktop/8-8-2026/91463061.json,THIRD PTCG Club,1,0,0.5508,Alakazam
91461277,/Users/nickzwart/Desktop/8-8-2026/91461277.json,Dipam Chakraborty,1,0,0.6779,Grimmsnarl
91461967,/Users/nickzwart/Desktop/8-8-2026/91461967.json,Pokemon Siuuuu,1,0,0.5809,M-Lopunny
91462009,/Users/nickzwart/Desktop/8-8-2026/91462009.json,e-toppo + kurupical,0,0,0.5909,Grimmsnarl
91462045,/Users/nickzwart/Desktop/8-8-2026/91462045.json,Pokemon Siuuuu,0,1,0.5809,Dragapult
91462045,/Users/nickzwart/Desktop/8-8-2026/91462045.json,KawattaTaido,1,0,0.6757,Dragapult
91464669,/Users/nickzwart/Desktop/8-8-2026/91464669.json,Pokemon Siuuuu,1,1,0.5809,Ogerpon
91463867,/Users/nickzwart/Desktop/8-8-2026/91463867.json,KawattaTaido,1,1,0.6757,Grimmsnarl
91464779,/Users/nickzwart/Desktop/8-8-2026/91464779.json,KawattaTaido,0,1,0.6757,Grimmsnarl
91464968,/Users/nickzwart/Desktop/8-8-2026/91464968.json,haggle,1,0,0.528,M-Lopunny
91465663,/Users/nickzwart/Desktop/8-8-2026/91465663.json,KawattaTaido,0,1,0.6757,Alakazam
91466587,/Users/nickzwart/Desktop/8-8-2026/91466587.json,KawattaTaido,1,0,0.6757,M-Lopunny
91466741,/Users/nickzwart/Desktop/8-8-2026/91466741.json,Dipam Chakraborty,1,1,0.6779,Garchomp
91466761,/Users/nickzwart/Desktop/8-8-2026/91466761.json,e-toppo + kurupical,1,1,0.5909,M-Starmie
91467423,/Users/nickzwart/Desktop/8-8-2026/91467423.json,e-toppo + kurupical,1,0,0.5909,M-Lopunny
91467470,/Users/nickzwart/Desktop/8-8-2026/91467470.json,haggle,1,0,0.528,Crustle
91467499,/Users/nickzwart/Desktop/8-8-2026/91467499.json,KawattaTaido,0,0,0.6757,Crustle
91468458,/Users/nickzwart/Desktop/8-8-2026/91468458.json,Dipam Chakraborty,1,0,0.6779,M-Kangaskhan
91468476,/Users/nickzwart/Desktop/8-8-2026/91468476.json,KawattaTaido,0,1,0.6757,Alakazam
91469298,/Users/nickzwart/Desktop/8-8-2026/91469298.json,KawattaTaido,0,1,0.6757,Grimmsnarl
91470241,/Users/nickzwart/Desktop/8-8-2026/91470241.json,KawattaTaido,0,0,0.6757,Grimmsnarl
91469484,/Users/nickzwart/Desktop/8-8-2026/91469484.json,Kh0a,1,0,0.6116,M-Lopunny
91470126,/Users/nickzwart/Desktop/8-8-2026/91470126.json,Pokemon Siuuuu,1,0,0.5809,Ogerpon
91471134,/Users/nickzwart/Desktop/8-8-2026/91471134.json,宝糕手,1,0,0.48,Crustle
91471159,/Users/nickzwart/Desktop/8-8-2026/91471159.json,KawattaTaido,0,1,0.6757,Grimmsnarl
91471259,/Users/nickzwart/Desktop/8-8-2026/91471259.json,Pokemon Siuuuu,1,0,0.5809,M-Kangaskhan
91472070,/Users/nickzwart/Desktop/8-8-2026/91472070.json,KawattaTaido,0,1,0.6757,Grimmsnarl
91473865,/Users/nickzwart/Desktop/8-8-2026/91473865.json,THIRD PTCG Club,0,1,0.5508,Alakazam
91473889,/Users/nickzwart/Desktop/8-8-2026/91473889.json,KawattaTaido,1,0,0.6757,Alakazam
91474779,/Users/nickzwart/Desktop/8-8-2026/91474779.json,THIRD PTCG Club,1,0,0.5508,Alakazam
91474801,/Users/nickzwart/Desktop/8-8-2026/91474801.json,KawattaTaido,1,0,0.6757,Grimmsnarl
90849005,/Users/nickzwart/Desktop/9-8-2026/90849005.json,Petit Canard,1,0,0.5294,Grimmsnarl
90849035,/Users/nickzwart/Desktop/9-8-2026/90849035.json,Petit Canard,1,1,0.5294,M-Kangaskhan
90850459,/Users/nickzwart/Desktop/9-8-2026/90850459.json,KatR,1,0,0.1667,Alakazam
90850764,/Users/nickzwart/Desktop/9-8-2026/90850764.json,Petit Canard,0,1,0.5294,Ogerpon
90851660,/Users/nickzwart/Desktop/9-8-2026/90851660.json,Pokemon Siuuuu,1,0,0.5809,Ogerpon
90851446,/Users/nickzwart/Desktop/9-8-2026/90851446.json,szlachetny snieg,0,1,0.4615,Grimmsnarl
90851565,/Users/nickzwart/Desktop/9-8-2026/90851565.json,Pokemon Siuuuu,1,0,0.5809,Alakazam
90852276,/Users/nickzwart/Desktop/9-8-2026/90852276.json,szlachetny snieg,1,1,0.4615,M-Kangaskhan
90852464,/Users/nickzwart/Desktop/9-8-2026/90852464.json,Pokemon Siuuuu,1,0,0.5809,Alakazam
90853016,/Users/nickzwart/Desktop/9-8-2026/90853016.json,Kh0a,1,0,0.6116,Grimmsnarl
90853119,/Users/nickzwart/Desktop/9-8-2026/90853119.json,szlachetny snieg,0,0,0.4615,Grimmsnarl
90853853,/Users/nickzwart/Desktop/9-8-2026/90853853.json,RtoABC,1,1,0.5244,Grimmsnarl
90853903,/Users/nickzwart/Desktop/9-8-2026/90853903.json,Ars Noveau,1,1,0.6667,Alakazam
90853974,/Users/nickzwart/Desktop/9-8-2026/90853974.json,youtube.com/@BigBugginnings,0,1,0.4559,M-Kangaskhan
90854162,/Users/nickzwart/Desktop/9-8-2026/90854162.json,LumenLiquidity,1,0,0.624,Grimmsnarl
90854819,/Users/nickzwart/Desktop/9-8-2026/90854819.json,szlachetny snieg,0,1,0.4615,Crustle
90854822,/Users/nickzwart/Desktop/9-8-2026/90854822.json,youtube.com/@BigBugginnings,0,0,0.4559,Grimmsnarl
90855660,/Users/nickzwart/Desktop/9-8-2026/90855660.json,szlachetny snieg,0,0,0.4615,Grimmsnarl
90855837,/Users/nickzwart/Desktop/9-8-2026/90855837.json,Kh0a,0,0,0.6116,Dragapult
90855837,/Users/nickzwart/Desktop/9-8-2026/90855837.json,LumenLiquidity,1,1,0.624,Dragapult
90857212,/Users/nickzwart/Desktop/9-8-2026/90857212.json,Pokemon Siuuuu,1,1,0.5809,Alakazam
90857258,/Users/nickzwart/Desktop/9-8-2026/90857258.json,LumenLiquidity,0,1,0.624,Grimmsnarl
90858055,/Users/nickzwart/Desktop/9-8-2026/90858055.json,LumenLiquidity,1,0,0.624,Grimmsnarl
90858214,/Users/nickzwart/Desktop/9-8-2026/90858214.json,szlachetny snieg,0,1,0.4615,M-Lopunny
90858232,/Users/nickzwart/Desktop/9-8-2026/90858232.json,youtube.com/@BigBugginnings,1,0,0.4559,Alakazam
90858246,/Users/nickzwart/Desktop/9-8-2026/90858246.json,Pokemon Siuuuu,1,1,0.5809,Alakazam
90859754,/Users/nickzwart/Desktop/9-8-2026/90859754.json,szlachetny snieg,0,0,0.4615,Grimmsnarl
90859904,/Users/nickzwart/Desktop/9-8-2026/90859904.json,szlachetny snieg,0,1,0.4615,Grimmsnarl
90859930,/Users/nickzwart/Desktop/9-8-2026/90859930.json,youtube.com/@BigBugginnings,0,0,0.4559,Dragapult
90859930,/Users/nickzwart/Desktop/9-8-2026/90859930.json,Kh0a,1,1,0.6116,Dragapult
90860766,/Users/nickzwart/Desktop/9-8-2026/90860766.json,szlachetny snieg,0,0,0.4615,Alakazam
90861534,/Users/nickzwart/Desktop/9-8-2026/90861534.json,szlachetny snieg,0,1,0.4615,other
90862494,/Users/nickzwart/Desktop/9-8-2026/90862494.json,szlachetny snieg,1,1,0.4615,M-Kangaskhan
90863174,/Users/nickzwart/Desktop/9-8-2026/90863174.json,Pokemon Siuuuu,1,1,0.5809,Grimmsnarl
90863311,/Users/nickzwart/Desktop/9-8-2026/90863311.json,szlachetny snieg,0,0,0.4615,Grimmsnarl
90864038,/Users/nickzwart/Desktop/9-8-2026/90864038.json,LumenLiquidity,1,1,0.624,Grimmsnarl
90864185,/Users/nickzwart/Desktop/9-8-2026/90864185.json,szlachetny snieg,0,1,0.4615,Dragapult
90864185,/Users/nickzwart/Desktop/9-8-2026/90864185.json,Kh0a,1,0,0.6116,Dragapult
90865039,/Users/nickzwart/Desktop/9-8-2026/90865039.json,szlachetny snieg,0,1,0.4615,M-Kangaskhan
90865091,/Users/nickzwart/Desktop/9-8-2026/90865091.json,youtube.com/@BigBugginnings,1,1,0.4559,Grimmsnarl
90865160,/Users/nickzwart/Desktop/9-8-2026/90865160.json,e-toppo + kurupical,0,0,0.5909,M-Lopunny
90865900,/Users/nickzwart/Desktop/9-8-2026/90865900.json,szlachetny snieg,0,1,0.4615,Ogerpon
90865953,/Users/nickzwart/Desktop/9-8-2026/90865953.json,youtube.com/@BigBugginnings,1,0,0.4559,Grimmsnarl
90866797,/Users/nickzwart/Desktop/9-8-2026/90866797.json,youtube.com/@BigBugginnings,1,0,0.4559,Grimmsnarl
90867486,/Users/nickzwart/Desktop/9-8-2026/90867486.json,szlachetny snieg,1,0,0.4615,Grimmsnarl
90867676,/Users/nickzwart/Desktop/9-8-2026/90867676.json,youtube.com/@BigBugginnings,0,0,0.4559,Ogerpon
90868433,/Users/nickzwart/Desktop/9-8-2026/90868433.json,Budew,1,0,0.3636,Grimmsnarl
90868473,/Users/nickzwart/Desktop/9-8-2026/90868473.json,szlachetny snieg,0,0,0.4615,Grimmsnarl
90870092,/Users/nickzwart/Desktop/9-8-2026/90870092.json,szlachetny snieg,0,0,0.4615,M-Lopunny
90870923,/Users/nickzwart/Desktop/9-8-2026/90870923.json,Petit Canard,1,0,0.5294,Grimmsnarl
90870200,/Users/nickzwart/Desktop/9-8-2026/90870200.json,szlachetny snieg,0,0,0.4615,Alakazam
90871033,/Users/nickzwart/Desktop/9-8-2026/90871033.json,e-toppo + kurupical,1,1,0.5909,Alakazam
90871065,/Users/nickzwart/Desktop/9-8-2026/90871065.json,szlachetny snieg,1,1,0.4615,Grimmsnarl
90872763,/Users/nickzwart/Desktop/9-8-2026/90872763.json,Ars Noveau,1,1,0.6667,M-Lopunny
90872766,/Users/nickzwart/Desktop/9-8-2026/90872766.json,szlachetny snieg,0,1,0.4615,Grimmsnarl
90872622,/Users/nickzwart/Desktop/9-8-2026/90872622.json,Kh0a,1,1,0.6116,Grimmsnarl
90871881,/Users/nickzwart/Desktop/9-8-2026/90871881.json,szlachetny snieg,1,1,0.4615,Grimmsnarl
90873451,/Users/nickzwart/Desktop/9-8-2026/90873451.json,RtoABC,1,1,0.5244,M-Lopunny
90874468,/Users/nickzwart/Desktop/9-8-2026/90874468.json,szlachetny snieg,0,1,0.4615,Alakazam
90876010,/Users/nickzwart/Desktop/9-8-2026/90876010.json,e-toppo + kurupical,1,1,0.5909,M-Lopunny
90878391,/Users/nickzwart/Desktop/9-8-2026/90878391.json,e-toppo + kurupical,0,0,0.5909,Grimmsnarl
90879346,/Users/nickzwart/Desktop/9-8-2026/90879346.json,Ars Noveau,1,0,0.6667,M-Lopunny
90879464,/Users/nickzwart/Desktop/9-8-2026/90879464.json,Pokopia,0,0,0.5217,Alakazam
90881012,/Users/nickzwart/Desktop/9-8-2026/90881012.json,cyrus,1,0,0.4286,Garchomp
90881081,/Users/nickzwart/Desktop/9-8-2026/90881081.json,Pokemon Siuuuu,1,1,0.5809,Grimmsnarl
90881107,/Users/nickzwart/Desktop/9-8-2026/90881107.json,szlachetny snieg,0,0,0.4615,Grimmsnarl
90881746,/Users/nickzwart/Desktop/9-8-2026/90881746.json,szlachetny snieg,0,1,0.4615,Grimmsnarl
90881921,/Users/nickzwart/Desktop/9-8-2026/90881921.json,Pokemon Siuuuu,0,1,0.5809,Alakazam
90883465,/Users/nickzwart/Desktop/9-8-2026/90883465.json,LumenLiquidity,0,1,0.624,Alakazam
90882750,/Users/nickzwart/Desktop/9-8-2026/90882750.json,Kh0a,1,1,0.6116,M-Lopunny
90884487,/Users/nickzwart/Desktop/9-8-2026/90884487.json,e-toppo + kurupical,1,1,0.5909,Grimmsnarl
90884280,/Users/nickzwart/Desktop/9-8-2026/90884280.json,Pokopia,1,0,0.5217,Grimmsnarl
90884333,/Users/nickzwart/Desktop/9-8-2026/90884333.json,Kh0a,0,1,0.6116,Alakazam
90885166,/Users/nickzwart/Desktop/9-8-2026/90885166.json,Pokopia,0,0,0.5217,Alakazam
90885960,/Users/nickzwart/Desktop/9-8-2026/90885960.json,Petit Canard,1,0,0.5294,Alakazam
90887789,/Users/nickzwart/Desktop/9-8-2026/90887789.json,Kh0a,0,0,0.6116,M-Lopunny
90890120,/Users/nickzwart/Desktop/9-8-2026/90890120.json,e-toppo + kurupical,1,0,0.5909,Grimmsnarl
90888556,/Users/nickzwart/Desktop/9-8-2026/90888556.json,Ars Noveau,0,0,0.6667,Alakazam
90889350,/Users/nickzwart/Desktop/9-8-2026/90889350.json,Pokemon Siuuuu,0,1,0.5809,Alakazam
90890319,/Users/nickzwart/Desktop/9-8-2026/90890319.json,Pokemon Siuuuu,0,0,0.5809,M-Lopunny
90890427,/Users/nickzwart/Desktop/9-8-2026/90890427.json,Pokemon Siuuuu,1,1,0.5809,M-Kangaskhan
90891030,/Users/nickzwart/Desktop/9-8-2026/90891030.json,Petit Canard,1,0,0.5294,Alakazam
90892588,/Users/nickzwart/Desktop/9-8-2026/90892588.json,Kh0a,0,0,0.6116,M-Kangaskhan
90892904,/Users/nickzwart/Desktop/9-8-2026/90892904.json,szlachetny snieg,1,0,0.4615,Alakazam
90895103,/Users/nickzwart/Desktop/9-8-2026/90895103.json,Kh0a,1,0,0.6116,M-Kangaskhan
90896790,/Users/nickzwart/Desktop/9-8-2026/90896790.json,Kh0a,0,1,0.6116,Grimmsnarl
90896808,/Users/nickzwart/Desktop/9-8-2026/90896808.json,Kh0a,0,0,0.6116,M-Lucario
90896892,/Users/nickzwart/Desktop/9-8-2026/90896892.json,Kh0a,0,1,0.6116,Grimmsnarl
90897612,/Users/nickzwart/Desktop/9-8-2026/90897612.json,Kh0a,0,1,0.6116,Garchomp
90898615,/Users/nickzwart/Desktop/9-8-2026/90898615.json,LumenLiquidity,1,0,0.624,Alakazam
90898429,/Users/nickzwart/Desktop/9-8-2026/90898429.json,Kh0a,1,0,0.6116,Grimmsnarl
90898434,/Users/nickzwart/Desktop/9-8-2026/90898434.json,Kh0a,1,0,0.6116,Dudunsparce
90899270,/Users/nickzwart/Desktop/9-8-2026/90899270.json,Kh0a,1,1,0.6116,Alakazam
90899281,/Users/nickzwart/Desktop/9-8-2026/90899281.json,Kh0a,1,1,0.6116,Alakazam
90900137,/Users/nickzwart/Desktop/9-8-2026/90900137.json,Kh0a,0,1,0.6116,Alakazam
90901011,/Users/nickzwart/Desktop/9-8-2026/90901011.json,Kh0a,1,1,0.6116,M-Lopunny
90900120,/Users/nickzwart/Desktop/9-8-2026/90900120.json,Kh0a,0,1,0.6116,Ogerpon
90901884,/Users/nickzwart/Desktop/9-8-2026/90901884.json,Kh0a,0,0,0.6116,M-Kangaskhan
90901885,/Users/nickzwart/Desktop/9-8-2026/90901885.json,Kh0a,1,0,0.6116,Grimmsnarl
90901211,/Users/nickzwart/Desktop/9-8-2026/90901211.json,Ars Noveau,1,1,0.6667,Alakazam
90902023,/Users/nickzwart/Desktop/9-8-2026/90902023.json,Ars Noveau,0,1,0.6667,Alakazam
90902080,/Users/nickzwart/Desktop/9-8-2026/90902080.json,szlachetny snieg,1,0,0.4615,Grimmsnarl
90902716,/Users/nickzwart/Desktop/9-8-2026/90902716.json,Kh0a,1,1,0.6116,Alakazam
90902722,/Users/nickzwart/Desktop/9-8-2026/90902722.json,Kh0a,1,1,0.6116,Grimmsnarl
90902725,/Users/nickzwart/Desktop/9-8-2026/90902725.json,szlachetny snieg,1,0,0.4615,Grimmsnarl
90903574,/Users/nickzwart/Desktop/9-8-2026/90903574.json,Kh0a,0,0,0.6116,Hydrapple
90903740,/Users/nickzwart/Desktop/9-8-2026/90903740.json,Petit Canard,0,1,0.5294,Alakazam
90903833,/Users/nickzwart/Desktop/9-8-2026/90903833.json,RtoABC,0,1,0.5244,Alakazam
90904435,/Users/nickzwart/Desktop/9-8-2026/90904435.json,Kh0a,0,1,0.6116,Grimmsnarl
90904446,/Users/nickzwart/Desktop/9-8-2026/90904446.json,Kh0a,0,0,0.6116,M-Kangaskhan
90906323,/Users/nickzwart/Desktop/9-8-2026/90906323.json,Kh0a,0,1,0.6116,Alakazam
90907791,/Users/nickzwart/Desktop/9-8-2026/90907791.json,e-toppo + kurupical,1,0,0.5909,other
90906997,/Users/nickzwart/Desktop/9-8-2026/90906997.json,Kh0a,0,1,0.6116,Hydrapple
90905275,/Users/nickzwart/Desktop/9-8-2026/90905275.json,Kh0a,1,0,0.6116,M-Kangaskhan
90905290,/Users/nickzwart/Desktop/9-8-2026/90905290.json,Kh0a,1,0,0.6116,Grimmsnarl
90907060,/Users/nickzwart/Desktop/9-8-2026/90907060.json,Kh0a,1,1,0.6116,Alakazam
90907108,/Users/nickzwart/Desktop/9-8-2026/90907108.json,Budew,1,1,0.3636,Grimmsnarl
90907858,/Users/nickzwart/Desktop/9-8-2026/90907858.json,Kh0a,1,0,0.6116,M-Lopunny
90907873,/Users/nickzwart/Desktop/9-8-2026/90907873.json,Kh0a,1,0,0.6116,M-Lopunny
90908701,/Users/nickzwart/Desktop/9-8-2026/90908701.json,Kh0a,1,1,0.6116,Grimmsnarl
90908707,/Users/nickzwart/Desktop/9-8-2026/90908707.json,Kh0a,1,1,0.6116,Dudunsparce
90909536,/Users/nickzwart/Desktop/9-8-2026/90909536.json,Kh0a,1,0,0.6116,Ogerpon
90910412,/Users/nickzwart/Desktop/9-8-2026/90910412.json,Kh0a,1,0,0.6116,Grimmsnarl
90910420,/Users/nickzwart/Desktop/9-8-2026/90910420.json,Pokemon Siuuuu,0,1,0.5809,Grimmsnarl
90909547,/Users/nickzwart/Desktop/9-8-2026/90909547.json,Kh0a,1,1,0.6116,Alakazam
90910403,/Users/nickzwart/Desktop/9-8-2026/90910403.json,Kh0a,1,1,0.6116,Garchomp
90910618,/Users/nickzwart/Desktop/9-8-2026/90910618.json,Kh0a,0,1,0.6116,M-Lopunny
90911262,/Users/nickzwart/Desktop/9-8-2026/90911262.json,Kh0a,0,1,0.6116,Ogerpon
90911274,/Users/nickzwart/Desktop/9-8-2026/90911274.json,Kh0a,0,1,0.6116,Grimmsnarl
90912986,/Users/nickzwart/Desktop/9-8-2026/90912986.json,Kh0a,0,1,0.6116,Grimmsnarl
90913004,/Users/nickzwart/Desktop/9-8-2026/90913004.json,Kh0a,1,1,0.6116,Grimmsnarl
90913130,/Users/nickzwart/Desktop/9-8-2026/90913130.json,Petit Canard,0,1,0.5294,other
90913148,/Users/nickzwart/Desktop/9-8-2026/90913148.json,youtube.com/@BigBugginnings,0,1,0.4559,M-Kangaskhan
90912056,/Users/nickzwart/Desktop/9-8-2026/90912056.json,Kh0a,0,0,0.6116,M-Kangaskhan
90912120,/Users/nickzwart/Desktop/9-8-2026/90912120.json,Kh0a,0,1,0.6116,Grimmsnarl
90912138,/Users/nickzwart/Desktop/9-8-2026/90912138.json,Kh0a,0,0,0.6116,M-Lopunny
90913848,/Users/nickzwart/Desktop/9-8-2026/90913848.json,Kh0a,1,1,0.6116,M-Lopunny
90914721,/Users/nickzwart/Desktop/9-8-2026/90914721.json,Kh0a,1,0,0.6116,M-Kangaskhan
90916480,/Users/nickzwart/Desktop/9-8-2026/90916480.json,RtoABC,0,1,0.5244,Grimmsnarl
90915555,/Users/nickzwart/Desktop/9-8-2026/90915555.json,Kh0a,1,0,0.6116,Ogerpon
90915566,/Users/nickzwart/Desktop/9-8-2026/90915566.json,Kh0a,0,1,0.6116,M-Lopunny
90915652,/Users/nickzwart/Desktop/9-8-2026/90915652.json,Budew,0,0,0.3636,Grimmsnarl
90916389,/Users/nickzwart/Desktop/9-8-2026/90916389.json,Kh0a,1,0,0.6116,Grimmsnarl
90917151,/Users/nickzwart/Desktop/9-8-2026/90917151.json,Pokemon Siuuuu,0,1,0.5809,M-Kangaskhan
90917219,/Users/nickzwart/Desktop/9-8-2026/90917219.json,Kh0a,1,0,0.6116,other
90917220,/Users/nickzwart/Desktop/9-8-2026/90917220.json,Kh0a,0,1,0.6116,Grimmsnarl
90918081,/Users/nickzwart/Desktop/9-8-2026/90918081.json,Kh0a,0,1,0.6116,Alakazam
90918086,/Users/nickzwart/Desktop/9-8-2026/90918086.json,Kh0a,0,1,0.6116,Grimmsnarl
90918806,/Users/nickzwart/Desktop/9-8-2026/90918806.json,Kh0a,1,1,0.6116,Alakazam
90918924,/Users/nickzwart/Desktop/9-8-2026/90918924.json,Kh0a,0,1,0.6116,Alakazam
90919899,/Users/nickzwart/Desktop/9-8-2026/90919899.json,Pokemon Siuuuu,0,1,0.5809,Alakazam
90919671,/Users/nickzwart/Desktop/9-8-2026/90919671.json,Petit Canard,0,1,0.5294,M-Kangaskhan
90920596,/Users/nickzwart/Desktop/9-8-2026/90920596.json,Kh0a,0,1,0.6116,Ogerpon
90921323,/Users/nickzwart/Desktop/9-8-2026/90921323.json,LumenLiquidity,0,1,0.624,Ogerpon
90921526,/Users/nickzwart/Desktop/9-8-2026/90921526.json,LumenLiquidity,0,0,0.624,Dragapult
90921526,/Users/nickzwart/Desktop/9-8-2026/90921526.json,Kh0a,1,1,0.6116,Dragapult
90921429,/Users/nickzwart/Desktop/9-8-2026/90921429.json,Kh0a,1,1,0.6116,Garchomp
90921435,/Users/nickzwart/Desktop/9-8-2026/90921435.json,Kh0a,0,1,0.6116,M-Lopunny
90922255,/Users/nickzwart/Desktop/9-8-2026/90922255.json,Kh0a,1,1,0.6116,M-Lucario
90922256,/Users/nickzwart/Desktop/9-8-2026/90922256.json,Kh0a,1,1,0.6116,M-Kangaskhan
90923083,/Users/nickzwart/Desktop/9-8-2026/90923083.json,Kh0a,1,0,0.6116,Crustle
90923093,/Users/nickzwart/Desktop/9-8-2026/90923093.json,Kh0a,0,1,0.6116,Ogerpon
90923724,/Users/nickzwart/Desktop/9-8-2026/90923724.json,szlachetny snieg,1,0,0.4615,other
90923920,/Users/nickzwart/Desktop/9-8-2026/90923920.json,Kh0a,1,1,0.6116,Grimmsnarl
90923925,/Users/nickzwart/Desktop/9-8-2026/90923925.json,Kh0a,1,0,0.6116,M-Kangaskhan
90925587,/Users/nickzwart/Desktop/9-8-2026/90925587.json,Kh0a,0,0,0.6116,M-Lopunny
90925596,/Users/nickzwart/Desktop/9-8-2026/90925596.json,Kh0a,1,0,0.6116,M-Lopunny
90924676,/Users/nickzwart/Desktop/9-8-2026/90924676.json,Kh0a,1,1,0.6116,M-Lopunny
90924809,/Users/nickzwart/Desktop/9-8-2026/90924809.json,Kh0a,1,1,0.6116,Alakazam
90926437,/Users/nickzwart/Desktop/9-8-2026/90926437.json,Kh0a,1,1,0.6116,M-Lopunny
90926443,/Users/nickzwart/Desktop/9-8-2026/90926443.json,Kh0a,1,1,0.6116,M-Lopunny
90927278,/Users/nickzwart/Desktop/9-8-2026/90927278.json,Kh0a,0,0,0.6116,Alakazam
90928141,/Users/nickzwart/Desktop/9-8-2026/90928141.json,Kh0a,0,1,0.6116,Dragapult
90928141,/Users/nickzwart/Desktop/9-8-2026/90928141.json,Budew,1,0,0.3636,Dragapult
90928152,/Users/nickzwart/Desktop/9-8-2026/90928152.json,Kh0a,1,1,0.6116,Ogerpon
90928993,/Users/nickzwart/Desktop/9-8-2026/90928993.json,Kh0a,1,0,0.6116,M-Lopunny
90928997,/Users/nickzwart/Desktop/9-8-2026/90928997.json,Kh0a,1,1,0.6116,Ogerpon
90929794,/Users/nickzwart/Desktop/9-8-2026/90929794.json,Kh0a,0,0,0.6116,M-Kangaskhan
90930613,/Users/nickzwart/Desktop/9-8-2026/90930613.json,Kh0a,0,1,0.6116,Grimmsnarl
90930758,/Users/nickzwart/Desktop/9-8-2026/90930758.json,Kh0a,0,0,0.6116,M-Kangaskhan
90931503,/Users/nickzwart/Desktop/9-8-2026/90931503.json,LumenLiquidity,0,1,0.624,Dragapult
90931503,/Users/nickzwart/Desktop/9-8-2026/90931503.json,Kh0a,1,0,0.6116,Dragapult
90932413,/Users/nickzwart/Desktop/9-8-2026/90932413.json,Kh0a,1,1,0.6116,Grimmsnarl
90934032,/Users/nickzwart/Desktop/9-8-2026/90934032.json,Kh0a,0,0,0.6116,Ogerpon
90933003,/Users/nickzwart/Desktop/9-8-2026/90933003.json,Kh0a,1,0,0.6116,other
90933193,/Users/nickzwart/Desktop/9-8-2026/90933193.json,Kh0a,0,1,0.6116,Grimmsnarl
90933195,/Users/nickzwart/Desktop/9-8-2026/90933195.json,Kh0a,0,1,0.6116,Grimmsnarl
90934633,/Users/nickzwart/Desktop/9-8-2026/90934633.json,Kh0a,0,1,0.6116,M-Lopunny
90935805,/Users/nickzwart/Desktop/9-8-2026/90935805.json,szlachetny snieg,1,0,0.4615,Ogerpon
90936542,/Users/nickzwart/Desktop/9-8-2026/90936542.json,Kh0a,1,0,0.6116,Crustle
90935707,/Users/nickzwart/Desktop/9-8-2026/90935707.json,Kh0a,0,0,0.6116,M-Lopunny
90935753,/Users/nickzwart/Desktop/9-8-2026/90935753.json,Kh0a,0,1,0.6116,Alakazam
90934945,/Users/nickzwart/Desktop/9-8-2026/90934945.json,Kh0a,0,1,0.6116,M-Lopunny
90939774,/Users/nickzwart/Desktop/9-8-2026/90939774.json,Kh0a,0,1,0.6116,Grimmsnarl
90940757,/Users/nickzwart/Desktop/9-8-2026/90940757.json,Pokemon Siuuuu,0,1,0.5809,Grimmsnarl
90941519,/Users/nickzwart/Desktop/9-8-2026/90941519.json,Kh0a,1,0,0.6116,Ogerpon
90940593,/Users/nickzwart/Desktop/9-8-2026/90940593.json,Pokemon Siuuuu,1,0,0.5809,other
90945691,/Users/nickzwart/Desktop/9-8-2026/90945691.json,Kh0a,0,0,0.6116,Ogerpon
90949001,/Users/nickzwart/Desktop/9-8-2026/90949001.json,Pokemon Siuuuu,1,1,0.5809,Ogerpon
90951515,/Users/nickzwart/Desktop/9-8-2026/90951515.json,Kh0a,0,1,0.6116,Grimmsnarl
90950746,/Users/nickzwart/Desktop/9-8-2026/90950746.json,RtoABC,0,0,0.5244,Grimmsnarl
90953720,/Users/nickzwart/Desktop/9-8-2026/90953720.json,Kh0a,0,0,0.6116,M-Kangaskhan
90956418,/Users/nickzwart/Desktop/9-8-2026/90956418.json,Pokemon Siuuuu,0,0,0.5809,other
90956435,/Users/nickzwart/Desktop/9-8-2026/90956435.json,RtoABC,0,1,0.5244,Ogerpon
90958988,/Users/nickzwart/Desktop/9-8-2026/90958988.json,LumenLiquidity,1,0,0.624,Alakazam
90959801,/Users/nickzwart/Desktop/9-8-2026/90959801.json,e-toppo + kurupical,1,1,0.5909,Alakazam
90962162,/Users/nickzwart/Desktop/9-8-2026/90962162.json,Pokopia,0,0,0.5217,Grimmsnarl
90961489,/Users/nickzwart/Desktop/9-8-2026/90961489.json,LumenLiquidity,1,1,0.624,M-Lopunny
90962890,/Users/nickzwart/Desktop/9-8-2026/90962890.json,Pokemon Siuuuu,1,1,0.5809,Alakazam
90964070,/Users/nickzwart/Desktop/9-8-2026/90964070.json,Kh0a,1,0,0.6116,M-Kangaskhan
90964644,/Users/nickzwart/Desktop/9-8-2026/90964644.json,LumenLiquidity,1,0,0.624,M-Lopunny
90969609,/Users/nickzwart/Desktop/9-8-2026/90969609.json,cyrus,1,1,0.4286,Grimmsnarl
90969659,/Users/nickzwart/Desktop/9-8-2026/90969659.json,Kh0a,1,0,0.6116,M-Kangaskhan
90970450,/Users/nickzwart/Desktop/9-8-2026/90970450.json,cyrus,1,0,0.4286,Grimmsnarl
90970505,/Users/nickzwart/Desktop/9-8-2026/90970505.json,Kh0a,1,1,0.6116,M-Lucario
90971285,/Users/nickzwart/Desktop/9-8-2026/90971285.json,cyrus,1,1,0.4286,Grimmsnarl
90971333,/Users/nickzwart/Desktop/9-8-2026/90971333.json,Kh0a,1,0,0.6116,Dudunsparce
90971487,/Users/nickzwart/Desktop/9-8-2026/90971487.json,Pokemon Siuuuu,0,0,0.5809,M-Kangaskhan
90972163,/Users/nickzwart/Desktop/9-8-2026/90972163.json,Kh0a,0,1,0.6116,Alakazam
90973866,/Users/nickzwart/Desktop/9-8-2026/90973866.json,Kh0a,0,1,0.6116,Grimmsnarl
90974639,/Users/nickzwart/Desktop/9-8-2026/90974639.json,cyrus,0,0,0.4286,Ogerpon
90974752,/Users/nickzwart/Desktop/9-8-2026/90974752.json,LumenLiquidity,0,1,0.624,Grimmsnarl
90974845,/Users/nickzwart/Desktop/9-8-2026/90974845.json,Kh0a,1,1,0.6116,Grimmsnarl
90976339,/Users/nickzwart/Desktop/9-8-2026/90976339.json,LumenLiquidity,1,1,0.624,M-Lopunny
90976354,/Users/nickzwart/Desktop/9-8-2026/90976354.json,cyrus,0,0,0.4286,Grimmsnarl
90976400,/Users/nickzwart/Desktop/9-8-2026/90976400.json,Kh0a,1,1,0.6116,other
90977261,/Users/nickzwart/Desktop/9-8-2026/90977261.json,Kh0a,0,0,0.6116,M-Kangaskhan
90978093,/Users/nickzwart/Desktop/9-8-2026/90978093.json,Kh0a,0,0,0.6116,Grimmsnarl
90978867,/Users/nickzwart/Desktop/9-8-2026/90978867.json,Budew,0,0,0.3636,M-Lopunny
90979868,/Users/nickzwart/Desktop/9-8-2026/90979868.json,Kh0a,1,0,0.6116,M-Lopunny
90982280,/Users/nickzwart/Desktop/9-8-2026/90982280.json,Kh0a,1,1,0.6116,M-Lopunny
90982309,/Users/nickzwart/Desktop/9-8-2026/90982309.json,Pokopia,1,0,0.5217,M-Lopunny
90985716,/Users/nickzwart/Desktop/9-8-2026/90985716.json,RtoABC,1,1,0.5244,M-Lopunny
90987405,/Users/nickzwart/Desktop/9-8-2026/90987405.json,Pokemon Siuuuu,0,1,0.5809,other
90988142,/Users/nickzwart/Desktop/9-8-2026/90988142.json,cyrus,1,1,0.4286,M-Lopunny
90986434,/Users/nickzwart/Desktop/9-8-2026/90986434.json,Kh0a,1,0,0.6116,M-Lopunny
90988751,/Users/nickzwart/Desktop/9-8-2026/90988751.json,LumenLiquidity,1,1,0.624,Grimmsnarl
90989677,/Users/nickzwart/Desktop/9-8-2026/90989677.json,RtoABC,1,0,0.5244,Alakazam
90990420,/Users/nickzwart/Desktop/9-8-2026/90990420.json,LumenLiquidity,1,1,0.624,Hydrapple
90988999,/Users/nickzwart/Desktop/9-8-2026/90988999.json,RtoABC,0,0,0.5244,M-Lopunny
90991258,/Users/nickzwart/Desktop/9-8-2026/90991258.json,LumenLiquidity,0,1,0.624,Alakazam
90992123,/Users/nickzwart/Desktop/9-8-2026/90992123.json,LumenLiquidity,1,1,0.624,M-Kangaskhan
90991428,/Users/nickzwart/Desktop/9-8-2026/90991428.json,Pokopia,1,1,0.5217,Alakazam
90991490,/Users/nickzwart/Desktop/9-8-2026/90991490.json,Pokopia,1,0,0.5217,M-Kangaskhan
90993022,/Users/nickzwart/Desktop/9-8-2026/90993022.json,LumenLiquidity,0,0,0.624,Alakazam
90993799,/Users/nickzwart/Desktop/9-8-2026/90993799.json,LumenLiquidity,0,1,0.624,Alakazam
90994612,/Users/nickzwart/Desktop/9-8-2026/90994612.json,LumenLiquidity,0,1,0.624,Grimmsnarl
90997044,/Users/nickzwart/Desktop/9-8-2026/90997044.json,Kh0a,0,1,0.6116,Grimmsnarl
90999726,/Users/nickzwart/Desktop/9-8-2026/90999726.json,Pokemon Siuuuu,0,1,0.5809,Ogerpon
90998109,/Users/nickzwart/Desktop/9-8-2026/90998109.json,Pokemon Siuuuu,1,0,0.5809,Hydrapple
90997984,/Users/nickzwart/Desktop/9-8-2026/90997984.json,LumenLiquidity,0,0,0.624,M-Lopunny
90997118,/Users/nickzwart/Desktop/9-8-2026/90997118.json,e-toppo + kurupical,1,1,0.5909,Ogerpon
90997135,/Users/nickzwart/Desktop/9-8-2026/90997135.json,LumenLiquidity,1,0,0.624,M-Lopunny
90998823,/Users/nickzwart/Desktop/9-8-2026/90998823.json,LumenLiquidity,0,1,0.624,Grimmsnarl
90998998,/Users/nickzwart/Desktop/9-8-2026/90998998.json,LumenLiquidity,1,1,0.624,Grimmsnarl
91000470,/Users/nickzwart/Desktop/9-8-2026/91000470.json,Pokopia,1,1,0.5217,Ogerpon
91001319,/Users/nickzwart/Desktop/9-8-2026/91001319.json,LumenLiquidity,0,1,0.624,Alakazam
91001487,/Users/nickzwart/Desktop/9-8-2026/91001487.json,Kh0a,0,1,0.6116,Grimmsnarl
91000502,/Users/nickzwart/Desktop/9-8-2026/91000502.json,LumenLiquidity,0,1,0.624,Grimmsnarl
91000592,/Users/nickzwart/Desktop/9-8-2026/91000592.json,Kh0a,0,1,0.6116,Grimmsnarl
91000614,/Users/nickzwart/Desktop/9-8-2026/91000614.json,RtoABC,0,1,0.5244,Hydrapple
91003005,/Users/nickzwart/Desktop/9-8-2026/91003005.json,Budew,0,0,0.3636,M-Kangaskhan
91003024,/Users/nickzwart/Desktop/9-8-2026/91003024.json,LumenLiquidity,0,0,0.624,M-Kangaskhan
91003029,/Users/nickzwart/Desktop/9-8-2026/91003029.json,LumenLiquidity,1,0,0.624,M-Lopunny
91002183,/Users/nickzwart/Desktop/9-8-2026/91002183.json,Pokopia,0,0,0.5217,Dragapult
91002183,/Users/nickzwart/Desktop/9-8-2026/91002183.json,LumenLiquidity,1,1,0.624,Dragapult
91003869,/Users/nickzwart/Desktop/9-8-2026/91003869.json,LumenLiquidity,1,1,0.624,M-Kangaskhan
91003970,/Users/nickzwart/Desktop/9-8-2026/91003970.json,Kh0a,0,1,0.6116,Dudunsparce
91004763,/Users/nickzwart/Desktop/9-8-2026/91004763.json,LumenLiquidity,0,1,0.624,Grimmsnarl
91005501,/Users/nickzwart/Desktop/9-8-2026/91005501.json,LumenLiquidity,1,1,0.624,Garchomp
91007235,/Users/nickzwart/Desktop/9-8-2026/91007235.json,LumenLiquidity,1,1,0.624,Grimmsnarl
91006393,/Users/nickzwart/Desktop/9-8-2026/91006393.json,LumenLiquidity,1,0,0.624,Alakazam
91007346,/Users/nickzwart/Desktop/9-8-2026/91007346.json,Kh0a,0,1,0.6116,Grimmsnarl
91008188,/Users/nickzwart/Desktop/9-8-2026/91008188.json,e-toppo + kurupical,0,1,0.5909,Alakazam
91008212,/Users/nickzwart/Desktop/9-8-2026/91008212.json,Kh0a,1,1,0.6116,Crustle
91008932,/Users/nickzwart/Desktop/9-8-2026/91008932.json,LumenLiquidity,0,1,0.624,Hydrapple
91009752,/Users/nickzwart/Desktop/9-8-2026/91009752.json,LumenLiquidity,0,0,0.624,M-Kangaskhan
91009790,/Users/nickzwart/Desktop/9-8-2026/91009790.json,LumenLiquidity,1,1,0.624,Alakazam
91010614,/Users/nickzwart/Desktop/9-8-2026/91010614.json,LumenLiquidity,0,1,0.624,Alakazam
91011435,/Users/nickzwart/Desktop/9-8-2026/91011435.json,LumenLiquidity,1,0,0.624,Grimmsnarl
91011546,/Users/nickzwart/Desktop/9-8-2026/91011546.json,RtoABC,1,0,0.5244,M-Lucario
91012268,/Users/nickzwart/Desktop/9-8-2026/91012268.json,LumenLiquidity,1,1,0.624,Dudunsparce
91014059,/Users/nickzwart/Desktop/9-8-2026/91014059.json,Budew,0,1,0.3636,Grimmsnarl
91014087,/Users/nickzwart/Desktop/9-8-2026/91014087.json,Kh0a,1,1,0.6116,M-Lopunny
91013956,/Users/nickzwart/Desktop/9-8-2026/91013956.json,LumenLiquidity,1,1,0.624,Alakazam
91012325,/Users/nickzwart/Desktop/9-8-2026/91012325.json,LumenLiquidity,1,0,0.624,M-Lopunny
91013023,/Users/nickzwart/Desktop/9-8-2026/91013023.json,e-toppo + kurupical,0,0,0.5909,Grimmsnarl
91013119,/Users/nickzwart/Desktop/9-8-2026/91013119.json,LumenLiquidity,1,1,0.624,M-Lopunny
91013866,/Users/nickzwart/Desktop/9-8-2026/91013866.json,Pokemon Siuuuu,0,1,0.5809,Grimmsnarl
91014826,/Users/nickzwart/Desktop/9-8-2026/91014826.json,LumenLiquidity,1,1,0.624,M-Lopunny
91015665,/Users/nickzwart/Desktop/9-8-2026/91015665.json,LumenLiquidity,0,0,0.624,M-Lucario
91015694,/Users/nickzwart/Desktop/9-8-2026/91015694.json,Pokemon Siuuuu,1,0,0.5809,Alakazam
91016308,/Users/nickzwart/Desktop/9-8-2026/91016308.json,LumenLiquidity,0,1,0.624,Hydrapple
91016501,/Users/nickzwart/Desktop/9-8-2026/91016501.json,LumenLiquidity,1,0,0.624,Crustle
91018880,/Users/nickzwart/Desktop/9-8-2026/91018880.json,Pokemon Siuuuu,1,1,0.5809,other
91019028,/Users/nickzwart/Desktop/9-8-2026/91019028.json,Kh0a,1,1,0.6116,Ogerpon
91019040,/Users/nickzwart/Desktop/9-8-2026/91019040.json,LumenLiquidity,1,0,0.624,Grimmsnarl
91019900,/Users/nickzwart/Desktop/9-8-2026/91019900.json,LumenLiquidity,1,1,0.624,M-Lopunny
91020734,/Users/nickzwart/Desktop/9-8-2026/91020734.json,Pokopia,0,1,0.5217,Ogerpon
91020752,/Users/nickzwart/Desktop/9-8-2026/91020752.json,LumenLiquidity,1,0,0.624,M-Lucario
91021406,/Users/nickzwart/Desktop/9-8-2026/91021406.json,e-toppo + kurupical,1,1,0.5909,Grimmsnarl
91021610,/Users/nickzwart/Desktop/9-8-2026/91021610.json,LumenLiquidity,1,1,0.624,Grimmsnarl
91025759,/Users/nickzwart/Desktop/9-8-2026/91025759.json,e-toppo + kurupical,0,0,0.5909,Grimmsnarl
91029071,/Users/nickzwart/Desktop/9-8-2026/91029071.json,Pokopia,1,1,0.5217,Grimmsnarl
91029794,/Users/nickzwart/Desktop/9-8-2026/91029794.json,Kh0a,1,1,0.6116,M-Froslass
91036547,/Users/nickzwart/Desktop/9-8-2026/91036547.json,Kh0a,1,0,0.6116,M-Lopunny
91040113,/Users/nickzwart/Desktop/9-8-2026/91040113.json,LumenLiquidity,0,1,0.624,M-Lucario
91041585,/Users/nickzwart/Desktop/9-8-2026/91041585.json,LumenLiquidity,0,0,0.624,Grimmsnarl
91043182,/Users/nickzwart/Desktop/9-8-2026/91043182.json,Pokopia,0,0,0.5217,M-Kangaskhan
91042540,/Users/nickzwart/Desktop/9-8-2026/91042540.json,Pokopia,0,0,0.5217,Alakazam
91044237,/Users/nickzwart/Desktop/9-8-2026/91044237.json,Pokemon Siuuuu,0,1,0.5809,Alakazam
91044943,/Users/nickzwart/Desktop/9-8-2026/91044943.json,Pokopia,1,0,0.5217,Alakazam
91047625,/Users/nickzwart/Desktop/9-8-2026/91047625.json,Pokemon Siuuuu,1,1,0.5809,Ogerpon
91050088,/Users/nickzwart/Desktop/9-8-2026/91050088.json,213tubo,0,1,0.5738,Grimmsnarl
91050180,/Users/nickzwart/Desktop/9-8-2026/91050180.json,Pokemon Siuuuu,0,0,0.5809,Ogerpon
91050719,/Users/nickzwart/Desktop/9-8-2026/91050719.json,THIRD PTCG Club,0,0,0.5508,Ogerpon
91050769,/Users/nickzwart/Desktop/9-8-2026/91050769.json,213tubo,1,1,0.5738,Alakazam
91050972,/Users/nickzwart/Desktop/9-8-2026/91050972.json,Pokemon Siuuuu,1,0,0.5809,M-Lopunny
91052484,/Users/nickzwart/Desktop/9-8-2026/91052484.json,213tubo,0,1,0.5738,M-Lopunny
91053304,/Users/nickzwart/Desktop/9-8-2026/91053304.json,THIRD PTCG Club,1,1,0.5508,Grimmsnarl
91053340,/Users/nickzwart/Desktop/9-8-2026/91053340.json,213tubo,0,1,0.5738,Grimmsnarl
91053577,/Users/nickzwart/Desktop/9-8-2026/91053577.json,Pokemon Siuuuu,1,1,0.5809,M-Kangaskhan
91054157,/Users/nickzwart/Desktop/9-8-2026/91054157.json,THIRD PTCG Club,1,1,0.5508,M-Kangaskhan
91054193,/Users/nickzwart/Desktop/9-8-2026/91054193.json,213tubo,1,0,0.5738,M-Lopunny
91054212,/Users/nickzwart/Desktop/9-8-2026/91054212.json,szlachetny snieg,0,0,0.4615,Crustle
91055171,/Users/nickzwart/Desktop/9-8-2026/91055171.json,THIRD PTCG Club,1,0,0.5508,M-Lopunny
91055818,/Users/nickzwart/Desktop/9-8-2026/91055818.json,Pokemon Siuuuu,0,1,0.5809,Grimmsnarl
91055885,/Users/nickzwart/Desktop/9-8-2026/91055885.json,213tubo,1,0,0.5738,Grimmsnarl
91055016,/Users/nickzwart/Desktop/9-8-2026/91055016.json,THIRD PTCG Club,1,1,0.5508,Grimmsnarl
91055052,/Users/nickzwart/Desktop/9-8-2026/91055052.json,213tubo,1,0,0.5738,M-Lopunny
91056621,/Users/nickzwart/Desktop/9-8-2026/91056621.json,213tubo,0,0,0.5738,Ogerpon
91056683,/Users/nickzwart/Desktop/9-8-2026/91056683.json,Dipam Chakraborty,1,1,0.6779,M-Lopunny
91056697,/Users/nickzwart/Desktop/9-8-2026/91056697.json,THIRD PTCG Club,0,1,0.5508,Alakazam
91056749,/Users/nickzwart/Desktop/9-8-2026/91056749.json,213tubo,0,1,0.5738,Grimmsnarl
91056782,/Users/nickzwart/Desktop/9-8-2026/91056782.json,Kh0a,1,1,0.6116,Grimmsnarl
91057692,/Users/nickzwart/Desktop/9-8-2026/91057692.json,LumenLiquidity,1,0,0.624,M-Lopunny
91057800,/Users/nickzwart/Desktop/9-8-2026/91057800.json,szlachetny snieg,1,1,0.4615,M-Lopunny
91058383,/Users/nickzwart/Desktop/9-8-2026/91058383.json,Dipam Chakraborty,0,1,0.6779,Grimmsnarl
91057541,/Users/nickzwart/Desktop/9-8-2026/91057541.json,Dipam Chakraborty,1,1,0.6779,M-Lopunny
91057553,/Users/nickzwart/Desktop/9-8-2026/91057553.json,THIRD PTCG Club,1,0,0.5508,Dudunsparce
91057602,/Users/nickzwart/Desktop/9-8-2026/91057602.json,213tubo,0,1,0.5738,Grimmsnarl
91059332,/Users/nickzwart/Desktop/9-8-2026/91059332.json,213tubo,0,0,0.5738,M-Kangaskhan
91058456,/Users/nickzwart/Desktop/9-8-2026/91058456.json,213tubo,0,1,0.5738,M-Lopunny
91059249,/Users/nickzwart/Desktop/9-8-2026/91059249.json,Dipam Chakraborty,0,1,0.6779,Grimmsnarl
91059274,/Users/nickzwart/Desktop/9-8-2026/91059274.json,THIRD PTCG Club,1,0,0.5508,M-Kangaskhan
91060119,/Users/nickzwart/Desktop/9-8-2026/91060119.json,Dipam Chakraborty,0,1,0.6779,M-Lopunny
91060155,/Users/nickzwart/Desktop/9-8-2026/91060155.json,THIRD PTCG Club,1,1,0.5508,other
91060204,/Users/nickzwart/Desktop/9-8-2026/91060204.json,213tubo,0,0,0.5738,Grimmsnarl
91060997,/Users/nickzwart/Desktop/9-8-2026/91060997.json,Dipam Chakraborty,0,1,0.6779,Grimmsnarl
91061029,/Users/nickzwart/Desktop/9-8-2026/91061029.json,THIRD PTCG Club,1,0,0.5508,M-Kangaskhan
91061078,/Users/nickzwart/Desktop/9-8-2026/91061078.json,THIRD PTCG Club,0,0,0.5508,Dragapult
91061078,/Users/nickzwart/Desktop/9-8-2026/91061078.json,213tubo,1,1,0.5738,Dragapult
91061115,/Users/nickzwart/Desktop/9-8-2026/91061115.json,THIRD PTCG Club,0,1,0.5508,Alakazam
91061870,/Users/nickzwart/Desktop/9-8-2026/91061870.json,Dipam Chakraborty,0,1,0.6779,Ogerpon
91061930,/Users/nickzwart/Desktop/9-8-2026/91061930.json,THIRD PTCG Club,0,1,0.5508,Ogerpon
91061953,/Users/nickzwart/Desktop/9-8-2026/91061953.json,213tubo,0,1,0.5738,Hydrapple
91062098,/Users/nickzwart/Desktop/9-8-2026/91062098.json,LumenLiquidity,0,1,0.624,Alakazam
91062142,/Users/nickzwart/Desktop/9-8-2026/91062142.json,Pokemon Siuuuu,0,1,0.5809,M-Kangaskhan
91062708,/Users/nickzwart/Desktop/9-8-2026/91062708.json,szlachetny snieg,0,1,0.4615,Dragapult
91062708,/Users/nickzwart/Desktop/9-8-2026/91062708.json,213tubo,1,0,0.5738,Dragapult
91062841,/Users/nickzwart/Desktop/9-8-2026/91062841.json,Dipam Chakraborty,0,1,0.6779,M-Lopunny
91062861,/Users/nickzwart/Desktop/9-8-2026/91062861.json,Dipam Chakraborty,0,1,0.6779,Ogerpon
91062891,/Users/nickzwart/Desktop/9-8-2026/91062891.json,THIRD PTCG Club,1,0,0.5508,Grimmsnarl
91063620,/Users/nickzwart/Desktop/9-8-2026/91063620.json,Dipam Chakraborty,1,0,0.6779,M-Kangaskhan
91063684,/Users/nickzwart/Desktop/9-8-2026/91063684.json,THIRD PTCG Club,0,1,0.5508,M-Kangaskhan
91064482,/Users/nickzwart/Desktop/9-8-2026/91064482.json,Dipam Chakraborty,0,0,0.6779,M-Kangaskhan
91064537,/Users/nickzwart/Desktop/9-8-2026/91064537.json,THIRD PTCG Club,0,1,0.5508,other
91064564,/Users/nickzwart/Desktop/9-8-2026/91064564.json,213tubo,1,1,0.5738,Ogerpon
91065374,/Users/nickzwart/Desktop/9-8-2026/91065374.json,Dipam Chakraborty,1,1,0.6779,Grimmsnarl
91066295,/Users/nickzwart/Desktop/9-8-2026/91066295.json,THIRD PTCG Club,1,0,0.5508,Ogerpon
91066329,/Users/nickzwart/Desktop/9-8-2026/91066329.json,szlachetny snieg,0,0,0.4615,Dragapult
91066329,/Users/nickzwart/Desktop/9-8-2026/91066329.json,213tubo,1,1,0.5738,Dragapult
91067121,/Users/nickzwart/Desktop/9-8-2026/91067121.json,Dipam Chakraborty,0,1,0.6779,Grimmsnarl
91067206,/Users/nickzwart/Desktop/9-8-2026/91067206.json,213tubo,1,1,0.5738,Ogerpon
91068085,/Users/nickzwart/Desktop/9-8-2026/91068085.json,213tubo,1,0,0.5738,Ogerpon
91067983,/Users/nickzwart/Desktop/9-8-2026/91067983.json,Dipam Chakraborty,0,0,0.6779,Grimmsnarl
91069753,/Users/nickzwart/Desktop/9-8-2026/91069753.json,Dipam Chakraborty,0,1,0.6779,M-Lucario
91069849,/Users/nickzwart/Desktop/9-8-2026/91069849.json,213tubo,1,1,0.5738,Alakazam
91070610,/Users/nickzwart/Desktop/9-8-2026/91070610.json,Dipam Chakraborty,0,1,0.6779,M-Lucario
91068867,/Users/nickzwart/Desktop/9-8-2026/91068867.json,Dipam Chakraborty,0,1,0.6779,Alakazam
91068911,/Users/nickzwart/Desktop/9-8-2026/91068911.json,THIRD PTCG Club,1,0,0.5508,M-Kangaskhan
91068957,/Users/nickzwart/Desktop/9-8-2026/91068957.json,213tubo,1,0,0.5738,M-Lopunny
91070714,/Users/nickzwart/Desktop/9-8-2026/91070714.json,Dipam Chakraborty,0,0,0.6779,M-Kangaskhan
91070719,/Users/nickzwart/Desktop/9-8-2026/91070719.json,THIRD PTCG Club,1,1,0.5508,Alakazam
91070774,/Users/nickzwart/Desktop/9-8-2026/91070774.json,213tubo,1,0,0.5738,other
91071512,/Users/nickzwart/Desktop/9-8-2026/91071512.json,Dipam Chakraborty,1,1,0.6779,Grimmsnarl
91071541,/Users/nickzwart/Desktop/9-8-2026/91071541.json,THIRD PTCG Club,0,1,0.5508,Grimmsnarl
91071567,/Users/nickzwart/Desktop/9-8-2026/91071567.json,Pokemon Siuuuu,1,1,0.5809,M-Kangaskhan
91071598,/Users/nickzwart/Desktop/9-8-2026/91071598.json,213tubo,0,1,0.5738,Grimmsnarl
91072395,/Users/nickzwart/Desktop/9-8-2026/91072395.json,Dipam Chakraborty,0,1,0.6779,Alakazam
91072481,/Users/nickzwart/Desktop/9-8-2026/91072481.json,213tubo,0,1,0.5738,Grimmsnarl
91072549,/Users/nickzwart/Desktop/9-8-2026/91072549.json,LumenLiquidity,1,1,0.624,Grimmsnarl
91073301,/Users/nickzwart/Desktop/9-8-2026/91073301.json,THIRD PTCG Club,0,1,0.5508,Ogerpon
91073356,/Users/nickzwart/Desktop/9-8-2026/91073356.json,213tubo,0,0,0.5738,Grimmsnarl
91074145,/Users/nickzwart/Desktop/9-8-2026/91074145.json,Dipam Chakraborty,0,1,0.6779,Alakazam
91074175,/Users/nickzwart/Desktop/9-8-2026/91074175.json,THIRD PTCG Club,0,1,0.5508,Grimmsnarl
91074197,/Users/nickzwart/Desktop/9-8-2026/91074197.json,LumenLiquidity,0,1,0.624,Grimmsnarl
91074235,/Users/nickzwart/Desktop/9-8-2026/91074235.json,213tubo,0,1,0.5738,Grimmsnarl
91075118,/Users/nickzwart/Desktop/9-8-2026/91075118.json,213tubo,1,1,0.5738,Hydrapple
91075172,/Users/nickzwart/Desktop/9-8-2026/91075172.json,Dipam Chakraborty,1,0,0.6779,M-Lopunny
91075216,/Users/nickzwart/Desktop/9-8-2026/91075216.json,THIRD PTCG Club,1,0,0.5508,M-Lopunny
91075030,/Users/nickzwart/Desktop/9-8-2026/91075030.json,Dipam Chakraborty,0,1,0.6779,Grimmsnarl
91075058,/Users/nickzwart/Desktop/9-8-2026/91075058.json,THIRD PTCG Club,1,1,0.5508,Alakazam
91075791,/Users/nickzwart/Desktop/9-8-2026/91075791.json,Dipam Chakraborty,0,1,0.6779,other
91075941,/Users/nickzwart/Desktop/9-8-2026/91075941.json,THIRD PTCG Club,0,1,0.5508,Grimmsnarl
91077683,/Users/nickzwart/Desktop/9-8-2026/91077683.json,Kh0a,0,1,0.6116,Hydrapple
91077720,/Users/nickzwart/Desktop/9-8-2026/91077720.json,THIRD PTCG Club,1,0,0.5508,M-Kangaskhan
91077734,/Users/nickzwart/Desktop/9-8-2026/91077734.json,213tubo,1,1,0.5738,M-Lopunny
91076809,/Users/nickzwart/Desktop/9-8-2026/91076809.json,THIRD PTCG Club,0,0,0.5508,Grimmsnarl
91076866,/Users/nickzwart/Desktop/9-8-2026/91076866.json,Budew,0,0,0.3636,Grimmsnarl
91076876,/Users/nickzwart/Desktop/9-8-2026/91076876.json,213tubo,1,1,0.5738,M-Lopunny
91076947,/Users/nickzwart/Desktop/9-8-2026/91076947.json,Pokemon Siuuuu,0,1,0.5809,Hydrapple
91076959,/Users/nickzwart/Desktop/9-8-2026/91076959.json,213tubo,1,0,0.5738,Grimmsnarl
91077833,/Users/nickzwart/Desktop/9-8-2026/91077833.json,Dipam Chakraborty,0,1,0.6779,Alakazam
91078575,/Users/nickzwart/Desktop/9-8-2026/91078575.json,THIRD PTCG Club,0,0,0.5508,M-Lopunny
91078634,/Users/nickzwart/Desktop/9-8-2026/91078634.json,213tubo,1,0,0.5738,Ogerpon
91079403,/Users/nickzwart/Desktop/9-8-2026/91079403.json,Dipam Chakraborty,0,1,0.6779,Alakazam
91079445,/Users/nickzwart/Desktop/9-8-2026/91079445.json,THIRD PTCG Club,0,1,0.5508,Grimmsnarl
91079469,/Users/nickzwart/Desktop/9-8-2026/91079469.json,Kh0a,1,0,0.6116,Grimmsnarl
91080286,/Users/nickzwart/Desktop/9-8-2026/91080286.json,Dipam Chakraborty,0,0,0.6779,Alakazam
91080309,/Users/nickzwart/Desktop/9-8-2026/91080309.json,Kh0a,0,1,0.6116,M-Kangaskhan
91082004,/Users/nickzwart/Desktop/9-8-2026/91082004.json,Dipam Chakraborty,1,0,0.6779,M-Kangaskhan
91082033,/Users/nickzwart/Desktop/9-8-2026/91082033.json,THIRD PTCG Club,0,0,0.5508,Grimmsnarl
91081177,/Users/nickzwart/Desktop/9-8-2026/91081177.json,THIRD PTCG Club,1,1,0.5508,Ogerpon
91082881,/Users/nickzwart/Desktop/9-8-2026/91082881.json,Dipam Chakraborty,1,1,0.6779,M-Kangaskhan
91083051,/Users/nickzwart/Desktop/9-8-2026/91083051.json,Kh0a,0,1,0.6116,Grimmsnarl
91083858,/Users/nickzwart/Desktop/9-8-2026/91083858.json,THIRD PTCG Club,0,0,0.5508,Grimmsnarl
91084639,/Users/nickzwart/Desktop/9-8-2026/91084639.json,LumenLiquidity,1,1,0.624,Ogerpon
91084658,/Users/nickzwart/Desktop/9-8-2026/91084658.json,Dipam Chakraborty,1,1,0.6779,M-Kangaskhan
91084694,/Users/nickzwart/Desktop/9-8-2026/91084694.json,THIRD PTCG Club,0,1,0.5508,Grimmsnarl
91085532,/Users/nickzwart/Desktop/9-8-2026/91085532.json,Dipam Chakraborty,0,1,0.6779,Alakazam
91085565,/Users/nickzwart/Desktop/9-8-2026/91085565.json,THIRD PTCG Club,0,1,0.5508,M-Lopunny
91085686,/Users/nickzwart/Desktop/9-8-2026/91085686.json,LumenLiquidity,0,1,0.624,M-Lopunny
91086411,/Users/nickzwart/Desktop/9-8-2026/91086411.json,Dipam Chakraborty,0,1,0.6779,Alakazam
91086416,/Users/nickzwart/Desktop/9-8-2026/91086416.json,Kh0a,0,1,0.6116,Hydrapple
91086448,/Users/nickzwart/Desktop/9-8-2026/91086448.json,THIRD PTCG Club,1,0,0.5508,Ogerpon
91087153,/Users/nickzwart/Desktop/9-8-2026/91087153.json,LumenLiquidity,0,0,0.624,M-Kangaskhan
91088195,/Users/nickzwart/Desktop/9-8-2026/91088195.json,THIRD PTCG Club,1,0,0.5508,Alakazam
91088154,/Users/nickzwart/Desktop/9-8-2026/91088154.json,Dipam Chakraborty,0,0,0.6779,other
91089059,/Users/nickzwart/Desktop/9-8-2026/91089059.json,213tubo,0,1,0.5738,Dragapult
91089059,/Users/nickzwart/Desktop/9-8-2026/91089059.json,Pokemon Siuuuu,1,0,0.5809,Dragapult
91089076,/Users/nickzwart/Desktop/9-8-2026/91089076.json,Pokemon Siuuuu,0,1,0.5809,Ogerpon
91089126,/Users/nickzwart/Desktop/9-8-2026/91089126.json,Dipam Chakraborty,1,1,0.6779,Grimmsnarl
91089897,/Users/nickzwart/Desktop/9-8-2026/91089897.json,Dipam Chakraborty,0,1,0.6779,Ogerpon
91089905,/Users/nickzwart/Desktop/9-8-2026/91089905.json,LumenLiquidity,1,1,0.624,Hydrapple
91090788,/Users/nickzwart/Desktop/9-8-2026/91090788.json,Dipam Chakraborty,0,1,0.6779,other
91090876,/Users/nickzwart/Desktop/9-8-2026/91090876.json,213tubo,1,1,0.5738,Grimmsnarl
91091625,/Users/nickzwart/Desktop/9-8-2026/91091625.json,Dipam Chakraborty,1,1,0.6779,M-Kangaskhan
91091632,/Users/nickzwart/Desktop/9-8-2026/91091632.json,Pokemon Siuuuu,1,0,0.5809,Hydrapple
91091636,/Users/nickzwart/Desktop/9-8-2026/91091636.json,THIRD PTCG Club,0,1,0.5508,Hydrapple
91091796,/Users/nickzwart/Desktop/9-8-2026/91091796.json,THIRD PTCG Club,0,1,0.5508,Alakazam
91092512,/Users/nickzwart/Desktop/9-8-2026/91092512.json,Dipam Chakraborty,1,0,0.6779,M-Kangaskhan
91093375,/Users/nickzwart/Desktop/9-8-2026/91093375.json,Dipam Chakraborty,0,0,0.6779,M-Lucario
91093412,/Users/nickzwart/Desktop/9-8-2026/91093412.json,Pokemon Siuuuu,0,1,0.5809,Alakazam
91094151,/Users/nickzwart/Desktop/9-8-2026/91094151.json,Budew,0,1,0.3636,Dudunsparce
91094306,/Users/nickzwart/Desktop/9-8-2026/91094306.json,Dipam Chakraborty,0,1,0.6779,Hydrapple
91095129,/Users/nickzwart/Desktop/9-8-2026/91095129.json,Dipam Chakraborty,0,1,0.6779,M-Lopunny
91095999,/Users/nickzwart/Desktop/9-8-2026/91095999.json,Dipam Chakraborty,1,0,0.6779,M-Kangaskhan
91096124,/Users/nickzwart/Desktop/9-8-2026/91096124.json,213tubo,0,0,0.5738,M-Kangaskhan
91097776,/Users/nickzwart/Desktop/9-8-2026/91097776.json,Dipam Chakraborty,1,1,0.6779,M-Lopunny
91096968,/Users/nickzwart/Desktop/9-8-2026/91096968.json,Dipam Chakraborty,1,1,0.6779,M-Lopunny
91097016,/Users/nickzwart/Desktop/9-8-2026/91097016.json,THIRD PTCG Club,0,1,0.5508,Dragapult
91097016,/Users/nickzwart/Desktop/9-8-2026/91097016.json,szlachetny snieg,1,0,0.4615,Dragapult
91098502,/Users/nickzwart/Desktop/9-8-2026/91098502.json,Kh0a,0,1,0.6116,M-Kangaskhan
91100261,/Users/nickzwart/Desktop/9-8-2026/91100261.json,Budew,0,0,0.3636,Alakazam
91100478,/Users/nickzwart/Desktop/9-8-2026/91100478.json,Kh0a,0,0,0.6116,Grimmsnarl
91101044,/Users/nickzwart/Desktop/9-8-2026/91101044.json,LumenLiquidity,0,1,0.624,other
91101328,/Users/nickzwart/Desktop/9-8-2026/91101328.json,THIRD PTCG Club,1,1,0.5508,Alakazam
91101988,/Users/nickzwart/Desktop/9-8-2026/91101988.json,Dipam Chakraborty,1,1,0.6779,Grimmsnarl
91101992,/Users/nickzwart/Desktop/9-8-2026/91101992.json,Dipam Chakraborty,0,1,0.6779,M-Froslass
91101159,/Users/nickzwart/Desktop/9-8-2026/91101159.json,RtoABC,1,1,0.5244,Alakazam
91101282,/Users/nickzwart/Desktop/9-8-2026/91101282.json,Dipam Chakraborty,0,0,0.6779,M-Lopunny
91102015,/Users/nickzwart/Desktop/9-8-2026/91102015.json,213tubo,1,0,0.5738,M-Kangaskhan
91102031,/Users/nickzwart/Desktop/9-8-2026/91102031.json,Kh0a,1,1,0.6116,M-Lopunny
91102779,/Users/nickzwart/Desktop/9-8-2026/91102779.json,LumenLiquidity,1,1,0.624,Grimmsnarl
91103045,/Users/nickzwart/Desktop/9-8-2026/91103045.json,Pokemon Siuuuu,1,1,0.5809,Ogerpon
91104838,/Users/nickzwart/Desktop/9-8-2026/91104838.json,Dipam Chakraborty,1,0,0.6779,M-Lucario
91104535,/Users/nickzwart/Desktop/9-8-2026/91104535.json,LumenLiquidity,1,0,0.624,Grimmsnarl
91104575,/Users/nickzwart/Desktop/9-8-2026/91104575.json,Pokemon Siuuuu,1,1,0.5809,M-Kangaskhan
91104622,/Users/nickzwart/Desktop/9-8-2026/91104622.json,e-toppo + kurupical,1,0,0.5909,Grimmsnarl
91105603,/Users/nickzwart/Desktop/9-8-2026/91105603.json,e-toppo + kurupical,1,0,0.5909,Grimmsnarl
91106291,/Users/nickzwart/Desktop/9-8-2026/91106291.json,LumenLiquidity,1,1,0.624,Grimmsnarl
91106377,/Users/nickzwart/Desktop/9-8-2026/91106377.json,e-toppo + kurupical,0,1,0.5909,Alakazam
91106508,/Users/nickzwart/Desktop/9-8-2026/91106508.json,THIRD PTCG Club,1,0,0.5508,Ogerpon
91108346,/Users/nickzwart/Desktop/9-8-2026/91108346.json,213tubo,0,1,0.5738,Alakazam
91108059,/Users/nickzwart/Desktop/9-8-2026/91108059.json,LumenLiquidity,1,1,0.624,Ogerpon
91108138,/Users/nickzwart/Desktop/9-8-2026/91108138.json,e-toppo + kurupical,0,1,0.5909,Grimmsnarl
91107255,/Users/nickzwart/Desktop/9-8-2026/91107255.json,e-toppo + kurupical,0,1,0.5909,other
91109039,/Users/nickzwart/Desktop/9-8-2026/91109039.json,e-toppo + kurupical,0,1,0.5909,Grimmsnarl
91109195,/Users/nickzwart/Desktop/9-8-2026/91109195.json,Pokemon Siuuuu,0,0,0.5809,Ogerpon
91109798,/Users/nickzwart/Desktop/9-8-2026/91109798.json,LumenLiquidity,0,1,0.624,Hydrapple
91110111,/Users/nickzwart/Desktop/9-8-2026/91110111.json,e-toppo + kurupical,0,1,0.5909,Grimmsnarl
91111672,/Users/nickzwart/Desktop/9-8-2026/91111672.json,e-toppo + kurupical,0,1,0.5909,Alakazam
91111832,/Users/nickzwart/Desktop/9-8-2026/91111832.json,THIRD PTCG Club,0,1,0.5508,Alakazam
91111575,/Users/nickzwart/Desktop/9-8-2026/91111575.json,LumenLiquidity,1,0,0.624,Alakazam
91110707,/Users/nickzwart/Desktop/9-8-2026/91110707.json,LumenLiquidity,0,0,0.624,M-Lopunny
91110777,/Users/nickzwart/Desktop/9-8-2026/91110777.json,213tubo,0,1,0.5738,Crustle
91110795,/Users/nickzwart/Desktop/9-8-2026/91110795.json,e-toppo + kurupical,1,0,0.5909,Grimmsnarl
91110924,/Users/nickzwart/Desktop/9-8-2026/91110924.json,Pokemon Siuuuu,0,1,0.5809,Alakazam
91112511,/Users/nickzwart/Desktop/9-8-2026/91112511.json,e-toppo + kurupical,0,1,0.5909,M-Lopunny
91112622,/Users/nickzwart/Desktop/9-8-2026/91112622.json,Dipam Chakraborty,1,0,0.6779,M-Lucario
91112650,/Users/nickzwart/Desktop/9-8-2026/91112650.json,Dipam Chakraborty,0,0,0.6779,M-Kangaskhan
91113321,/Users/nickzwart/Desktop/9-8-2026/91113321.json,LumenLiquidity,0,0,0.624,M-Lucario
91113406,/Users/nickzwart/Desktop/9-8-2026/91113406.json,e-toppo + kurupical,1,1,0.5909,Ogerpon
91114281,/Users/nickzwart/Desktop/9-8-2026/91114281.json,e-toppo + kurupical,1,0,0.5909,M-Lopunny
91114158,/Users/nickzwart/Desktop/9-8-2026/91114158.json,Dipam Chakraborty,0,1,0.6779,Grimmsnarl
91114487,/Users/nickzwart/Desktop/9-8-2026/91114487.json,Pokemon Siuuuu,1,0,0.5809,M-Kangaskhan
91115154,/Users/nickzwart/Desktop/9-8-2026/91115154.json,e-toppo + kurupical,0,1,0.5909,other
91115163,/Users/nickzwart/Desktop/9-8-2026/91115163.json,LumenLiquidity,0,0,0.624,Dragapult
91115163,/Users/nickzwart/Desktop/9-8-2026/91115163.json,Kh0a,1,1,0.6116,Dragapult
91115930,/Users/nickzwart/Desktop/9-8-2026/91115930.json,cyrus,0,0,0.4286,Grimmsnarl
91115956,/Users/nickzwart/Desktop/9-8-2026/91115956.json,LumenLiquidity,0,1,0.624,Hydrapple
91115988,/Users/nickzwart/Desktop/9-8-2026/91115988.json,Pokemon Siuuuu,1,1,0.5809,M-Lopunny
91116047,/Users/nickzwart/Desktop/9-8-2026/91116047.json,e-toppo + kurupical,0,1,0.5909,M-Kangaskhan
91116170,/Users/nickzwart/Desktop/9-8-2026/91116170.json,THIRD PTCG Club,1,0,0.5508,Ogerpon
91116237,/Users/nickzwart/Desktop/9-8-2026/91116237.json,213tubo,1,1,0.5738,Grimmsnarl
91117717,/Users/nickzwart/Desktop/9-8-2026/91117717.json,LumenLiquidity,0,1,0.624,M-Kangaskhan
91117815,/Users/nickzwart/Desktop/9-8-2026/91117815.json,e-toppo + kurupical,1,1,0.5909,Grimmsnarl
91118536,/Users/nickzwart/Desktop/9-8-2026/91118536.json,LumenLiquidity,1,1,0.624,Ogerpon
91118559,/Users/nickzwart/Desktop/9-8-2026/91118559.json,Kh0a,0,1,0.6116,Grimmsnarl
91116935,/Users/nickzwart/Desktop/9-8-2026/91116935.json,e-toppo + kurupical,0,1,0.5909,Grimmsnarl
91117103,/Users/nickzwart/Desktop/9-8-2026/91117103.json,LumenLiquidity,0,1,0.624,Dragapult
91117103,/Users/nickzwart/Desktop/9-8-2026/91117103.json,RtoABC,1,0,0.5244,Dragapult
91117700,/Users/nickzwart/Desktop/9-8-2026/91117700.json,213tubo,0,1,0.5738,Grimmsnarl
91119527,/Users/nickzwart/Desktop/9-8-2026/91119527.json,LumenLiquidity,0,1,0.624,M-Lopunny
91119563,/Users/nickzwart/Desktop/9-8-2026/91119563.json,e-toppo + kurupical,0,0,0.5909,Ogerpon
91119418,/Users/nickzwart/Desktop/9-8-2026/91119418.json,LumenLiquidity,1,0,0.624,Grimmsnarl
91119682,/Users/nickzwart/Desktop/9-8-2026/91119682.json,Dipam Chakraborty,0,1,0.6779,M-Lucario
91121136,/Users/nickzwart/Desktop/9-8-2026/91121136.json,szlachetny snieg,0,0,0.4615,Grimmsnarl
91120375,/Users/nickzwart/Desktop/9-8-2026/91120375.json,LumenLiquidity,1,0,0.624,Alakazam
91120501,/Users/nickzwart/Desktop/9-8-2026/91120501.json,e-toppo + kurupical,1,1,0.5909,Grimmsnarl
91121167,/Users/nickzwart/Desktop/9-8-2026/91121167.json,LumenLiquidity,0,1,0.624,Grimmsnarl
91121227,/Users/nickzwart/Desktop/9-8-2026/91121227.json,LumenLiquidity,0,1,0.624,Grimmsnarl
91121315,/Users/nickzwart/Desktop/9-8-2026/91121315.json,e-toppo + kurupical,0,1,0.5909,Ogerpon
91121419,/Users/nickzwart/Desktop/9-8-2026/91121419.json,cyrus,1,1,0.4286,Ogerpon
91122043,/Users/nickzwart/Desktop/9-8-2026/91122043.json,LumenLiquidity,1,0,0.624,Grimmsnarl
91122185,/Users/nickzwart/Desktop/9-8-2026/91122185.json,e-toppo + kurupical,1,1,0.5909,Grimmsnarl
91122987,/Users/nickzwart/Desktop/9-8-2026/91122987.json,LumenLiquidity,0,1,0.624,Alakazam
91122899,/Users/nickzwart/Desktop/9-8-2026/91122899.json,LumenLiquidity,0,0,0.624,Alakazam
91123192,/Users/nickzwart/Desktop/9-8-2026/91123192.json,e-toppo + kurupical,0,0,0.5909,Grimmsnarl
91123799,/Users/nickzwart/Desktop/9-8-2026/91123799.json,LumenLiquidity,1,1,0.624,Grimmsnarl
91123866,/Users/nickzwart/Desktop/9-8-2026/91123866.json,LumenLiquidity,1,1,0.624,Grimmsnarl
91124010,/Users/nickzwart/Desktop/9-8-2026/91124010.json,Kh0a,1,1,0.6116,Grimmsnarl
91124100,/Users/nickzwart/Desktop/9-8-2026/91124100.json,Pokemon Siuuuu,1,1,0.5809,Alakazam
91124674,/Users/nickzwart/Desktop/9-8-2026/91124674.json,THIRD PTCG Club,1,1,0.5508,Alakazam
91124747,/Users/nickzwart/Desktop/9-8-2026/91124747.json,LumenLiquidity,0,1,0.624,Grimmsnarl
91124807,/Users/nickzwart/Desktop/9-8-2026/91124807.json,RtoABC,1,0,0.5244,Grimmsnarl
91124962,/Users/nickzwart/Desktop/9-8-2026/91124962.json,213tubo,0,1,0.5738,Ogerpon
91124971,/Users/nickzwart/Desktop/9-8-2026/91124971.json,RtoABC,0,0,0.5244,Grimmsnarl
91125509,/Users/nickzwart/Desktop/9-8-2026/91125509.json,LumenLiquidity,1,1,0.624,Grimmsnarl
91125546,/Users/nickzwart/Desktop/9-8-2026/91125546.json,LumenLiquidity,0,0,0.624,Alakazam
91126622,/Users/nickzwart/Desktop/9-8-2026/91126622.json,Pokemon Siuuuu,1,1,0.5809,Grimmsnarl
91127293,/Users/nickzwart/Desktop/9-8-2026/91127293.json,LumenLiquidity,1,1,0.624,Ogerpon
91126400,/Users/nickzwart/Desktop/9-8-2026/91126400.json,LumenLiquidity,0,0,0.624,Dragapult
91126400,/Users/nickzwart/Desktop/9-8-2026/91126400.json,cyrus,1,1,0.4286,Dragapult
91126423,/Users/nickzwart/Desktop/9-8-2026/91126423.json,LumenLiquidity,1,1,0.624,Hydrapple
91127384,/Users/nickzwart/Desktop/9-8-2026/91127384.json,LumenLiquidity,1,1,0.624,Grimmsnarl
91128131,/Users/nickzwart/Desktop/9-8-2026/91128131.json,Pokemon Siuuuu,0,1,0.5809,Grimmsnarl
91128174,/Users/nickzwart/Desktop/9-8-2026/91128174.json,LumenLiquidity,0,1,0.624,Grimmsnarl
91128260,/Users/nickzwart/Desktop/9-8-2026/91128260.json,LumenLiquidity,0,1,0.624,Dragapult
91128260,/Users/nickzwart/Desktop/9-8-2026/91128260.json,szlachetny snieg,1,0,0.4615,Dragapult
91128277,/Users/nickzwart/Desktop/9-8-2026/91128277.json,213tubo,0,1,0.5738,Grimmsnarl
91128397,/Users/nickzwart/Desktop/9-8-2026/91128397.json,e-toppo + kurupical,1,0,0.5909,Ogerpon
91129070,/Users/nickzwart/Desktop/9-8-2026/91129070.json,LumenLiquidity,0,1,0.624,Grimmsnarl
91129120,/Users/nickzwart/Desktop/9-8-2026/91129120.json,LumenLiquidity,1,1,0.624,Alakazam
91129182,/Users/nickzwart/Desktop/9-8-2026/91129182.json,Pokemon Siuuuu,0,1,0.5809,Grimmsnarl
91129226,/Users/nickzwart/Desktop/9-8-2026/91129226.json,Dipam Chakraborty,1,1,0.6779,M-Lopunny
91129895,/Users/nickzwart/Desktop/9-8-2026/91129895.json,cyrus,1,0,0.4286,M-Kangaskhan
91130810,/Users/nickzwart/Desktop/9-8-2026/91130810.json,Budew,1,0,0.3636,Grimmsnarl
91130822,/Users/nickzwart/Desktop/9-8-2026/91130822.json,LumenLiquidity,1,1,0.624,M-Kangaskhan
91129938,/Users/nickzwart/Desktop/9-8-2026/91129938.json,LumenLiquidity,0,1,0.624,Alakazam
91130016,/Users/nickzwart/Desktop/9-8-2026/91130016.json,LumenLiquidity,0,1,0.624,Crustle
91130864,/Users/nickzwart/Desktop/9-8-2026/91130864.json,LumenLiquidity,0,1,0.624,Grimmsnarl
91131074,/Users/nickzwart/Desktop/9-8-2026/91131074.json,e-toppo + kurupical,1,0,0.5909,M-Lopunny
91131653,/Users/nickzwart/Desktop/9-8-2026/91131653.json,cyrus,1,0,0.4286,Alakazam
91131693,/Users/nickzwart/Desktop/9-8-2026/91131693.json,LumenLiquidity,0,1,0.624,Alakazam
91131704,/Users/nickzwart/Desktop/9-8-2026/91131704.json,Kh0a,1,1,0.6116,Grimmsnarl
91131736,/Users/nickzwart/Desktop/9-8-2026/91131736.json,LumenLiquidity,1,0,0.624,Grimmsnarl
91132561,/Users/nickzwart/Desktop/9-8-2026/91132561.json,LumenLiquidity,0,1,0.624,M-Kangaskhan
91132601,/Users/nickzwart/Desktop/9-8-2026/91132601.json,LumenLiquidity,1,0,0.624,M-Lopunny
91133349,/Users/nickzwart/Desktop/9-8-2026/91133349.json,Budew,0,0,0.3636,Ogerpon
91133372,/Users/nickzwart/Desktop/9-8-2026/91133372.json,LumenLiquidity,0,1,0.624,Alakazam
91132747,/Users/nickzwart/Desktop/9-8-2026/91132747.json,THIRD PTCG Club,1,0,0.5508,Grimmsnarl
91132791,/Users/nickzwart/Desktop/9-8-2026/91132791.json,Kh0a,1,0,0.6116,Grimmsnarl
91133644,/Users/nickzwart/Desktop/9-8-2026/91133644.json,Dipam Chakraborty,0,0,0.6779,M-Lucario
91133678,/Users/nickzwart/Desktop/9-8-2026/91133678.json,Dipam Chakraborty,0,1,0.6779,Alakazam
91133470,/Users/nickzwart/Desktop/9-8-2026/91133470.json,LumenLiquidity,0,1,0.624,Grimmsnarl
91133581,/Users/nickzwart/Desktop/9-8-2026/91133581.json,LumenLiquidity,0,0,0.624,Grimmsnarl
91134471,/Users/nickzwart/Desktop/9-8-2026/91134471.json,Kh0a,1,0,0.6116,Crustle
91134266,/Users/nickzwart/Desktop/9-8-2026/91134266.json,LumenLiquidity,1,0,0.624,Grimmsnarl
91134310,/Users/nickzwart/Desktop/9-8-2026/91134310.json,LumenLiquidity,0,0,0.624,Grimmsnarl
91134341,/Users/nickzwart/Desktop/9-8-2026/91134341.json,LumenLiquidity,0,0,0.624,Alakazam
91135173,/Users/nickzwart/Desktop/9-8-2026/91135173.json,LumenLiquidity,0,1,0.624,M-Lopunny
91135204,/Users/nickzwart/Desktop/9-8-2026/91135204.json,213tubo,1,0,0.5738,Grimmsnarl
91135225,/Users/nickzwart/Desktop/9-8-2026/91135225.json,LumenLiquidity,1,1,0.624,Alakazam
91135417,/Users/nickzwart/Desktop/9-8-2026/91135417.json,cyrus,1,1,0.4286,Grimmsnarl
91136045,/Users/nickzwart/Desktop/9-8-2026/91136045.json,LumenLiquidity,0,0,0.624,Dragapult
91136045,/Users/nickzwart/Desktop/9-8-2026/91136045.json,THIRD PTCG Club,1,1,0.5508,Dragapult
91136155,/Users/nickzwart/Desktop/9-8-2026/91136155.json,e-toppo + kurupical,1,1,0.5909,Alakazam
91136286,/Users/nickzwart/Desktop/9-8-2026/91136286.json,Dipam Chakraborty,0,1,0.6779,Alakazam
91136932,/Users/nickzwart/Desktop/9-8-2026/91136932.json,LumenLiquidity,1,0,0.624,Alakazam
91136959,/Users/nickzwart/Desktop/9-8-2026/91136959.json,213tubo,0,1,0.5738,Grimmsnarl
91138645,/Users/nickzwart/Desktop/9-8-2026/91138645.json,THIRD PTCG Club,1,1,0.5508,Grimmsnarl
91137814,/Users/nickzwart/Desktop/9-8-2026/91137814.json,LumenLiquidity,0,1,0.624,Alakazam
91137857,/Users/nickzwart/Desktop/9-8-2026/91137857.json,LumenLiquidity,1,1,0.624,M-Kangaskhan
91136978,/Users/nickzwart/Desktop/9-8-2026/91136978.json,LumenLiquidity,0,0,0.624,Garchomp
91137107,/Users/nickzwart/Desktop/9-8-2026/91137107.json,Dipam Chakraborty,0,0,0.6779,Grimmsnarl
91137166,/Users/nickzwart/Desktop/9-8-2026/91137166.json,Pokemon Siuuuu,1,1,0.5809,Grimmsnarl
91138689,/Users/nickzwart/Desktop/9-8-2026/91138689.json,LumenLiquidity,1,1,0.624,M-Kangaskhan
91138729,/Users/nickzwart/Desktop/9-8-2026/91138729.json,LumenLiquidity,0,1,0.624,M-Kangaskhan
91138876,/Users/nickzwart/Desktop/9-8-2026/91138876.json,Dipam Chakraborty,0,1,0.6779,Alakazam
91139537,/Users/nickzwart/Desktop/9-8-2026/91139537.json,e-toppo + kurupical,0,1,0.5909,Dudunsparce
91139559,/Users/nickzwart/Desktop/9-8-2026/91139559.json,LumenLiquidity,1,0,0.624,Alakazam
91139608,/Users/nickzwart/Desktop/9-8-2026/91139608.json,LumenLiquidity,1,1,0.624,M-Kangaskhan
91139696,/Users/nickzwart/Desktop/9-8-2026/91139696.json,Dipam Chakraborty,0,1,0.6779,Dragapult
91139696,/Users/nickzwart/Desktop/9-8-2026/91139696.json,Pokemon Siuuuu,1,0,0.5809,Dragapult
91140402,/Users/nickzwart/Desktop/9-8-2026/91140402.json,Kh0a,0,0,0.6116,Grimmsnarl
91140461,/Users/nickzwart/Desktop/9-8-2026/91140461.json,LumenLiquidity,0,1,0.624,Grimmsnarl
91140498,/Users/nickzwart/Desktop/9-8-2026/91140498.json,LumenLiquidity,1,0,0.624,Grimmsnarl
91140547,/Users/nickzwart/Desktop/9-8-2026/91140547.json,Dipam Chakraborty,0,1,0.6779,Dragapult
91140547,/Users/nickzwart/Desktop/9-8-2026/91140547.json,213tubo,1,0,0.5738,Dragapult
91141452,/Users/nickzwart/Desktop/9-8-2026/91141452.json,Dipam Chakraborty,1,1,0.6779,Ogerpon
91141218,/Users/nickzwart/Desktop/9-8-2026/91141218.json,LumenLiquidity,1,1,0.624,Alakazam
91141242,/Users/nickzwart/Desktop/9-8-2026/91141242.json,LumenLiquidity,0,1,0.624,M-Lopunny
91141259,/Users/nickzwart/Desktop/9-8-2026/91141259.json,Dipam Chakraborty,1,0,0.6779,other
91142212,/Users/nickzwart/Desktop/9-8-2026/91142212.json,e-toppo + kurupical,0,1,0.5909,Alakazam
91142215,/Users/nickzwart/Desktop/9-8-2026/91142215.json,LumenLiquidity,1,0,0.624,Grimmsnarl
91142262,/Users/nickzwart/Desktop/9-8-2026/91142262.json,LumenLiquidity,0,1,0.624,Dragapult
91142262,/Users/nickzwart/Desktop/9-8-2026/91142262.json,cyrus,1,0,0.4286,Dragapult
91142285,/Users/nickzwart/Desktop/9-8-2026/91142285.json,Dipam Chakraborty,1,0,0.6779,other
91142351,/Users/nickzwart/Desktop/9-8-2026/91142351.json,RtoABC,1,1,0.5244,M-Lucario
91143873,/Users/nickzwart/Desktop/9-8-2026/91143873.json,e-toppo + kurupical,0,0,0.5909,Grimmsnarl
91143094,/Users/nickzwart/Desktop/9-8-2026/91143094.json,LumenLiquidity,0,0,0.624,Grimmsnarl
91143129,/Users/nickzwart/Desktop/9-8-2026/91143129.json,LumenLiquidity,1,0,0.624,M-Kangaskhan
91143173,/Users/nickzwart/Desktop/9-8-2026/91143173.json,Dipam Chakraborty,1,1,0.6779,M-Lopunny
91144100,/Users/nickzwart/Desktop/9-8-2026/91144100.json,szlachetny snieg,0,1,0.4615,Grimmsnarl
91144118,/Users/nickzwart/Desktop/9-8-2026/91144118.json,Pokemon Siuuuu,0,0,0.5809,Alakazam
91144165,/Users/nickzwart/Desktop/9-8-2026/91144165.json,LumenLiquidity,0,1,0.624,other
91144031,/Users/nickzwart/Desktop/9-8-2026/91144031.json,Pokemon Siuuuu,1,0,0.5809,Ogerpon
91144047,/Users/nickzwart/Desktop/9-8-2026/91144047.json,LumenLiquidity,0,1,0.624,Alakazam
91144076,/Users/nickzwart/Desktop/9-8-2026/91144076.json,Dipam Chakraborty,0,0,0.6779,Dragapult
91144076,/Users/nickzwart/Desktop/9-8-2026/91144076.json,Pokemon Siuuuu,1,1,0.5809,Dragapult
91144082,/Users/nickzwart/Desktop/9-8-2026/91144082.json,Dipam Chakraborty,0,0,0.6779,M-Lucario
91144901,/Users/nickzwart/Desktop/9-8-2026/91144901.json,Dipam Chakraborty,0,0,0.6779,other
91144911,/Users/nickzwart/Desktop/9-8-2026/91144911.json,LumenLiquidity,0,0,0.624,Dragapult
91144911,/Users/nickzwart/Desktop/9-8-2026/91144911.json,e-toppo + kurupical,1,1,0.5909,Dragapult
91144928,/Users/nickzwart/Desktop/9-8-2026/91144928.json,Dipam Chakraborty,0,0,0.6779,Dragapult
91144928,/Users/nickzwart/Desktop/9-8-2026/91144928.json,213tubo,1,1,0.5738,Dragapult
91144848,/Users/nickzwart/Desktop/9-8-2026/91144848.json,Budew,1,0,0.3636,Grimmsnarl
91144852,/Users/nickzwart/Desktop/9-8-2026/91144852.json,LumenLiquidity,1,1,0.624,Ogerpon
91145567,/Users/nickzwart/Desktop/9-8-2026/91145567.json,LumenLiquidity,1,0,0.624,Grimmsnarl
91145681,/Users/nickzwart/Desktop/9-8-2026/91145681.json,213tubo,0,1,0.5738,Grimmsnarl
91145750,/Users/nickzwart/Desktop/9-8-2026/91145750.json,THIRD PTCG Club,0,1,0.5508,Grimmsnarl
91145700,/Users/nickzwart/Desktop/9-8-2026/91145700.json,THIRD PTCG Club,0,1,0.5508,Dudunsparce
91145722,/Users/nickzwart/Desktop/9-8-2026/91145722.json,LumenLiquidity,1,1,0.624,Grimmsnarl
91145724,/Users/nickzwart/Desktop/9-8-2026/91145724.json,cyrus,1,0,0.4286,Alakazam
91145731,/Users/nickzwart/Desktop/9-8-2026/91145731.json,LumenLiquidity,1,1,0.624,M-Lopunny
91146610,/Users/nickzwart/Desktop/9-8-2026/91146610.json,LumenLiquidity,1,1,0.624,M-Kangaskhan
91146630,/Users/nickzwart/Desktop/9-8-2026/91146630.json,Dipam Chakraborty,1,1,0.6779,M-Lucario
91145909,/Users/nickzwart/Desktop/9-8-2026/91145909.json,Dipam Chakraborty,0,0,0.6779,M-Lopunny
91146560,/Users/nickzwart/Desktop/9-8-2026/91146560.json,LumenLiquidity,0,0,0.624,Grimmsnarl
91147497,/Users/nickzwart/Desktop/9-8-2026/91147497.json,LumenLiquidity,1,0,0.624,Alakazam
91148396,/Users/nickzwart/Desktop/9-8-2026/91148396.json,LumenLiquidity,1,1,0.624,Ogerpon
91149257,/Users/nickzwart/Desktop/9-8-2026/91149257.json,Kh0a,1,0,0.6116,Grimmsnarl
91149324,/Users/nickzwart/Desktop/9-8-2026/91149324.json,e-toppo + kurupical,1,1,0.5909,Alakazam
91149334,/Users/nickzwart/Desktop/9-8-2026/91149334.json,THIRD PTCG Club,1,0,0.5508,Grimmsnarl
91148406,/Users/nickzwart/Desktop/9-8-2026/91148406.json,e-toppo + kurupical,1,1,0.5909,M-Lopunny
91149166,/Users/nickzwart/Desktop/9-8-2026/91149166.json,LumenLiquidity,1,0,0.624,Alakazam
91150167,/Users/nickzwart/Desktop/9-8-2026/91150167.json,LumenLiquidity,1,0,0.624,Grimmsnarl
91151055,/Users/nickzwart/Desktop/9-8-2026/91151055.json,LumenLiquidity,0,1,0.624,Dragapult
91151055,/Users/nickzwart/Desktop/9-8-2026/91151055.json,Kh0a,1,0,0.6116,Dragapult
91151830,/Users/nickzwart/Desktop/9-8-2026/91151830.json,e-toppo + kurupical,1,1,0.5909,Hydrapple
91151903,/Users/nickzwart/Desktop/9-8-2026/91151903.json,LumenLiquidity,0,0,0.624,Grimmsnarl
91151914,/Users/nickzwart/Desktop/9-8-2026/91151914.json,Pokemon Siuuuu,1,1,0.5809,Alakazam
91150930,/Users/nickzwart/Desktop/9-8-2026/91150930.json,szlachetny snieg,0,0,0.4615,Grimmsnarl
91152015,/Users/nickzwart/Desktop/9-8-2026/91152015.json,213tubo,0,1,0.5738,Alakazam
91152644,/Users/nickzwart/Desktop/9-8-2026/91152644.json,LumenLiquidity,0,0,0.624,Garchomp
91152810,/Users/nickzwart/Desktop/9-8-2026/91152810.json,Pokemon Siuuuu,1,0,0.5809,M-Lucario
91644687,/Users/nickzwart/Desktop/kdcyberdude/91644687.json,Kh0a,0,1,0.6116,Grimmsnarl
91706042,/Users/nickzwart/Desktop/kdcyberdude/91706042.json,flg,0,1,0.6387,Grimmsnarl
91920761,/Users/nickzwart/Desktop/kdcyberdude/91920761.json,Kh0a,1,0,0.6116,Grimmsnarl
91922672,/Users/nickzwart/Desktop/kdcyberdude/91922672.json,やる気元気ミワハルキ,1,1,0.64,Grimmsnarl
91931088,/Users/nickzwart/Desktop/kdcyberdude/91931088.json,やる気元気ミワハルキ,1,0,0.64,Grimmsnarl
91939326,/Users/nickzwart/Desktop/kdcyberdude/91939326.json,RtoABC,0,0,0.5244,Grimmsnarl
91918946,/Users/nickzwart/Desktop/kdcyberdude/91918946.json,Raihan Ramadistra,1,0,0.6486,Grimmsnarl
92186982,kd_fresh/_kdcyberdude/92186982.json,youtube.com/@BigBugginnings,0,0,0.4559,Ogerpon
92215099,kd_fresh/_kdcyberdude/92215099.json,Kh0a,1,0,0.6116,M-Kangaskhan
91994650,kd_fresh/_kdcyberdude/91994650.json,Kh0a,1,0,0.6116,Ogerpon
92017247,kd_fresh/_kdcyberdude/92017247.json,haggle,0,0,0.528,M-Kangaskhan
92069746,kd_fresh/_kdcyberdude/92069746.json,LumenLiquidity,1,1,0.624,M-Kangaskhan
92266438,/Users/nickzwart/Desktop/dragapult/episode-92266438-replay.json,Kilupy,1,0,0.5625,M-Lucario
92267391,/Users/nickzwart/Desktop/dragapult/episode-92267391-replay.json,Kilupy,0,1,0.5625,M-Lucario
92268326,/Users/nickzwart/Desktop/dragapult/episode-92268326-replay.json,Kilupy,1,1,0.5625,Dragapult
92269280,/Users/nickzwart/Desktop/dragapult/episode-92269280-replay.json,Kilupy,1,0,0.5625,Grimmsnarl
92261581,/Users/nickzwart/Desktop/dragapult/episode-92261581-replay.json,Kilupy,0,0,0.5625,Dragapult
92261581,/Users/nickzwart/Desktop/dragapult/episode-92261581-replay.json,Kilupy,1,1,0.5625,Dragapult
92261729,/Users/nickzwart/Desktop/dragapult/episode-92261729-replay.json,Kilupy,0,1,0.5625,Alakazam
92270229,/Users/nickzwart/Desktop/dragapult/episode-92270229-replay.json,Kilupy,0,0,0.5625,Crustle
92271094,/Users/nickzwart/Desktop/dragapult/episode-92271094-replay.json,Kilupy,1,1,0.5625,other
92271191,/Users/nickzwart/Desktop/dragapult/episode-92271191-replay.json,Kilupy,0,1,0.5625,other
92272137,/Users/nickzwart/Desktop/dragapult/episode-92272137-replay.json,Kilupy,0,0,0.5625,M-Lucario
92262672,/Users/nickzwart/Desktop/dragapult/episode-92262672-replay.json,Kilupy,0,1,0.5625,Archaludon
92263608,/Users/nickzwart/Desktop/dragapult/episode-92263608-replay.json,Kilupy,0,0,0.5625,M-Lucario
92264556,/Users/nickzwart/Desktop/dragapult/episode-92264556-replay.json,Kilupy,1,0,0.5625,M-Lucario
92265523,/Users/nickzwart/Desktop/dragapult/episode-92265523-replay.json,Kilupy,0,1,0.5625,M-Lucario
92298108,/Users/nickzwart/Desktop/dragapult/episode-92298108-replay.json,Kilupy,0,1,0.5625,other
92276850,/Users/nickzwart/Desktop/dragapult/episode-92276850-replay.json,Kilupy,1,0,0.5625,Dragapult
92277797,/Users/nickzwart/Desktop/dragapult/episode-92277797-replay.json,Kilupy,1,1,0.5625,other
92278734,/Users/nickzwart/Desktop/dragapult/episode-92278734-replay.json,Kilupy,1,1,0.5625,Alakazam
92279674,/Users/nickzwart/Desktop/dragapult/episode-92279674-replay.json,Kilupy,0,0,0.5625,Grimmsnarl
92273104,/Users/nickzwart/Desktop/dragapult/episode-92273104-replay.json,Kilupy,1,0,0.5625,M-Kangaskhan
92274021,/Users/nickzwart/Desktop/dragapult/episode-92274021-replay.json,Kilupy,0,1,0.5625,M-Lucario
92274942,/Users/nickzwart/Desktop/dragapult/episode-92274942-replay.json,Kilupy,0,1,0.5625,Crustle
92275908,/Users/nickzwart/Desktop/dragapult/episode-92275908-replay.json,Kilupy,0,0,0.5625,Grimmsnarl
92283434,/Users/nickzwart/Desktop/dragapult/episode-92283434-replay.json,Kilupy,1,0,0.5625,Archaludon
92284406,/Users/nickzwart/Desktop/dragapult/episode-92284406-replay.json,Kilupy,1,0,0.5625,Archaludon
92287910,/Users/nickzwart/Desktop/dragapult/episode-92287910-replay.json,Kilupy,1,1,0.5625,Alakazam
92294494,/Users/nickzwart/Desktop/dragapult/episode-92294494-replay.json,Kilupy,1,1,0.5625,Alakazam
92280617,/Users/nickzwart/Desktop/dragapult/episode-92280617-replay.json,Kilupy,0,0,0.5625,Dragapult
92281297,/Users/nickzwart/Desktop/dragapult/episode-92281297-replay.json,Kilupy,0,0,0.5625,Garchomp
92281565,/Users/nickzwart/Desktop/dragapult/episode-92281565-replay.json,Kilupy,0,1,0.5625,Archaludon
92282499,/Users/nickzwart/Desktop/dragapult/episode-92282499-replay.json,Kilupy,1,1,0.5625,M-Lucario
91807810,/Users/nickzwart/Desktop/11082026/91807810.json,haggle,1,0,0.528,M-Lopunny
91806960,/Users/nickzwart/Desktop/11082026/91806960.json,Pokemon Siuuuu,0,1,0.5809,Dragapult
91806960,/Users/nickzwart/Desktop/11082026/91806960.json,Dipam Chakraborty,1,0,0.6779,Dragapult
91805221,/Users/nickzwart/Desktop/11082026/91805221.json,youtube.com/@BigBugginnings,1,0,0.4559,Crustle
91805258,/Users/nickzwart/Desktop/11082026/91805258.json,youtube.com/@BigBugginnings,1,0,0.4559,Alakazam
91805932,/Users/nickzwart/Desktop/11082026/91805932.json,Pokemon Siuuuu,0,1,0.5809,M-Lopunny
91806011,/Users/nickzwart/Desktop/11082026/91806011.json,Dipam Chakraborty,1,1,0.6779,Alakazam
91806846,/Users/nickzwart/Desktop/11082026/91806846.json,Pokemon Siuuuu,0,1,0.5809,Grimmsnarl
91810582,/Users/nickzwart/Desktop/11082026/91810582.json,haggle,0,0,0.528,Grimmsnarl
91810620,/Users/nickzwart/Desktop/11082026/91810620.json,213tubo,0,1,0.5738,M-Lopunny
91811518,/Users/nickzwart/Desktop/11082026/91811518.json,haggle,0,1,0.528,Ogerpon
91809655,/Users/nickzwart/Desktop/11082026/91809655.json,haggle,1,1,0.528,Grimmsnarl
91808881,/Users/nickzwart/Desktop/11082026/91808881.json,Dipam Chakraborty,1,1,0.6779,M-Lopunny
91812474,/Users/nickzwart/Desktop/11082026/91812474.json,haggle,0,1,0.528,Grimmsnarl
91813413,/Users/nickzwart/Desktop/11082026/91813413.json,haggle,1,0,0.528,Grimmsnarl
91817258,/Users/nickzwart/Desktop/11082026/91817258.json,宝糕手,0,1,0.48,other
91816319,/Users/nickzwart/Desktop/11082026/91816319.json,haggle,0,0,0.528,Alakazam
91817099,/Users/nickzwart/Desktop/11082026/91817099.json,Klein Houmani,1,0,0.5185,M-Lopunny
91814340,/Users/nickzwart/Desktop/11082026/91814340.json,haggle,1,0,0.528,Grimmsnarl
91823750,/Users/nickzwart/Desktop/11082026/91823750.json,Pokemon Siuuuu,1,1,0.5809,M-Lopunny
91823813,/Users/nickzwart/Desktop/11082026/91823813.json,宝糕手,1,1,0.48,Hydrapple
91824601,/Users/nickzwart/Desktop/11082026/91824601.json,Raihan Ramadistra,0,1,0.6486,M-Lopunny
91825709,/Users/nickzwart/Desktop/11082026/91825709.json,haggle,1,1,0.528,Alakazam
91825749,/Users/nickzwart/Desktop/11082026/91825749.json,Raihan Ramadistra,0,1,0.6486,other
91826558,/Users/nickzwart/Desktop/11082026/91826558.json,Raihan Ramadistra,0,0,0.6486,M-Lopunny
91829442,/Users/nickzwart/Desktop/11082026/91829442.json,宝糕手,1,1,0.48,M-Lucario
91829484,/Users/nickzwart/Desktop/11082026/91829484.json,RtoABC,1,1,0.5244,Alakazam
91830316,/Users/nickzwart/Desktop/11082026/91830316.json,THIRD PTCG Club,1,0,0.5508,Garchomp
91831262,/Users/nickzwart/Desktop/11082026/91831262.json,THIRD PTCG Club,0,1,0.5508,M-Lopunny
91832371,/Users/nickzwart/Desktop/11082026/91832371.json,213tubo,1,0,0.5738,M-Kangaskhan
91833067,/Users/nickzwart/Desktop/11082026/91833067.json,宝糕手,0,1,0.48,M-Lopunny
91834817,/Users/nickzwart/Desktop/11082026/91834817.json,KatR,1,0,0.1667,M-Lopunny
91834948,/Users/nickzwart/Desktop/11082026/91834948.json,Marshall Maximizer,0,0,0.6042,Garchomp
91834968,/Users/nickzwart/Desktop/11082026/91834968.json,宝糕手,0,1,0.48,Grimmsnarl
91835058,/Users/nickzwart/Desktop/11082026/91835058.json,haggle,0,1,0.528,M-Lopunny
91835843,/Users/nickzwart/Desktop/11082026/91835843.json,Raihan Ramadistra,0,1,0.6486,Hydrapple
91835984,/Users/nickzwart/Desktop/11082026/91835984.json,haggle,0,0,0.528,Ogerpon
91836823,/Users/nickzwart/Desktop/11082026/91836823.json,Raihan Ramadistra,1,1,0.6486,M-Lopunny
91836924,/Users/nickzwart/Desktop/11082026/91836924.json,haggle,0,0,0.528,Grimmsnarl
91837919,/Users/nickzwart/Desktop/11082026/91837919.json,Kh0a,1,1,0.6116,Alakazam
91838802,/Users/nickzwart/Desktop/11082026/91838802.json,haggle,1,1,0.528,Grimmsnarl
91838698,/Users/nickzwart/Desktop/11082026/91838698.json,Kh0a,0,1,0.6116,Grimmsnarl
91839696,/Users/nickzwart/Desktop/11082026/91839696.json,Marshall Maximizer,0,1,0.6042,Grimmsnarl
91839738,/Users/nickzwart/Desktop/11082026/91839738.json,Pokemon Siuuuu,1,0,0.5809,Grimmsnarl
91840470,/Users/nickzwart/Desktop/11082026/91840470.json,Raihan Ramadistra,0,1,0.6486,Alakazam
91840662,/Users/nickzwart/Desktop/11082026/91840662.json,THIRD PTCG Club,0,0,0.5508,Garchomp
91842379,/Users/nickzwart/Desktop/11082026/91842379.json,Boss's Orders Are All You Need,1,1,0.1667,M-Lopunny
91841566,/Users/nickzwart/Desktop/11082026/91841566.json,RtoABC,1,1,0.5244,Grimmsnarl
91843329,/Users/nickzwart/Desktop/11082026/91843329.json,haggle,0,0,0.528,M-Lopunny
91843433,/Users/nickzwart/Desktop/11082026/91843433.json,THIRD PTCG Club,0,1,0.5508,Grimmsnarl
91843281,/Users/nickzwart/Desktop/11082026/91843281.json,e-toppo + kurupical,1,1,0.5909,Ogerpon
91845279,/Users/nickzwart/Desktop/11082026/91845279.json,Kh0a,1,1,0.6116,M-Lopunny
91847025,/Users/nickzwart/Desktop/11082026/91847025.json,e-toppo + kurupical,1,1,0.5909,Grimmsnarl
91847196,/Users/nickzwart/Desktop/11082026/91847196.json,haggle,0,1,0.528,Grimmsnarl
91848005,/Users/nickzwart/Desktop/11082026/91848005.json,e-toppo + kurupical,1,1,0.5909,Grimmsnarl
91848803,/Users/nickzwart/Desktop/11082026/91848803.json,Raihan Ramadistra,0,1,0.6486,Grimmsnarl
91849009,/Users/nickzwart/Desktop/11082026/91849009.json,flg,1,0,0.6387,M-Kangaskhan
91849145,/Users/nickzwart/Desktop/11082026/91849145.json,Pokemon Siuuuu,1,1,0.5809,Alakazam
91851575,/Users/nickzwart/Desktop/11082026/91851575.json,e-toppo + kurupical,0,1,0.5909,Alakazam
91849879,/Users/nickzwart/Desktop/11082026/91849879.json,Kh0a,1,1,0.6116,Dudunsparce
91851895,/Users/nickzwart/Desktop/11082026/91851895.json,Pokemon Siuuuu,0,1,0.5809,Grimmsnarl
91852507,/Users/nickzwart/Desktop/11082026/91852507.json,e-toppo + kurupical,0,0,0.5909,M-Lopunny
91852869,/Users/nickzwart/Desktop/11082026/91852869.json,haggle,1,0,0.528,Crustle
91854407,/Users/nickzwart/Desktop/11082026/91854407.json,yaki-imo,1,1,0.5,Grimmsnarl
91854556,/Users/nickzwart/Desktop/11082026/91854556.json,e-toppo + kurupical,1,1,0.5909,Alakazam
91855330,/Users/nickzwart/Desktop/11082026/91855330.json,e-toppo + kurupical,1,0,0.5909,Alakazam
91857193,/Users/nickzwart/Desktop/11082026/91857193.json,e-toppo + kurupical,1,1,0.5909,Crustle
91857300,/Users/nickzwart/Desktop/11082026/91857300.json,e-toppo + kurupical,1,1,0.5909,Ogerpon
91857347,/Users/nickzwart/Desktop/11082026/91857347.json,宝糕手,1,0,0.48,Alakazam
91856217,/Users/nickzwart/Desktop/11082026/91856217.json,e-toppo + kurupical,1,1,0.5909,other
91856338,/Users/nickzwart/Desktop/11082026/91856338.json,Pokemon Siuuuu,0,0,0.5809,Ogerpon
91856438,/Users/nickzwart/Desktop/11082026/91856438.json,e-toppo + kurupical,1,1,0.5909,Alakazam
91856540,/Users/nickzwart/Desktop/11082026/91856540.json,yaki-imo,1,1,0.5,Crustle
91858128,/Users/nickzwart/Desktop/11082026/91858128.json,e-toppo + kurupical,1,0,0.5909,Grimmsnarl
91859035,/Users/nickzwart/Desktop/11082026/91859035.json,THIRD PTCG Club,0,1,0.5508,Dragapult
91859035,/Users/nickzwart/Desktop/11082026/91859035.json,e-toppo + kurupical,1,0,0.5909,Dragapult
91859049,/Users/nickzwart/Desktop/11082026/91859049.json,yaki-imo,1,1,0.5,M-Lopunny
91859239,/Users/nickzwart/Desktop/11082026/91859239.json,Kh0a,1,1,0.6116,Hydrapple
91859929,/Users/nickzwart/Desktop/11082026/91859929.json,Raihan Ramadistra,1,1,0.6486,Grimmsnarl
91859975,/Users/nickzwart/Desktop/11082026/91859975.json,yaki-imo,0,1,0.5,Grimmsnarl
91859993,/Users/nickzwart/Desktop/11082026/91859993.json,e-toppo + kurupical,1,1,0.5909,Grimmsnarl
91860915,/Users/nickzwart/Desktop/11082026/91860915.json,yaki-imo,1,0,0.5,M-Lopunny
91860929,/Users/nickzwart/Desktop/11082026/91860929.json,e-toppo + kurupical,0,0,0.5909,Crustle
91861844,/Users/nickzwart/Desktop/11082026/91861844.json,yaki-imo,1,1,0.5,Alakazam
91861848,/Users/nickzwart/Desktop/11082026/91861848.json,haggle,1,0,0.528,M-Lucario
91861856,/Users/nickzwart/Desktop/11082026/91861856.json,e-toppo + kurupical,0,1,0.5909,other
91862731,/Users/nickzwart/Desktop/11082026/91862731.json,e-toppo + kurupical,0,0,0.5909,Crustle
91862921,/Users/nickzwart/Desktop/11082026/91862921.json,e-toppo + kurupical,1,0,0.5909,M-Lucario
91863657,/Users/nickzwart/Desktop/11082026/91863657.json,Kh0a,1,1,0.6116,Ogerpon
91864662,/Users/nickzwart/Desktop/11082026/91864662.json,yaki-imo,1,0,0.5,Grimmsnarl
91863727,/Users/nickzwart/Desktop/11082026/91863727.json,yaki-imo,1,1,0.5,Grimmsnarl
91864884,/Users/nickzwart/Desktop/11082026/91864884.json,e-toppo + kurupical,1,1,0.5909,Alakazam
91863914,/Users/nickzwart/Desktop/11082026/91863914.json,e-toppo + kurupical,1,1,0.5909,Alakazam
91864597,/Users/nickzwart/Desktop/11082026/91864597.json,Kh0a,1,0,0.6116,Alakazam
91865533,/Users/nickzwart/Desktop/11082026/91865533.json,Kh0a,0,0,0.6116,M-Kangaskhan
91865583,/Users/nickzwart/Desktop/11082026/91865583.json,RtoABC,1,1,0.5244,Grimmsnarl
91865604,/Users/nickzwart/Desktop/11082026/91865604.json,yaki-imo,1,1,0.5,Grimmsnarl
91865623,/Users/nickzwart/Desktop/11082026/91865623.json,e-toppo + kurupical,0,0,0.5909,Crustle
91865690,/Users/nickzwart/Desktop/11082026/91865690.json,Boss's Orders Are All You Need,1,0,0.1667,M-Lopunny
91866645,/Users/nickzwart/Desktop/11082026/91866645.json,e-toppo + kurupical,0,0,0.5909,M-Lopunny
91866521,/Users/nickzwart/Desktop/11082026/91866521.json,yaki-imo,1,0,0.5,M-Lopunny
91867407,/Users/nickzwart/Desktop/11082026/91867407.json,Kh0a,0,1,0.6116,Alakazam
91867462,/Users/nickzwart/Desktop/11082026/91867462.json,yaki-imo,1,0,0.5,M-Lopunny
91867471,/Users/nickzwart/Desktop/11082026/91867471.json,e-toppo + kurupical,0,1,0.5909,Ogerpon
91868351,/Users/nickzwart/Desktop/11082026/91868351.json,Kh0a,1,1,0.6116,Alakazam
91868447,/Users/nickzwart/Desktop/11082026/91868447.json,e-toppo + kurupical,1,1,0.5909,Grimmsnarl
91868480,/Users/nickzwart/Desktop/11082026/91868480.json,goonew,1,0,0.5,M-Lucario
91869309,/Users/nickzwart/Desktop/11082026/91869309.json,Kh0a,1,1,0.6116,Grimmsnarl
91869343,/Users/nickzwart/Desktop/11082026/91869343.json,flg,1,1,0.6387,M-Lucario
91869398,/Users/nickzwart/Desktop/11082026/91869398.json,e-toppo + kurupical,0,0,0.5909,Grimmsnarl
91869485,/Users/nickzwart/Desktop/11082026/91869485.json,e-toppo + kurupical,1,0,0.5909,Grimmsnarl
91869497,/Users/nickzwart/Desktop/11082026/91869497.json,e-toppo + kurupical,1,1,0.5909,M-Lopunny
91871136,/Users/nickzwart/Desktop/11082026/91871136.json,宝糕手,0,1,0.48,Alakazam
91871155,/Users/nickzwart/Desktop/11082026/91871155.json,Kh0a,0,1,0.6116,Alakazam
91872118,/Users/nickzwart/Desktop/11082026/91872118.json,Kh0a,0,1,0.6116,Hydrapple
91872093,/Users/nickzwart/Desktop/11082026/91872093.json,Kh0a,0,1,0.6116,M-Lopunny
91871174,/Users/nickzwart/Desktop/11082026/91871174.json,Kh0a,1,1,0.6116,Alakazam
91873238,/Users/nickzwart/Desktop/11082026/91873238.json,THIRD PTCG Club,0,1,0.5508,Grimmsnarl
91872280,/Users/nickzwart/Desktop/11082026/91872280.json,Klein Houmani,0,0,0.5185,M-Lopunny
91873053,/Users/nickzwart/Desktop/11082026/91873053.json,Kh0a,0,1,0.6116,Garchomp
91874883,/Users/nickzwart/Desktop/11082026/91874883.json,THIRD PTCG Club,0,1,0.5508,M-Lucario
91874937,/Users/nickzwart/Desktop/11082026/91874937.json,Kh0a,0,0,0.6116,Ogerpon
91873987,/Users/nickzwart/Desktop/11082026/91873987.json,Kh0a,0,1,0.6116,M-Lucario
91875994,/Users/nickzwart/Desktop/11082026/91875994.json,e-toppo + kurupical,0,0,0.5909,M-Lopunny
91875878,/Users/nickzwart/Desktop/11082026/91875878.json,Kh0a,0,1,0.6116,Grimmsnarl
91876804,/Users/nickzwart/Desktop/11082026/91876804.json,Kh0a,0,0,0.6116,Hydrapple
91876917,/Users/nickzwart/Desktop/11082026/91876917.json,e-toppo + kurupical,0,0,0.5909,Grimmsnarl
91876961,/Users/nickzwart/Desktop/11082026/91876961.json,e-toppo + kurupical,0,1,0.5909,M-Lucario
91877667,/Users/nickzwart/Desktop/11082026/91877667.json,Pokemon Siuuuu,1,1,0.5809,Alakazam
91877753,/Users/nickzwart/Desktop/11082026/91877753.json,宝糕手,0,0,0.48,Dragapult
91877753,/Users/nickzwart/Desktop/11082026/91877753.json,Kh0a,1,1,0.6116,Dragapult
91877796,/Users/nickzwart/Desktop/11082026/91877796.json,RtoABC,0,0,0.5244,Grimmsnarl
91877814,/Users/nickzwart/Desktop/11082026/91877814.json,yaki-imo,0,0,0.5,M-Lucario
91877865,/Users/nickzwart/Desktop/11082026/91877865.json,e-toppo + kurupical,0,0,0.5909,M-Lopunny
91878695,/Users/nickzwart/Desktop/11082026/91878695.json,Kh0a,0,0,0.6116,M-Lucario
91879635,/Users/nickzwart/Desktop/11082026/91879635.json,Kh0a,0,0,0.6116,Ogerpon
91879678,/Users/nickzwart/Desktop/11082026/91879678.json,flg,0,1,0.6387,M-Lucario
91880777,/Users/nickzwart/Desktop/11082026/91880777.json,THIRD PTCG Club,0,0,0.5508,M-Lucario
91880588,/Users/nickzwart/Desktop/11082026/91880588.json,Kh0a,1,1,0.6116,M-Kangaskhan
91880612,/Users/nickzwart/Desktop/11082026/91880612.json,Kh0a,0,1,0.6116,M-Lucario
91881533,/Users/nickzwart/Desktop/11082026/91881533.json,Kh0a,1,1,0.6116,Hydrapple
91881580,/Users/nickzwart/Desktop/11082026/91881580.json,宝糕手,1,0,0.48,M-Lucario
91882474,/Users/nickzwart/Desktop/11082026/91882474.json,Kh0a,0,1,0.6116,Dragapult
91882474,/Users/nickzwart/Desktop/11082026/91882474.json,THIRD PTCG Club,1,0,0.5508,Dragapult
91882539,/Users/nickzwart/Desktop/11082026/91882539.json,flg,1,0,0.6387,Ogerpon
91884404,/Users/nickzwart/Desktop/11082026/91884404.json,Kh0a,0,1,0.6116,M-Lopunny
91885307,/Users/nickzwart/Desktop/11082026/91885307.json,Kh0a,0,1,0.6116,Garchomp
91885333,/Users/nickzwart/Desktop/11082026/91885333.json,Kh0a,1,0,0.6116,M-Lucario
91883421,/Users/nickzwart/Desktop/11082026/91883421.json,Kh0a,1,0,0.6116,M-Lopunny
91886235,/Users/nickzwart/Desktop/11082026/91886235.json,Kh0a,1,0,0.6116,M-Kangaskhan
91887177,/Users/nickzwart/Desktop/11082026/91887177.json,Kh0a,0,1,0.6116,Grimmsnarl
91888867,/Users/nickzwart/Desktop/11082026/91888867.json,Sixth Sense,1,1,0.7167,M-Lopunny
91888141,/Users/nickzwart/Desktop/11082026/91888141.json,Kh0a,1,0,0.6116,Alakazam
91888200,/Users/nickzwart/Desktop/11082026/91888200.json,THIRD PTCG Club,1,1,0.5508,Alakazam
91889046,/Users/nickzwart/Desktop/11082026/91889046.json,Kh0a,1,1,0.6116,Alakazam
91889095,/Users/nickzwart/Desktop/11082026/91889095.json,Kh0a,0,1,0.6116,Ogerpon
91889907,/Users/nickzwart/Desktop/11082026/91889907.json,haggle,1,0,0.528,Ogerpon
91890123,/Users/nickzwart/Desktop/11082026/91890123.json,Kh0a,0,1,0.6116,Dragapult
91890123,/Users/nickzwart/Desktop/11082026/91890123.json,宝糕手,1,0,0.48,Dragapult
91890839,/Users/nickzwart/Desktop/11082026/91890839.json,Sixth Sense,0,1,0.7167,Grimmsnarl
91890878,/Users/nickzwart/Desktop/11082026/91890878.json,Raihan Ramadistra,0,0,0.6486,M-Lucario
91890919,/Users/nickzwart/Desktop/11082026/91890919.json,Sixth Sense,1,1,0.7167,Ogerpon
91891025,/Users/nickzwart/Desktop/11082026/91891025.json,Kh0a,1,1,0.6116,Grimmsnarl
91891676,/Users/nickzwart/Desktop/11082026/91891676.json,Sixth Sense,1,1,0.7167,Grimmsnarl
91891719,/Users/nickzwart/Desktop/11082026/91891719.json,Sixth Sense,1,1,0.7167,M-Kangaskhan
91891811,/Users/nickzwart/Desktop/11082026/91891811.json,e-toppo + kurupical,1,1,0.5909,M-Lucario
91891886,/Users/nickzwart/Desktop/11082026/91891886.json,Kh0a,0,1,0.6116,Dragapult
91891886,/Users/nickzwart/Desktop/11082026/91891886.json,THIRD PTCG Club,1,0,0.5508,Dragapult
91892001,/Users/nickzwart/Desktop/11082026/91892001.json,Raihan Ramadistra,1,0,0.6486,M-Kangaskhan
91892677,/Users/nickzwart/Desktop/11082026/91892677.json,Sixth Sense,0,1,0.7167,M-Kangaskhan
91893606,/Users/nickzwart/Desktop/11082026/91893606.json,Sixth Sense,1,1,0.7167,Ogerpon
91893818,/Users/nickzwart/Desktop/11082026/91893818.json,Kh0a,1,0,0.6116,M-Lopunny
91894518,/Users/nickzwart/Desktop/11082026/91894518.json,Sixth Sense,1,1,0.7167,Ogerpon
91894706,/Users/nickzwart/Desktop/11082026/91894706.json,Kh0a,0,1,0.6116,Ogerpon
91894728,/Users/nickzwart/Desktop/11082026/91894728.json,flg,1,0,0.6387,M-Lucario
91895439,/Users/nickzwart/Desktop/11082026/91895439.json,Sixth Sense,1,1,0.7167,Grimmsnarl
91895607,/Users/nickzwart/Desktop/11082026/91895607.json,THIRD PTCG Club,1,1,0.5508,M-Lucario
91896389,/Users/nickzwart/Desktop/11082026/91896389.json,Sixth Sense,1,1,0.7167,Alakazam
91896547,/Users/nickzwart/Desktop/11082026/91896547.json,haggle,0,0,0.528,M-Lucario
91896589,/Users/nickzwart/Desktop/11082026/91896589.json,Kh0a,1,1,0.6116,M-Lopunny
91897321,/Users/nickzwart/Desktop/11082026/91897321.json,Sixth Sense,0,1,0.7167,Dragapult
91897350,/Users/nickzwart/Desktop/11082026/91897350.json,Sixth Sense,1,0,0.7167,Grimmsnarl
91897523,/Users/nickzwart/Desktop/11082026/91897523.json,Kh0a,0,1,0.6116,Grimmsnarl
91898256,/Users/nickzwart/Desktop/11082026/91898256.json,Sixth Sense,1,0,0.7167,Grimmsnarl
91898298,/Users/nickzwart/Desktop/11082026/91898298.json,Sixth Sense,0,1,0.7167,Ogerpon
91898464,/Users/nickzwart/Desktop/11082026/91898464.json,Kh0a,0,0,0.6116,Grimmsnarl
91899200,/Users/nickzwart/Desktop/11082026/91899200.json,Sixth Sense,0,1,0.7167,Alakazam
91899224,/Users/nickzwart/Desktop/11082026/91899224.json,Sixth Sense,0,1,0.7167,M-Kangaskhan
91900169,/Users/nickzwart/Desktop/11082026/91900169.json,Sixth Sense,0,1,0.7167,Garchomp
91900384,/Users/nickzwart/Desktop/11082026/91900384.json,Kh0a,1,0,0.6116,M-Lucario
91900993,/Users/nickzwart/Desktop/11082026/91900993.json,やる気元気ミワハルキ,1,1,0.64,M-Kangaskhan
91899372,/Users/nickzwart/Desktop/11082026/91899372.json,Marshall Maximizer,1,1,0.6042,Alakazam
91899391,/Users/nickzwart/Desktop/11082026/91899391.json,Kh0a,0,1,0.6116,Grimmsnarl
91900051,/Users/nickzwart/Desktop/11082026/91900051.json,youtube.com/@BigBugginnings,1,1,0.4559,Grimmsnarl
91900142,/Users/nickzwart/Desktop/11082026/91900142.json,Sixth Sense,0,1,0.7167,Grimmsnarl
91901278,/Users/nickzwart/Desktop/11082026/91901278.json,haggle,1,0,0.528,M-Lucario
91902034,/Users/nickzwart/Desktop/11082026/91902034.json,Sixth Sense,1,1,0.7167,Crustle
91902066,/Users/nickzwart/Desktop/11082026/91902066.json,Sixth Sense,1,0,0.7167,Alakazam
91901023,/Users/nickzwart/Desktop/11082026/91901023.json,e-toppo + kurupical,1,0,0.5909,Alakazam
91901099,/Users/nickzwart/Desktop/11082026/91901099.json,Sixth Sense,1,1,0.7167,M-Lucario
91901108,/Users/nickzwart/Desktop/11082026/91901108.json,Sixth Sense,1,1,0.7167,Ogerpon
91902889,/Users/nickzwart/Desktop/11082026/91902889.json,やる気元気ミワハルキ,0,1,0.64,Garchomp
91902980,/Users/nickzwart/Desktop/11082026/91902980.json,Sixth Sense,1,1,0.7167,Ogerpon
91903012,/Users/nickzwart/Desktop/11082026/91903012.json,Sixth Sense,0,1,0.7167,Grimmsnarl
91903826,/Users/nickzwart/Desktop/11082026/91903826.json,やる気元気ミワハルキ,0,1,0.64,Ogerpon
91903924,/Users/nickzwart/Desktop/11082026/91903924.json,Sixth Sense,0,1,0.7167,Hydrapple
91903956,/Users/nickzwart/Desktop/11082026/91903956.json,Sixth Sense,0,1,0.7167,M-Lopunny
91904756,/Users/nickzwart/Desktop/11082026/91904756.json,やる気元気ミワハルキ,1,1,0.64,M-Lopunny
91905778,/Users/nickzwart/Desktop/11082026/91905778.json,Sixth Sense,0,1,0.7167,Dragapult
91905778,/Users/nickzwart/Desktop/11082026/91905778.json,Pokemon Siuuuu,1,0,0.5809,Dragapult
91905814,/Users/nickzwart/Desktop/11082026/91905814.json,Sixth Sense,0,0,0.7167,M-Lucario
91904885,/Users/nickzwart/Desktop/11082026/91904885.json,haggle,1,0,0.528,M-Lopunny
91904967,/Users/nickzwart/Desktop/11082026/91904967.json,Sixth Sense,0,1,0.7167,M-Lopunny
91904970,/Users/nickzwart/Desktop/11082026/91904970.json,Sixth Sense,0,1,0.7167,Dragapult
91904970,/Users/nickzwart/Desktop/11082026/91904970.json,Kh0a,1,0,0.6116,Dragapult
91905039,/Users/nickzwart/Desktop/11082026/91905039.json,Boss's Orders Are All You Need,1,0,0.1667,Grimmsnarl
91905082,/Users/nickzwart/Desktop/11082026/91905082.json,Sixth Sense,1,0,0.7167,M-Lucario
91906620,/Users/nickzwart/Desktop/11082026/91906620.json,やる気元気ミワハルキ,1,0,0.64,M-Kangaskhan
91906758,/Users/nickzwart/Desktop/11082026/91906758.json,Sixth Sense,1,1,0.7167,Grimmsnarl
91907547,/Users/nickzwart/Desktop/11082026/91907547.json,Kh0a,1,1,0.6116,Grimmsnarl
91907568,/Users/nickzwart/Desktop/11082026/91907568.json,Sixth Sense,0,0,0.7167,Dragapult
91907568,/Users/nickzwart/Desktop/11082026/91907568.json,やる気元気ミワハルキ,1,1,0.64,Dragapult
91907589,/Users/nickzwart/Desktop/11082026/91907589.json,Raihan Ramadistra,0,1,0.6486,Alakazam
91907666,/Users/nickzwart/Desktop/11082026/91907666.json,Sixth Sense,0,1,0.7167,M-Lopunny
91907699,/Users/nickzwart/Desktop/11082026/91907699.json,Sixth Sense,1,1,0.7167,Hydrapple
91908528,/Users/nickzwart/Desktop/11082026/91908528.json,やる気元気ミワハルキ,1,0,0.64,Garchomp
91908550,/Users/nickzwart/Desktop/11082026/91908550.json,Raihan Ramadistra,0,1,0.6486,Ogerpon
91908629,/Users/nickzwart/Desktop/11082026/91908629.json,Sixth Sense,0,0,0.7167,Grimmsnarl
91908660,/Users/nickzwart/Desktop/11082026/91908660.json,Sixth Sense,0,0,0.7167,M-Lucario
91909385,/Users/nickzwart/Desktop/11082026/91909385.json,Klein Houmani,0,1,0.5185,Ogerpon
91909437,/Users/nickzwart/Desktop/11082026/91909437.json,Pokemon Siuuuu,0,1,0.5809,Grimmsnarl
91909452,/Users/nickzwart/Desktop/11082026/91909452.json,Kh0a,0,1,0.6116,M-Lopunny
91909459,/Users/nickzwart/Desktop/11082026/91909459.json,やる気元気ミワハルキ,0,1,0.64,M-Lopunny
91909560,/Users/nickzwart/Desktop/11082026/91909560.json,Sixth Sense,0,1,0.7167,Alakazam
91909598,/Users/nickzwart/Desktop/11082026/91909598.json,Sixth Sense,0,1,0.7167,Hydrapple
91910400,/Users/nickzwart/Desktop/11082026/91910400.json,Kh0a,0,1,0.6116,Grimmsnarl
91910412,/Users/nickzwart/Desktop/11082026/91910412.json,やる気元気ミワハルキ,0,1,0.64,M-Lopunny
91910427,/Users/nickzwart/Desktop/11082026/91910427.json,Raihan Ramadistra,1,1,0.6486,Grimmsnarl
91910510,/Users/nickzwart/Desktop/11082026/91910510.json,Sixth Sense,0,1,0.7167,Dragapult
91910510,/Users/nickzwart/Desktop/11082026/91910510.json,Kh0a,1,0,0.6116,Dragapult
91910539,/Users/nickzwart/Desktop/11082026/91910539.json,Sixth Sense,1,1,0.7167,Grimmsnarl
91910619,/Users/nickzwart/Desktop/11082026/91910619.json,THIRD PTCG Club,1,0,0.5508,M-Lopunny
91911268,/Users/nickzwart/Desktop/11082026/91911268.json,Klein Houmani,0,1,0.5185,Grimmsnarl
91911323,/Users/nickzwart/Desktop/11082026/91911323.json,Kh0a,1,1,0.6116,Alakazam
91911334,/Users/nickzwart/Desktop/11082026/91911334.json,やる気元気ミワハルキ,0,1,0.64,other
91911356,/Users/nickzwart/Desktop/11082026/91911356.json,Raihan Ramadistra,0,1,0.6486,Alakazam
91911400,/Users/nickzwart/Desktop/11082026/91911400.json,Boss's Orders Are All You Need,1,0,0.1667,Alakazam
91911436,/Users/nickzwart/Desktop/11082026/91911436.json,Sixth Sense,0,1,0.7167,Garchomp
91911467,/Users/nickzwart/Desktop/11082026/91911467.json,Sixth Sense,0,0,0.7167,Dragapult
91911467,/Users/nickzwart/Desktop/11082026/91911467.json,宝糕手,1,1,0.48,Dragapult
91892841,/Users/nickzwart/Desktop/11082026/91892841.json,Kh0a,1,0,0.6116,M-Lopunny
91913247,/Users/nickzwart/Desktop/11082026/91913247.json,やる気元気ミワハルキ,1,1,0.64,Hydrapple
91913265,/Users/nickzwart/Desktop/11082026/91913265.json,Raihan Ramadistra,1,1,0.6486,Hydrapple
91912370,/Users/nickzwart/Desktop/11082026/91912370.json,やる気元気ミワハルキ,1,0,0.64,M-Lopunny
91912477,/Users/nickzwart/Desktop/11082026/91912477.json,Sixth Sense,1,0,0.7167,M-Lucario
91912508,/Users/nickzwart/Desktop/11082026/91912508.json,Sixth Sense,0,1,0.7167,Alakazam
91912537,/Users/nickzwart/Desktop/11082026/91912537.json,Kh0a,1,1,0.6116,Grimmsnarl
91912552,/Users/nickzwart/Desktop/11082026/91912552.json,Raihan Ramadistra,1,1,0.6486,Grimmsnarl
91913198,/Users/nickzwart/Desktop/11082026/91913198.json,Klein Houmani,1,0,0.5185,M-Lopunny
91914284,/Users/nickzwart/Desktop/11082026/91914284.json,Sixth Sense,1,1,0.7167,Grimmsnarl
91914318,/Users/nickzwart/Desktop/11082026/91914318.json,Sixth Sense,1,1,0.7167,Crustle
91913355,/Users/nickzwart/Desktop/11082026/91913355.json,Sixth Sense,0,1,0.7167,Ogerpon
91913390,/Users/nickzwart/Desktop/11082026/91913390.json,Sixth Sense,0,1,0.7167,Dragapult
91913390,/Users/nickzwart/Desktop/11082026/91913390.json,宝糕手,1,0,0.48,Dragapult
91914164,/Users/nickzwart/Desktop/11082026/91914164.json,Kh0a,0,0,0.6116,Dragapult
91914164,/Users/nickzwart/Desktop/11082026/91914164.json,flg,1,1,0.6387,Dragapult
91914178,/Users/nickzwart/Desktop/11082026/91914178.json,やる気元気ミワハルキ,0,1,0.64,M-Kangaskhan
91915196,/Users/nickzwart/Desktop/11082026/91915196.json,flg,1,1,0.6387,other
91915229,/Users/nickzwart/Desktop/11082026/91915229.json,Sixth Sense,0,1,0.7167,Alakazam
91915254,/Users/nickzwart/Desktop/11082026/91915254.json,Sixth Sense,1,0,0.7167,M-Lucario
91914399,/Users/nickzwart/Desktop/11082026/91914399.json,Kh0a,0,1,0.6116,M-Lopunny
91915098,/Users/nickzwart/Desktop/11082026/91915098.json,Klein Houmani,0,1,0.5185,Alakazam
91915105,/Users/nickzwart/Desktop/11082026/91915105.json,Kh0a,1,1,0.6116,Ogerpon
91915109,/Users/nickzwart/Desktop/11082026/91915109.json,やる気元気ミワハルキ,0,1,0.64,Dragapult
91915109,/Users/nickzwart/Desktop/11082026/91915109.json,flg,1,0,0.6387,Dragapult
91915134,/Users/nickzwart/Desktop/11082026/91915134.json,Raihan Ramadistra,1,0,0.6486,Garchomp
91916015,/Users/nickzwart/Desktop/11082026/91916015.json,Klein Houmani,0,1,0.5185,M-Lopunny
91916040,/Users/nickzwart/Desktop/11082026/91916040.json,Kh0a,1,1,0.6116,Ogerpon
91916059,/Users/nickzwart/Desktop/11082026/91916059.json,やる気元気ミワハルキ,1,0,0.64,Ogerpon
91916081,/Users/nickzwart/Desktop/11082026/91916081.json,Raihan Ramadistra,0,1,0.6486,Grimmsnarl
91916165,/Users/nickzwart/Desktop/11082026/91916165.json,Sixth Sense,1,1,0.7167,M-Lopunny
91916199,/Users/nickzwart/Desktop/11082026/91916199.json,Sixth Sense,0,1,0.7167,M-Lopunny
91916298,/Users/nickzwart/Desktop/11082026/91916298.json,やる気元気ミワハルキ,1,0,0.64,Ogerpon
91916946,/Users/nickzwart/Desktop/11082026/91916946.json,Klein Houmani,0,0,0.5185,Dragapult
91916946,/Users/nickzwart/Desktop/11082026/91916946.json,Kh0a,1,1,0.6116,Dragapult
91917000,/Users/nickzwart/Desktop/11082026/91917000.json,やる気元気ミワハルキ,1,1,0.64,Alakazam
91917007,/Users/nickzwart/Desktop/11082026/91917007.json,Raihan Ramadistra,1,0,0.6486,M-Lucario
91917096,/Users/nickzwart/Desktop/11082026/91917096.json,Sixth Sense,1,1,0.7167,Hydrapple
91917135,/Users/nickzwart/Desktop/11082026/91917135.json,Kh0a,1,1,0.6116,other
91917882,/Users/nickzwart/Desktop/11082026/91917882.json,Klein Houmani,0,1,0.5185,Alakazam
91917904,/Users/nickzwart/Desktop/11082026/91917904.json,Kh0a,1,1,0.6116,Alakazam
91917931,/Users/nickzwart/Desktop/11082026/91917931.json,やる気元気ミワハルキ,1,1,0.64,M-Lopunny
91918775,/Users/nickzwart/Desktop/11082026/91918775.json,Kh0a,1,0,0.6116,Alakazam
91918848,/Users/nickzwart/Desktop/11082026/91918848.json,Sixth Sense,0,1,0.7167,Alakazam
91918896,/Users/nickzwart/Desktop/11082026/91918896.json,Klein Houmani,0,1,0.5185,Grimmsnarl
91918938,/Users/nickzwart/Desktop/11082026/91918938.json,やる気元気ミワハルキ,0,1,0.64,Ogerpon
91917950,/Users/nickzwart/Desktop/11082026/91917950.json,Raihan Ramadistra,0,1,0.6486,M-Lopunny
91918028,/Users/nickzwart/Desktop/11082026/91918028.json,Sixth Sense,0,0,0.7167,Alakazam
91918033,/Users/nickzwart/Desktop/11082026/91918033.json,Klein Houmani,0,0,0.5185,Grimmsnarl
91918070,/Users/nickzwart/Desktop/11082026/91918070.json,Kh0a,0,1,0.6116,Dragapult
91918070,/Users/nickzwart/Desktop/11082026/91918070.json,Sixth Sense,1,0,0.7167,Dragapult
91919075,/Users/nickzwart/Desktop/11082026/91919075.json,Sixth Sense,1,1,0.7167,Grimmsnarl
91919795,/Users/nickzwart/Desktop/11082026/91919795.json,Klein Houmani,1,1,0.5185,M-Lopunny
91919816,/Users/nickzwart/Desktop/11082026/91919816.json,Kh0a,0,1,0.6116,Dragapult
91919816,/Users/nickzwart/Desktop/11082026/91919816.json,宝糕手,1,0,0.48,Dragapult
91919832,/Users/nickzwart/Desktop/11082026/91919832.json,やる気元気ミワハルキ,1,1,0.64,Ogerpon
91919854,/Users/nickzwart/Desktop/11082026/91919854.json,Raihan Ramadistra,0,1,0.6486,M-Lopunny
91919935,/Users/nickzwart/Desktop/11082026/91919935.json,Sixth Sense,1,1,0.7167,Alakazam
91919969,/Users/nickzwart/Desktop/11082026/91919969.json,Sixth Sense,1,0,0.7167,M-Lucario
91919994,/Users/nickzwart/Desktop/11082026/91919994.json,Sixth Sense,1,0,0.7167,M-Lucario
91920016,/Users/nickzwart/Desktop/11082026/91920016.json,やる気元気ミワハルキ,1,1,0.64,Ogerpon
91920747,/Users/nickzwart/Desktop/11082026/91920747.json,Klein Houmani,1,1,0.5185,Alakazam
91921720,/Users/nickzwart/Desktop/11082026/91921720.json,やる気元気ミワハルキ,1,0,0.64,M-Kangaskhan
91921721,/Users/nickzwart/Desktop/11082026/91921721.json,Raihan Ramadistra,1,1,0.6486,M-Lopunny
91920781,/Users/nickzwart/Desktop/11082026/91920781.json,やる気元気ミワハルキ,0,0,0.64,Ogerpon
91920792,/Users/nickzwart/Desktop/11082026/91920792.json,Raihan Ramadistra,0,1,0.6486,M-Lopunny
91920887,/Users/nickzwart/Desktop/11082026/91920887.json,Sixth Sense,1,1,0.7167,M-Froslass
91921684,/Users/nickzwart/Desktop/11082026/91921684.json,Klein Houmani,1,0,0.5185,Alakazam
91921901,/Users/nickzwart/Desktop/11082026/91921901.json,Sixth Sense,1,0,0.7167,M-Lucario
91922628,/Users/nickzwart/Desktop/11082026/91922628.json,Klein Houmani,0,1,0.5185,Grimmsnarl
91922642,/Users/nickzwart/Desktop/11082026/91922642.json,Kh0a,0,1,0.6116,Alakazam
91922664,/Users/nickzwart/Desktop/11082026/91922664.json,Raihan Ramadistra,1,1,0.6486,M-Lopunny
91923607,/Users/nickzwart/Desktop/11082026/91923607.json,やる気元気ミワハルキ,0,1,0.64,Dragapult
91923607,/Users/nickzwart/Desktop/11082026/91923607.json,Kh0a,1,0,0.6116,Dragapult
91923744,/Users/nickzwart/Desktop/11082026/91923744.json,Sixth Sense,0,1,0.7167,Grimmsnarl
91922705,/Users/nickzwart/Desktop/11082026/91922705.json,やる気元気ミワハルキ,1,1,0.64,Alakazam
91922768,/Users/nickzwart/Desktop/11082026/91922768.json,Sixth Sense,1,1,0.7167,M-Lopunny
91923569,/Users/nickzwart/Desktop/11082026/91923569.json,Klein Houmani,1,1,0.5185,M-Kangaskhan
91923589,/Users/nickzwart/Desktop/11082026/91923589.json,Kh0a,0,1,0.6116,Dragapult
91923589,/Users/nickzwart/Desktop/11082026/91923589.json,Pokemon Siuuuu,1,0,0.5809,Dragapult
91923600,/Users/nickzwart/Desktop/11082026/91923600.json,Raihan Ramadistra,1,0,0.6486,M-Lucario
91925448,/Users/nickzwart/Desktop/11082026/91925448.json,Sixth Sense,0,1,0.7167,Dragapult
91925448,/Users/nickzwart/Desktop/11082026/91925448.json,Klein Houmani,1,0,0.5185,Dragapult
91925450,/Users/nickzwart/Desktop/11082026/91925450.json,Kh0a,1,1,0.6116,Hydrapple
91925488,/Users/nickzwart/Desktop/11082026/91925488.json,やる気元気ミワハルキ,1,0,0.64,M-Lucario
91925489,/Users/nickzwart/Desktop/11082026/91925489.json,Raihan Ramadistra,1,1,0.6486,Hydrapple
91924517,/Users/nickzwart/Desktop/11082026/91924517.json,Kh0a,0,1,0.6116,Alakazam
91924546,/Users/nickzwart/Desktop/11082026/91924546.json,やる気元気ミワハルキ,1,1,0.64,Ogerpon
91924547,/Users/nickzwart/Desktop/11082026/91924547.json,Raihan Ramadistra,1,1,0.6486,M-Lopunny
91924638,/Users/nickzwart/Desktop/11082026/91924638.json,Sixth Sense,1,0,0.7167,Garchomp
91925590,/Users/nickzwart/Desktop/11082026/91925590.json,Sixth Sense,0,0,0.7167,M-Lucario
91926384,/Users/nickzwart/Desktop/11082026/91926384.json,Klein Houmani,1,0,0.5185,Grimmsnarl
91926394,/Users/nickzwart/Desktop/11082026/91926394.json,Kh0a,0,0,0.6116,M-Kangaskhan
91926435,/Users/nickzwart/Desktop/11082026/91926435.json,Raihan Ramadistra,0,0,0.6486,Alakazam
91926436,/Users/nickzwart/Desktop/11082026/91926436.json,やる気元気ミワハルキ,0,1,0.64,Ogerpon
91926532,/Users/nickzwart/Desktop/11082026/91926532.json,Sixth Sense,1,1,0.7167,M-Lopunny
91927324,/Users/nickzwart/Desktop/11082026/91927324.json,Klein Houmani,1,0,0.5185,Grimmsnarl
91927328,/Users/nickzwart/Desktop/11082026/91927328.json,Kh0a,1,1,0.6116,Grimmsnarl
91927371,/Users/nickzwart/Desktop/11082026/91927371.json,Kh0a,0,1,0.6116,Dragapult
91927371,/Users/nickzwart/Desktop/11082026/91927371.json,やる気元気ミワハルキ,1,0,0.64,Dragapult
91927375,/Users/nickzwart/Desktop/11082026/91927375.json,Raihan Ramadistra,0,1,0.6486,Grimmsnarl
91928260,/Users/nickzwart/Desktop/11082026/91928260.json,Klein Houmani,1,0,0.5185,Grimmsnarl
91928272,/Users/nickzwart/Desktop/11082026/91928272.json,Kh0a,1,1,0.6116,M-Lopunny
91928274,/Users/nickzwart/Desktop/11082026/91928274.json,haggle,0,1,0.528,Grimmsnarl
91928309,/Users/nickzwart/Desktop/11082026/91928309.json,やる気元気ミワハルキ,1,0,0.64,M-Kangaskhan
91928310,/Users/nickzwart/Desktop/11082026/91928310.json,Raihan Ramadistra,1,1,0.6486,Grimmsnarl
91929009,/Users/nickzwart/Desktop/11082026/91929009.json,RtoABC,1,1,0.5244,Alakazam
91929190,/Users/nickzwart/Desktop/11082026/91929190.json,Klein Houmani,1,0,0.5185,Alakazam
91929203,/Users/nickzwart/Desktop/11082026/91929203.json,Kh0a,0,1,0.6116,Dragapult
91929203,/Users/nickzwart/Desktop/11082026/91929203.json,Sixth Sense,1,0,0.7167,Dragapult
91929232,/Users/nickzwart/Desktop/11082026/91929232.json,Raihan Ramadistra,1,1,0.6486,M-Lopunny
91929239,/Users/nickzwart/Desktop/11082026/91929239.json,やる気元気ミワハルキ,0,1,0.64,Dragapult
91929239,/Users/nickzwart/Desktop/11082026/91929239.json,Raihan Ramadistra,1,0,0.6486,Dragapult
91929942,/Users/nickzwart/Desktop/11082026/91929942.json,RtoABC,1,0,0.5244,Alakazam
91930127,/Users/nickzwart/Desktop/11082026/91930127.json,Klein Houmani,0,1,0.5185,Alakazam
91930130,/Users/nickzwart/Desktop/11082026/91930130.json,Kh0a,0,0,0.6116,Ogerpon
91930174,/Users/nickzwart/Desktop/11082026/91930174.json,Raihan Ramadistra,1,1,0.6486,M-Lopunny
91930213,/Users/nickzwart/Desktop/11082026/91930213.json,Klein Houmani,0,1,0.5185,Alakazam
91930883,/Users/nickzwart/Desktop/11082026/91930883.json,RtoABC,0,1,0.5244,Grimmsnarl
91931062,/Users/nickzwart/Desktop/11082026/91931062.json,Klein Houmani,0,1,0.5185,Dragapult
91931062,/Users/nickzwart/Desktop/11082026/91931062.json,Kh0a,1,0,0.6116,Dragapult
91931063,/Users/nickzwart/Desktop/11082026/91931063.json,Klein Houmani,1,1,0.5185,Alakazam
91931101,/Users/nickzwart/Desktop/11082026/91931101.json,Raihan Ramadistra,0,1,0.6486,M-Lucario
91932060,/Users/nickzwart/Desktop/11082026/91932060.json,やる気元気ミワハルキ,1,0,0.64,Ogerpon
91932102,/Users/nickzwart/Desktop/11082026/91932102.json,KatR,0,1,0.1667,Ogerpon
91932766,/Users/nickzwart/Desktop/11082026/91932766.json,RtoABC,1,0,0.5244,Alakazam
91931814,/Users/nickzwart/Desktop/11082026/91931814.json,RtoABC,0,1,0.5244,Grimmsnarl
91931842,/Users/nickzwart/Desktop/11082026/91931842.json,Raihan Ramadistra,0,0,0.6486,M-Lopunny
91931993,/Users/nickzwart/Desktop/11082026/91931993.json,Kh0a,0,0,0.6116,M-Lucario
91932015,/Users/nickzwart/Desktop/11082026/91932015.json,Klein Houmani,0,1,0.5185,Grimmsnarl
91932933,/Users/nickzwart/Desktop/11082026/91932933.json,やる気元気ミワハルキ,1,1,0.64,Hydrapple
91932936,/Users/nickzwart/Desktop/11082026/91932936.json,Raihan Ramadistra,0,1,0.6486,Grimmsnarl
91932955,/Users/nickzwart/Desktop/11082026/91932955.json,Klein Houmani,1,0,0.5185,M-Kangaskhan
91932994,/Users/nickzwart/Desktop/11082026/91932994.json,Klein Houmani,1,1,0.5185,Grimmsnarl
91932996,/Users/nickzwart/Desktop/11082026/91932996.json,Kh0a,1,1,0.6116,Grimmsnarl
91933682,/Users/nickzwart/Desktop/11082026/91933682.json,RtoABC,1,0,0.5244,Grimmsnarl
91933877,/Users/nickzwart/Desktop/11082026/91933877.json,Kh0a,1,0,0.6116,M-Lucario
91933880,/Users/nickzwart/Desktop/11082026/91933880.json,Klein Houmani,1,0,0.5185,Alakazam
91933905,/Users/nickzwart/Desktop/11082026/91933905.json,やる気元気ミワハルキ,0,1,0.64,M-Froslass
91933909,/Users/nickzwart/Desktop/11082026/91933909.json,Raihan Ramadistra,0,0,0.6486,Dragapult
91933909,/Users/nickzwart/Desktop/11082026/91933909.json,flg,1,1,0.6387,Dragapult
91934614,/Users/nickzwart/Desktop/11082026/91934614.json,RtoABC,1,1,0.5244,Dragapult
91934825,/Users/nickzwart/Desktop/11082026/91934825.json,やる気元気ミワハルキ,1,1,0.64,M-Lopunny
91934836,/Users/nickzwart/Desktop/11082026/91934836.json,Raihan Ramadistra,0,1,0.6486,M-Lucario
91935554,/Users/nickzwart/Desktop/11082026/91935554.json,RtoABC,0,1,0.5244,Alakazam
91935748,/Users/nickzwart/Desktop/11082026/91935748.json,Kh0a,1,0,0.6116,Grimmsnarl
91935762,/Users/nickzwart/Desktop/11082026/91935762.json,Klein Houmani,0,1,0.5185,Alakazam
91935770,/Users/nickzwart/Desktop/11082026/91935770.json,Raihan Ramadistra,0,1,0.6486,Grimmsnarl
91936491,/Users/nickzwart/Desktop/11082026/91936491.json,RtoABC,0,1,0.5244,Dragapult
91936687,/Users/nickzwart/Desktop/11082026/91936687.json,Kh0a,0,0,0.6116,Dragapult
91936687,/Users/nickzwart/Desktop/11082026/91936687.json,やる気元気ミワハルキ,1,1,0.64,Dragapult
91936691,/Users/nickzwart/Desktop/11082026/91936691.json,Klein Houmani,1,0,0.5185,Alakazam
91936697,/Users/nickzwart/Desktop/11082026/91936697.json,Kh0a,0,0,0.6116,Alakazam
91936713,/Users/nickzwart/Desktop/11082026/91936713.json,Raihan Ramadistra,1,1,0.6486,Alakazam
91937559,/Users/nickzwart/Desktop/11082026/91937559.json,RtoABC,1,1,0.5244,M-Lopunny
91937659,/Users/nickzwart/Desktop/11082026/91937659.json,Klein Houmani,1,1,0.5185,Ogerpon
91937664,/Users/nickzwart/Desktop/11082026/91937664.json,やる気元気ミワハルキ,1,1,0.64,M-Lucario
91937702,/Users/nickzwart/Desktop/11082026/91937702.json,Raihan Ramadistra,0,1,0.6486,Grimmsnarl
91937708,/Users/nickzwart/Desktop/11082026/91937708.json,Kh0a,1,1,0.6116,M-Lopunny
91938392,/Users/nickzwart/Desktop/11082026/91938392.json,RtoABC,0,0,0.5244,M-Lopunny
91938578,/Users/nickzwart/Desktop/11082026/91938578.json,やる気元気ミワハルキ,0,1,0.64,Ogerpon
91938591,/Users/nickzwart/Desktop/11082026/91938591.json,Klein Houmani,1,0,0.5185,Grimmsnarl
91938595,/Users/nickzwart/Desktop/11082026/91938595.json,Raihan Ramadistra,1,0,0.6486,Ogerpon
91938600,/Users/nickzwart/Desktop/11082026/91938600.json,Kh0a,1,1,0.6116,Alakazam
91941373,/Users/nickzwart/Desktop/11082026/91941373.json,やる気元気ミワハルキ,0,0,0.64,M-Lucario
91941477,/Users/nickzwart/Desktop/11082026/91941477.json,Kh0a,0,1,0.6116,Dragapult
91941477,/Users/nickzwart/Desktop/11082026/91941477.json,RtoABC,1,0,0.5244,Dragapult
91942143,/Users/nickzwart/Desktop/11082026/91942143.json,RtoABC,0,0,0.5244,Alakazam
91939517,/Users/nickzwart/Desktop/11082026/91939517.json,やる気元気ミワハルキ,1,1,0.64,Ogerpon
91939522,/Users/nickzwart/Desktop/11082026/91939522.json,Klein Houmani,0,1,0.5185,Alakazam
91939564,/Users/nickzwart/Desktop/11082026/91939564.json,Kh0a,0,1,0.6116,Dragapult
91939564,/Users/nickzwart/Desktop/11082026/91939564.json,Sixth Sense,1,0,0.7167,Dragapult
91939589,/Users/nickzwart/Desktop/11082026/91939589.json,Raihan Ramadistra,1,1,0.6486,Hydrapple
91940322,/Users/nickzwart/Desktop/11082026/91940322.json,RtoABC,1,0,0.5244,Grimmsnarl
91940336,/Users/nickzwart/Desktop/11082026/91940336.json,RtoABC,0,0,0.5244,Garchomp
91940497,/Users/nickzwart/Desktop/11082026/91940497.json,やる気元気ミワハルキ,1,0,0.64,Ogerpon
91940536,/Users/nickzwart/Desktop/11082026/91940536.json,Sixth Sense,0,1,0.7167,Grimmsnarl
91940555,/Users/nickzwart/Desktop/11082026/91940555.json,Klein Houmani,1,0,0.5185,Grimmsnarl
91942407,/Users/nickzwart/Desktop/11082026/91942407.json,Kh0a,0,0,0.6116,M-Lopunny
91942419,/Users/nickzwart/Desktop/11082026/91942419.json,やる気元気ミワハルキ,1,1,0.64,Ogerpon
91943080,/Users/nickzwart/Desktop/11082026/91943080.json,RtoABC,1,1,0.5244,other
91945905,/Users/nickzwart/Desktop/11082026/91945905.json,Kh0a,1,0,0.6116,Alakazam
91944125,/Users/nickzwart/Desktop/11082026/91944125.json,Kh0a,1,1,0.6116,Grimmsnarl
91944941,/Users/nickzwart/Desktop/11082026/91944941.json,RtoABC,0,0,0.5244,Grimmsnarl
91943308,/Users/nickzwart/Desktop/11082026/91943308.json,Raihan Ramadistra,1,1,0.6486,Grimmsnarl
91944015,/Users/nickzwart/Desktop/11082026/91944015.json,RtoABC,1,1,0.5244,Grimmsnarl
91946112,/Users/nickzwart/Desktop/11082026/91946112.json,やる気元気ミワハルキ,1,0,0.64,M-Lucario
91947682,/Users/nickzwart/Desktop/11082026/91947682.json,Dipam Chakraborty,0,1,0.6779,Grimmsnarl
91947717,/Users/nickzwart/Desktop/11082026/91947717.json,RtoABC,0,0,0.5244,Garchomp
91946901,/Users/nickzwart/Desktop/11082026/91946901.json,RtoABC,0,0,0.5244,M-Lopunny
91946959,/Users/nickzwart/Desktop/11082026/91946959.json,THIRD PTCG Club,0,0,0.5508,Grimmsnarl
91948001,/Users/nickzwart/Desktop/11082026/91948001.json,RtoABC,1,1,0.5244,Ogerpon
91948629,/Users/nickzwart/Desktop/11082026/91948629.json,Dipam Chakraborty,0,1,0.6779,other
91948732,/Users/nickzwart/Desktop/11082026/91948732.json,RtoABC,0,0,0.5244,Alakazam
91949579,/Users/nickzwart/Desktop/11082026/91949579.json,Dipam Chakraborty,0,1,0.6779,Grimmsnarl
91950638,/Users/nickzwart/Desktop/11082026/91950638.json,haggle,1,0,0.528,Hydrapple
91949837,/Users/nickzwart/Desktop/11082026/91949837.json,Sixth Sense,0,0,0.7167,M-Lucario
91949847,/Users/nickzwart/Desktop/11082026/91949847.json,Klein Houmani,1,1,0.5185,M-Lopunny
91950529,/Users/nickzwart/Desktop/11082026/91950529.json,Dipam Chakraborty,1,1,0.6779,M-Lopunny
91951469,/Users/nickzwart/Desktop/11082026/91951469.json,Dipam Chakraborty,1,1,0.6779,M-Lopunny
91951563,/Users/nickzwart/Desktop/11082026/91951563.json,RtoABC,1,0,0.5244,Crustle
91952401,/Users/nickzwart/Desktop/11082026/91952401.json,Dipam Chakraborty,0,1,0.6779,Dragapult
91952401,/Users/nickzwart/Desktop/11082026/91952401.json,THIRD PTCG Club,1,0,0.5508,Dragapult
91952508,/Users/nickzwart/Desktop/11082026/91952508.json,RtoABC,1,0,0.5244,Grimmsnarl
91953354,/Users/nickzwart/Desktop/11082026/91953354.json,Dipam Chakraborty,1,1,0.6779,Grimmsnarl
91953469,/Users/nickzwart/Desktop/11082026/91953469.json,RtoABC,0,1,0.5244,Grimmsnarl
91953483,/Users/nickzwart/Desktop/11082026/91953483.json,Dipam Chakraborty,0,1,0.6779,Alakazam
91953585,/Users/nickzwart/Desktop/11082026/91953585.json,Kh0a,0,1,0.6116,Dragapult
91953585,/Users/nickzwart/Desktop/11082026/91953585.json,Sixth Sense,1,0,0.7167,Dragapult
91954545,/Users/nickzwart/Desktop/11082026/91954545.json,やる気元気ミワハルキ,0,0,0.64,Ogerpon
91955235,/Users/nickzwart/Desktop/11082026/91955235.json,Dipam Chakraborty,0,1,0.6779,M-Lucario
91955254,/Users/nickzwart/Desktop/11082026/91955254.json,fishcat,1,0,0.4286,M-Lopunny
91955348,/Users/nickzwart/Desktop/11082026/91955348.json,RtoABC,1,1,0.5244,Alakazam
91955426,/Users/nickzwart/Desktop/11082026/91955426.json,flg,1,0,0.6387,Alakazam
91954352,/Users/nickzwart/Desktop/11082026/91954352.json,Dipam Chakraborty,1,1,0.6779,Alakazam
91954367,/Users/nickzwart/Desktop/11082026/91954367.json,宝糕手,0,0,0.48,Hydrapple
91956157,/Users/nickzwart/Desktop/11082026/91956157.json,fishcat,1,1,0.4286,Hydrapple
91956301,/Users/nickzwart/Desktop/11082026/91956301.json,RtoABC,1,0,0.5244,other
91957116,/Users/nickzwart/Desktop/11082026/91957116.json,Dipam Chakraborty,1,1,0.6779,Crustle
91957212,/Users/nickzwart/Desktop/11082026/91957212.json,RtoABC,0,0,0.5244,Grimmsnarl
91959134,/Users/nickzwart/Desktop/11082026/91959134.json,RtoABC,1,0,0.5244,Alakazam
91959216,/Users/nickzwart/Desktop/11082026/91959216.json,宝糕手,0,0,0.48,Dragapult
91959216,/Users/nickzwart/Desktop/11082026/91959216.json,Raihan Ramadistra,1,1,0.6486,Dragapult
91958192,/Users/nickzwart/Desktop/11082026/91958192.json,RtoABC,0,0,0.5244,Dragapult
91958192,/Users/nickzwart/Desktop/11082026/91958192.json,Klein Houmani,1,1,0.5185,Dragapult
91958065,/Users/nickzwart/Desktop/11082026/91958065.json,Dipam Chakraborty,0,1,0.6779,M-Lucario
91959005,/Users/nickzwart/Desktop/11082026/91959005.json,Dipam Chakraborty,0,0,0.6779,Dragapult
91959005,/Users/nickzwart/Desktop/11082026/91959005.json,flg,1,1,0.6387,Dragapult
91959990,/Users/nickzwart/Desktop/11082026/91959990.json,Dipam Chakraborty,0,0,0.6779,M-Kangaskhan
91960030,/Users/nickzwart/Desktop/11082026/91960030.json,Pokemon Siuuuu,1,0,0.5809,M-Lopunny
91960134,/Users/nickzwart/Desktop/11082026/91960134.json,Pokemon Siuuuu,1,1,0.5809,Grimmsnarl
91962757,/Users/nickzwart/Desktop/11082026/91962757.json,Dipam Chakraborty,1,1,0.6779,Grimmsnarl
91962796,/Users/nickzwart/Desktop/11082026/91962796.json,宝糕手,1,1,0.48,Alakazam
91961076,/Users/nickzwart/Desktop/11082026/91961076.json,goonew,0,0,0.5,Ogerpon
91961800,/Users/nickzwart/Desktop/11082026/91961800.json,Dipam Chakraborty,0,1,0.6779,M-Lopunny
91961944,/Users/nickzwart/Desktop/11082026/91961944.json,RtoABC,1,1,0.5244,Grimmsnarl
91960926,/Users/nickzwart/Desktop/11082026/91960926.json,RtoABC,0,0,0.5244,Ogerpon
91963690,/Users/nickzwart/Desktop/11082026/91963690.json,Dipam Chakraborty,1,0,0.6779,M-Lopunny
91962874,/Users/nickzwart/Desktop/11082026/91962874.json,Pokemon Siuuuu,0,0,0.5809,Ogerpon
91962879,/Users/nickzwart/Desktop/11082026/91962879.json,宝糕手,0,0,0.48,M-Kangaskhan
91965731,/Users/nickzwart/Desktop/11082026/91965731.json,Sixth Sense,1,1,0.7167,M-Lucario
91966682,/Users/nickzwart/Desktop/11082026/91966682.json,Dipam Chakraborty,0,1,0.6779,Alakazam
91967477,/Users/nickzwart/Desktop/11082026/91967477.json,Dipam Chakraborty,1,1,0.6779,Hydrapple
91963857,/Users/nickzwart/Desktop/11082026/91963857.json,RtoABC,0,1,0.5244,Hydrapple
91964641,/Users/nickzwart/Desktop/11082026/91964641.json,Raihan Ramadistra,0,1,0.6486,Dragapult
91964641,/Users/nickzwart/Desktop/11082026/91964641.json,Dipam Chakraborty,1,0,0.6779,Dragapult
91965586,/Users/nickzwart/Desktop/11082026/91965586.json,Raihan Ramadistra,0,1,0.6486,Dragapult
91965586,/Users/nickzwart/Desktop/11082026/91965586.json,Dipam Chakraborty,1,0,0.6779,Dragapult
91970310,/Users/nickzwart/Desktop/11082026/91970310.json,Dipam Chakraborty,0,1,0.6779,other
91970391,/Users/nickzwart/Desktop/11082026/91970391.json,RtoABC,0,0,0.5244,Ogerpon
91968418,/Users/nickzwart/Desktop/11082026/91968418.json,Dipam Chakraborty,1,1,0.6779,Ogerpon
91968518,/Users/nickzwart/Desktop/11082026/91968518.json,RtoABC,1,0,0.5244,Garchomp
91968564,/Users/nickzwart/Desktop/11082026/91968564.json,THIRD PTCG Club,1,0,0.5508,Grimmsnarl
91972000,/Users/nickzwart/Desktop/11082026/91972000.json,Kh0a,0,1,0.6116,M-Froslass
91971059,/Users/nickzwart/Desktop/11082026/91971059.json,Kh0a,1,1,0.6116,Grimmsnarl
91971245,/Users/nickzwart/Desktop/11082026/91971245.json,Dipam Chakraborty,0,1,0.6779,Dragapult
91971245,/Users/nickzwart/Desktop/11082026/91971245.json,Sixth Sense,1,0,0.7167,Dragapult
91972184,/Users/nickzwart/Desktop/11082026/91972184.json,Dipam Chakraborty,0,1,0.6779,Alakazam
91972197,/Users/nickzwart/Desktop/11082026/91972197.json,Raihan Ramadistra,0,0,0.6486,M-Lopunny
91972941,/Users/nickzwart/Desktop/11082026/91972941.json,Kh0a,1,1,0.6116,Grimmsnarl
91974068,/Users/nickzwart/Desktop/11082026/91974068.json,Dipam Chakraborty,1,0,0.6779,M-Lucario
91973884,/Users/nickzwart/Desktop/11082026/91973884.json,Kh0a,0,1,0.6116,Alakazam
91974193,/Users/nickzwart/Desktop/11082026/91974193.json,やる気元気ミワハルキ,0,0,0.64,Alakazam
91974860,/Users/nickzwart/Desktop/11082026/91974860.json,Kh0a,1,1,0.6116,Grimmsnarl
91975003,/Users/nickzwart/Desktop/11082026/91975003.json,Dipam Chakraborty,1,1,0.6779,Ogerpon
91976693,/Users/nickzwart/Desktop/11082026/91976693.json,Kh0a,0,0,0.6116,Garchomp
91976724,/Users/nickzwart/Desktop/11082026/91976724.json,Pokemon Siuuuu,1,0,0.5809,M-Lopunny
91976742,/Users/nickzwart/Desktop/11082026/91976742.json,fishcat,0,1,0.4286,M-Lucario
91976898,/Users/nickzwart/Desktop/11082026/91976898.json,Dipam Chakraborty,1,1,0.6779,Ogerpon
91976899,/Users/nickzwart/Desktop/11082026/91976899.json,Sixth Sense,1,1,0.7167,M-Lopunny
91976990,/Users/nickzwart/Desktop/11082026/91976990.json,Sixth Sense,1,1,0.7167,Alakazam
91977635,/Users/nickzwart/Desktop/11082026/91977635.json,Kh0a,1,1,0.6116,Hydrapple
91975024,/Users/nickzwart/Desktop/11082026/91975024.json,Klein Houmani,1,0,0.5185,M-Lopunny
91975701,/Users/nickzwart/Desktop/11082026/91975701.json,Dipam Chakraborty,1,0,0.6779,M-Lucario
91975736,/Users/nickzwart/Desktop/11082026/91975736.json,Kh0a,1,0,0.6116,M-Lopunny
91977833,/Users/nickzwart/Desktop/11082026/91977833.json,Dipam Chakraborty,0,0,0.6779,M-Lucario
91977843,/Users/nickzwart/Desktop/11082026/91977843.json,やる気元気ミワハルキ,1,1,0.64,M-Lopunny
91978740,/Users/nickzwart/Desktop/11082026/91978740.json,Dipam Chakraborty,1,0,0.6779,M-Lopunny
91980457,/Users/nickzwart/Desktop/11082026/91980457.json,Kh0a,0,0,0.6116,M-Lopunny
91981404,/Users/nickzwart/Desktop/11082026/91981404.json,Kh0a,0,0,0.6116,Alakazam
91979483,/Users/nickzwart/Desktop/11082026/91979483.json,flg,0,1,0.6387,M-Kangaskhan
91979504,/Users/nickzwart/Desktop/11082026/91979504.json,Kh0a,0,0,0.6116,Ogerpon
91979597,/Users/nickzwart/Desktop/11082026/91979597.json,Kh0a,1,1,0.6116,Ogerpon
91979718,/Users/nickzwart/Desktop/11082026/91979718.json,Dipam Chakraborty,1,1,0.6779,Ogerpon
91980598,/Users/nickzwart/Desktop/11082026/91980598.json,Sixth Sense,1,1,0.7167,M-Froslass
91980662,/Users/nickzwart/Desktop/11082026/91980662.json,やる気元気ミワハルキ,0,1,0.64,Dragapult
91980662,/Users/nickzwart/Desktop/11082026/91980662.json,Dipam Chakraborty,1,0,0.6779,Dragapult
91981328,/Users/nickzwart/Desktop/11082026/91981328.json,Klein Houmani,0,1,0.5185,Ogerpon
91983227,/Users/nickzwart/Desktop/11082026/91983227.json,e-toppo + kurupical,1,1,0.5909,Alakazam
91982314,/Users/nickzwart/Desktop/11082026/91982314.json,Raihan Ramadistra,1,0,0.6486,M-Kangaskhan
91982336,/Users/nickzwart/Desktop/11082026/91982336.json,bono,0,1,0.4211,M-Kangaskhan
91982361,/Users/nickzwart/Desktop/11082026/91982361.json,Kh0a,0,1,0.6116,M-Lopunny
91983276,/Users/nickzwart/Desktop/11082026/91983276.json,Sixth Sense,0,0,0.7167,M-Kangaskhan
91983295,/Users/nickzwart/Desktop/11082026/91983295.json,bono,1,0,0.4211,Grimmsnarl
91983326,/Users/nickzwart/Desktop/11082026/91983326.json,Kh0a,1,1,0.6116,M-Kangaskhan
91985200,/Users/nickzwart/Desktop/11082026/91985200.json,Kh0a,0,1,0.6116,Alakazam
91984175,/Users/nickzwart/Desktop/11082026/91984175.json,Raihan Ramadistra,0,0,0.6486,Ogerpon
91984181,/Users/nickzwart/Desktop/11082026/91984181.json,Sixth Sense,1,1,0.7167,Alakazam
91984261,/Users/nickzwart/Desktop/11082026/91984261.json,Kh0a,0,0,0.6116,Grimmsnarl
91985147,/Users/nickzwart/Desktop/11082026/91985147.json,Sixth Sense,0,0,0.7167,M-Kangaskhan
91986150,/Users/nickzwart/Desktop/11082026/91986150.json,Klein Houmani,0,0,0.5185,Dragapult
91986150,/Users/nickzwart/Desktop/11082026/91986150.json,Kh0a,1,1,0.6116,Dragapult
91987049,/Users/nickzwart/Desktop/11082026/91987049.json,flg,1,1,0.6387,M-Kangaskhan
91987106,/Users/nickzwart/Desktop/11082026/91987106.json,Kh0a,1,0,0.6116,M-Lopunny
91987951,/Users/nickzwart/Desktop/11082026/91987951.json,Dipam Chakraborty,0,1,0.6779,Ogerpon
91989828,/Users/nickzwart/Desktop/11082026/91989828.json,bono,1,0,0.4211,Garchomp
91989850,/Users/nickzwart/Desktop/11082026/91989850.json,やる気元気ミワハルキ,1,1,0.64,M-Kangaskhan
91988799,/Users/nickzwart/Desktop/11082026/91988799.json,fishcat,1,0,0.4286,Hydrapple
91988011,/Users/nickzwart/Desktop/11082026/91988011.json,bono,1,1,0.4211,Grimmsnarl
91988043,/Users/nickzwart/Desktop/11082026/91988043.json,bono,0,0,0.4211,M-Lopunny
91988054,/Users/nickzwart/Desktop/11082026/91988054.json,Kh0a,0,1,0.6116,Grimmsnarl
91989074,/Users/nickzwart/Desktop/11082026/91989074.json,bono,1,1,0.4211,Alakazam
91989111,/Users/nickzwart/Desktop/11082026/91989111.json,Kh0a,1,0,0.6116,M-Lucario
91989921,/Users/nickzwart/Desktop/11082026/91989921.json,Kh0a,1,0,0.6116,M-Kangaskhan
91989926,/Users/nickzwart/Desktop/11082026/91989926.json,bono,1,1,0.4211,M-Kangaskhan
91990799,/Users/nickzwart/Desktop/11082026/91990799.json,Raihan Ramadistra,1,0,0.6486,Ogerpon
91990954,/Users/nickzwart/Desktop/11082026/91990954.json,宝糕手,0,0,0.48,Ogerpon
91991812,/Users/nickzwart/Desktop/11082026/91991812.json,Sixth Sense,0,1,0.7167,Dragapult
91991812,/Users/nickzwart/Desktop/11082026/91991812.json,bono,1,0,0.4211,Dragapult
91991845,/Users/nickzwart/Desktop/11082026/91991845.json,Kh0a,0,0,0.6116,Garchomp
91991902,/Users/nickzwart/Desktop/11082026/91991902.json,Sixth Sense,0,1,0.7167,Ogerpon
91992824,/Users/nickzwart/Desktop/11082026/91992824.json,THIRD PTCG Club,1,1,0.5508,M-Lopunny
91993608,/Users/nickzwart/Desktop/11082026/91993608.json,Pokopia,0,1,0.5217,Grimmsnarl
91992739,/Users/nickzwart/Desktop/11082026/91992739.json,Sixth Sense,0,0,0.7167,M-Kangaskhan
91992805,/Users/nickzwart/Desktop/11082026/91992805.json,Kh0a,1,1,0.6116,Alakazam
91994645,/Users/nickzwart/Desktop/11082026/91994645.json,bono,1,0,0.4211,Ogerpon
91994493,/Users/nickzwart/Desktop/11082026/91994493.json,haggle,1,0,0.528,M-Kangaskhan
91995497,/Users/nickzwart/Desktop/11082026/91995497.json,Pokopia,0,1,0.5217,M-Kangaskhan
91995536,/Users/nickzwart/Desktop/11082026/91995536.json,Pokopia,1,0,0.5217,Alakazam
91993693,/Users/nickzwart/Desktop/11082026/91993693.json,宝糕手,1,1,0.48,M-Lopunny
91993714,/Users/nickzwart/Desktop/11082026/91993714.json,bono,1,1,0.4211,other
91993747,/Users/nickzwart/Desktop/11082026/91993747.json,Kh0a,0,0,0.6116,Grimmsnarl
91995624,/Users/nickzwart/Desktop/11082026/91995624.json,Kh0a,1,1,0.6116,Grimmsnarl
91996391,/Users/nickzwart/Desktop/11082026/91996391.json,haggle,1,1,0.528,Grimmsnarl
91996554,/Users/nickzwart/Desktop/11082026/91996554.json,bono,1,0,0.4211,Grimmsnarl
91996567,/Users/nickzwart/Desktop/11082026/91996567.json,Kh0a,0,0,0.6116,M-Lopunny
91997342,/Users/nickzwart/Desktop/11082026/91997342.json,haggle,0,0,0.528,M-Kangaskhan
91998479,/Users/nickzwart/Desktop/11082026/91998479.json,Kh0a,1,0,0.6116,M-Kangaskhan
91997527,/Users/nickzwart/Desktop/11082026/91997527.json,Kh0a,1,1,0.6116,Alakazam
91997530,/Users/nickzwart/Desktop/11082026/91997530.json,Kh0a,0,0,0.6116,Grimmsnarl
91998188,/Users/nickzwart/Desktop/11082026/91998188.json,flg,1,0,0.6387,M-Kangaskhan
91998285,/Users/nickzwart/Desktop/11082026/91998285.json,haggle,1,0,0.528,Grimmsnarl
91998346,/Users/nickzwart/Desktop/11082026/91998346.json,Dipam Chakraborty,0,0,0.6779,Ogerpon
92001042,/Users/nickzwart/Desktop/11082026/92001042.json,THIRD PTCG Club,0,1,0.5508,Hydrapple
92001928,/Users/nickzwart/Desktop/11082026/92001928.json,Sixth Sense,0,1,0.7167,Ogerpon
92002093,/Users/nickzwart/Desktop/11082026/92002093.json,やる気元気ミワハルキ,0,0,0.64,Ogerpon
92002095,/Users/nickzwart/Desktop/11082026/92002095.json,Klein Houmani,0,0,0.5185,Grimmsnarl
92002830,/Users/nickzwart/Desktop/11082026/92002830.json,Sixth Sense,0,1,0.7167,Grimmsnarl
92002965,/Users/nickzwart/Desktop/11082026/92002965.json,Jack,0,0,0.5333,Alakazam
92003055,/Users/nickzwart/Desktop/11082026/92003055.json,haggle,1,1,0.528,Grimmsnarl
92003813,/Users/nickzwart/Desktop/11082026/92003813.json,Sixth Sense,1,1,0.7167,M-Kangaskhan
92003144,/Users/nickzwart/Desktop/11082026/92003144.json,flg,0,0,0.6387,M-Kangaskhan
92003791,/Users/nickzwart/Desktop/11082026/92003791.json,Sixth Sense,0,1,0.7167,Grimmsnarl
92004684,/Users/nickzwart/Desktop/11082026/92004684.json,Jack,0,1,0.5333,Grimmsnarl
92004735,/Users/nickzwart/Desktop/11082026/92004735.json,宝糕手,0,0,0.48,Dragapult
92004735,/Users/nickzwart/Desktop/11082026/92004735.json,Sixth Sense,1,1,0.7167,Dragapult
92004827,/Users/nickzwart/Desktop/11082026/92004827.json,haggle,1,0,0.528,Grimmsnarl
92005678,/Users/nickzwart/Desktop/11082026/92005678.json,Sixth Sense,1,1,0.7167,Alakazam
92005830,/Users/nickzwart/Desktop/11082026/92005830.json,Raihan Ramadistra,0,0,0.6486,Ogerpon
92006624,/Users/nickzwart/Desktop/11082026/92006624.json,Sixth Sense,1,1,0.7167,Alakazam
92006730,/Users/nickzwart/Desktop/11082026/92006730.json,haggle,1,1,0.528,Grimmsnarl
92007672,/Users/nickzwart/Desktop/11082026/92007672.json,haggle,0,0,0.528,Alakazam
92007571,/Users/nickzwart/Desktop/11082026/92007571.json,Sixth Sense,1,0,0.7167,Ogerpon
92008473,/Users/nickzwart/Desktop/11082026/92008473.json,RtoABC,1,0,0.5244,Alakazam
92008635,/Users/nickzwart/Desktop/11082026/92008635.json,haggle,0,1,0.528,Dragapult
92008635,/Users/nickzwart/Desktop/11082026/92008635.json,fishcat,1,0,0.4286,Dragapult
92008647,/Users/nickzwart/Desktop/11082026/92008647.json,Klein Houmani,0,1,0.5185,Alakazam
92009571,/Users/nickzwart/Desktop/11082026/92009571.json,haggle,1,1,0.528,Hydrapple
92008773,/Users/nickzwart/Desktop/11082026/92008773.json,Sixth Sense,0,0,0.7167,Alakazam
92009478,/Users/nickzwart/Desktop/11082026/92009478.json,Sixth Sense,1,0,0.7167,M-Lopunny
92010360,/Users/nickzwart/Desktop/11082026/92010360.json,Raihan Ramadistra,1,1,0.6486,Grimmsnarl
92010426,/Users/nickzwart/Desktop/11082026/92010426.json,Sixth Sense,1,1,0.7167,Ogerpon
92010512,/Users/nickzwart/Desktop/11082026/92010512.json,haggle,0,1,0.528,Ogerpon
92011394,/Users/nickzwart/Desktop/11082026/92011394.json,Sixth Sense,1,0,0.7167,M-Lopunny
92011476,/Users/nickzwart/Desktop/11082026/92011476.json,bono,0,0,0.4211,Hydrapple
92011477,/Users/nickzwart/Desktop/11082026/92011477.json,haggle,0,0,0.528,Ogerpon
92010543,/Users/nickzwart/Desktop/11082026/92010543.json,Sixth Sense,0,0,0.7167,Ogerpon
92010647,/Users/nickzwart/Desktop/11082026/92010647.json,bono,0,0,0.4211,M-Lopunny
92012296,/Users/nickzwart/Desktop/11082026/92012296.json,THIRD PTCG Club,1,1,0.5508,Alakazam
92012334,/Users/nickzwart/Desktop/11082026/92012334.json,Sixth Sense,1,1,0.7167,M-Lopunny
92013328,/Users/nickzwart/Desktop/11082026/92013328.json,Sixth Sense,0,0,0.7167,Grimmsnarl
92013343,/Users/nickzwart/Desktop/11082026/92013343.json,haggle,0,1,0.528,Grimmsnarl
92014141,/Users/nickzwart/Desktop/11082026/92014141.json,宝糕手,1,1,0.48,Garchomp
92012455,/Users/nickzwart/Desktop/11082026/92012455.json,Sixth Sense,0,1,0.7167,Hydrapple
92012555,/Users/nickzwart/Desktop/11082026/92012555.json,Kh0a,1,1,0.6116,Ogerpon
92013249,/Users/nickzwart/Desktop/11082026/92013249.json,Dipam Chakraborty,1,0,0.6779,Alakazam
92014251,/Users/nickzwart/Desktop/11082026/92014251.json,Sixth Sense,0,0,0.7167,M-Lucario
92014322,/Users/nickzwart/Desktop/11082026/92014322.json,haggle,0,0,0.528,M-Lopunny
92015091,/Users/nickzwart/Desktop/11082026/92015091.json,宝糕手,1,0,0.48,Alakazam
92016996,/Users/nickzwart/Desktop/11082026/92016996.json,Sixth Sense,1,1,0.7167,Hydrapple
92017013,/Users/nickzwart/Desktop/11082026/92017013.json,宝糕手,1,1,0.48,Ogerpon
92016169,/Users/nickzwart/Desktop/11082026/92016169.json,Sixth Sense,1,1,0.7167,M-Lopunny
92015210,/Users/nickzwart/Desktop/11082026/92015210.json,Sixth Sense,1,1,0.7167,M-Lucario
92015228,/Users/nickzwart/Desktop/11082026/92015228.json,RtoABC,0,1,0.5244,Alakazam
92015280,/Users/nickzwart/Desktop/11082026/92015280.json,haggle,0,0,0.528,Ogerpon
92016074,/Users/nickzwart/Desktop/11082026/92016074.json,宝糕手,1,1,0.48,Alakazam
92017936,/Users/nickzwart/Desktop/11082026/92017936.json,宝糕手,0,1,0.48,Ogerpon
92019778,/Users/nickzwart/Desktop/11082026/92019778.json,宝糕手,1,1,0.48,Grimmsnarl
92019801,/Users/nickzwart/Desktop/11082026/92019801.json,宝糕手,0,0,0.48,M-Lucario
92018953,/Users/nickzwart/Desktop/11082026/92018953.json,Sixth Sense,0,1,0.7167,Grimmsnarl
92019024,/Users/nickzwart/Desktop/11082026/92019024.json,haggle,1,0,0.528,M-Lucario
92019030,/Users/nickzwart/Desktop/11082026/92019030.json,Dipam Chakraborty,0,1,0.6779,Ogerpon
92018021,/Users/nickzwart/Desktop/11082026/92018021.json,Sixth Sense,0,1,0.7167,Grimmsnarl
92018838,/Users/nickzwart/Desktop/11082026/92018838.json,宝糕手,0,1,0.48,Grimmsnarl
92019900,/Users/nickzwart/Desktop/11082026/92019900.json,Sixth Sense,0,0,0.7167,Grimmsnarl
92020728,/Users/nickzwart/Desktop/11082026/92020728.json,宝糕手,1,1,0.48,Grimmsnarl
92020843,/Users/nickzwart/Desktop/11082026/92020843.json,Sixth Sense,1,1,0.7167,Ogerpon
92021600,/Users/nickzwart/Desktop/11082026/92021600.json,THIRD PTCG Club,1,1,0.5508,other
92021671,/Users/nickzwart/Desktop/11082026/92021671.json,宝糕手,0,0,0.48,M-Lopunny
92021680,/Users/nickzwart/Desktop/11082026/92021680.json,Raihan Ramadistra,1,1,0.6486,other
92021795,/Users/nickzwart/Desktop/11082026/92021795.json,Sixth Sense,1,1,0.7167,Hydrapple
92022610,/Users/nickzwart/Desktop/11082026/92022610.json,宝糕手,0,0,0.48,Alakazam
92022725,/Users/nickzwart/Desktop/11082026/92022725.json,Sixth Sense,1,1,0.7167,M-Lopunny
92023540,/Users/nickzwart/Desktop/11082026/92023540.json,宝糕手,0,1,0.48,Ogerpon
92023627,/Users/nickzwart/Desktop/11082026/92023627.json,Jack,0,1,0.5333,M-Kangaskhan
92023652,/Users/nickzwart/Desktop/11082026/92023652.json,Sixth Sense,0,1,0.7167,Ogerpon
92023658,/Users/nickzwart/Desktop/11082026/92023658.json,fishcat,0,1,0.4286,M-Kangaskhan
92023680,/Users/nickzwart/Desktop/11082026/92023680.json,Pokemon Siuuuu,1,0,0.5809,Grimmsnarl
92025336,/Users/nickzwart/Desktop/11082026/92025336.json,haggle,0,0,0.528,Alakazam
92024473,/Users/nickzwart/Desktop/11082026/92024473.json,Kh0a,0,1,0.6116,Dragapult
92024473,/Users/nickzwart/Desktop/11082026/92024473.json,宝糕手,1,0,0.48,Dragapult
92025511,/Users/nickzwart/Desktop/11082026/92025511.json,Jack,0,1,0.5333,Hydrapple
92025545,/Users/nickzwart/Desktop/11082026/92025545.json,Sixth Sense,0,1,0.7167,Alakazam
92024586,/Users/nickzwart/Desktop/11082026/92024586.json,Sixth Sense,1,1,0.7167,M-Lucario
92025629,/Users/nickzwart/Desktop/11082026/92025629.json,Jack,0,1,0.5333,Hydrapple
92026373,/Users/nickzwart/Desktop/11082026/92026373.json,bono,0,1,0.4211,Dragapult
92026373,/Users/nickzwart/Desktop/11082026/92026373.json,宝糕手,1,0,0.48,Dragapult
92027460,/Users/nickzwart/Desktop/11082026/92027460.json,Sixth Sense,1,0,0.7167,M-Kangaskhan
92027195,/Users/nickzwart/Desktop/11082026/92027195.json,bono,0,0,0.4211,Ogerpon
92027223,/Users/nickzwart/Desktop/11082026/92027223.json,Raihan Ramadistra,0,0,0.6486,Alakazam
92027228,/Users/nickzwart/Desktop/11082026/92027228.json,RtoABC,1,1,0.5244,Grimmsnarl
92028258,/Users/nickzwart/Desktop/11082026/92028258.json,宝糕手,1,0,0.48,M-Lopunny
92028340,/Users/nickzwart/Desktop/11082026/92028340.json,Jack,0,1,0.5333,Hydrapple
92028374,/Users/nickzwart/Desktop/11082026/92028374.json,Sixth Sense,1,1,0.7167,M-Lopunny
92026467,/Users/nickzwart/Desktop/11082026/92026467.json,Jack,0,1,0.5333,Grimmsnarl
92026493,/Users/nickzwart/Desktop/11082026/92026493.json,Sixth Sense,1,0,0.7167,M-Lopunny
92028455,/Users/nickzwart/Desktop/11082026/92028455.json,KatR,1,0,0.1667,M-Kangaskhan
92028462,/Users/nickzwart/Desktop/11082026/92028462.json,flg,1,1,0.6387,Ogerpon
92029136,/Users/nickzwart/Desktop/11082026/92029136.json,宝糕手,0,1,0.48,Ogerpon
92027323,/Users/nickzwart/Desktop/11082026/92027323.json,宝糕手,1,1,0.48,Grimmsnarl
92027423,/Users/nickzwart/Desktop/11082026/92027423.json,Jack,0,1,0.5333,Grimmsnarl
92029198,/Users/nickzwart/Desktop/11082026/92029198.json,宝糕手,1,0,0.48,Alakazam
92029276,/Users/nickzwart/Desktop/11082026/92029276.json,Jack,0,0,0.5333,Alakazam
92029313,/Users/nickzwart/Desktop/11082026/92029313.json,Sixth Sense,1,1,0.7167,Grimmsnarl
92031070,/Users/nickzwart/Desktop/11082026/92031070.json,宝糕手,0,1,0.48,Alakazam
92031114,/Users/nickzwart/Desktop/11082026/92031114.json,Jack,0,1,0.5333,Grimmsnarl
92031119,/Users/nickzwart/Desktop/11082026/92031119.json,Sixth Sense,0,1,0.7167,M-Lopunny
92030166,/Users/nickzwart/Desktop/11082026/92030166.json,宝糕手,1,0,0.48,Grimmsnarl
92030238,/Users/nickzwart/Desktop/11082026/92030238.json,Jack,1,0,0.5333,Ogerpon
92030261,/Users/nickzwart/Desktop/11082026/92030261.json,Sixth Sense,0,0,0.7167,M-Lopunny
92030342,/Users/nickzwart/Desktop/11082026/92030342.json,haggle,1,0,0.528,M-Kangaskhan
92031915,/Users/nickzwart/Desktop/11082026/92031915.json,Iliamna,0,1,0.5556,Ogerpon
92032049,/Users/nickzwart/Desktop/11082026/92032049.json,flg,1,0,0.6387,M-Lucario
92032065,/Users/nickzwart/Desktop/11082026/92032065.json,宝糕手,1,1,0.48,Alakazam
92032117,/Users/nickzwart/Desktop/11082026/92032117.json,RtoABC,1,0,0.5244,Alakazam
92032137,/Users/nickzwart/Desktop/11082026/92032137.json,Jack,1,0,0.5333,Grimmsnarl
92032150,/Users/nickzwart/Desktop/11082026/92032150.json,Kh0a,0,0,0.6116,Alakazam
92032859,/Users/nickzwart/Desktop/11082026/92032859.json,Iliamna,0,1,0.5556,M-Lopunny
92033810,/Users/nickzwart/Desktop/11082026/92033810.json,Iliamna,0,1,0.5556,Garchomp
92033014,/Users/nickzwart/Desktop/11082026/92033014.json,宝糕手,0,0,0.48,Garchomp
92033955,/Users/nickzwart/Desktop/11082026/92033955.json,宝糕手,0,1,0.48,Grimmsnarl
92034093,/Users/nickzwart/Desktop/11082026/92034093.json,e-toppo + kurupical,0,0,0.5909,Grimmsnarl
92034779,/Users/nickzwart/Desktop/11082026/92034779.json,Iliamna,1,0,0.5556,Grimmsnarl
92034882,/Users/nickzwart/Desktop/11082026/92034882.json,Jack,1,0,0.5333,Ogerpon
92034904,/Users/nickzwart/Desktop/11082026/92034904.json,Klein Houmani,1,0,0.5185,Grimmsnarl
92034923,/Users/nickzwart/Desktop/11082026/92034923.json,やる気元気ミワハルキ,0,1,0.64,M-Lucario
92034939,/Users/nickzwart/Desktop/11082026/92034939.json,宝糕手,0,0,0.48,Ogerpon
92035024,/Users/nickzwart/Desktop/11082026/92035024.json,Jack,0,1,0.5333,M-Lucario
92035059,/Users/nickzwart/Desktop/11082026/92035059.json,Sixth Sense,0,1,0.7167,Dragapult
92035059,/Users/nickzwart/Desktop/11082026/92035059.json,Dipam Chakraborty,1,0,0.6779,Dragapult
92035627,/Users/nickzwart/Desktop/11082026/92035627.json,Boseiju,0,1,0.3684,Garchomp
92035712,/Users/nickzwart/Desktop/11082026/92035712.json,Iliamna,1,0,0.5556,M-Kangaskhan
92036608,/Users/nickzwart/Desktop/11082026/92036608.json,Boseiju,1,1,0.3684,Ogerpon
92036808,/Users/nickzwart/Desktop/11082026/92036808.json,THIRD PTCG Club,0,0,0.5508,M-Lucario
92036851,/Users/nickzwart/Desktop/11082026/92036851.json,宝糕手,1,1,0.48,Grimmsnarl
92037563,/Users/nickzwart/Desktop/11082026/92037563.json,Boseiju,1,0,0.3684,M-Lucario
92037659,/Users/nickzwart/Desktop/11082026/92037659.json,Iliamna,0,1,0.5556,Dragapult
92037659,/Users/nickzwart/Desktop/11082026/92037659.json,fishcat,1,0,0.4286,Dragapult
92038717,/Users/nickzwart/Desktop/11082026/92038717.json,やる気元気ミワハルキ,0,1,0.64,other
92037806,/Users/nickzwart/Desktop/11082026/92037806.json,宝糕手,0,1,0.48,Grimmsnarl
92037825,/Users/nickzwart/Desktop/11082026/92037825.json,Jack,0,0,0.5333,Alakazam
92037881,/Users/nickzwart/Desktop/11082026/92037881.json,Sixth Sense,0,1,0.7167,Ogerpon
92038514,/Users/nickzwart/Desktop/11082026/92038514.json,Boseiju,0,0,0.3684,M-Kangaskhan
92038533,/Users/nickzwart/Desktop/11082026/92038533.json,JB Bryant,1,1,0.5714,Alakazam
92038747,/Users/nickzwart/Desktop/11082026/92038747.json,宝糕手,0,0,0.48,Grimmsnarl
92039470,/Users/nickzwart/Desktop/11082026/92039470.json,JB Bryant,1,0,0.5714,M-Lucario
92039595,/Users/nickzwart/Desktop/11082026/92039595.json,Pokemon Siuuuu,1,1,0.5809,other
92039691,/Users/nickzwart/Desktop/11082026/92039691.json,宝糕手,0,0,0.48,Alakazam
92040489,/Users/nickzwart/Desktop/11082026/92040489.json,Iliamna,0,0,0.5556,M-Lopunny
92041366,/Users/nickzwart/Desktop/11082026/92041366.json,Boseiju,0,0,0.3684,M-Lopunny
92041397,/Users/nickzwart/Desktop/11082026/92041397.json,JB Bryant,0,0,0.5714,Alakazam
92041678,/Users/nickzwart/Desktop/11082026/92041678.json,haggle,0,1,0.528,Hydrapple
92042325,/Users/nickzwart/Desktop/11082026/92042325.json,Boseiju,0,0,0.3684,Grimmsnarl
92042465,/Users/nickzwart/Desktop/11082026/92042465.json,Pokemon Siuuuu,0,0,0.5809,M-Lucario
92042599,/Users/nickzwart/Desktop/11082026/92042599.json,Sixth Sense,1,1,0.7167,Alakazam
92042602,/Users/nickzwart/Desktop/11082026/92042602.json,Raihan Ramadistra,0,0,0.6486,M-Kangaskhan
92043307,/Users/nickzwart/Desktop/11082026/92043307.json,JB Bryant,0,1,0.5714,Hydrapple
92043495,/Users/nickzwart/Desktop/11082026/92043495.json,flg,0,1,0.6387,Ogerpon
92044263,/Users/nickzwart/Desktop/11082026/92044263.json,JB Bryant,0,1,0.5714,Alakazam
92044431,/Users/nickzwart/Desktop/11082026/92044431.json,Sixth Sense,0,0,0.7167,M-Lucario
92045207,/Users/nickzwart/Desktop/11082026/92045207.json,JB Bryant,1,1,0.5714,Grimmsnarl
92045270,/Users/nickzwart/Desktop/11082026/92045270.json,Iliamna,0,1,0.5556,Alakazam
92046159,/Users/nickzwart/Desktop/11082026/92046159.json,JB Bryant,0,0,0.5714,Ogerpon
92047034,/Users/nickzwart/Desktop/11082026/92047034.json,THIRD PTCG Club,0,1,0.5508,Alakazam
92047103,/Users/nickzwart/Desktop/11082026/92047103.json,JB Bryant,1,1,0.5714,Alakazam
92047211,/Users/nickzwart/Desktop/11082026/92047211.json,haggle,1,1,0.528,Alakazam
92047349,/Users/nickzwart/Desktop/11082026/92047349.json,Kh0a,0,1,0.6116,Grimmsnarl
92048051,/Users/nickzwart/Desktop/11082026/92048051.json,JB Bryant,1,0,0.5714,M-Lopunny
92049005,/Users/nickzwart/Desktop/11082026/92049005.json,JB Bryant,1,0,0.5714,Grimmsnarl
92049035,/Users/nickzwart/Desktop/11082026/92049035.json,Budew,0,1,0.3636,Grimmsnarl
92049199,/Users/nickzwart/Desktop/11082026/92049199.json,Sixth Sense,1,0,0.7167,Grimmsnarl
92049227,/Users/nickzwart/Desktop/11082026/92049227.json,JB Bryant,0,1,0.5714,M-Lopunny
92049955,/Users/nickzwart/Desktop/11082026/92049955.json,JB Bryant,1,0,0.5714,M-Lucario
92049971,/Users/nickzwart/Desktop/11082026/92049971.json,Budew,1,0,0.3636,Alakazam
92050114,/Users/nickzwart/Desktop/11082026/92050114.json,Raihan Ramadistra,0,1,0.6486,M-Lucario
92050779,/Users/nickzwart/Desktop/11082026/92050779.json,THIRD PTCG Club,0,1,0.5508,Grimmsnarl
92050847,/Users/nickzwart/Desktop/11082026/92050847.json,LumenLiquidity,1,1,0.624,Grimmsnarl
92050883,/Users/nickzwart/Desktop/11082026/92050883.json,JB Bryant,1,0,0.5714,M-Kangaskhan
92050915,/Users/nickzwart/Desktop/11082026/92050915.json,Budew,0,0,0.3636,Grimmsnarl
92050982,/Users/nickzwart/Desktop/11082026/92050982.json,THIRD PTCG Club,1,1,0.5508,M-Lucario
92051095,/Users/nickzwart/Desktop/11082026/92051095.json,haggle,0,1,0.528,M-Lopunny
92051814,/Users/nickzwart/Desktop/11082026/92051814.json,JB Bryant,0,1,0.5714,Grimmsnarl
92052652,/Users/nickzwart/Desktop/11082026/92052652.json,THIRD PTCG Club,0,1,0.5508,Dragapult
92052652,/Users/nickzwart/Desktop/11082026/92052652.json,Boseiju,1,0,0.3684,Dragapult
92052705,/Users/nickzwart/Desktop/11082026/92052705.json,LumenLiquidity,0,1,0.624,Ogerpon
92052713,/Users/nickzwart/Desktop/11082026/92052713.json,Boseiju,1,1,0.3684,other
92053639,/Users/nickzwart/Desktop/11082026/92053639.json,Boseiju,0,1,0.3684,Grimmsnarl
92053687,/Users/nickzwart/Desktop/11082026/92053687.json,JB Bryant,0,1,0.5714,Grimmsnarl
92052843,/Users/nickzwart/Desktop/11082026/92052843.json,Kh0a,1,1,0.6116,M-Lucario
92052909,/Users/nickzwart/Desktop/11082026/92052909.json,Jack,1,1,0.5333,Grimmsnarl
92053588,/Users/nickzwart/Desktop/11082026/92053588.json,Boseiju,1,0,0.3684,Grimmsnarl
92054590,/Users/nickzwart/Desktop/11082026/92054590.json,Boseiju,0,0,0.3684,Alakazam
92055525,/Users/nickzwart/Desktop/11082026/92055525.json,LumenLiquidity,0,1,0.624,M-Kangaskhan
92056534,/Users/nickzwart/Desktop/11082026/92056534.json,JB Bryant,1,1,0.5714,Alakazam
92056675,/Users/nickzwart/Desktop/11082026/92056675.json,Dipam Chakraborty,1,1,0.6779,Grimmsnarl
92057413,/Users/nickzwart/Desktop/11082026/92057413.json,LumenLiquidity,1,1,0.624,Grimmsnarl
92058244,/Users/nickzwart/Desktop/11082026/92058244.json,Sixth Sense,0,1,0.7167,Alakazam
92058245,/Users/nickzwart/Desktop/11082026/92058245.json,Sixth Sense,1,1,0.7167,other
92058335,/Users/nickzwart/Desktop/11082026/92058335.json,Boseiju,1,0,0.3684,Grimmsnarl
92058367,/Users/nickzwart/Desktop/11082026/92058367.json,LumenLiquidity,0,1,0.624,Alakazam
92058415,/Users/nickzwart/Desktop/11082026/92058415.json,JB Bryant,1,0,0.5714,Alakazam
92058463,/Users/nickzwart/Desktop/11082026/92058463.json,Budew,0,0,0.3636,Alakazam
92059186,/Users/nickzwart/Desktop/11082026/92059186.json,Kh0a,1,1,0.6116,Grimmsnarl
92059195,/Users/nickzwart/Desktop/11082026/92059195.json,Sixth Sense,0,1,0.7167,Dragapult
92059195,/Users/nickzwart/Desktop/11082026/92059195.json,Kh0a,1,0,0.6116,Dragapult
92059196,/Users/nickzwart/Desktop/11082026/92059196.json,Sixth Sense,0,0,0.7167,M-Lucario
92059280,/Users/nickzwart/Desktop/11082026/92059280.json,LumenLiquidity,0,1,0.624,Dragapult
92059330,/Users/nickzwart/Desktop/11082026/92059330.json,JB Bryant,0,1,0.5714,M-Lucario
92059414,/Users/nickzwart/Desktop/11082026/92059414.json,haggle,1,1,0.528,Alakazam
92059481,/Users/nickzwart/Desktop/11082026/92059481.json,Ars Noveau,0,0,0.6667,Alakazam
92060138,/Users/nickzwart/Desktop/11082026/92060138.json,Kh0a,1,1,0.6116,Grimmsnarl
92060144,/Users/nickzwart/Desktop/11082026/92060144.json,Sixth Sense,0,1,0.7167,Dragapult
92060144,/Users/nickzwart/Desktop/11082026/92060144.json,Kh0a,1,0,0.6116,Dragapult
92060147,/Users/nickzwart/Desktop/11082026/92060147.json,Sixth Sense,0,1,0.7167,Grimmsnarl
92060239,/Users/nickzwart/Desktop/11082026/92060239.json,Boseiju,0,1,0.3684,Alakazam
92060266,/Users/nickzwart/Desktop/11082026/92060266.json,LumenLiquidity,1,1,0.624,Garchomp
92060312,/Users/nickzwart/Desktop/11082026/92060312.json,JB Bryant,0,1,0.5714,Grimmsnarl
92061088,/Users/nickzwart/Desktop/11082026/92061088.json,Kh0a,0,1,0.6116,Grimmsnarl
92061091,/Users/nickzwart/Desktop/11082026/92061091.json,Sixth Sense,0,1,0.7167,Alakazam
92061092,/Users/nickzwart/Desktop/11082026/92061092.json,Sixth Sense,0,1,0.7167,Hydrapple
92061172,/Users/nickzwart/Desktop/11082026/92061172.json,Boseiju,1,1,0.3684,Grimmsnarl
92062154,/Users/nickzwart/Desktop/11082026/92062154.json,LumenLiquidity,0,1,0.624,other
92062210,/Users/nickzwart/Desktop/11082026/92062210.json,JB Bryant,1,0,0.5714,Grimmsnarl
92062212,/Users/nickzwart/Desktop/11082026/92062212.json,Boseiju,0,0,0.3684,Grimmsnarl
92062992,/Users/nickzwart/Desktop/11082026/92062992.json,Sixth Sense,1,0,0.7167,M-Kangaskhan
92062995,/Users/nickzwart/Desktop/11082026/92062995.json,Sixth Sense,1,1,0.7167,other
92062039,/Users/nickzwart/Desktop/11082026/92062039.json,Sixth Sense,1,1,0.7167,M-Lucario
92062041,/Users/nickzwart/Desktop/11082026/92062041.json,Kh0a,1,0,0.6116,Grimmsnarl
92062045,/Users/nickzwart/Desktop/11082026/92062045.json,Sixth Sense,0,1,0.7167,M-Kangaskhan
92062126,/Users/nickzwart/Desktop/11082026/92062126.json,Kh0a,0,1,0.6116,Dragapult
92062126,/Users/nickzwart/Desktop/11082026/92062126.json,Boseiju,1,0,0.3684,Dragapult
92061207,/Users/nickzwart/Desktop/11082026/92061207.json,LumenLiquidity,0,1,0.624,M-Lucario
92061257,/Users/nickzwart/Desktop/11082026/92061257.json,JB Bryant,0,0,0.5714,Alakazam
92063097,/Users/nickzwart/Desktop/11082026/92063097.json,Pokemon Siuuuu,0,0,0.5809,Grimmsnarl
92063104,/Users/nickzwart/Desktop/11082026/92063104.json,LumenLiquidity,0,1,0.624,Dragapult
92063104,/Users/nickzwart/Desktop/11082026/92063104.json,Klein Houmani,1,0,0.5185,Dragapult
92063331,/Users/nickzwart/Desktop/11082026/92063331.json,Jack,1,1,0.5333,Alakazam
92063936,/Users/nickzwart/Desktop/11082026/92063936.json,Kh0a,0,0,0.6116,Grimmsnarl
92063939,/Users/nickzwart/Desktop/11082026/92063939.json,Sixth Sense,0,1,0.7167,Garchomp
92063940,/Users/nickzwart/Desktop/11082026/92063940.json,Sixth Sense,1,1,0.7167,Alakazam
92064045,/Users/nickzwart/Desktop/11082026/92064045.json,LumenLiquidity,1,1,0.624,other
92064847,/Users/nickzwart/Desktop/11082026/92064847.json,Klein Houmani,0,1,0.5185,Garchomp
92064893,/Users/nickzwart/Desktop/11082026/92064893.json,Sixth Sense,1,1,0.7167,M-Lopunny
92064991,/Users/nickzwart/Desktop/11082026/92064991.json,LumenLiquidity,0,1,0.624,Hydrapple
92064995,/Users/nickzwart/Desktop/11082026/92064995.json,Boseiju,1,0,0.3684,M-Lopunny
92065063,/Users/nickzwart/Desktop/11082026/92065063.json,JB Bryant,0,1,0.5714,M-Lopunny
92065138,/Users/nickzwart/Desktop/11082026/92065138.json,やる気元気ミワハルキ,1,1,0.64,M-Lucario
92065190,/Users/nickzwart/Desktop/11082026/92065190.json,haggle,0,1,0.528,Alakazam
92065221,/Users/nickzwart/Desktop/11082026/92065221.json,Klein Houmani,1,1,0.5185,Alakazam
92065806,/Users/nickzwart/Desktop/11082026/92065806.json,Ars Noveau,1,1,0.6667,Alakazam
92065830,/Users/nickzwart/Desktop/11082026/92065830.json,Sixth Sense,0,1,0.7167,M-Lopunny
92065833,/Users/nickzwart/Desktop/11082026/92065833.json,flg,0,0,0.6387,Dragapult
92065833,/Users/nickzwart/Desktop/11082026/92065833.json,Sixth Sense,1,1,0.7167,Dragapult
92066140,/Users/nickzwart/Desktop/11082026/92066140.json,bono,0,1,0.4211,Alakazam
92065937,/Users/nickzwart/Desktop/11082026/92065937.json,LumenLiquidity,0,0,0.624,Alakazam
92066000,/Users/nickzwart/Desktop/11082026/92066000.json,JB Bryant,0,0,0.5714,Grimmsnarl
92066033,/Users/nickzwart/Desktop/11082026/92066033.json,LumenLiquidity,1,0,0.624,Grimmsnarl
92066959,/Users/nickzwart/Desktop/11082026/92066959.json,LumenLiquidity,0,1,0.624,Dragapult
92066959,/Users/nickzwart/Desktop/11082026/92066959.json,JB Bryant,1,0,0.5714,Dragapult
92067005,/Users/nickzwart/Desktop/11082026/92067005.json,JB Bryant,1,1,0.5714,Grimmsnarl
92067730,/Users/nickzwart/Desktop/11082026/92067730.json,Sixth Sense,0,1,0.7167,Dragapult
92067730,/Users/nickzwart/Desktop/11082026/92067730.json,flg,1,0,0.6387,Dragapult
92067732,/Users/nickzwart/Desktop/11082026/92067732.json,Sixth Sense,0,1,0.7167,M-Kangaskhan
92066789,/Users/nickzwart/Desktop/11082026/92066789.json,Sixth Sense,1,1,0.7167,M-Kangaskhan
92066791,/Users/nickzwart/Desktop/11082026/92066791.json,Sixth Sense,0,1,0.7167,Alakazam
92066914,/Users/nickzwart/Desktop/11082026/92066914.json,LumenLiquidity,1,1,0.624,M-Lucario
92067977,/Users/nickzwart/Desktop/11082026/92067977.json,LumenLiquidity,1,1,0.624,Alakazam
92068678,/Users/nickzwart/Desktop/11082026/92068678.json,Sixth Sense,0,1,0.7167,Grimmsnarl
92067846,/Users/nickzwart/Desktop/11082026/92067846.json,LumenLiquidity,1,1,0.624,Grimmsnarl
92067901,/Users/nickzwart/Desktop/11082026/92067901.json,JB Bryant,0,1,0.5714,M-Lopunny
92068684,/Users/nickzwart/Desktop/11082026/92068684.json,Sixth Sense,0,1,0.7167,Ogerpon
92068790,/Users/nickzwart/Desktop/11082026/92068790.json,LumenLiquidity,0,1,0.624,Dragapult
92068790,/Users/nickzwart/Desktop/11082026/92068790.json,Klein Houmani,1,0,0.5185,Dragapult
92068854,/Users/nickzwart/Desktop/11082026/92068854.json,JB Bryant,1,1,0.5714,M-Kangaskhan
92069622,/Users/nickzwart/Desktop/11082026/92069622.json,Sixth Sense,0,0,0.7167,M-Lucario
92069625,/Users/nickzwart/Desktop/11082026/92069625.json,Sixth Sense,1,0,0.7167,M-Lucario
92069919,/Users/nickzwart/Desktop/11082026/92069919.json,宝糕手,0,0,0.48,Grimmsnarl
92069941,/Users/nickzwart/Desktop/11082026/92069941.json,Jack,0,0,0.5333,Grimmsnarl
92070584,/Users/nickzwart/Desktop/11082026/92070584.json,Sixth Sense,1,0,0.7167,M-Kangaskhan
92070695,/Users/nickzwart/Desktop/11082026/92070695.json,LumenLiquidity,0,0,0.624,M-Lopunny
92071555,/Users/nickzwart/Desktop/11082026/92071555.json,Sixth Sense,1,1,0.7167,M-Kangaskhan
92071561,/Users/nickzwart/Desktop/11082026/92071561.json,Sixth Sense,0,1,0.7167,M-Lopunny
92071665,/Users/nickzwart/Desktop/11082026/92071665.json,LumenLiquidity,1,1,0.624,Alakazam
92070746,/Users/nickzwart/Desktop/11082026/92070746.json,JB Bryant,1,1,0.5714,Grimmsnarl
92071719,/Users/nickzwart/Desktop/11082026/92071719.json,JB Bryant,1,1,0.5714,Hydrapple
92072512,/Users/nickzwart/Desktop/11082026/92072512.json,Sixth Sense,0,1,0.7167,M-Kangaskhan
92072517,/Users/nickzwart/Desktop/11082026/92072517.json,Sixth Sense,0,1,0.7167,Alakazam
92072584,/Users/nickzwart/Desktop/11082026/92072584.json,LumenLiquidity,0,0,0.624,Grimmsnarl
92072589,/Users/nickzwart/Desktop/11082026/92072589.json,LumenLiquidity,1,0,0.624,Grimmsnarl
92072734,/Users/nickzwart/Desktop/11082026/92072734.json,JB Bryant,1,1,0.5714,Grimmsnarl
92072754,/Users/nickzwart/Desktop/11082026/92072754.json,Dipam Chakraborty,1,1,0.6779,Alakazam
92073474,/Users/nickzwart/Desktop/11082026/92073474.json,Sixth Sense,0,1,0.7167,Ogerpon
92073476,/Users/nickzwart/Desktop/11082026/92073476.json,Sixth Sense,1,0,0.7167,Alakazam
92073560,/Users/nickzwart/Desktop/11082026/92073560.json,JB Bryant,0,1,0.5714,Dragapult
92073560,/Users/nickzwart/Desktop/11082026/92073560.json,LumenLiquidity,1,0,0.624,Dragapult
92073630,/Users/nickzwart/Desktop/11082026/92073630.json,JB Bryant,1,1,0.5714,Grimmsnarl
92074546,/Users/nickzwart/Desktop/11082026/92074546.json,LumenLiquidity,0,1,0.624,M-Kangaskhan
92074688,/Users/nickzwart/Desktop/11082026/92074688.json,bono,0,0,0.4211,Dragapult
92074688,/Users/nickzwart/Desktop/11082026/92074688.json,haggle,1,1,0.528,Dragapult
92074430,/Users/nickzwart/Desktop/11082026/92074430.json,Sixth Sense,0,1,0.7167,M-Lopunny
92074431,/Users/nickzwart/Desktop/11082026/92074431.json,Sixth Sense,1,0,0.7167,M-Lucario
92074519,/Users/nickzwart/Desktop/11082026/92074519.json,Klein Houmani,1,1,0.5185,Alakazam
92075383,/Users/nickzwart/Desktop/11082026/92075383.json,Sixth Sense,0,0,0.7167,Dragapult
92075383,/Users/nickzwart/Desktop/11082026/92075383.json,やる気元気ミワハルキ,1,1,0.64,Dragapult
92075492,/Users/nickzwart/Desktop/11082026/92075492.json,LumenLiquidity,1,1,0.624,Alakazam
92076345,/Users/nickzwart/Desktop/11082026/92076345.json,Sixth Sense,0,0,0.7167,M-Lopunny
92076348,/Users/nickzwart/Desktop/11082026/92076348.json,Sixth Sense,1,0,0.7167,Ogerpon
92076371,/Users/nickzwart/Desktop/11082026/92076371.json,Kh0a,0,1,0.6116,Grimmsnarl
92077298,/Users/nickzwart/Desktop/11082026/92077298.json,Sixth Sense,0,0,0.7167,M-Lopunny
92076464,/Users/nickzwart/Desktop/11082026/92076464.json,LumenLiquidity,1,0,0.624,Grimmsnarl
92076525,/Users/nickzwart/Desktop/11082026/92076525.json,やる気元気ミワハルキ,1,1,0.64,Ogerpon
92077325,/Users/nickzwart/Desktop/11082026/92077325.json,Kh0a,1,1,0.6116,Hydrapple
92077409,/Users/nickzwart/Desktop/11082026/92077409.json,LumenLiquidity,1,0,0.624,M-Lopunny
92077464,/Users/nickzwart/Desktop/11082026/92077464.json,Dipam Chakraborty,1,1,0.6779,Grimmsnarl
92077583,/Users/nickzwart/Desktop/11082026/92077583.json,haggle,1,0,0.528,Grimmsnarl
92078237,/Users/nickzwart/Desktop/11082026/92078237.json,Sixth Sense,0,1,0.7167,Dragapult
92078237,/Users/nickzwart/Desktop/11082026/92078237.json,Raihan Ramadistra,1,0,0.6486,Dragapult
92078247,/Users/nickzwart/Desktop/11082026/92078247.json,Sixth Sense,1,0,0.7167,Alakazam
92078273,/Users/nickzwart/Desktop/11082026/92078273.json,Kh0a,1,0,0.6116,Grimmsnarl
92078349,/Users/nickzwart/Desktop/11082026/92078349.json,LumenLiquidity,0,1,0.624,M-Lopunny
92078443,/Users/nickzwart/Desktop/11082026/92078443.json,Boseiju,1,1,0.3684,Ogerpon
92078473,/Users/nickzwart/Desktop/11082026/92078473.json,Raihan Ramadistra,0,1,0.6486,Grimmsnarl
92078495,/Users/nickzwart/Desktop/11082026/92078495.json,JB Bryant,0,1,0.5714,M-Lopunny
92079179,/Users/nickzwart/Desktop/11082026/92079179.json,Sixth Sense,1,1,0.7167,M-Lucario
92079193,/Users/nickzwart/Desktop/11082026/92079193.json,bono,0,0,0.4211,Alakazam
92079254,/Users/nickzwart/Desktop/11082026/92079254.json,Sixth Sense,0,1,0.7167,M-Lopunny
92079284,/Users/nickzwart/Desktop/11082026/92079284.json,Kh0a,1,0,0.6116,Ogerpon
92079330,/Users/nickzwart/Desktop/11082026/92079330.json,flg,0,0,0.6387,Dragapult
92079330,/Users/nickzwart/Desktop/11082026/92079330.json,LumenLiquidity,1,1,0.624,Dragapult
92079394,/Users/nickzwart/Desktop/11082026/92079394.json,Kh0a,1,1,0.6116,M-Lucario
92080120,/Users/nickzwart/Desktop/11082026/92080120.json,Sixth Sense,0,1,0.7167,Dragapult
92080120,/Users/nickzwart/Desktop/11082026/92080120.json,やる気元気ミワハルキ,1,0,0.64,Dragapult
92080135,/Users/nickzwart/Desktop/11082026/92080135.json,Sixth Sense,0,1,0.7167,Hydrapple
92080223,/Users/nickzwart/Desktop/11082026/92080223.json,LumenLiquidity,1,0,0.624,Alakazam
92081047,/Users/nickzwart/Desktop/11082026/92081047.json,Sixth Sense,1,1,0.7167,M-Kangaskhan
92081290,/Users/nickzwart/Desktop/11082026/92081290.json,Jack,0,1,0.5333,M-Lucario
92081987,/Users/nickzwart/Desktop/11082026/92081987.json,Sixth Sense,0,1,0.7167,M-Lopunny
92082026,/Users/nickzwart/Desktop/11082026/92082026.json,Kh0a,1,0,0.6116,Grimmsnarl
92082265,/Users/nickzwart/Desktop/11082026/92082265.json,JB Bryant,0,0,0.5714,Dragapult
92082265,/Users/nickzwart/Desktop/11082026/92082265.json,Kh0a,1,1,0.6116,Dragapult
92082901,/Users/nickzwart/Desktop/11082026/92082901.json,Sixth Sense,1,1,0.7167,Alakazam
92082916,/Users/nickzwart/Desktop/11082026/92082916.json,Sixth Sense,1,1,0.7167,Alakazam
92083101,/Users/nickzwart/Desktop/11082026/92083101.json,haggle,0,1,0.528,Alakazam
92083824,/Users/nickzwart/Desktop/11082026/92083824.json,やる気元気ミワハルキ,0,1,0.64,Dragapult
92083824,/Users/nickzwart/Desktop/11082026/92083824.json,Sixth Sense,1,0,0.7167,Dragapult
92083833,/Users/nickzwart/Desktop/11082026/92083833.json,Sixth Sense,0,1,0.7167,M-Lucario
92084008,/Users/nickzwart/Desktop/11082026/92084008.json,Sixth Sense,0,1,0.7167,Ogerpon
92084668,/Users/nickzwart/Desktop/11082026/92084668.json,yaki-imo,1,0,0.5,Alakazam
92084753,/Users/nickzwart/Desktop/11082026/92084753.json,Sixth Sense,0,1,0.7167,Dragapult
92084753,/Users/nickzwart/Desktop/11082026/92084753.json,やる気元気ミワハルキ,1,0,0.64,Dragapult
92084758,/Users/nickzwart/Desktop/11082026/92084758.json,Sixth Sense,0,0,0.7167,M-Lucario
92084764,/Users/nickzwart/Desktop/11082026/92084764.json,Klein Houmani,1,0,0.5185,Alakazam
92084803,/Users/nickzwart/Desktop/11082026/92084803.json,Kh0a,0,1,0.6116,Ogerpon
92084871,/Users/nickzwart/Desktop/11082026/92084871.json,THIRD PTCG Club,1,1,0.5508,Grimmsnarl
92084983,/Users/nickzwart/Desktop/11082026/92084983.json,Jack,1,1,0.5333,Alakazam
92085012,/Users/nickzwart/Desktop/11082026/92085012.json,LumenLiquidity,0,1,0.624,Grimmsnarl
92085021,/Users/nickzwart/Desktop/11082026/92085021.json,RtoABC,1,1,0.5244,Ogerpon
92086556,/Users/nickzwart/Desktop/11082026/92086556.json,e-toppo + kurupical,0,0,0.5909,Hydrapple
92086630,/Users/nickzwart/Desktop/11082026/92086630.json,やる気元気ミワハルキ,0,0,0.64,Dragapult
92086630,/Users/nickzwart/Desktop/11082026/92086630.json,Sixth Sense,1,1,0.7167,Dragapult
92086634,/Users/nickzwart/Desktop/11082026/92086634.json,Sixth Sense,0,1,0.7167,Grimmsnarl
92085679,/Users/nickzwart/Desktop/11082026/92085679.json,Sixth Sense,0,0,0.7167,M-Lucario
92085691,/Users/nickzwart/Desktop/11082026/92085691.json,Sixth Sense,0,0,0.7167,Dragapult
92085691,/Users/nickzwart/Desktop/11082026/92085691.json,Raihan Ramadistra,1,1,0.6486,Dragapult
92085852,/Users/nickzwart/Desktop/11082026/92085852.json,flg,1,0,0.6387,M-Lucario
92085939,/Users/nickzwart/Desktop/11082026/92085939.json,LumenLiquidity,0,1,0.624,Grimmsnarl
92086681,/Users/nickzwart/Desktop/11082026/92086681.json,Kh0a,0,1,0.6116,Ogerpon
92086783,/Users/nickzwart/Desktop/11082026/92086783.json,Dipam Chakraborty,0,1,0.6779,M-Lopunny
92086817,/Users/nickzwart/Desktop/11082026/92086817.json,Kh0a,1,0,0.6116,Ogerpon
92086862,/Users/nickzwart/Desktop/11082026/92086862.json,haggle,0,0,0.528,M-Lopunny
92087454,/Users/nickzwart/Desktop/11082026/92087454.json,Jack,1,0,0.5333,M-Lopunny
92087483,/Users/nickzwart/Desktop/11082026/92087483.json,haggle,0,1,0.528,Hydrapple
92087653,/Users/nickzwart/Desktop/11082026/92087653.json,Kh0a,0,1,0.6116,Alakazam
92087766,/Users/nickzwart/Desktop/11082026/92087766.json,JB Bryant,1,1,0.5714,Grimmsnarl
92087810,/Users/nickzwart/Desktop/11082026/92087810.json,Sixth Sense,1,1,0.7167,M-Kangaskhan
92088480,/Users/nickzwart/Desktop/11082026/92088480.json,Sixth Sense,0,1,0.7167,Dragapult
92088480,/Users/nickzwart/Desktop/11082026/92088480.json,やる気元気ミワハルキ,1,0,0.64,Dragapult
92088749,/Users/nickzwart/Desktop/11082026/92088749.json,LumenLiquidity,0,0,0.624,Alakazam
92089359,/Users/nickzwart/Desktop/11082026/92089359.json,Klein Houmani,0,1,0.5185,Hydrapple
92089418,/Users/nickzwart/Desktop/11082026/92089418.json,Sixth Sense,1,1,0.7167,Ogerpon
92089426,/Users/nickzwart/Desktop/11082026/92089426.json,Sixth Sense,1,1,0.7167,Alakazam
92091262,/Users/nickzwart/Desktop/11082026/92091262.json,Kh0a,1,0,0.6116,M-Lopunny
92091277,/Users/nickzwart/Desktop/11082026/92091277.json,やる気元気ミワハルキ,0,0,0.64,Dragapult
92091277,/Users/nickzwart/Desktop/11082026/92091277.json,Sixth Sense,1,1,0.7167,Dragapult
92090328,/Users/nickzwart/Desktop/11082026/92090328.json,LumenLiquidity,0,0,0.624,M-Lopunny
92090350,/Users/nickzwart/Desktop/11082026/92090350.json,Sixth Sense,0,1,0.7167,M-Lucario
92090357,/Users/nickzwart/Desktop/11082026/92090357.json,flg,0,0,0.6387,Dragapult
92090357,/Users/nickzwart/Desktop/11082026/92090357.json,Sixth Sense,1,1,0.7167,Dragapult
92090409,/Users/nickzwart/Desktop/11082026/92090409.json,Kh0a,1,1,0.6116,Alakazam
92090557,/Users/nickzwart/Desktop/11082026/92090557.json,LumenLiquidity,1,1,0.624,M-Lopunny
92091289,/Users/nickzwart/Desktop/11082026/92091289.json,Sixth Sense,1,0,0.7167,Grimmsnarl
92091299,/Users/nickzwart/Desktop/11082026/92091299.json,e-toppo + kurupical,1,1,0.5909,Alakazam
92091341,/Users/nickzwart/Desktop/11082026/92091341.json,Kh0a,0,1,0.6116,Ogerpon
92091444,/Users/nickzwart/Desktop/11082026/92091444.json,LumenLiquidity,1,1,0.624,M-Lopunny
92092201,/Users/nickzwart/Desktop/11082026/92092201.json,haggle,1,0,0.528,M-Lopunny
92092214,/Users/nickzwart/Desktop/11082026/92092214.json,Sixth Sense,0,1,0.7167,Ogerpon
92092226,/Users/nickzwart/Desktop/11082026/92092226.json,Sixth Sense,0,1,0.7167,Grimmsnarl
92094076,/Users/nickzwart/Desktop/11082026/92094076.json,Sixth Sense,1,1,0.7167,Ogerpon
92094087,/Users/nickzwart/Desktop/11082026/92094087.json,Sixth Sense,0,1,0.7167,Hydrapple
92092420,/Users/nickzwart/Desktop/11082026/92092420.json,JB Bryant,0,1,0.5714,Grimmsnarl
92093117,/Users/nickzwart/Desktop/11082026/92093117.json,Sixth Sense,1,0,0.7167,M-Lucario
92093189,/Users/nickzwart/Desktop/11082026/92093189.json,Kh0a,0,1,0.6116,Dudunsparce
92093297,/Users/nickzwart/Desktop/11082026/92093297.json,Kh0a,1,1,0.6116,M-Lopunny
92093345,/Users/nickzwart/Desktop/11082026/92093345.json,e-toppo + kurupical,0,0,0.5909,Grimmsnarl
92095005,/Users/nickzwart/Desktop/11082026/92095005.json,Sixth Sense,1,0,0.7167,Ogerpon
92095013,/Users/nickzwart/Desktop/11082026/92095013.json,Sixth Sense,1,0,0.7167,Alakazam
92095050,/Users/nickzwart/Desktop/11082026/92095050.json,haggle,0,0,0.528,Garchomp
92095069,/Users/nickzwart/Desktop/11082026/92095069.json,Kh0a,1,1,0.6116,M-Kangaskhan
92095909,/Users/nickzwart/Desktop/11082026/92095909.json,Kh0a,1,1,0.6116,Hydrapple
92095939,/Users/nickzwart/Desktop/11082026/92095939.json,haggle,0,0,0.528,Alakazam
92095946,/Users/nickzwart/Desktop/11082026/92095946.json,Sixth Sense,0,0,0.7167,Dragapult
92095946,/Users/nickzwart/Desktop/11082026/92095946.json,やる気元気ミワハルキ,1,1,0.64,Dragapult
92095955,/Users/nickzwart/Desktop/11082026/92095955.json,Sixth Sense,1,1,0.7167,M-Lopunny
92096008,/Users/nickzwart/Desktop/11082026/92096008.json,Kh0a,0,1,0.6116,Ogerpon
92096916,/Users/nickzwart/Desktop/11082026/92096916.json,Sixth Sense,0,1,0.7167,M-Kangaskhan
92096934,/Users/nickzwart/Desktop/11082026/92096934.json,JB Bryant,0,1,0.5714,Hydrapple
92096943,/Users/nickzwart/Desktop/11082026/92096943.json,Sixth Sense,0,1,0.7167,Meganium
92096977,/Users/nickzwart/Desktop/11082026/92096977.json,Jack,0,0,0.5333,Dragapult
92096977,/Users/nickzwart/Desktop/11082026/92096977.json,Kh0a,1,1,0.6116,Dragapult
92097925,/Users/nickzwart/Desktop/11082026/92097925.json,Kh0a,0,1,0.6116,Alakazam
92098623,/Users/nickzwart/Desktop/11082026/92098623.json,Dipam Chakraborty,1,1,0.6779,Alakazam
92097815,/Users/nickzwart/Desktop/11082026/92097815.json,Sixth Sense,0,0,0.7167,M-Kangaskhan
92097816,/Users/nickzwart/Desktop/11082026/92097816.json,Sixth Sense,0,1,0.7167,M-Lucario
92098773,/Users/nickzwart/Desktop/11082026/92098773.json,Sixth Sense,1,1,0.7167,Ogerpon
92098776,/Users/nickzwart/Desktop/11082026/92098776.json,Sixth Sense,1,0,0.7167,M-Lucario
92099584,/Users/nickzwart/Desktop/11082026/92099584.json,JB Bryant,1,1,0.5714,M-Lopunny
92099585,/Users/nickzwart/Desktop/11082026/92099585.json,Dipam Chakraborty,1,0,0.6779,Garchomp
92099684,/Users/nickzwart/Desktop/11082026/92099684.json,LumenLiquidity,0,1,0.624,M-Lopunny
92099725,/Users/nickzwart/Desktop/11082026/92099725.json,flg,0,0,0.6387,M-Lopunny
92099742,/Users/nickzwart/Desktop/11082026/92099742.json,Sixth Sense,1,1,0.7167,Ogerpon
92099743,/Users/nickzwart/Desktop/11082026/92099743.json,Sixth Sense,0,1,0.7167,M-Lucario
92099890,/Users/nickzwart/Desktop/11082026/92099890.json,Klein Houmani,1,0,0.5185,Alakazam
92100553,/Users/nickzwart/Desktop/11082026/92100553.json,Dipam Chakraborty,1,1,0.6779,Alakazam
92100652,/Users/nickzwart/Desktop/11082026/92100652.json,Sixth Sense,1,1,0.7167,M-Kangaskhan
92100795,/Users/nickzwart/Desktop/11082026/92100795.json,Sixth Sense,0,1,0.7167,Grimmsnarl
92100844,/Users/nickzwart/Desktop/11082026/92100844.json,Kh0a,1,0,0.6116,Alakazam
92101528,/Users/nickzwart/Desktop/11082026/92101528.json,LiamK,1,1,0.5741,M-Lopunny
92101682,/Users/nickzwart/Desktop/11082026/92101682.json,Sixth Sense,1,1,0.7167,M-Lucario
92101689,/Users/nickzwart/Desktop/11082026/92101689.json,Sixth Sense,0,0,0.7167,Grimmsnarl
92102489,/Users/nickzwart/Desktop/11082026/92102489.json,LiamK,1,1,0.5741,Ogerpon
92102504,/Users/nickzwart/Desktop/11082026/92102504.json,KatR,1,0,0.1667,Alakazam
92102778,/Users/nickzwart/Desktop/11082026/92102778.json,Kh0a,1,1,0.6116,Ogerpon
92103415,/Users/nickzwart/Desktop/11082026/92103415.json,Dipam Chakraborty,0,1,0.6779,M-Lopunny
92103417,/Users/nickzwart/Desktop/11082026/92103417.json,Kh0a,1,1,0.6116,other
92103446,/Users/nickzwart/Desktop/11082026/92103446.json,LiamK,1,1,0.5741,Grimmsnarl
92102523,/Users/nickzwart/Desktop/11082026/92102523.json,e-toppo + kurupical,1,1,0.5909,M-Lopunny
92102608,/Users/nickzwart/Desktop/11082026/92102608.json,Sixth Sense,0,1,0.7167,Dragapult
92102608,/Users/nickzwart/Desktop/11082026/92102608.json,やる気元気ミワハルキ,1,0,0.64,Dragapult
92103568,/Users/nickzwart/Desktop/11082026/92103568.json,Sixth Sense,1,0,0.7167,Ogerpon
92103575,/Users/nickzwart/Desktop/11082026/92103575.json,Sixth Sense,1,1,0.7167,Alakazam
92103702,/Users/nickzwart/Desktop/11082026/92103702.json,Jack,1,0,0.5333,Alakazam
92104365,/Users/nickzwart/Desktop/11082026/92104365.json,Dipam Chakraborty,0,1,0.6779,M-Lopunny
92104401,/Users/nickzwart/Desktop/11082026/92104401.json,LiamK,0,1,0.5741,Hydrapple
92104524,/Users/nickzwart/Desktop/11082026/92104524.json,Sixth Sense,0,1,0.7167,M-Lucario
92104673,/Users/nickzwart/Desktop/11082026/92104673.json,JB Bryant,1,1,0.5714,Grimmsnarl
92105324,/Users/nickzwart/Desktop/11082026/92105324.json,Dipam Chakraborty,0,0,0.6779,Dragapult
92105324,/Users/nickzwart/Desktop/11082026/92105324.json,LiamK,1,1,0.5741,Dragapult
92105357,/Users/nickzwart/Desktop/11082026/92105357.json,LiamK,0,1,0.5741,M-Lucario
92106313,/Users/nickzwart/Desktop/11082026/92106313.json,Pokemon Siuuuu,1,0,0.5809,other
92105440,/Users/nickzwart/Desktop/11082026/92105440.json,Jack,0,0,0.5333,Hydrapple
92105473,/Users/nickzwart/Desktop/11082026/92105473.json,Sixth Sense,0,0,0.7167,M-Kangaskhan
92105488,/Users/nickzwart/Desktop/11082026/92105488.json,Sixth Sense,0,1,0.7167,Alakazam
92106339,/Users/nickzwart/Desktop/11082026/92106339.json,LiamK,1,1,0.5741,Ogerpon
92106379,/Users/nickzwart/Desktop/11082026/92106379.json,Dipam Chakraborty,0,1,0.6779,M-Kangaskhan
92107245,/Users/nickzwart/Desktop/11082026/92107245.json,LiamK,0,1,0.5741,Alakazam
92106438,/Users/nickzwart/Desktop/11082026/92106438.json,Sixth Sense,0,0,0.7167,Dragapult
92106438,/Users/nickzwart/Desktop/11082026/92106438.json,Raihan Ramadistra,1,1,0.6486,Dragapult
92106462,/Users/nickzwart/Desktop/11082026/92106462.json,Sixth Sense,0,1,0.7167,M-Lucario
92106599,/Users/nickzwart/Desktop/11082026/92106599.json,JB Bryant,0,0,0.5714,M-Lucario
92107210,/Users/nickzwart/Desktop/11082026/92107210.json,Dipam Chakraborty,1,0,0.6779,Grimmsnarl
92107363,/Users/nickzwart/Desktop/11082026/92107363.json,Sixth Sense,0,1,0.7167,M-Lucario
92107374,/Users/nickzwart/Desktop/11082026/92107374.json,Sixth Sense,0,1,0.7167,Grimmsnarl
92108125,/Users/nickzwart/Desktop/11082026/92108125.json,Dipam Chakraborty,0,1,0.6779,Ogerpon
92108166,/Users/nickzwart/Desktop/11082026/92108166.json,LiamK,0,1,0.5741,M-Lucario
92108283,/Users/nickzwart/Desktop/11082026/92108283.json,Sixth Sense,1,1,0.7167,Ogerpon
92108292,/Users/nickzwart/Desktop/11082026/92108292.json,Sixth Sense,1,1,0.7167,Ogerpon
92109104,/Users/nickzwart/Desktop/11082026/92109104.json,THIRD PTCG Club,1,1,0.5508,Grimmsnarl
92108458,/Users/nickzwart/Desktop/11082026/92108458.json,Kh0a,0,0,0.6116,Alakazam
92109056,/Users/nickzwart/Desktop/11082026/92109056.json,Dipam Chakraborty,1,0,0.6779,Ogerpon
92109085,/Users/nickzwart/Desktop/11082026/92109085.json,LiamK,0,0,0.5741,M-Lopunny
92109194,/Users/nickzwart/Desktop/11082026/92109194.json,flg,0,1,0.6387,M-Lopunny
92109205,/Users/nickzwart/Desktop/11082026/92109205.json,やる気元気ミワハルキ,0,0,0.64,Dragapult
92109205,/Users/nickzwart/Desktop/11082026/92109205.json,Sixth Sense,1,1,0.7167,Dragapult
92109216,/Users/nickzwart/Desktop/11082026/92109216.json,Sixth Sense,1,1,0.7167,M-Kangaskhan
92109982,/Users/nickzwart/Desktop/11082026/92109982.json,Dipam Chakraborty,0,1,0.6779,Grimmsnarl
92110122,/Users/nickzwart/Desktop/11082026/92110122.json,Sixth Sense,0,1,0.7167,Dragapult
92110122,/Users/nickzwart/Desktop/11082026/92110122.json,やる気元気ミワハルキ,1,0,0.64,Dragapult
92110136,/Users/nickzwart/Desktop/11082026/92110136.json,Sixth Sense,0,1,0.7167,Dragapult
92110136,/Users/nickzwart/Desktop/11082026/92110136.json,Raihan Ramadistra,1,0,0.6486,Dragapult
92110282,/Users/nickzwart/Desktop/11082026/92110282.json,haggle,0,1,0.528,Grimmsnarl
92111836,/Users/nickzwart/Desktop/11082026/92111836.json,Dipam Chakraborty,1,1,0.6779,M-Lopunny
92111859,/Users/nickzwart/Desktop/11082026/92111859.json,LiamK,0,1,0.5741,Dragapult
92111859,/Users/nickzwart/Desktop/11082026/92111859.json,JB Bryant,1,0,0.5714,Dragapult
92110894,/Users/nickzwart/Desktop/11082026/92110894.json,Dipam Chakraborty,1,1,0.6779,Alakazam
92110920,/Users/nickzwart/Desktop/11082026/92110920.json,LiamK,0,1,0.5741,Grimmsnarl
92110983,/Users/nickzwart/Desktop/11082026/92110983.json,Pokemon Siuuuu,0,1,0.5809,Hydrapple
92111024,/Users/nickzwart/Desktop/11082026/92111024.json,Sixth Sense,1,0,0.7167,Ogerpon
92111048,/Users/nickzwart/Desktop/11082026/92111048.json,Sixth Sense,1,1,0.7167,M-Lucario
92111217,/Users/nickzwart/Desktop/11082026/92111217.json,Kh0a,0,1,0.6116,Grimmsnarl
92111905,/Users/nickzwart/Desktop/11082026/92111905.json,bono,1,1,0.4211,Alakazam
92111982,/Users/nickzwart/Desktop/11082026/92111982.json,Sixth Sense,1,0,0.7167,M-Lucario
92111997,/Users/nickzwart/Desktop/11082026/92111997.json,Sixth Sense,1,0,0.7167,Ogerpon
92112767,/Users/nickzwart/Desktop/11082026/92112767.json,Dipam Chakraborty,0,0,0.6779,Dragapult
92112767,/Users/nickzwart/Desktop/11082026/92112767.json,やる気元気ミワハルキ,1,1,0.64,Dragapult
92112793,/Users/nickzwart/Desktop/11082026/92112793.json,LiamK,0,1,0.5741,Alakazam
92112912,/Users/nickzwart/Desktop/11082026/92112912.json,やる気元気ミワハルキ,0,0,0.64,Dragapult
92112912,/Users/nickzwart/Desktop/11082026/92112912.json,Sixth Sense,1,1,0.7167,Dragapult
92112951,/Users/nickzwart/Desktop/11082026/92112951.json,LiamK,0,1,0.5741,Alakazam
92113882,/Users/nickzwart/Desktop/11082026/92113882.json,Sixth Sense,1,0,0.7167,Ogerpon
92113656,/Users/nickzwart/Desktop/11082026/92113656.json,Raihan Ramadistra,1,1,0.6486,Grimmsnarl
92113702,/Users/nickzwart/Desktop/11082026/92113702.json,Dipam Chakraborty,0,1,0.6779,Alakazam
92113721,/Users/nickzwart/Desktop/11082026/92113721.json,LiamK,0,1,0.5741,Alakazam
92113964,/Users/nickzwart/Desktop/11082026/92113964.json,LumenLiquidity,0,1,0.624,Grimmsnarl
92114654,/Users/nickzwart/Desktop/11082026/92114654.json,LumenLiquidity,0,0,0.624,Dragapult
92114654,/Users/nickzwart/Desktop/11082026/92114654.json,Dipam Chakraborty,1,1,0.6779,Dragapult
92114657,/Users/nickzwart/Desktop/11082026/92114657.json,Kh0a,1,1,0.6116,other
92114678,/Users/nickzwart/Desktop/11082026/92114678.json,LiamK,0,0,0.5741,Dragapult
92114678,/Users/nickzwart/Desktop/11082026/92114678.json,Kh0a,1,1,0.6116,Dragapult
92114706,/Users/nickzwart/Desktop/11082026/92114706.json,THIRD PTCG Club,1,0,0.5508,Alakazam
92114710,/Users/nickzwart/Desktop/11082026/92114710.json,JB Bryant,0,0,0.5714,Grimmsnarl
92114735,/Users/nickzwart/Desktop/11082026/92114735.json,Jack,0,1,0.5333,Alakazam
92115593,/Users/nickzwart/Desktop/11082026/92115593.json,Dipam Chakraborty,1,0,0.6779,M-Lopunny
92115617,/Users/nickzwart/Desktop/11082026/92115617.json,LiamK,1,1,0.5741,Alakazam
92115639,/Users/nickzwart/Desktop/11082026/92115639.json,THIRD PTCG Club,0,1,0.5508,Alakazam
92115805,/Users/nickzwart/Desktop/11082026/92115805.json,haggle,0,0,0.528,M-Lopunny
92115857,/Users/nickzwart/Desktop/11082026/92115857.json,Sixth Sense,1,1,0.7167,M-Lucario
92116512,/Users/nickzwart/Desktop/11082026/92116512.json,Dipam Chakraborty,1,0,0.6779,Alakazam
92116517,/Users/nickzwart/Desktop/11082026/92116517.json,haggle,1,0,0.528,other
92117353,/Users/nickzwart/Desktop/11082026/92117353.json,Pokemon Siuuuu,0,1,0.5809,M-Lopunny
92117438,/Users/nickzwart/Desktop/11082026/92117438.json,Dipam Chakraborty,0,1,0.6779,M-Lopunny
92116536,/Users/nickzwart/Desktop/11082026/92116536.json,LiamK,0,1,0.5741,Alakazam
92116781,/Users/nickzwart/Desktop/11082026/92116781.json,Kh0a,0,1,0.6116,Alakazam
92118379,/Users/nickzwart/Desktop/11082026/92118379.json,JB Bryant,0,0,0.5714,Dragapult
92118379,/Users/nickzwart/Desktop/11082026/92118379.json,LiamK,1,1,0.5741,Dragapult
92117463,/Users/nickzwart/Desktop/11082026/92117463.json,LiamK,0,1,0.5741,M-Lopunny
92117577,/Users/nickzwart/Desktop/11082026/92117577.json,haggle,0,1,0.528,Grimmsnarl
92118486,/Users/nickzwart/Desktop/11082026/92118486.json,e-toppo + kurupical,0,1,0.5909,Hydrapple
92118619,/Users/nickzwart/Desktop/11082026/92118619.json,Sixth Sense,1,0,0.7167,M-Kangaskhan
92119289,/Users/nickzwart/Desktop/11082026/92119289.json,Dipam Chakraborty,0,0,0.6779,Ogerpon
92119317,/Users/nickzwart/Desktop/11082026/92119317.json,LiamK,1,0,0.5741,M-Lucario
92119366,/Users/nickzwart/Desktop/11082026/92119366.json,Klein Houmani,1,0,0.5185,Alakazam
92120207,/Users/nickzwart/Desktop/11082026/92120207.json,Ars Noveau,0,1,0.6667,Dragapult
92120207,/Users/nickzwart/Desktop/11082026/92120207.json,Dipam Chakraborty,1,0,0.6779,Dragapult
92120246,/Users/nickzwart/Desktop/11082026/92120246.json,LiamK,0,0,0.5741,Dragapult
92120246,/Users/nickzwart/Desktop/11082026/92120246.json,やる気元気ミワハルキ,1,1,0.64,Dragapult
92120289,/Users/nickzwart/Desktop/11082026/92120289.json,Jack,1,1,0.5333,Alakazam
92120457,/Users/nickzwart/Desktop/11082026/92120457.json,Sixth Sense,0,1,0.7167,Dragapult
92120457,/Users/nickzwart/Desktop/11082026/92120457.json,Raihan Ramadistra,1,0,0.6486,Dragapult
92121134,/Users/nickzwart/Desktop/11082026/92121134.json,Dipam Chakraborty,1,1,0.6779,Grimmsnarl
92121135,/Users/nickzwart/Desktop/11082026/92121135.json,Jack,0,0,0.5333,M-Lopunny
92121164,/Users/nickzwart/Desktop/11082026/92121164.json,やる気元気ミワハルキ,0,0,0.64,Dragapult
92121164,/Users/nickzwart/Desktop/11082026/92121164.json,LiamK,1,1,0.5741,Dragapult
92121387,/Users/nickzwart/Desktop/11082026/92121387.json,Pokemon Siuuuu,0,1,0.5809,Alakazam
92121235,/Users/nickzwart/Desktop/11082026/92121235.json,Jack,1,0,0.5333,M-Lopunny
92122071,/Users/nickzwart/Desktop/11082026/92122071.json,flg,0,1,0.6387,Dragapult
92122071,/Users/nickzwart/Desktop/11082026/92122071.json,Dipam Chakraborty,1,0,0.6779,Dragapult
92122099,/Users/nickzwart/Desktop/11082026/92122099.json,LiamK,0,0,0.5741,M-Lucario
92122911,/Users/nickzwart/Desktop/11082026/92122911.json,haggle,1,0,0.528,M-Lopunny
92123001,/Users/nickzwart/Desktop/11082026/92123001.json,Kh0a,0,1,0.6116,Dragapult
92123001,/Users/nickzwart/Desktop/11082026/92123001.json,Dipam Chakraborty,1,0,0.6779,Dragapult
92123029,/Users/nickzwart/Desktop/11082026/92123029.json,LiamK,1,1,0.5741,other
92123078,/Users/nickzwart/Desktop/11082026/92123078.json,Dipam Chakraborty,1,1,0.6779,Alakazam
92123973,/Users/nickzwart/Desktop/11082026/92123973.json,Dipam Chakraborty,1,1,0.6779,Ogerpon
92123989,/Users/nickzwart/Desktop/11082026/92123989.json,LiamK,1,0,0.5741,Grimmsnarl
92124925,/Users/nickzwart/Desktop/11082026/92124925.json,Dipam Chakraborty,1,0,0.6779,Grimmsnarl
92124943,/Users/nickzwart/Desktop/11082026/92124943.json,LiamK,1,1,0.5741,Alakazam
92125078,/Users/nickzwart/Desktop/11082026/92125078.json,Kh0a,0,0,0.6116,Ogerpon
92125119,/Users/nickzwart/Desktop/11082026/92125119.json,Sixth Sense,0,0,0.7167,Ogerpon
92125148,/Users/nickzwart/Desktop/11082026/92125148.json,Sixth Sense,1,1,0.7167,Ogerpon
92126870,/Users/nickzwart/Desktop/11082026/92126870.json,LiamK,0,0,0.5741,Dragapult
92126870,/Users/nickzwart/Desktop/11082026/92126870.json,flg,1,1,0.6387,Dragapult
92125908,/Users/nickzwart/Desktop/11082026/92125908.json,LiamK,1,0,0.5741,Grimmsnarl
92126088,/Users/nickzwart/Desktop/11082026/92126088.json,やる気元気ミワハルキ,1,1,0.64,Ogerpon
92126840,/Users/nickzwart/Desktop/11082026/92126840.json,e-toppo + kurupical,0,1,0.5909,M-Lopunny
92126852,/Users/nickzwart/Desktop/11082026/92126852.json,Dipam Chakraborty,0,0,0.6779,Grimmsnarl
92127788,/Users/nickzwart/Desktop/11082026/92127788.json,Dipam Chakraborty,1,0,0.6779,other
92127798,/Users/nickzwart/Desktop/11082026/92127798.json,Dipam Chakraborty,0,1,0.6779,M-Kangaskhan
92127822,/Users/nickzwart/Desktop/11082026/92127822.json,LiamK,0,1,0.5741,M-Lucario
92128772,/Users/nickzwart/Desktop/11082026/92128772.json,LiamK,1,1,0.5741,other
92128779,/Users/nickzwart/Desktop/11082026/92128779.json,Dipam Chakraborty,0,1,0.6779,Alakazam
92128797,/Users/nickzwart/Desktop/11082026/92128797.json,LiamK,0,1,0.5741,Alakazam
92131643,/Users/nickzwart/Desktop/11082026/92131643.json,LiamK,1,1,0.5741,Alakazam
92129640,/Users/nickzwart/Desktop/11082026/92129640.json,Pokemon Siuuuu,0,1,0.5809,Grimmsnarl
92129647,/Users/nickzwart/Desktop/11082026/92129647.json,goonew,1,1,0.5,Ogerpon
92129693,/Users/nickzwart/Desktop/11082026/92129693.json,Klein Houmani,0,1,0.5185,M-Lucario
92129724,/Users/nickzwart/Desktop/11082026/92129724.json,Dipam Chakraborty,0,1,0.6779,M-Froslass
92129739,/Users/nickzwart/Desktop/11082026/92129739.json,e-toppo + kurupical,0,0,0.5909,Dragapult
92129739,/Users/nickzwart/Desktop/11082026/92129739.json,Dipam Chakraborty,1,1,0.6779,Dragapult
92129761,/Users/nickzwart/Desktop/11082026/92129761.json,LiamK,0,1,0.5741,Dragapult
92129761,/Users/nickzwart/Desktop/11082026/92129761.json,flg,1,0,0.6387,Dragapult
92129922,/Users/nickzwart/Desktop/11082026/92129922.json,Jack,0,1,0.5333,M-Lucario
92130604,/Users/nickzwart/Desktop/11082026/92130604.json,Pokemon Siuuuu,1,0,0.5809,Grimmsnarl
92130683,/Users/nickzwart/Desktop/11082026/92130683.json,Kh0a,1,1,0.6116,other
92130699,/Users/nickzwart/Desktop/11082026/92130699.json,Dipam Chakraborty,1,1,0.6779,Ogerpon
92130711,/Users/nickzwart/Desktop/11082026/92130711.json,LiamK,1,0,0.5741,M-Lucario
92130756,/Users/nickzwart/Desktop/11082026/92130756.json,Dipam Chakraborty,1,0,0.6779,Grimmsnarl
92131790,/Users/nickzwart/Desktop/11082026/92131790.json,Sixth Sense,1,0,0.7167,M-Lucario
92132465,/Users/nickzwart/Desktop/11082026/92132465.json,goonew,1,1,0.5,Ogerpon
92132546,/Users/nickzwart/Desktop/11082026/92132546.json,Raihan Ramadistra,0,1,0.6486,other
92132558,/Users/nickzwart/Desktop/11082026/92132558.json,Dipam Chakraborty,0,1,0.6779,Grimmsnarl
92132574,/Users/nickzwart/Desktop/11082026/92132574.json,LiamK,0,0,0.5741,M-Lucario
92134419,/Users/nickzwart/Desktop/11082026/92134419.json,Dipam Chakraborty,0,0,0.6779,Alakazam
92134442,/Users/nickzwart/Desktop/11082026/92134442.json,LiamK,1,1,0.5741,Grimmsnarl
92134548,/Users/nickzwart/Desktop/11082026/92134548.json,LumenLiquidity,0,1,0.624,Grimmsnarl
92134604,/Users/nickzwart/Desktop/11082026/92134604.json,Dipam Chakraborty,1,1,0.6779,M-Lopunny
92133488,/Users/nickzwart/Desktop/11082026/92133488.json,Raihan Ramadistra,1,0,0.6486,M-Lopunny
92133510,/Users/nickzwart/Desktop/11082026/92133510.json,LiamK,0,0,0.5741,Grimmsnarl
92133632,/Users/nickzwart/Desktop/11082026/92133632.json,Sixth Sense,0,1,0.7167,Ogerpon
92135351,/Users/nickzwart/Desktop/11082026/92135351.json,Dipam Chakraborty,1,1,0.6779,M-Lopunny
92135369,/Users/nickzwart/Desktop/11082026/92135369.json,LiamK,0,0,0.5741,Dragapult
92135369,/Users/nickzwart/Desktop/11082026/92135369.json,Sixth Sense,1,1,0.7167,Dragapult
92136218,/Users/nickzwart/Desktop/11082026/92136218.json,goonew,1,1,0.5,Grimmsnarl
92136263,/Users/nickzwart/Desktop/11082026/92136263.json,RtoABC,1,0,0.5244,Hydrapple
92136314,/Users/nickzwart/Desktop/11082026/92136314.json,Dipam Chakraborty,0,1,0.6779,Ogerpon
92136333,/Users/nickzwart/Desktop/11082026/92136333.json,LiamK,1,0,0.5741,Alakazam
92137297,/Users/nickzwart/Desktop/11082026/92137297.json,LiamK,0,1,0.5741,Dragapult
92137297,/Users/nickzwart/Desktop/11082026/92137297.json,Kh0a,1,0,0.6116,Dragapult
92137436,/Users/nickzwart/Desktop/11082026/92137436.json,Kh0a,0,0,0.6116,Grimmsnarl
92052576,/Users/nickzwart/Desktop/1 Sixt sense (Dragapult)/92052576.json,Sixth Sense,0,1,0.7167,Alakazam
92053493,/Users/nickzwart/Desktop/1 Sixt sense (Dragapult)/92053493.json,Sixth Sense,1,1,0.7167,other
92137268,/Users/nickzwart/Desktop/11082026/92137268.json,Dipam Chakraborty,0,1,0.6779,Grimmsnarl
92054446,/Users/nickzwart/Desktop/1 Sixt sense (Dragapult)/92054446.json,Sixth Sense,0,1,0.7167,M-Lucario
92055406,/Users/nickzwart/Desktop/1 Sixt sense (Dragapult)/92055406.json,Sixth Sense,1,1,0.7167,Grimmsnarl
92056361,/Users/nickzwart/Desktop/1 Sixt sense (Dragapult)/92056361.json,Sixth Sense,1,1,0.7167,Alakazam
92057305,/Users/nickzwart/Desktop/1 Sixt sense (Dragapult)/92057305.json,Sixth Sense,0,1,0.7167,Grimmsnarl
92070597,/Users/nickzwart/Desktop/1 Sixt sense (Dragapult)/92070597.json,Sixth Sense,1,1,0.7167,other
92077296,/Users/nickzwart/Desktop/1 Sixt sense (Dragapult)/92077296.json,Sixth Sense,0,1,0.7167,M-Lucario
92081978,/Users/nickzwart/Desktop/1 Sixt sense (Dragapult)/92081978.json,Sixth Sense,1,1,0.7167,other
92087654,/Users/nickzwart/Desktop/1 Sixt sense (Dragapult)/92087654.json,Sixth Sense,1,1,0.7167,Crustle
92140398,/Users/nickzwart/Desktop/1 Sixt sense (Dragapult)/92140398.json,やる気元気ミワハルキ,0,0,0.64,Dragapult
92140398,/Users/nickzwart/Desktop/1 Sixt sense (Dragapult)/92140398.json,Sixth Sense,1,1,0.7167,Dragapult
92153361,/Users/nickzwart/Desktop/1 Sixt sense (Dragapult)/92153361.json,Sixth Sense,0,0,0.7167,M-Lucario
92165453,/Users/nickzwart/Desktop/1 Sixt sense (Dragapult)/92165453.json,Sixth Sense,0,0,0.7167,Dudunsparce
92290992,/Users/nickzwart/Desktop/1 Sixt sense (Dragapult)/92290992.json,Sixth Sense,0,1,0.7167,Dudunsparce
92224433,/Users/nickzwart/Desktop/2 Dipam Chakraborty (Ogerpon)/92224433.json,Raihan Ramadistra,1,0,0.6486,Ogerpon
92215965,/Users/nickzwart/Desktop/2 Dipam Chakraborty (Ogerpon)/92215965.json,youtube.com/@BigBugginnings,0,1,0.4559,Ogerpon
92172951,/Users/nickzwart/Desktop/1 Sixt sense (Dragapult)/92172951.json,Sixth Sense,0,0,0.7167,Dudunsparce
92197305,/Users/nickzwart/Desktop/1 Sixt sense (Dragapult)/92197305.json,Sixth Sense,0,1,0.7167,Dragapult
92197305,/Users/nickzwart/Desktop/1 Sixt sense (Dragapult)/92197305.json,やる気元気ミワハルキ,1,0,0.64,Dragapult
92201077,/Users/nickzwart/Desktop/1 Sixt sense (Dragapult)/92201077.json,Sixth Sense,0,0,0.7167,M-Kangaskhan
92219678,/Users/nickzwart/Desktop/1 Sixt sense (Dragapult)/92219678.json,Sixth Sense,0,1,0.7167,Dragapult
92224652,/Users/nickzwart/Desktop/1 Sixt sense (Dragapult)/92224652.json,Sixth Sense,1,0,0.7167,M-Lucario
92246150,/Users/nickzwart/Desktop/1 Sixt sense (Dragapult)/92246150.json,Sixth Sense,0,0,0.7167,Ogerpon
92260180,/Users/nickzwart/Desktop/1 Sixt sense (Dragapult)/92260180.json,Sixth Sense,1,0,0.7167,Dudunsparce
92268635,/Users/nickzwart/Desktop/1 Sixt sense (Dragapult)/92268635.json,Sixth Sense,1,1,0.7167,Dudunsparce
92236713,/Users/nickzwart/Desktop/2 Dipam Chakraborty (Ogerpon)/92236713.json,LiamK,1,0,0.5741,Ogerpon
92229118,/Users/nickzwart/Desktop/2 Dipam Chakraborty (Ogerpon)/92229118.json,213tubo,1,0,0.5738,Ogerpon
92230086,/Users/nickzwart/Desktop/2 Dipam Chakraborty (Ogerpon)/92230086.json,Raihan Ramadistra,0,1,0.6486,Ogerpon
92235754,/Users/nickzwart/Desktop/2 Dipam Chakraborty (Ogerpon)/92235754.json,Raihan Ramadistra,0,0,0.6486,Ogerpon
92244247,/Users/nickzwart/Desktop/2 Dipam Chakraborty (Ogerpon)/92244247.json,やる気元気ミワハルキ,1,0,0.64,Ogerpon
92249907,/Users/nickzwart/Desktop/2 Dipam Chakraborty (Ogerpon)/92249907.json,Sixth Sense,0,0,0.7167,Ogerpon
92188860,/Users/nickzwart/Desktop/5 Luca (M-Lucario/92188860.json,やる気元気ミワハルキ,0,1,0.64,M-Lucario
92190545,/Users/nickzwart/Desktop/5 Luca (M-Lucario/92190545.json,JB Bryant,1,0,0.5714,M-Lucario
92207476,/Users/nickzwart/Desktop/5 Luca (M-Lucario/92207476.json,Dipam Chakraborty,0,1,0.6779,M-Lucario
92199848,/Users/nickzwart/Desktop/5 Luca (M-Lucario/92199848.json,flg,1,1,0.6387,M-Lucario
92201815,/Users/nickzwart/Desktop/5 Luca (M-Lucario/92201815.json,LumenLiquidity,1,1,0.624,M-Lucario
92212278,/Users/nickzwart/Desktop/5 Luca (M-Lucario/92212278.json,LiamK,1,0,0.5741,M-Lucario
92220894,/Users/nickzwart/Desktop/5 Luca (M-Lucario/92220894.json,やる気元気ミワハルキ,1,1,0.64,M-Lucario
92223703,/Users/nickzwart/Desktop/5 Luca (M-Lucario/92223703.json,213tubo,0,0,0.5738,M-Lucario
92218970,/Users/nickzwart/Desktop/5 Luca (M-Lucario/92218970.json,213tubo,0,0,0.5738,M-Lucario
92219951,/Users/nickzwart/Desktop/5 Luca (M-Lucario/92219951.json,flg,1,0,0.6387,M-Lucario
92214223,/Users/nickzwart/Desktop/5 Luca (M-Lucario/92214223.json,213tubo,0,0,0.5738,M-Lucario
92230327,/Users/nickzwart/Desktop/5 Luca (M-Lucario/92230327.json,やる気元気ミワハルキ,1,1,0.64,M-Lucario
92230969,/Users/nickzwart/Desktop/5 Luca (M-Lucario/92230969.json,やる気元気ミワハルキ,1,0,0.64,M-Lucario
92267636,/Users/nickzwart/Desktop/5 Luca (M-Lucario/92267636.json,flg,0,1,0.6387,M-Lucario
92275106,/Users/nickzwart/Desktop/5 Luca (M-Lucario/92275106.json,flg,1,1,0.6387,Ogerpon
92291005,/Users/nickzwart/Desktop/5 Luca (M-Lucario/92291005.json,LiamK,0,1,0.5741,Ogerpon
92291905,/Users/nickzwart/Desktop/5 Luca (M-Lucario/92291905.json,Sixth Sense,0,0,0.7167,Ogerpon
92250850,/Users/nickzwart/Desktop/5 Luca (M-Lucario/92250850.json,Raihan Ramadistra,1,1,0.6486,Ogerpon
92251789,/Users/nickzwart/Desktop/5 Luca (M-Lucario/92251789.json,Sixth Sense,1,1,0.7167,Ogerpon
92357936,/Users/nickzwart/Desktop/Dragapult_1_12082026/episode-92357936-replay.json,Kilupy,1,1,0.5625,M-Lopunny
92358879,/Users/nickzwart/Desktop/Dragapult_1_12082026/episode-92358879-replay.json,Kilupy,1,1,0.5625,Archaludon
92359821,/Users/nickzwart/Desktop/Dragapult_1_12082026/episode-92359821-replay.json,Kilupy,1,1,0.5625,Grimmsnarl
92360765,/Users/nickzwart/Desktop/Dragapult_1_12082026/episode-92360765-replay.json,Kilupy,0,0,0.5625,Alakazam
92355868,/Users/nickzwart/Desktop/Dragapult_1_12082026/episode-92355868-replay.json,Kilupy,0,0,0.5625,Dragapult
92355868,/Users/nickzwart/Desktop/Dragapult_1_12082026/episode-92355868-replay.json,Kilupy,1,1,0.5625,Dragapult
92356012,/Users/nickzwart/Desktop/Dragapult_1_12082026/episode-92356012-replay.json,Kilupy,0,1,0.5625,Garchomp
92356933,/Users/nickzwart/Desktop/Dragapult_1_12082026/episode-92356933-replay.json,Kilupy,1,0,0.5625,Alakazam
92365515,/Users/nickzwart/Desktop/Dragapult_1_12082026/episode-92365515-replay.json,Kilupy,0,1,0.5625,Alakazam
92366459,/Users/nickzwart/Desktop/Dragapult_1_12082026/episode-92366459-replay.json,Kilupy,1,1,0.5625,Grimmsnarl
92367407,/Users/nickzwart/Desktop/Dragapult_1_12082026/episode-92367407-replay.json,Kilupy,0,1,0.5625,Alakazam
92368344,/Users/nickzwart/Desktop/Dragapult_1_12082026/episode-92368344-replay.json,Kilupy,1,0,0.5625,Dragapult
92361730,/Users/nickzwart/Desktop/Dragapult_1_12082026/episode-92361730-replay.json,Kilupy,0,1,0.5625,Alakazam
92362678,/Users/nickzwart/Desktop/Dragapult_1_12082026/episode-92362678-replay.json,Kilupy,1,0,0.5625,M-Lucario
92363629,/Users/nickzwart/Desktop/Dragapult_1_12082026/episode-92363629-replay.json,Kilupy,0,1,0.5625,Alakazam
92364567,/Users/nickzwart/Desktop/Dragapult_1_12082026/episode-92364567-replay.json,Kilupy,0,0,0.5625,Dragapult
92372102,/Users/nickzwart/Desktop/Dragapult_1_12082026/episode-92372102-replay.json,Kilupy,0,0,0.5625,M-Lopunny
92373053,/Users/nickzwart/Desktop/Dragapult_1_12082026/episode-92373053-replay.json,Kilupy,0,0,0.5625,Alakazam
92374014,/Users/nickzwart/Desktop/Dragapult_1_12082026/episode-92374014-replay.json,Kilupy,1,1,0.5625,Garchomp
92374937,/Users/nickzwart/Desktop/Dragapult_1_12082026/episode-92374937-replay.json,Kilupy,1,0,0.5625,Crustle
92369283,/Users/nickzwart/Desktop/Dragapult_1_12082026/episode-92369283-replay.json,Kilupy,1,1,0.5625,Grimmsnarl
92370206,/Users/nickzwart/Desktop/Dragapult_1_12082026/episode-92370206-replay.json,Kilupy,0,1,0.5625,M-Lopunny
92371147,/Users/nickzwart/Desktop/Dragapult_1_12082026/episode-92371147-replay.json,Kilupy,0,1,0.5625,Alakazam
92371953,/Users/nickzwart/Desktop/Dragapult_1_12082026/episode-92371953-replay.json,Kilupy,0,1,0.5625,Crustle
92375885,/Users/nickzwart/Desktop/Dragapult_1_12082026/episode-92375885-replay.json,Kilupy,0,0,0.5625,Archaludon
92376833,/Users/nickzwart/Desktop/Dragapult_1_12082026/episode-92376833-replay.json,Kilupy,1,1,0.5625,Alakazam
92377768,/Users/nickzwart/Desktop/Dragapult_1_12082026/episode-92377768-replay.json,Kilupy,1,1,0.5625,Garchomp
92378701,/Users/nickzwart/Desktop/Dragapult_1_12082026/episode-92378701-replay.json,Kilupy,0,0,0.5625,Grimmsnarl
92379600,/Users/nickzwart/Desktop/Dragapult_1_12082026/episode-92379600-replay.json,Kilupy,0,0,0.5625,Alakazam
92379646,/Users/nickzwart/Desktop/Dragapult_1_12082026/episode-92379646-replay.json,Kilupy,0,0,0.5625,Grimmsnarl
92380507,/Users/nickzwart/Desktop/Dragapult_1_12082026/episode-92380507-replay.json,Kilupy,1,1,0.5625,M-Lopunny
92380546,/Users/nickzwart/Desktop/Dragapult_1_12082026/episode-92380546-replay.json,Kilupy,0,0,0.5625,Grimmsnarl
92381583,/Users/nickzwart/Desktop/Dragapult_1_12082026/episode-92381583-replay.json,Kilupy,0,1,0.5625,Alakazam
92382507,/Users/nickzwart/Desktop/Dragapult_1_12082026/episode-92382507-replay.json,Kilupy,0,1,0.5625,other
92383434,/Users/nickzwart/Desktop/Dragapult_1_12082026/episode-92383434-replay.json,Kilupy,1,0,0.5625,Crustle
92386301,/Users/nickzwart/Desktop/Dragapult_1_12082026/episode-92386301-replay.json,Kilupy,1,0,0.5625,M-Starmie
92358874,/Users/nickzwart/Desktop/Dragapult_2_12-82026/episode-92358874-replay.json,Kilupy,1,0,0.5625,M-Starmie
92359829,/Users/nickzwart/Desktop/Dragapult_2_12-82026/episode-92359829-replay.json,Kilupy,1,1,0.5625,Grimmsnarl
92360784,/Users/nickzwart/Desktop/Dragapult_2_12-82026/episode-92360784-replay.json,Kilupy,0,1,0.5625,Alakazam
92361728,/Users/nickzwart/Desktop/Dragapult_2_12-82026/episode-92361728-replay.json,Kilupy,1,1,0.5625,Garchomp
92390791,/Users/nickzwart/Desktop/Dragapult_1_12082026/episode-92390791-replay.json,Kilupy,0,1,0.5625,Alakazam
92394486,/Users/nickzwart/Desktop/Dragapult_1_12082026/episode-92394486-replay.json,Kilupy,0,1,0.5625,Alakazam
92398925,/Users/nickzwart/Desktop/Dragapult_1_12082026/episode-92398925-replay.json,Kilupy,1,0,0.5625,Crustle
92407396,/Users/nickzwart/Desktop/Dragapult_1_12082026/episode-92407396-replay.json,Kilupy,0,0,0.5625,M-Lucario
92355466,/Users/nickzwart/Desktop/Dragapult_2_12-82026/episode-92355466-replay.json,Kilupy,0,1,0.5625,Dragapult
92355466,/Users/nickzwart/Desktop/Dragapult_2_12-82026/episode-92355466-replay.json,Kilupy,1,0,0.5625,Dragapult
92356009,/Users/nickzwart/Desktop/Dragapult_2_12-82026/episode-92356009-replay.json,Kilupy,1,1,0.5625,Alakazam
92356930,/Users/nickzwart/Desktop/Dragapult_2_12-82026/episode-92356930-replay.json,Kilupy,1,1,0.5625,Alakazam
92357884,/Users/nickzwart/Desktop/Dragapult_2_12-82026/episode-92357884-replay.json,Kilupy,1,0,0.5625,M-Kangaskhan
92362674,/Users/nickzwart/Desktop/Dragapult_2_12-82026/episode-92362674-replay.json,Kilupy,0,1,0.5625,Grimmsnarl
92363604,/Users/nickzwart/Desktop/Dragapult_2_12-82026/episode-92363604-replay.json,Kilupy,1,0,0.5625,Grimmsnarl
92363609,/Users/nickzwart/Desktop/Dragapult_2_12-82026/episode-92363609-replay.json,Kilupy,0,0,0.5625,Grimmsnarl
92363719,/Users/nickzwart/Desktop/Dragapult_2_12-82026/episode-92363719-replay.json,Kilupy,0,1,0.5625,Alakazam
92364589,/Users/nickzwart/Desktop/Dragapult_2_12-82026/episode-92364589-replay.json,Kilupy,0,1,0.5625,Grimmsnarl
92364713,/Users/nickzwart/Desktop/Dragapult_2_12-82026/episode-92364713-replay.json,Kilupy,0,1,0.5625,Alakazam
92365527,/Users/nickzwart/Desktop/Dragapult_2_12-82026/episode-92365527-replay.json,Kilupy,1,0,0.5625,Dragapult
92366477,/Users/nickzwart/Desktop/Dragapult_2_12-82026/episode-92366477-replay.json,Kilupy,0,1,0.5625,M-Lopunny
92367353,/Users/nickzwart/Desktop/Dragapult_2_12-82026/episode-92367353-replay.json,Kilupy,1,0,0.5625,Grimmsnarl
92367409,/Users/nickzwart/Desktop/Dragapult_2_12-82026/episode-92367409-replay.json,Kilupy,1,0,0.5625,Grimmsnarl
92368384,/Users/nickzwart/Desktop/Dragapult_2_12-82026/episode-92368384-replay.json,Kilupy,0,1,0.5625,Grimmsnarl
92369327,/Users/nickzwart/Desktop/Dragapult_2_12-82026/episode-92369327-replay.json,Kilupy,0,1,0.5625,Alakazam
92370261,/Users/nickzwart/Desktop/Dragapult_2_12-82026/episode-92370261-replay.json,Kilupy,1,1,0.5625,Alakazam
92371200,/Users/nickzwart/Desktop/Dragapult_2_12-82026/episode-92371200-replay.json,Kilupy,0,1,0.5625,Grimmsnarl
92372160,/Users/nickzwart/Desktop/Dragapult_2_12-82026/episode-92372160-replay.json,Kilupy,1,0,0.5625,Alakazam
92373104,/Users/nickzwart/Desktop/Dragapult_2_12-82026/episode-92373104-replay.json,Kilupy,0,1,0.5625,Grimmsnarl
92374043,/Users/nickzwart/Desktop/Dragapult_2_12-82026/episode-92374043-replay.json,Kilupy,0,1,0.5625,Alakazam
92374984,/Users/nickzwart/Desktop/Dragapult_2_12-82026/episode-92374984-replay.json,Kilupy,0,1,0.5625,Grimmsnarl
92375915,/Users/nickzwart/Desktop/Dragapult_2_12-82026/episode-92375915-replay.json,Kilupy,1,0,0.5625,M-Kangaskhan
92376864,/Users/nickzwart/Desktop/Dragapult_2_12-82026/episode-92376864-replay.json,Kilupy,1,1,0.5625,Alakazam
92395583,/Users/nickzwart/Desktop/Dragapult_2_12-82026/episode-92395583-replay.json,Kilupy,1,0,0.5625,Alakazam
92402994,/Users/nickzwart/Desktop/Dragapult_2_12-82026/episode-92402994-replay.json,Kilupy,0,0,0.5625,Alakazam
92377800,/Users/nickzwart/Desktop/Dragapult_2_12-82026/episode-92377800-replay.json,Kilupy,0,0,0.5625,Alakazam
92378735,/Users/nickzwart/Desktop/Dragapult_2_12-82026/episode-92378735-replay.json,Kilupy,0,1,0.5625,Alakazam
92379458,/Users/nickzwart/Desktop/Dragapult_2_12-82026/episode-92379458-replay.json,Kilupy,1,0,0.5625,Grimmsnarl
92379674,/Users/nickzwart/Desktop/Dragapult_2_12-82026/episode-92379674-replay.json,Kilupy,1,1,0.5625,M-Kangaskhan
92380568,/Users/nickzwart/Desktop/Dragapult_2_12-82026/episode-92380568-replay.json,Kilupy,0,0,0.5625,Grimmsnarl
92381590,/Users/nickzwart/Desktop/Dragapult_2_12-82026/episode-92381590-replay.json,Kilupy,1,0,0.5625,Grimmsnarl
92382384,/Users/nickzwart/Desktop/Dragapult_2_12-82026/episode-92382384-replay.json,Kilupy,0,0,0.5625,Dragapult
92382384,/Users/nickzwart/Desktop/Dragapult_2_12-82026/episode-92382384-replay.json,Budew,1,1,0.3636,Dragapult
92389022,/Users/nickzwart/Desktop/Dragapult_2_12-82026/episode-92389022-replay.json,Kilupy,0,1,0.5625,Ogerpon
92382415,top_fresh/Dipam Chakraborty/92382415.json,e-toppo + kurupical,1,0,0.5909,Ogerpon
92388976,top_fresh/Dipam Chakraborty/92388976.json,JB Bryant,0,0,0.5714,Ogerpon
92416879,top_fresh/Dipam Chakraborty/92416879.json,goonew,1,0,0.5,Ogerpon
92419291,top_fresh/Dipam Chakraborty/92419291.json,Dipam Chakraborty,0,0,0.6779,Dragapult
92419291,top_fresh/Dipam Chakraborty/92419291.json,Dipam Chakraborty,1,1,0.6779,Dragapult
92420300,top_fresh/Dipam Chakraborty/92420300.json,Dipam Chakraborty,1,0,0.6779,other
92421235,top_fresh/Dipam Chakraborty/92421235.json,Dipam Chakraborty,0,1,0.6779,other
92422153,top_fresh/Dipam Chakraborty/92422153.json,Dipam Chakraborty,1,1,0.6779,Archaludon
92423078,top_fresh/Dipam Chakraborty/92423078.json,Dipam Chakraborty,1,1,0.6779,Archaludon
92436153,top_fresh/Dipam Chakraborty/92436153.json,Dipam Chakraborty,0,0,0.6779,Alakazam
92437086,top_fresh/Dipam Chakraborty/92437086.json,Dipam Chakraborty,0,1,0.6779,Crustle
92438007,top_fresh/Dipam Chakraborty/92438007.json,Dipam Chakraborty,1,1,0.6779,Alakazam
92438939,top_fresh/Dipam Chakraborty/92438939.json,Dipam Chakraborty,1,1,0.6779,Alakazam
92439872,top_fresh/Dipam Chakraborty/92439872.json,Dipam Chakraborty,0,1,0.6779,M-Froslass
92440809,top_fresh/Dipam Chakraborty/92440809.json,Dipam Chakraborty,1,1,0.6779,Ogerpon
92429569,top_fresh/Dipam Chakraborty/92429569.json,Dipam Chakraborty,0,1,0.6779,Archaludon
92430520,top_fresh/Dipam Chakraborty/92430520.json,Dipam Chakraborty,0,1,0.6779,other
92431415,top_fresh/Dipam Chakraborty/92431415.json,Dipam Chakraborty,0,1,0.6779,M-Kangaskhan
92432331,top_fresh/Dipam Chakraborty/92432331.json,Dipam Chakraborty,1,1,0.6779,Alakazam
92433258,top_fresh/Dipam Chakraborty/92433258.json,Dipam Chakraborty,0,1,0.6779,Alakazam
92434260,top_fresh/Dipam Chakraborty/92434260.json,Dipam Chakraborty,0,1,0.6779,Grimmsnarl
92435214,top_fresh/Dipam Chakraborty/92435214.json,Dipam Chakraborty,1,0,0.6779,Grimmsnarl
92423994,top_fresh/Dipam Chakraborty/92423994.json,Dipam Chakraborty,1,0,0.6779,other
92424917,top_fresh/Dipam Chakraborty/92424917.json,Dipam Chakraborty,1,1,0.6779,Grimmsnarl
92425851,top_fresh/Dipam Chakraborty/92425851.json,Dipam Chakraborty,1,1,0.6779,Hydrapple
92426782,top_fresh/Dipam Chakraborty/92426782.json,Dipam Chakraborty,0,1,0.6779,M-Kangaskhan
92427725,top_fresh/Dipam Chakraborty/92427725.json,Dipam Chakraborty,0,1,0.6779,Alakazam
92428641,top_fresh/Dipam Chakraborty/92428641.json,Dipam Chakraborty,0,0,0.6779,Ogerpon
92428789,top_fresh/Dipam Chakraborty/92428789.json,Sixth Sense,1,1,0.7167,Ogerpon
92441738,top_fresh/Dipam Chakraborty/92441738.json,Dipam Chakraborty,1,0,0.6779,M-Lucario
92442677,top_fresh/Dipam Chakraborty/92442677.json,Dipam Chakraborty,0,1,0.6779,Hydrapple
92443585,top_fresh/Dipam Chakraborty/92443585.json,Dipam Chakraborty,1,0,0.6779,Grimmsnarl
92444523,top_fresh/Dipam Chakraborty/92444523.json,Dipam Chakraborty,0,1,0.6779,M-Starmie
92445429,top_fresh/Dipam Chakraborty/92445429.json,Dipam Chakraborty,1,1,0.6779,M-Kangaskhan
92446363,top_fresh/Dipam Chakraborty/92446363.json,Dipam Chakraborty,0,0,0.6779,Grimmsnarl
92447294,top_fresh/Dipam Chakraborty/92447294.json,Dipam Chakraborty,1,0,0.6779,Grimmsnarl
92448211,top_fresh/Dipam Chakraborty/92448211.json,youtube.com/@BigBugginnings,0,1,0.4559,Dragapult
92448211,top_fresh/Dipam Chakraborty/92448211.json,Dipam Chakraborty,1,0,0.6779,Dragapult
92449153,top_fresh/Dipam Chakraborty/92449153.json,Dipam Chakraborty,1,1,0.6779,Grimmsnarl
92450078,top_fresh/Dipam Chakraborty/92450078.json,Dipam Chakraborty,1,1,0.6779,Grimmsnarl
92451000,top_fresh/Dipam Chakraborty/92451000.json,Dipam Chakraborty,1,1,0.6779,Grimmsnarl
92451926,top_fresh/Dipam Chakraborty/92451926.json,Dipam Chakraborty,0,1,0.6779,Grimmsnarl
92452846,top_fresh/Dipam Chakraborty/92452846.json,Dipam Chakraborty,1,1,0.6779,Alakazam
92453778,top_fresh/Dipam Chakraborty/92453778.json,Dipam Chakraborty,1,0,0.6779,M-Lucario
92454718,top_fresh/Dipam Chakraborty/92454718.json,Dipam Chakraborty,1,1,0.6779,Grimmsnarl
92455566,top_fresh/Dipam Chakraborty/92455566.json,Dipam Chakraborty,1,1,0.6779,Alakazam
92456581,top_fresh/Dipam Chakraborty/92456581.json,Dipam Chakraborty,1,0,0.6779,M-Lopunny
92457512,top_fresh/Dipam Chakraborty/92457512.json,Dipam Chakraborty,1,1,0.6779,Crustle
92458445,top_fresh/Dipam Chakraborty/92458445.json,Dipam Chakraborty,0,0,0.6779,Grimmsnarl
92459367,top_fresh/Dipam Chakraborty/92459367.json,Dipam Chakraborty,1,1,0.6779,Grimmsnarl
92460299,top_fresh/Dipam Chakraborty/92460299.json,Dipam Chakraborty,1,1,0.6779,M-Kangaskhan
92461226,top_fresh/Dipam Chakraborty/92461226.json,Dipam Chakraborty,0,1,0.6779,Dragapult
92461226,top_fresh/Dipam Chakraborty/92461226.json,youtube.com/@BigBugginnings,1,0,0.4559,Dragapult
92470444,top_fresh/Dipam Chakraborty/92470444.json,Dipam Chakraborty,1,1,0.6779,Alakazam
92477957,top_fresh/Dipam Chakraborty/92477957.json,Dipam Chakraborty,1,1,0.6779,Ogerpon
92485650,top_fresh/Dipam Chakraborty/92485650.json,Dipam Chakraborty,0,1,0.6779,Dragapult
92488197,top_fresh/Dipam Chakraborty/92488197.json,Dipam Chakraborty,0,1,0.6779,Alakazam
92491976,top_fresh/Dipam Chakraborty/92491976.json,Dipam Chakraborty,0,1,0.6779,M-Lopunny
92462161,top_fresh/Dipam Chakraborty/92462161.json,Dipam Chakraborty,1,1,0.6779,M-Lopunny
92463088,top_fresh/Dipam Chakraborty/92463088.json,Dipam Chakraborty,1,1,0.6779,Crustle
92464040,top_fresh/Dipam Chakraborty/92464040.json,Dipam Chakraborty,1,0,0.6779,Alakazam
92464959,top_fresh/Dipam Chakraborty/92464959.json,Dipam Chakraborty,0,1,0.6779,Grimmsnarl
92465899,top_fresh/Dipam Chakraborty/92465899.json,Dipam Chakraborty,0,0,0.6779,M-Lopunny
92466848,top_fresh/Dipam Chakraborty/92466848.json,Dipam Chakraborty,0,1,0.6779,M-Lopunny
92467808,top_fresh/Dipam Chakraborty/92467808.json,Dipam Chakraborty,1,1,0.6779,Dragapult
92505862,top_fresh/Dipam Chakraborty/92505862.json,李秉叡（ntumlnoob）,1,0,0.25,Ogerpon
92514379,top_fresh/Dipam Chakraborty/92514379.json,Dipam Chakraborty,1,0,0.6779,Grimmsnarl
92515262,top_fresh/Dipam Chakraborty/92515262.json,Dipam Chakraborty,0,1,0.6779,Dragapult
92515262,top_fresh/Dipam Chakraborty/92515262.json,palsystem,1,0,0.7391,Dragapult
92299866,top_fresh/Sixth Sense/92299866.json,Sixth Sense,0,0,0.7167,Dragapult
92299866,top_fresh/Sixth Sense/92299866.json,Sixth Sense,1,1,0.7167,Dragapult
92300884,top_fresh/Sixth Sense/92300884.json,Sixth Sense,1,1,0.7167,other
92301840,top_fresh/Sixth Sense/92301840.json,Sixth Sense,1,1,0.7167,M-Lucario
92302783,top_fresh/Sixth Sense/92302783.json,Sixth Sense,1,0,0.7167,M-Lucario
92303717,top_fresh/Sixth Sense/92303717.json,Sixth Sense,1,1,0.7167,M-Lucario
92304657,top_fresh/Sixth Sense/92304657.json,Sixth Sense,0,1,0.7167,Alakazam
92305585,top_fresh/Sixth Sense/92305585.json,Sixth Sense,0,1,0.7167,Archaludon
92306536,top_fresh/Sixth Sense/92306536.json,Sixth Sense,1,1,0.7167,Crustle
92307460,top_fresh/Sixth Sense/92307460.json,Sixth Sense,0,1,0.7167,Grimmsnarl
92308386,top_fresh/Sixth Sense/92308386.json,Sixth Sense,1,1,0.7167,Alakazam
92309323,top_fresh/Sixth Sense/92309323.json,Sixth Sense,1,0,0.7167,M-Lucario
92309433,top_fresh/Sixth Sense/92309433.json,Sixth Sense,1,1,0.7167,Alakazam
92310285,top_fresh/Sixth Sense/92310285.json,Sixth Sense,1,0,0.7167,Grimmsnarl
92311245,top_fresh/Sixth Sense/92311245.json,Sixth Sense,1,1,0.7167,Ogerpon
92312162,top_fresh/Sixth Sense/92312162.json,Sixth Sense,0,1,0.7167,Dragapult
92313107,top_fresh/Sixth Sense/92313107.json,Sixth Sense,1,1,0.7167,Dudunsparce
92314062,top_fresh/Sixth Sense/92314062.json,Sixth Sense,0,1,0.7167,M-Starmie
92315002,top_fresh/Sixth Sense/92315002.json,Sixth Sense,0,1,0.7167,Ogerpon
92315935,top_fresh/Sixth Sense/92315935.json,Sixth Sense,1,1,0.7167,Grimmsnarl
92316888,top_fresh/Sixth Sense/92316888.json,Sixth Sense,1,1,0.7167,Grimmsnarl
92317834,top_fresh/Sixth Sense/92317834.json,Sixth Sense,1,1,0.7167,Ogerpon
92318775,top_fresh/Sixth Sense/92318775.json,Sixth Sense,1,0,0.7167,Grimmsnarl
92319723,top_fresh/Sixth Sense/92319723.json,Sixth Sense,0,1,0.7167,Alakazam
92320668,top_fresh/Sixth Sense/92320668.json,Sixth Sense,0,1,0.7167,Grimmsnarl
92321622,top_fresh/Sixth Sense/92321622.json,Sixth Sense,1,0,0.7167,Grimmsnarl
92322564,top_fresh/Sixth Sense/92322564.json,Sixth Sense,1,1,0.7167,M-Lucario
92323485,top_fresh/Sixth Sense/92323485.json,Sixth Sense,1,1,0.7167,Alakazam
92324435,top_fresh/Sixth Sense/92324435.json,Sixth Sense,0,1,0.7167,Garchomp
92325378,top_fresh/Sixth Sense/92325378.json,Sixth Sense,0,1,0.7167,Grimmsnarl
92326321,top_fresh/Sixth Sense/92326321.json,Sixth Sense,0,1,0.7167,other
92327243,top_fresh/Sixth Sense/92327243.json,Sixth Sense,0,1,0.7167,Ogerpon
92328186,top_fresh/Sixth Sense/92328186.json,Sixth Sense,1,1,0.7167,Grimmsnarl
92329152,top_fresh/Sixth Sense/92329152.json,Sixth Sense,0,1,0.7167,M-Lopunny
92330069,top_fresh/Sixth Sense/92330069.json,Sixth Sense,0,1,0.7167,M-Kangaskhan
92331024,top_fresh/Sixth Sense/92331024.json,Sixth Sense,0,1,0.7167,Grimmsnarl
92339485,top_fresh/Sixth Sense/92339485.json,Sixth Sense,1,0,0.7167,M-Lopunny
92340472,top_fresh/Sixth Sense/92340472.json,Sixth Sense,1,1,0.7167,Grimmsnarl
92341363,top_fresh/Sixth Sense/92341363.json,李秉叡（ntumlnoob）,0,1,0.25,Dragapult
92341363,top_fresh/Sixth Sense/92341363.json,Sixth Sense,1,0,0.7167,Dragapult
92347756,top_fresh/Sixth Sense/92347756.json,Sixth Sense,1,1,0.7167,M-Lopunny
92331949,top_fresh/Sixth Sense/92331949.json,Sixth Sense,0,0,0.7167,Ogerpon
92332896,top_fresh/Sixth Sense/92332896.json,Sixth Sense,1,1,0.7167,Alakazam
92333840,top_fresh/Sixth Sense/92333840.json,Sixth Sense,1,1,0.7167,M-Lopunny
92334798,top_fresh/Sixth Sense/92334798.json,Sixth Sense,1,1,0.7167,Dragapult
92335722,top_fresh/Sixth Sense/92335722.json,Sixth Sense,1,0,0.7167,Grimmsnarl
92336676,top_fresh/Sixth Sense/92336676.json,Sixth Sense,0,1,0.7167,M-Lucario
92337612,top_fresh/Sixth Sense/92337612.json,Sixth Sense,0,1,0.7167,Garchomp
92338554,top_fresh/Sixth Sense/92338554.json,Sixth Sense,0,1,0.7167,M-Lopunny
92390495,top_fresh/Sixth Sense/92390495.json,Sixth Sense,0,1,0.7167,Dragapult
92390495,top_fresh/Sixth Sense/92390495.json,Sixth Sense,1,0,0.7167,Dragapult
92391497,top_fresh/Sixth Sense/92391497.json,Sixth Sense,1,1,0.7167,other
92392421,top_fresh/Sixth Sense/92392421.json,Sixth Sense,1,0,0.7167,M-Lucario
92393371,top_fresh/Sixth Sense/92393371.json,Sixth Sense,0,1,0.7167,Grimmsnarl
92394321,top_fresh/Sixth Sense/92394321.json,Sixth Sense,1,1,0.7167,Grimmsnarl
92398946,top_fresh/Sixth Sense/92398946.json,Sixth Sense,1,1,0.7167,Alakazam
92399876,top_fresh/Sixth Sense/92399876.json,Sixth Sense,1,1,0.7167,Ogerpon
92400813,top_fresh/Sixth Sense/92400813.json,Sixth Sense,1,1,0.7167,other
92401745,top_fresh/Sixth Sense/92401745.json,Sixth Sense,0,1,0.7167,Grimmsnarl
92395215,top_fresh/Sixth Sense/92395215.json,Sixth Sense,0,0,0.7167,M-Lucario
92395319,top_fresh/Sixth Sense/92395319.json,Dipam Chakraborty,1,1,0.6779,Alakazam
92396157,top_fresh/Sixth Sense/92396157.json,Sixth Sense,0,1,0.7167,M-Kangaskhan
92397090,top_fresh/Sixth Sense/92397090.json,Sixth Sense,0,0,0.7167,Crustle
92398020,top_fresh/Sixth Sense/92398020.json,Sixth Sense,0,1,0.7167,Alakazam
92402687,top_fresh/Sixth Sense/92402687.json,Sixth Sense,0,1,0.7167,Alakazam
92403618,top_fresh/Sixth Sense/92403618.json,Sixth Sense,0,1,0.7167,Alakazam
92404543,top_fresh/Sixth Sense/92404543.json,Sixth Sense,1,1,0.7167,Alakazam
92405470,top_fresh/Sixth Sense/92405470.json,Sixth Sense,1,1,0.7167,Ogerpon
92406397,top_fresh/Sixth Sense/92406397.json,Sixth Sense,1,1,0.7167,Grimmsnarl
92407324,top_fresh/Sixth Sense/92407324.json,Sixth Sense,0,1,0.7167,M-Kangaskhan
92408263,top_fresh/Sixth Sense/92408263.json,Sixth Sense,1,0,0.7167,Ogerpon
92409200,top_fresh/Sixth Sense/92409200.json,Sixth Sense,0,0,0.7167,Grimmsnarl
92410138,top_fresh/Sixth Sense/92410138.json,Sixth Sense,0,1,0.7167,Ogerpon
92411037,top_fresh/Sixth Sense/92411037.json,Sixth Sense,0,1,0.7167,other
92412002,top_fresh/Sixth Sense/92412002.json,Sixth Sense,0,1,0.7167,M-Lucario
92412927,top_fresh/Sixth Sense/92412927.json,Sixth Sense,0,1,0.7167,Grimmsnarl
92413855,top_fresh/Sixth Sense/92413855.json,Sixth Sense,1,1,0.7167,other
92414792,top_fresh/Sixth Sense/92414792.json,Sixth Sense,1,0,0.7167,Archaludon
92415702,top_fresh/Sixth Sense/92415702.json,Sixth Sense,1,1,0.7167,M-Lopunny
92416637,top_fresh/Sixth Sense/92416637.json,Sixth Sense,0,1,0.7167,Dragapult
92416637,top_fresh/Sixth Sense/92416637.json,Klein Houmani,1,0,0.5185,Dragapult
92416812,top_fresh/Sixth Sense/92416812.json,Dipam Chakraborty,0,0,0.6779,Alakazam
92417556,top_fresh/Sixth Sense/92417556.json,Sixth Sense,1,1,0.7167,Grimmsnarl
92418584,top_fresh/Sixth Sense/92418584.json,Sixth Sense,1,1,0.7167,Alakazam
92419512,top_fresh/Sixth Sense/92419512.json,Sixth Sense,0,1,0.7167,Grimmsnarl
92420451,top_fresh/Sixth Sense/92420451.json,Sixth Sense,1,0,0.7167,M-Lucario
92421384,top_fresh/Sixth Sense/92421384.json,Sixth Sense,1,1,0.7167,Ogerpon
92422300,top_fresh/Sixth Sense/92422300.json,Sixth Sense,0,1,0.7167,Grimmsnarl
92423280,top_fresh/Sixth Sense/92423280.json,Sixth Sense,0,1,0.7167,Alakazam
92424136,top_fresh/Sixth Sense/92424136.json,Sixth Sense,1,1,0.7167,Alakazam
92424949,top_fresh/Sixth Sense/92424949.json,Sixth Sense,0,1,0.7167,M-Lopunny
92425064,top_fresh/Sixth Sense/92425064.json,Sixth Sense,1,1,0.7167,Crustle
92426001,top_fresh/Sixth Sense/92426001.json,Sixth Sense,0,1,0.7167,M-Lucario
92426891,top_fresh/Sixth Sense/92426891.json,Sixth Sense,0,1,0.7167,Grimmsnarl
92426931,top_fresh/Sixth Sense/92426931.json,Sixth Sense,1,1,0.7167,M-Lopunny
92427871,top_fresh/Sixth Sense/92427871.json,Sixth Sense,1,1,0.7167,M-Kangaskhan
92429709,top_fresh/Sixth Sense/92429709.json,Sixth Sense,0,1,0.7167,Alakazam
92430628,top_fresh/Sixth Sense/92430628.json,Sixth Sense,0,1,0.7167,M-Lopunny
92431555,top_fresh/Sixth Sense/92431555.json,Sixth Sense,1,1,0.7167,Alakazam
92432458,top_fresh/Sixth Sense/92432458.json,Sixth Sense,0,1,0.7167,Grimmsnarl
92433389,top_fresh/Sixth Sense/92433389.json,Sixth Sense,0,1,0.7167,M-Kangaskhan
92434388,top_fresh/Sixth Sense/92434388.json,LiamK,0,1,0.5741,Dragapult
92434388,top_fresh/Sixth Sense/92434388.json,Sixth Sense,1,0,0.7167,Dragapult
92435344,top_fresh/Sixth Sense/92435344.json,Sixth Sense,0,1,0.7167,Crustle
92436279,top_fresh/Sixth Sense/92436279.json,Sixth Sense,1,1,0.7167,Grimmsnarl
92437207,top_fresh/Sixth Sense/92437207.json,Sixth Sense,0,1,0.7167,other
92438123,top_fresh/Sixth Sense/92438123.json,Sixth Sense,0,1,0.7167,Ogerpon
92439059,top_fresh/Sixth Sense/92439059.json,Sixth Sense,1,1,0.7167,Grimmsnarl
92440016,top_fresh/Sixth Sense/92440016.json,Sixth Sense,1,1,0.7167,M-Lopunny
92440937,top_fresh/Sixth Sense/92440937.json,Sixth Sense,0,1,0.7167,Dragapult
92440937,top_fresh/Sixth Sense/92440937.json,Kh0a,1,0,0.6116,Dragapult
92441930,top_fresh/Sixth Sense/92441930.json,JB Bryant,0,1,0.5714,Dragapult
92441930,top_fresh/Sixth Sense/92441930.json,Sixth Sense,1,0,0.7167,Dragapult
92444604,top_fresh/Sixth Sense/92444604.json,Sixth Sense,0,1,0.7167,Grimmsnarl
92452964,top_fresh/Sixth Sense/92452964.json,Sixth Sense,0,1,0.7167,Dragapult
92452964,top_fresh/Sixth Sense/92452964.json,LiamK,1,0,0.5741,Dragapult
92452999,top_fresh/Sixth Sense/92452999.json,Sixth Sense,0,1,0.7167,M-Kangaskhan
92509700,top_fresh/Sixth Sense/92509700.json,Sixth Sense,1,1,0.7167,Alakazam
92254280,top_fresh/__________/92254280.json,やる気元気ミワハルキ,1,1,0.64,other
92463180,top_fresh/Sixth Sense/92463180.json,Sixth Sense,1,1,0.7167,M-Lucario
92489119,top_fresh/Sixth Sense/92489119.json,Sixth Sense,0,0,0.7167,Alakazam
92493690,top_fresh/Sixth Sense/92493690.json,Sixth Sense,1,1,0.7167,Dragapult
92255473,top_fresh/__________/92255473.json,Sixth Sense,1,1,0.7167,Dudunsparce
92256411,top_fresh/__________/92256411.json,Dipam Chakraborty,0,0,0.6779,Dudunsparce
92257397,top_fresh/__________/92257397.json,やる気元気ミワハルキ,1,0,0.64,M-Kangaskhan
92261160,top_fresh/__________/92261160.json,Sixth Sense,1,0,0.7167,Dudunsparce
92385220,top_fresh/__________/92385220.json,やる気元気ミワハルキ,1,1,0.64,other
92396450,top_fresh/__________/92396450.json,やる気元気ミワハルキ,0,0,0.64,M-Lucario
92323595,top_fresh/__________/92323595.json,やる気元気ミワハルキ,0,0,0.64,Dragapult
92323595,top_fresh/__________/92323595.json,flg,1,1,0.6387,Dragapult
92336753,top_fresh/__________/92336753.json,flg,1,1,0.6387,Dudunsparce
92352477,top_fresh/__________/92352477.json,Sixth Sense,0,0,0.7167,Dragapult
92352477,top_fresh/__________/92352477.json,やる気元気ミワハルキ,1,1,0.64,Dragapult
92353420,top_fresh/__________/92353420.json,Sixth Sense,0,0,0.7167,Dragapult
92353420,top_fresh/__________/92353420.json,やる気元気ミワハルキ,1,1,0.64,Dragapult
92363913,top_fresh/__________/92363913.json,LiamK,0,0,0.5741,Dragapult
92363913,top_fresh/__________/92363913.json,やる気元気ミワハルキ,1,1,0.64,Dragapult
92383367,top_fresh/__________/92383367.json,Sixth Sense,0,1,0.7167,Dragapult
92383367,top_fresh/__________/92383367.json,やる気元気ミワハルキ,1,0,0.64,Dragapult
92279615,top_fresh/__________/92279615.json,LumenLiquidity,1,1,0.624,Dudunsparce
92300062,top_fresh/__________/92300062.json,flg,0,0,0.6387,Dudunsparce
92301013,top_fresh/__________/92301013.json,flg,1,1,0.6387,Dudunsparce
92301956,top_fresh/__________/92301956.json,flg,0,1,0.6387,Dragapult
92301956,top_fresh/__________/92301956.json,やる気元気ミワハルキ,1,0,0.64,Dragapult
92311282,top_fresh/__________/92311282.json,やる気元気ミワハルキ,1,0,0.64,Ogerpon
92422220,top_fresh/__________/92422220.json,Kh0a,0,0,0.6116,M-Lopunny
92439924,top_fresh/__________/92439924.json,Pokemon Siuuuu,0,0,0.5809,M-Lopunny
92454768,top_fresh/__________/92454768.json,LiamK,0,0,0.5741,M-Lopunny
92455571,top_fresh/__________/92455571.json,Iliamna,0,0,0.5556,Grimmsnarl
92455631,top_fresh/__________/92455631.json,flg,1,1,0.6387,M-Lopunny
92270375,top_fresh/flg/92270375.json,flg,0,1,0.6387,M-Lopunny
92283988,top_fresh/flg/92283988.json,flg,0,1,0.6387,Dragapult
92283988,top_fresh/flg/92283988.json,flg,1,0,0.6387,Dragapult
92284087,top_fresh/flg/92284087.json,flg,1,1,0.6387,M-Lucario
92285012,top_fresh/flg/92285012.json,flg,0,1,0.6387,Alakazam
92285959,top_fresh/flg/92285959.json,flg,0,1,0.6387,Crustle
92286906,top_fresh/flg/92286906.json,flg,0,1,0.6387,Alakazam
92287853,top_fresh/flg/92287853.json,flg,0,1,0.6387,Alakazam
92288804,top_fresh/flg/92288804.json,flg,1,0,0.6387,M-Kangaskhan
92289732,top_fresh/flg/92289732.json,flg,0,1,0.6387,Grimmsnarl
92290679,top_fresh/flg/92290679.json,flg,1,1,0.6387,Grimmsnarl
92291618,top_fresh/flg/92291618.json,flg,0,1,0.6387,Grimmsnarl
92292555,top_fresh/flg/92292555.json,Boseiju,0,0,0.3684,Dragapult
92292555,top_fresh/flg/92292555.json,flg,1,1,0.6387,Dragapult
92293493,top_fresh/flg/92293493.json,flg,0,1,0.6387,Grimmsnarl
92293566,top_fresh/flg/92293566.json,flg,0,1,0.6387,Alakazam
92294434,top_fresh/flg/92294434.json,flg,0,0,0.6387,Alakazam
92295384,top_fresh/flg/92295384.json,flg,1,1,0.6387,Hydrapple
92296306,top_fresh/flg/92296306.json,flg,0,1,0.6387,Grimmsnarl
92297282,top_fresh/flg/92297282.json,flg,1,1,0.6387,Ogerpon
92298182,top_fresh/flg/92298182.json,flg,0,1,0.6387,Ogerpon
92299099,top_fresh/flg/92299099.json,flg,0,1,0.6387,Grimmsnarl
92300289,top_fresh/flg/92300289.json,flg,0,1,0.6387,Dragapult
92300289,top_fresh/flg/92300289.json,LumenLiquidity,1,0,0.624,Dragapult
92302885,top_fresh/flg/92302885.json,flg,0,1,0.6387,Dragapult
92302885,top_fresh/flg/92302885.json,李秉叡（ntumlnoob）,1,0,0.25,Dragapult
92303820,top_fresh/flg/92303820.json,flg,1,0,0.6387,Ogerpon
92304758,top_fresh/flg/92304758.json,flg,0,0,0.6387,Ogerpon
92305690,top_fresh/flg/92305690.json,flg,0,0,0.6387,Ogerpon
92306655,top_fresh/flg/92306655.json,flg,1,1,0.6387,Grimmsnarl
92307565,top_fresh/flg/92307565.json,flg,1,0,0.6387,M-Lucario
92308486,top_fresh/flg/92308486.json,flg,0,1,0.6387,M-Lopunny
92309436,top_fresh/flg/92309436.json,flg,1,1,0.6387,Alakazam
92310379,top_fresh/flg/92310379.json,flg,1,0,0.6387,M-Lucario
92311324,top_fresh/flg/92311324.json,flg,0,1,0.6387,M-Lucario
92312254,top_fresh/flg/92312254.json,flg,1,1,0.6387,M-Lucario
92313203,top_fresh/flg/92313203.json,Raihan Ramadistra,0,1,0.6486,Dragapult
92313203,top_fresh/flg/92313203.json,flg,1,0,0.6387,Dragapult
92314143,top_fresh/flg/92314143.json,flg,1,0,0.6387,M-Kangaskhan
92315100,top_fresh/flg/92315100.json,flg,0,0,0.6387,Ogerpon
92316039,top_fresh/flg/92316039.json,flg,1,0,0.6387,M-Lucario
92316991,top_fresh/flg/92316991.json,flg,1,0,0.6387,M-Lucario
92317941,top_fresh/flg/92317941.json,flg,0,1,0.6387,M-Froslass
92318882,top_fresh/flg/92318882.json,flg,1,1,0.6387,M-Lucario
92319756,top_fresh/flg/92319756.json,flg,1,0,0.6387,Ogerpon
92319828,top_fresh/flg/92319828.json,flg,1,1,0.6387,M-Kangaskhan
92320785,top_fresh/flg/92320785.json,flg,0,1,0.6387,Ogerpon
92321733,top_fresh/flg/92321733.json,flg,0,0,0.6387,M-Lucario
92322676,top_fresh/flg/92322676.json,flg,0,1,0.6387,M-Lucario
92323566,top_fresh/flg/92323566.json,flg,0,1,0.6387,Ogerpon
92324545,top_fresh/flg/92324545.json,flg,1,0,0.6387,M-Kangaskhan
92333881,top_fresh/flg/92333881.json,flg,1,0,0.6387,Ogerpon
92357313,top_fresh/flg/92357313.json,flg,0,1,0.6387,Dragapult
92357313,top_fresh/flg/92357313.json,Raihan Ramadistra,1,0,0.6486,Dragapult
92382428,top_fresh/flg/92382428.json,Sixth Sense,0,1,0.7167,Dragapult
92382428,top_fresh/flg/92382428.json,flg,1,0,0.6387,Dragapult
92382554,top_fresh/flg/92382554.json,flg,1,1,0.6387,Alakazam
92384284,top_fresh/flg/92384284.json,flg,0,1,0.6387,Dragapult
92384284,top_fresh/flg/92384284.json,Sixth Sense,1,0,0.7167,Dragapult
92393446,top_fresh/flg/92393446.json,flg,1,0,0.6387,other
92410060,top_fresh/flg/92410060.json,flg,1,1,0.6387,Grimmsnarl
92424336,top_fresh/flg/92424336.json,flg,1,1,0.6387,Grimmsnarl
92433554,top_fresh/flg/92433554.json,flg,0,1,0.6387,Grimmsnarl
92440158,top_fresh/flg/92440158.json,flg,0,1,0.6387,Alakazam
92442787,top_fresh/flg/92442787.json,LumenLiquidity,0,0,0.624,Dragapult
92442787,top_fresh/flg/92442787.json,flg,1,1,0.6387,Dragapult
92449304,top_fresh/flg/92449304.json,LumenLiquidity,0,0,0.624,Dragapult
92449304,top_fresh/flg/92449304.json,flg,1,1,0.6387,Dragapult
92454869,top_fresh/flg/92454869.json,flg,1,1,0.6387,Archaludon
92458637,top_fresh/flg/92458637.json,flg,0,1,0.6387,M-Kangaskhan
92464104,top_fresh/flg/92464104.json,flg,0,1,0.6387,M-Lucario
92497754,top_fresh/flg/92497754.json,flg,1,1,0.6387,M-Lucario
92615677,/Users/nickzwart/Desktop/V5_13082026/episode-92615677-replay.json,Kilupy,1,1,0.5625,M-Starmie
92616598,/Users/nickzwart/Desktop/V5_13082026/episode-92616598-replay.json,Kilupy,1,1,0.5625,Alakazam
92616627,/Users/nickzwart/Desktop/V5_13082026/episode-92616627-replay.json,Kilupy,1,1,0.5625,Alakazam
92617538,/Users/nickzwart/Desktop/V5_13082026/episode-92617538-replay.json,Kilupy,1,0,0.5625,Grimmsnarl
92610848,/Users/nickzwart/Desktop/V5_13082026/episode-92610848-replay.json,Kilupy,0,0,0.5625,Dragapult
92610848,/Users/nickzwart/Desktop/V5_13082026/episode-92610848-replay.json,Kilupy,1,1,0.5625,Dragapult
92610851,/Users/nickzwart/Desktop/V5_13082026/episode-92610851-replay.json,Kilupy,0,1,0.5625,Dragapult
92610851,/Users/nickzwart/Desktop/V5_13082026/episode-92610851-replay.json,Kilupy,1,0,0.5625,Dragapult
92610955,/Users/nickzwart/Desktop/V5_13082026/episode-92610955-replay.json,Kilupy,0,1,0.5625,M-Lucario
92614697,/Users/nickzwart/Desktop/V5_13082026/episode-92614697-replay.json,Kilupy,0,1,0.5625,other
92614714,/Users/nickzwart/Desktop/V5_13082026/episode-92614714-replay.json,Kilupy,0,0,0.5625,Crustle
92615642,/Users/nickzwart/Desktop/V5_13082026/episode-92615642-replay.json,Kilupy,0,1,0.5625,Grimmsnarl
92615665,/Users/nickzwart/Desktop/V5_13082026/episode-92615665-replay.json,Kilupy,0,0,0.5625,Archaludon
92617587,/Users/nickzwart/Desktop/V5_13082026/episode-92617587-replay.json,Kilupy,0,0,0.5625,Dragapult
92618478,/Users/nickzwart/Desktop/V5_13082026/episode-92618478-replay.json,Kilupy,0,0,0.5625,M-Kangaskhan
92618508,/Users/nickzwart/Desktop/V5_13082026/episode-92618508-replay.json,Kilupy,0,1,0.5625,other
92618742,/Users/nickzwart/Desktop/V5_13082026/episode-92618742-replay.json,Kilupy,0,1,0.5625,Alakazam
92610956,/Users/nickzwart/Desktop/V5_13082026/episode-92610956-replay.json,Kilupy,0,1,0.5625,Crustle
92611858,/Users/nickzwart/Desktop/V5_13082026/episode-92611858-replay.json,Kilupy,1,1,0.5625,M-Starmie
92611874,/Users/nickzwart/Desktop/V5_13082026/episode-92611874-replay.json,Kilupy,0,0,0.5625,M-Lucario
92612801,/Users/nickzwart/Desktop/V5_13082026/episode-92612801-replay.json,Kilupy,0,1,0.5625,Alakazam
92612814,/Users/nickzwart/Desktop/V5_13082026/episode-92612814-replay.json,Kilupy,1,1,0.5625,M-Lucario
92612825,/Users/nickzwart/Desktop/V5_13082026/episode-92612825-replay.json,Kilupy,1,0,0.5625,M-Lucario
92613742,/Users/nickzwart/Desktop/V5_13082026/episode-92613742-replay.json,Kilupy,1,1,0.5625,Grimmsnarl
92613774,/Users/nickzwart/Desktop/V5_13082026/episode-92613774-replay.json,Kilupy,0,1,0.5625,Alakazam
92619420,/Users/nickzwart/Desktop/V5_13082026/episode-92619420-replay.json,Kilupy,1,1,0.5625,Dragapult
92619445,/Users/nickzwart/Desktop/V5_13082026/episode-92619445-replay.json,Kilupy,0,1,0.5625,Grimmsnarl
92620287,/Users/nickzwart/Desktop/V5_13082026/episode-92620287-replay.json,Kilupy,0,1,0.5625,Alakazam
92620358,/Users/nickzwart/Desktop/V5_13082026/episode-92620358-replay.json,Kilupy,1,1,0.5625,other
92620388,/Users/nickzwart/Desktop/V5_13082026/episode-92620388-replay.json,Kilupy,0,1,0.5625,M-Lucario
92621301,/Users/nickzwart/Desktop/V5_13082026/episode-92621301-replay.json,Kilupy,1,0,0.5625,Grimmsnarl
92621323,/Users/nickzwart/Desktop/V5_13082026/episode-92621323-replay.json,Kilupy,1,0,0.5625,Archaludon
92622242,/Users/nickzwart/Desktop/V5_13082026/episode-92622242-replay.json,Kilupy,0,0,0.5625,Grimmsnarl
92622272,/Users/nickzwart/Desktop/V5_13082026/episode-92622272-replay.json,Kilupy,1,1,0.5625,M-Lucario
92623177,/Users/nickzwart/Desktop/V5_13082026/episode-92623177-replay.json,Kilupy,0,0,0.5625,Alakazam
92623183,/Users/nickzwart/Desktop/V5_13082026/episode-92623183-replay.json,Kilupy,0,0,0.5625,Archaludon
92624137,/Users/nickzwart/Desktop/V5_13082026/episode-92624137-replay.json,Kilupy,0,0,0.5625,Alakazam
92624171,/Users/nickzwart/Desktop/V5_13082026/episode-92624171-replay.json,Kilupy,0,1,0.5625,other
92625082,/Users/nickzwart/Desktop/V5_13082026/episode-92625082-replay.json,Kilupy,1,1,0.5625,Grimmsnarl
92625109,/Users/nickzwart/Desktop/V5_13082026/episode-92625109-replay.json,Kilupy,1,0,0.5625,Alakazam
92626021,/Users/nickzwart/Desktop/V5_13082026/episode-92626021-replay.json,Kilupy,1,1,0.5625,Alakazam
92626093,/Users/nickzwart/Desktop/V5_13082026/episode-92626093-replay.json,Kilupy,1,0,0.5625,Garchomp
92626991,/Users/nickzwart/Desktop/V5_13082026/episode-92626991-replay.json,Kilupy,0,0,0.5625,Grimmsnarl
92627045,/Users/nickzwart/Desktop/V5_13082026/episode-92627045-replay.json,Kilupy,0,1,0.5625,Grimmsnarl
92627923,/Users/nickzwart/Desktop/V5_13082026/episode-92627923-replay.json,Kilupy,1,1,0.5625,Ogerpon
92627940,/Users/nickzwart/Desktop/V5_13082026/episode-92627940-replay.json,Kilupy,0,1,0.5625,Grimmsnarl
92628859,/Users/nickzwart/Desktop/V5_13082026/episode-92628859-replay.json,Kilupy,0,0,0.5625,Grimmsnarl
92628885,/Users/nickzwart/Desktop/V5_13082026/episode-92628885-replay.json,Kilupy,1,0,0.5625,Dragapult
92629802,/Users/nickzwart/Desktop/V5_13082026/episode-92629802-replay.json,Kilupy,0,0,0.5625,other
92629823,/Users/nickzwart/Desktop/V5_13082026/episode-92629823-replay.json,Kilupy,0,0,0.5625,M-Lucario
92630745,/Users/nickzwart/Desktop/V5_13082026/episode-92630745-replay.json,Kilupy,1,0,0.5625,Archaludon
92630778,/Users/nickzwart/Desktop/V5_13082026/episode-92630778-replay.json,Kilupy,1,0,0.5625,M-Lucario
92630792,/Users/nickzwart/Desktop/V5_13082026/episode-92630792-replay.json,Kilupy,0,1,0.5625,Grimmsnarl
92633588,/Users/nickzwart/Desktop/V5_13082026/episode-92633588-replay.json,Kilupy,1,1,0.5625,other
92633629,/Users/nickzwart/Desktop/V5_13082026/episode-92633629-replay.json,Kilupy,1,1,0.5625,Alakazam
92634475,/Users/nickzwart/Desktop/V5_13082026/episode-92634475-replay.json,Kilupy,1,1,0.5625,Alakazam
92634535,/Users/nickzwart/Desktop/V5_13082026/episode-92634535-replay.json,Kilupy,1,1,0.5625,Grimmsnarl
92631694,/Users/nickzwart/Desktop/V5_13082026/episode-92631694-replay.json,Kilupy,1,0,0.5625,Grimmsnarl
92631755,/Users/nickzwart/Desktop/V5_13082026/episode-92631755-replay.json,Kilupy,1,1,0.5625,M-Lucario
92632658,/Users/nickzwart/Desktop/V5_13082026/episode-92632658-replay.json,Kilupy,1,1,0.5625,Grimmsnarl
92632688,/Users/nickzwart/Desktop/V5_13082026/episode-92632688-replay.json,Kilupy,0,1,0.5625,Dragapult
92637284,/Users/nickzwart/Desktop/V5_13082026/episode-92637284-replay.json,Kilupy,1,1,0.5625,other
92638266,/Users/nickzwart/Desktop/V5_13082026/episode-92638266-replay.json,Kilupy,0,0,0.5625,Alakazam
92639204,/Users/nickzwart/Desktop/V5_13082026/episode-92639204-replay.json,Kilupy,1,1,0.5625,Hydrapple
92640144,/Users/nickzwart/Desktop/V5_13082026/episode-92640144-replay.json,Kilupy,0,1,0.5625,Alakazam
92635459,/Users/nickzwart/Desktop/V5_13082026/episode-92635459-replay.json,Kilupy,0,1,0.5625,Grimmsnarl
92635496,/Users/nickzwart/Desktop/V5_13082026/episode-92635496-replay.json,Kilupy,1,0,0.5625,Crustle
92636382,/Users/nickzwart/Desktop/V5_13082026/episode-92636382-replay.json,Kilupy,1,0,0.5625,Grimmsnarl
92636470,/Users/nickzwart/Desktop/V5_13082026/episode-92636470-replay.json,Kilupy,0,1,0.5625,Crustle
92641091,/Users/nickzwart/Desktop/V5_13082026/episode-92641091-replay.json,Kilupy,1,1,0.5625,M-Kangaskhan
92642096,/Users/nickzwart/Desktop/V5_13082026/episode-92642096-replay.json,Kilupy,1,0,0.5625,Ogerpon
92643661,/Users/nickzwart/Desktop/V5_13082026/episode-92643661-replay.json,Kilupy,1,1,0.5625,M-Starmie
92648563,/Users/nickzwart/Desktop/V5_13082026/episode-92648563-replay.json,Kilupy,1,1,0.5625,Alakazam
92659579,/Users/nickzwart/Desktop/V5_13082026/episode-92659579-replay.json,Kilupy,1,0,0.5625,Grimmsnarl
92659778,/Users/nickzwart/Desktop/V5_13082026/episode-92659778-replay.json,Kilupy,0,1,0.5625,Alakazam
92662579,/Users/nickzwart/Desktop/V5_13082026/episode-92662579-replay.json,Kilupy,0,0,0.5625,Crustle
92665015,/Users/nickzwart/Desktop/V5_13082026/episode-92665015-replay.json,Kilupy,1,0,0.5625,M-Kangaskhan
92667891,/Users/nickzwart/Desktop/V5_13082026/episode-92667891-replay.json,Kilupy,1,1,0.5625,Alakazam
92669824,/Users/nickzwart/Desktop/V5_13082026/episode-92669824-replay.json,Kilupy,0,1,0.5625,Alakazam
92670945,/Users/nickzwart/Desktop/V5_13082026/episode-92670945-replay.json,Kilupy,0,0,0.5625,Grimmsnarl
92679236,/Users/nickzwart/Desktop/V5_13082026/episode-92679236-replay.json,Kilupy,0,0,0.5625,Grimmsnarl
92756305,scraped/ss_0813/episode-92756305-replay.json,LumenLiquidity,1,0,0.624,Ogerpon
92761866,scraped/ss_0813/episode-92761866-replay.json,李秉叡（ntumlnoob）,0,0,0.25,Ogerpon
92738667,scraped/ss_0813/episode-92738667-replay.json,Raihan Ramadistra,1,1,0.6486,Ogerpon
92745175,scraped/ss_0813/episode-92745175-replay.json,LumenLiquidity,1,0,0.624,Ogerpon
92750745,scraped/ss_0813/episode-92750745-replay.json,LumenLiquidity,1,1,0.624,Ogerpon
92751671,scraped/ss_0813/episode-92751671-replay.json,李秉叡（ntumlnoob）,1,0,0.25,Ogerpon
92730310,scraped/ss_0813/episode-92730310-replay.json,Petit Canard,0,0,0.5294,Ogerpon
92731223,scraped/ss_0813/episode-92731223-replay.json,李秉叡（ntumlnoob）,1,0,0.25,Ogerpon
92705224,scraped/oger_dipam/episode-92705224-replay.json,yaki-imo,0,1,0.5,Ogerpon
92733235,scraped/oger_dipam/episode-92733235-replay.json,Petit Canard,0,0,0.5294,Ogerpon
92755527,scraped/oger_dipam/episode-92755527-replay.json,LumenLiquidity,1,1,0.624,Ogerpon
92623885,scraped/oger_pal/episode-92623885-replay.json,palsystem,0,0,0.7391,Dragapult
92623885,scraped/oger_pal/episode-92623885-replay.json,palsystem,1,1,0.7391,Dragapult
92623983,scraped/oger_pal/episode-92623983-replay.json,palsystem,0,1,0.7391,Archaludon
92624901,scraped/oger_pal/episode-92624901-replay.json,palsystem,1,1,0.7391,M-Lucario
91758945,scraped/oger_pal/episode-91758945-replay.json,flg,1,0,0.6387,Ogerpon
92625851,scraped/oger_pal/episode-92625851-replay.json,palsystem,1,1,0.7391,Grimmsnarl
92626805,scraped/oger_pal/episode-92626805-replay.json,palsystem,1,1,0.7391,Alakazam
92627716,scraped/oger_pal/episode-92627716-replay.json,palsystem,0,1,0.7391,Alakazam
92628678,scraped/oger_pal/episode-92628678-replay.json,palsystem,1,1,0.7391,Grimmsnarl
92628769,scraped/oger_pal/episode-92628769-replay.json,palsystem,0,1,0.7391,M-Lucario
92629620,scraped/oger_pal/episode-92629620-replay.json,palsystem,1,0,0.7391,Grimmsnarl
92630569,scraped/oger_pal/episode-92630569-replay.json,palsystem,0,0,0.7391,M-Lopunny
92631528,scraped/oger_pal/episode-92631528-replay.json,palsystem,1,1,0.7391,Hydrapple
92632465,scraped/oger_pal/episode-92632465-replay.json,palsystem,1,1,0.7391,Grimmsnarl
92633405,scraped/oger_pal/episode-92633405-replay.json,palsystem,1,1,0.7391,other
92634344,scraped/oger_pal/episode-92634344-replay.json,palsystem,1,1,0.7391,Alakazam
92635276,scraped/oger_pal/episode-92635276-replay.json,palsystem,1,1,0.7391,Alakazam
92636213,scraped/oger_pal/episode-92636213-replay.json,palsystem,0,0,0.7391,M-Kangaskhan
92637135,scraped/oger_pal/episode-92637135-replay.json,palsystem,0,1,0.7391,Dragapult
92638088,scraped/oger_pal/episode-92638088-replay.json,李秉叡（ntumlnoob）,0,1,0.25,Dragapult
92638088,scraped/oger_pal/episode-92638088-replay.json,palsystem,1,0,0.7391,Dragapult
92639020,scraped/oger_pal/episode-92639020-replay.json,palsystem,0,1,0.7391,Grimmsnarl
92639967,scraped/oger_pal/episode-92639967-replay.json,palsystem,0,1,0.7391,Alakazam
92639985,scraped/oger_pal/episode-92639985-replay.json,Kh0a,0,1,0.6116,Dragapult
92639985,scraped/oger_pal/episode-92639985-replay.json,palsystem,1,0,0.7391,Dragapult
92640913,scraped/oger_pal/episode-92640913-replay.json,palsystem,1,1,0.7391,M-Lopunny
92641857,scraped/oger_pal/episode-92641857-replay.json,palsystem,0,1,0.7391,Alakazam
92642777,scraped/oger_pal/episode-92642777-replay.json,palsystem,1,1,0.7391,Alakazam
92643711,scraped/oger_pal/episode-92643711-replay.json,flg,0,1,0.6387,Dragapult
92643711,scraped/oger_pal/episode-92643711-replay.json,palsystem,1,0,0.7391,Dragapult
92644657,scraped/oger_pal/episode-92644657-replay.json,Boss's Orders Are All You Need,0,0,0.1667,Dragapult
92644657,scraped/oger_pal/episode-92644657-replay.json,palsystem,1,1,0.7391,Dragapult
92645662,scraped/oger_pal/episode-92645662-replay.json,palsystem,0,1,0.7391,Dragapult
92645662,scraped/oger_pal/episode-92645662-replay.json,李秉叡（ntumlnoob）,1,0,0.25,Dragapult
92657780,scraped/oger_pal/episode-92657780-replay.json,palsystem,1,0,0.7391,M-Kangaskhan
92658738,scraped/oger_pal/episode-92658738-replay.json,palsystem,1,1,0.7391,Alakazam
92659620,scraped/oger_pal/episode-92659620-replay.json,palsystem,0,1,0.7391,M-Lucario
92660606,scraped/oger_pal/episode-92660606-replay.json,palsystem,1,1,0.7391,M-Lucario
92661550,scraped/oger_pal/episode-92661550-replay.json,palsystem,0,1,0.7391,Ogerpon
92662499,scraped/oger_pal/episode-92662499-replay.json,palsystem,1,1,0.7391,Ogerpon
92663446,scraped/oger_pal/episode-92663446-replay.json,palsystem,0,0,0.7391,Dragapult
92663446,scraped/oger_pal/episode-92663446-replay.json,flg,1,1,0.6387,Dragapult
92664410,scraped/oger_pal/episode-92664410-replay.json,palsystem,0,1,0.7391,M-Lucario
92652064,scraped/oger_pal/episode-92652064-replay.json,palsystem,0,1,0.7391,Dragapult
92652064,scraped/oger_pal/episode-92652064-replay.json,JB Bryant,1,0,0.5714,Dragapult
92652157,scraped/oger_pal/episode-92652157-replay.json,palsystem,0,1,0.7391,Crustle
92653084,scraped/oger_pal/episode-92653084-replay.json,palsystem,1,1,0.7391,Ogerpon
92654025,scraped/oger_pal/episode-92654025-replay.json,palsystem,0,0,0.7391,Dragapult
92654025,scraped/oger_pal/episode-92654025-replay.json,flg,1,1,0.6387,Dragapult
92654968,scraped/oger_pal/episode-92654968-replay.json,palsystem,1,1,0.7391,Ogerpon
92655905,scraped/oger_pal/episode-92655905-replay.json,palsystem,1,0,0.7391,Ogerpon
92656845,scraped/oger_pal/episode-92656845-replay.json,palsystem,1,0,0.7391,Grimmsnarl
92657768,scraped/oger_pal/episode-92657768-replay.json,palsystem,1,1,0.7391,M-Kangaskhan
92646526,scraped/oger_pal/episode-92646526-replay.json,palsystem,0,1,0.7391,Crustle
92647445,scraped/oger_pal/episode-92647445-replay.json,palsystem,1,1,0.7391,Hydrapple
92648277,scraped/oger_pal/episode-92648277-replay.json,palsystem,0,1,0.7391,Dragapult
92648277,scraped/oger_pal/episode-92648277-replay.json,JB Bryant,1,0,0.5714,Dragapult
92648373,scraped/oger_pal/episode-92648373-replay.json,palsystem,0,1,0.7391,Dragapult
92648373,scraped/oger_pal/episode-92648373-replay.json,flg,1,0,0.6387,Dragapult
92649326,scraped/oger_pal/episode-92649326-replay.json,palsystem,1,1,0.7391,M-Lucario
92650254,scraped/oger_pal/episode-92650254-replay.json,JB Bryant,0,1,0.5714,Dragapult
92650254,scraped/oger_pal/episode-92650254-replay.json,palsystem,1,0,0.7391,Dragapult
92651108,scraped/oger_pal/episode-92651108-replay.json,palsystem,0,1,0.7391,Alakazam
92651278,scraped/oger_pal/episode-92651278-replay.json,palsystem,0,1,0.7391,M-Lopunny
92665371,scraped/oger_pal/episode-92665371-replay.json,palsystem,1,1,0.7391,Alakazam
92687782,scraped/oger_pal/episode-92687782-replay.json,palsystem,1,0,0.7391,Ogerpon
92690508,scraped/oger_pal/episode-92690508-replay.json,Petit Canard,0,1,0.5294,Dragapult
92690508,scraped/oger_pal/episode-92690508-replay.json,palsystem,1,0,0.7391,Dragapult
92691473,scraped/oger_pal/episode-92691473-replay.json,palsystem,0,1,0.7391,Dragapult
92691473,scraped/oger_pal/episode-92691473-replay.json,Petit Canard,1,0,0.5294,Dragapult
92715756,scraped/oger_pal/episode-92715756-replay.json,palsystem,1,1,0.7391,M-Lucario
92733320,scraped/oger_pal/episode-92733320-replay.json,palsystem,0,0,0.7391,Ogerpon
92739863,scraped/oger_pal/episode-92739863-replay.json,palsystem,1,1,0.7391,Ogerpon
92751589,scraped/oger_pal/episode-92751589-replay.json,palsystem,0,1,0.7391,Dragapult
92751589,scraped/oger_pal/episode-92751589-replay.json,LiamK,1,0,0.5741,Dragapult
92751883,scraped/oger_pal/episode-92751883-replay.json,palsystem,1,1,0.7391,Dudunsparce
92753445,scraped/oger_pal/episode-92753445-replay.json,palsystem,0,1,0.7391,Dragapult
92753445,scraped/oger_pal/episode-92753445-replay.json,LiamK,1,0,0.5741,Dragapult
92758080,scraped/oger_pal/episode-92758080-replay.json,LiamK,0,0,0.5741,Dragapult
92758080,scraped/oger_pal/episode-92758080-replay.json,palsystem,1,1,0.7391,Dragapult
92759933,scraped/oger_pal/episode-92759933-replay.json,LiamK,0,0,0.5741,Dragapult
92759933,scraped/oger_pal/episode-92759933-replay.json,palsystem,1,1,0.7391,Dragapult
92769167,scraped/oger_pal/episode-92769167-replay.json,palsystem,0,0,0.7391,Dragapult
92769167,scraped/oger_pal/episode-92769167-replay.json,LiamK,1,1,0.5741,Dragapult
92771020,scraped/oger_pal/episode-92771020-replay.json,LiamK,0,0,0.5741,Dragapult
92771020,scraped/oger_pal/episode-92771020-replay.json,palsystem,1,1,0.7391,Dragapult
89196534,scraped/ss_full/episode-89196534-replay.json,LumenLiquidity,1,0,0.624,Grimmsnarl
89182511,scraped/ss_full/episode-89182511-replay.json,213tubo,1,0,0.5738,Grimmsnarl
89233986,scraped/ss_full/episode-89233986-replay.json,LumenLiquidity,0,0,0.624,Grimmsnarl
89235056,scraped/ss_full/episode-89235056-replay.json,LumenLiquidity,0,0,0.624,Grimmsnarl
89236618,scraped/ss_full/episode-89236618-replay.json,LumenLiquidity,0,1,0.624,Grimmsnarl
89515355,scraped/ss_full/episode-89515355-replay.json,RtoABC,0,1,0.5244,Grimmsnarl
89546096,scraped/ss_full/episode-89546096-replay.json,LumenLiquidity,1,0,0.624,Grimmsnarl
89593832,scraped/ss_full/episode-89593832-replay.json,Jack,1,0,0.5333,Grimmsnarl
89600971,scraped/ss_full/episode-89600971-replay.json,LumenLiquidity,1,0,0.624,Grimmsnarl
89607053,scraped/ss_full/episode-89607053-replay.json,THIRD PTCG Club,0,1,0.5508,Grimmsnarl
89612061,scraped/ss_full/episode-89612061-replay.json,LumenLiquidity,1,0,0.624,Grimmsnarl
89723426,scraped/ss_full/episode-89723426-replay.json,RtoABC,1,1,0.5244,Grimmsnarl
89780064,scraped/ss_full/episode-89780064-replay.json,213tubo,1,0,0.5738,Grimmsnarl
89677189,scraped/ss_full/episode-89677189-replay.json,やる気元気ミワハルキ,0,0,0.64,Grimmsnarl
89680608,scraped/ss_full/episode-89680608-replay.json,やる気元気ミワハルキ,0,1,0.64,Grimmsnarl
89803742,scraped/ss_full/episode-89803742-replay.json,RtoABC,1,1,0.5244,Grimmsnarl
89814097,scraped/ss_full/episode-89814097-replay.json,213tubo,1,1,0.5738,Grimmsnarl
89817100,scraped/ss_full/episode-89817100-replay.json,213tubo,0,0,0.5738,Grimmsnarl
89842362,scraped/ss_full/episode-89842362-replay.json,213tubo,0,1,0.5738,Grimmsnarl
89987364,scraped/ss_full/episode-89987364-replay.json,THIRD PTCG Club,0,1,0.5508,Grimmsnarl
90002253,scraped/ss_full/episode-90002253-replay.json,THIRD PTCG Club,1,0,0.5508,Grimmsnarl
90013778,scraped/ss_full/episode-90013778-replay.json,LumenLiquidity,1,1,0.624,Grimmsnarl
90018983,scraped/ss_full/episode-90018983-replay.json,LumenLiquidity,1,0,0.624,Grimmsnarl
90024200,scraped/ss_full/episode-90024200-replay.json,THIRD PTCG Club,0,1,0.5508,Grimmsnarl
90036500,scraped/ss_full/episode-90036500-replay.json,THIRD PTCG Club,0,0,0.5508,Grimmsnarl
90044733,scraped/ss_full/episode-90044733-replay.json,THIRD PTCG Club,0,1,0.5508,Grimmsnarl
90044745,scraped/ss_full/episode-90044745-replay.json,THIRD PTCG Club,0,0,0.5508,Grimmsnarl
90091787,scraped/ss_full/episode-90091787-replay.json,THIRD PTCG Club,1,1,0.5508,Grimmsnarl
90039907,scraped/ss_full/episode-90039907-replay.json,THIRD PTCG Club,0,1,0.5508,Grimmsnarl
90239399,scraped/ss_full/episode-90239399-replay.json,flg,0,1,0.6387,Grimmsnarl
90265194,scraped/ss_full/episode-90265194-replay.json,flg,1,0,0.6387,Grimmsnarl
90280085,scraped/ss_full/episode-90280085-replay.json,flg,0,1,0.6387,Grimmsnarl
90281494,scraped/ss_full/episode-90281494-replay.json,flg,0,1,0.6387,Grimmsnarl
90281510,scraped/ss_full/episode-90281510-replay.json,flg,1,1,0.6387,Grimmsnarl
90265922,scraped/ss_full/episode-90265922-replay.json,flg,0,0,0.6387,Grimmsnarl
90290862,scraped/ss_full/episode-90290862-replay.json,flg,1,0,0.6387,Grimmsnarl
90298970,scraped/ss_full/episode-90298970-replay.json,flg,0,1,0.6387,Grimmsnarl
90300458,scraped/ss_full/episode-90300458-replay.json,flg,0,1,0.6387,Grimmsnarl
90351467,scraped/ss_full/episode-90351467-replay.json,213tubo,0,1,0.5738,Grimmsnarl
90365623,scraped/ss_full/episode-90365623-replay.json,213tubo,1,0,0.5738,Grimmsnarl
90548637,scraped/ss_full/episode-90548637-replay.json,Pokemon Siuuuu,0,0,0.5809,Grimmsnarl
90591520,scraped/ss_full/episode-90591520-replay.json,Boss's Orders Are All You Need,0,0,0.1667,Grimmsnarl
90834782,scraped/ss_full/episode-90834782-replay.json,Petit Canard,1,1,0.5294,Grimmsnarl
90833284,scraped/ss_full/episode-90833284-replay.json,Petit Canard,1,1,0.5294,Grimmsnarl
91059237,scraped/ss_full/episode-91059237-replay.json,Budew,0,1,0.3636,Hydrapple
91542526,scraped/ss_full/episode-91542526-replay.json,Dipam Chakraborty,0,0,0.6779,M-Kangaskhan
91545325,scraped/ss_full/episode-91545325-replay.json,Dipam Chakraborty,0,1,0.6779,M-Kangaskhan
91548118,scraped/ss_full/episode-91548118-replay.json,Dipam Chakraborty,0,1,0.6779,M-Kangaskhan
91564293,scraped/ss_full/episode-91564293-replay.json,Sixth Sense,0,0,0.7167,Dragapult
91564293,scraped/ss_full/episode-91564293-replay.json,Sixth Sense,1,1,0.7167,Dragapult
91565290,scraped/ss_full/episode-91565290-replay.json,Sixth Sense,1,1,0.7167,other
91573625,scraped/ss_full/episode-91573625-replay.json,Sixth Sense,0,1,0.7167,M-Lopunny
91573688,scraped/ss_full/episode-91573688-replay.json,Sixth Sense,0,1,0.7167,M-Lopunny
91574553,scraped/ss_full/episode-91574553-replay.json,Sixth Sense,0,0,0.7167,Ogerpon
91575484,scraped/ss_full/episode-91575484-replay.json,Sixth Sense,1,1,0.7167,M-Kangaskhan
91576411,scraped/ss_full/episode-91576411-replay.json,Sixth Sense,0,0,0.7167,Dragapult
91576411,scraped/ss_full/episode-91576411-replay.json,Dipam Chakraborty,1,1,0.6779,Dragapult
91577333,scraped/ss_full/episode-91577333-replay.json,Sixth Sense,0,1,0.7167,Alakazam
91579193,scraped/ss_full/episode-91579193-replay.json,Sixth Sense,1,0,0.7167,M-Lopunny
91580114,scraped/ss_full/episode-91580114-replay.json,Sixth Sense,1,1,0.7167,Alakazam
91566202,scraped/ss_full/episode-91566202-replay.json,Sixth Sense,0,1,0.7167,Grimmsnarl
91567137,scraped/ss_full/episode-91567137-replay.json,Sixth Sense,0,1,0.7167,other
91568057,scraped/ss_full/episode-91568057-replay.json,Sixth Sense,1,1,0.7167,other
91568985,scraped/ss_full/episode-91568985-replay.json,Sixth Sense,0,1,0.7167,Alakazam
91569909,scraped/ss_full/episode-91569909-replay.json,Sixth Sense,1,1,0.7167,Alakazam
91570848,scraped/ss_full/episode-91570848-replay.json,Sixth Sense,1,1,0.7167,Grimmsnarl
91571773,scraped/ss_full/episode-91571773-replay.json,Sixth Sense,0,0,0.7167,M-Lucario
91572712,scraped/ss_full/episode-91572712-replay.json,Sixth Sense,0,1,0.7167,Dragapult
91580365,scraped/ss_full/episode-91580365-replay.json,Sixth Sense,0,0,0.7167,Ogerpon
91581043,scraped/ss_full/episode-91581043-replay.json,Sixth Sense,1,1,0.7167,Ogerpon
91582151,scraped/ss_full/episode-91582151-replay.json,Sixth Sense,0,1,0.7167,M-Starmie
91582908,scraped/ss_full/episode-91582908-replay.json,Sixth Sense,1,1,0.7167,M-Lucario
91583839,scraped/ss_full/episode-91583839-replay.json,Sixth Sense,1,0,0.7167,Grimmsnarl
91584758,scraped/ss_full/episode-91584758-replay.json,Sixth Sense,1,0,0.7167,Ogerpon
91585690,scraped/ss_full/episode-91585690-replay.json,Sixth Sense,0,1,0.7167,M-Lucario
91586760,scraped/ss_full/episode-91586760-replay.json,Sixth Sense,0,1,0.7167,Alakazam
91587535,scraped/ss_full/episode-91587535-replay.json,Sixth Sense,1,1,0.7167,M-Lopunny
91588439,scraped/ss_full/episode-91588439-replay.json,Sixth Sense,1,1,0.7167,Grimmsnarl
91589377,scraped/ss_full/episode-91589377-replay.json,Sixth Sense,1,0,0.7167,M-Lucario
91591248,scraped/ss_full/episode-91591248-replay.json,Sixth Sense,1,1,0.7167,Grimmsnarl
91592172,scraped/ss_full/episode-91592172-replay.json,Sixth Sense,1,0,0.7167,Grimmsnarl
91593129,scraped/ss_full/episode-91593129-replay.json,Sixth Sense,1,1,0.7167,Grimmsnarl
91593998,scraped/ss_full/episode-91593998-replay.json,Sixth Sense,1,1,0.7167,Alakazam
91594928,scraped/ss_full/episode-91594928-replay.json,Sixth Sense,0,0,0.7167,M-Kangaskhan
91602312,scraped/ss_full/episode-91602312-replay.json,Sixth Sense,1,1,0.7167,M-Kangaskhan
91603279,scraped/ss_full/episode-91603279-replay.json,Sixth Sense,0,1,0.7167,Grimmsnarl
91604210,scraped/ss_full/episode-91604210-replay.json,Sixth Sense,0,0,0.7167,Alakazam
91605135,scraped/ss_full/episode-91605135-replay.json,Sixth Sense,0,0,0.7167,other
91606063,scraped/ss_full/episode-91606063-replay.json,Sixth Sense,0,1,0.7167,M-Kangaskhan
91606971,scraped/ss_full/episode-91606971-replay.json,Sixth Sense,0,1,0.7167,other
91607906,scraped/ss_full/episode-91607906-replay.json,Sixth Sense,1,1,0.7167,Alakazam
91609778,scraped/ss_full/episode-91609778-replay.json,Sixth Sense,0,0,0.7167,M-Lopunny
91595844,scraped/ss_full/episode-91595844-replay.json,Sixth Sense,1,1,0.7167,Alakazam
91596779,scraped/ss_full/episode-91596779-replay.json,Sixth Sense,0,1,0.7167,Alakazam
91597603,scraped/ss_full/episode-91597603-replay.json,Sixth Sense,1,0,0.7167,Ogerpon
91598637,scraped/ss_full/episode-91598637-replay.json,Sixth Sense,1,1,0.7167,Alakazam
91599570,scraped/ss_full/episode-91599570-replay.json,Sixth Sense,0,1,0.7167,M-Kangaskhan
91600490,scraped/ss_full/episode-91600490-replay.json,Sixth Sense,0,0,0.7167,Dragapult
91600490,scraped/ss_full/episode-91600490-replay.json,LumenLiquidity,1,1,0.624,Dragapult
91601429,scraped/ss_full/episode-91601429-replay.json,Sixth Sense,0,1,0.7167,Grimmsnarl
91601504,scraped/ss_full/episode-91601504-replay.json,Sixth Sense,1,0,0.7167,M-Lucario
91618155,scraped/ss_full/episode-91618155-replay.json,Sixth Sense,0,0,0.7167,Grimmsnarl
91630186,scraped/ss_full/episode-91630186-replay.json,Sixth Sense,1,1,0.7167,M-Kangaskhan
91637314,scraped/ss_full/episode-91637314-replay.json,Sixth Sense,0,0,0.7167,Hydrapple
91647512,scraped/ss_full/episode-91647512-replay.json,Sixth Sense,0,1,0.7167,Dudunsparce
91647522,scraped/ss_full/episode-91647522-replay.json,Sixth Sense,1,1,0.7167,Alakazam
91653181,scraped/ss_full/episode-91653181-replay.json,Sixth Sense,0,1,0.7167,Hydrapple
91668763,scraped/ss_full/episode-91668763-replay.json,Sixth Sense,1,0,0.7167,Alakazam
91672604,scraped/ss_full/episode-91672604-replay.json,Sixth Sense,1,1,0.7167,Hydrapple
91673581,scraped/ss_full/episode-91673581-replay.json,Sixth Sense,1,1,0.7167,M-Kangaskhan
91686734,scraped/ss_full/episode-91686734-replay.json,Sixth Sense,0,1,0.7167,Hydrapple
91692134,scraped/ss_full/episode-91692134-replay.json,Sixth Sense,1,0,0.7167,Ogerpon
91694934,scraped/ss_full/episode-91694934-replay.json,Sixth Sense,1,0,0.7167,Grimmsnarl
91698675,scraped/ss_full/episode-91698675-replay.json,Sixth Sense,0,0,0.7167,Ogerpon
91698739,scraped/ss_full/episode-91698739-replay.json,Sixth Sense,0,1,0.7167,Hydrapple
91709717,scraped/ss_full/episode-91709717-replay.json,Sixth Sense,0,1,0.7167,M-Kangaskhan
91727431,scraped/ss_full/episode-91727431-replay.json,Sixth Sense,0,0,0.7167,Dragapult
91727431,scraped/ss_full/episode-91727431-replay.json,flg,1,1,0.6387,Dragapult
91880270,scraped/ss_full/episode-91880270-replay.json,Sixth Sense,0,1,0.7167,Dragapult
91880270,scraped/ss_full/episode-91880270-replay.json,Sixth Sense,1,0,0.7167,Dragapult
91880421,scraped/ss_full/episode-91880421-replay.json,Sixth Sense,1,1,0.7167,M-Lucario
91881352,scraped/ss_full/episode-91881352-replay.json,Sixth Sense,0,1,0.7167,Alakazam
91882189,scraped/ss_full/episode-91882189-replay.json,Sixth Sense,0,1,0.7167,Dragapult
91882189,scraped/ss_full/episode-91882189-replay.json,Sixth Sense,1,0,0.7167,Dragapult
91882291,scraped/ss_full/episode-91882291-replay.json,Sixth Sense,1,1,0.7167,other
91882302,scraped/ss_full/episode-91882302-replay.json,Sixth Sense,1,1,0.7167,Grimmsnarl
91883217,scraped/ss_full/episode-91883217-replay.json,Sixth Sense,1,1,0.7167,other
91883236,scraped/ss_full/episode-91883236-replay.json,Sixth Sense,1,1,0.7167,Dragapult
91884150,scraped/ss_full/episode-91884150-replay.json,Sixth Sense,0,1,0.7167,Grimmsnarl
91884182,scraped/ss_full/episode-91884182-replay.json,Sixth Sense,0,1,0.7167,Alakazam
91885108,scraped/ss_full/episode-91885108-replay.json,Sixth Sense,1,0,0.7167,Grimmsnarl
91885125,scraped/ss_full/episode-91885125-replay.json,Sixth Sense,1,1,0.7167,Grimmsnarl
91886044,scraped/ss_full/episode-91886044-replay.json,Sixth Sense,0,1,0.7167,Alakazam
91886049,scraped/ss_full/episode-91886049-replay.json,Sixth Sense,1,0,0.7167,M-Lucario
91886975,scraped/ss_full/episode-91886975-replay.json,Sixth Sense,0,1,0.7167,Dragapult
91886975,scraped/ss_full/episode-91886975-replay.json,youtube.com/@BigBugginnings,1,0,0.4559,Dragapult
91886989,scraped/ss_full/episode-91886989-replay.json,Sixth Sense,1,1,0.7167,Grimmsnarl
91887940,scraped/ss_full/episode-91887940-replay.json,Sixth Sense,1,1,0.7167,Ogerpon
91887953,scraped/ss_full/episode-91887953-replay.json,Sixth Sense,0,1,0.7167,Grimmsnarl
91888891,scraped/ss_full/episode-91888891-replay.json,Sixth Sense,0,1,0.7167,M-Lucario
91889822,scraped/ss_full/episode-91889822-replay.json,Sixth Sense,1,0,0.7167,Grimmsnarl
91889841,scraped/ss_full/episode-91889841-replay.json,Sixth Sense,0,0,0.7167,Grimmsnarl
91890744,scraped/ss_full/episode-91890744-replay.json,Sixth Sense,0,1,0.7167,Hydrapple
91890768,scraped/ss_full/episode-91890768-replay.json,Sixth Sense,0,1,0.7167,Grimmsnarl
91892633,scraped/ss_full/episode-91892633-replay.json,Sixth Sense,1,0,0.7167,Ogerpon
91893580,scraped/ss_full/episode-91893580-replay.json,Sixth Sense,1,1,0.7167,Alakazam
91894503,scraped/ss_full/episode-91894503-replay.json,Sixth Sense,0,1,0.7167,M-Lucario
91895481,scraped/ss_full/episode-91895481-replay.json,Sixth Sense,1,0,0.7167,M-Lucario
91896429,scraped/ss_full/episode-91896429-replay.json,Sixth Sense,1,1,0.7167,M-Lucario
91906720,scraped/ss_full/episode-91906720-replay.json,Sixth Sense,1,1,0.7167,Ogerpon
91920926,scraped/ss_full/episode-91920926-replay.json,Sixth Sense,1,1,0.7167,M-Lopunny
91921830,scraped/ss_full/episode-91921830-replay.json,Sixth Sense,1,1,0.7167,Alakazam
91992431,scraped/ss_full/episode-91992431-replay.json,Sixth Sense,0,0,0.7167,Dragapult
91992431,scraped/ss_full/episode-91992431-replay.json,Sixth Sense,1,1,0.7167,Dragapult
91993451,scraped/ss_full/episode-91993451-replay.json,Sixth Sense,1,1,0.7167,other
91994398,scraped/ss_full/episode-91994398-replay.json,Sixth Sense,1,1,0.7167,Dragapult
91995327,scraped/ss_full/episode-91995327-replay.json,Sixth Sense,0,1,0.7167,other
91996266,scraped/ss_full/episode-91996266-replay.json,Sixth Sense,0,1,0.7167,M-Kangaskhan
91997216,scraped/ss_full/episode-91997216-replay.json,Sixth Sense,0,1,0.7167,Alakazam
91998168,scraped/ss_full/episode-91998168-replay.json,Sixth Sense,0,1,0.7167,Grimmsnarl
91999098,scraped/ss_full/episode-91999098-replay.json,e-toppo + kurupical,0,1,0.5909,Dragapult
91999098,scraped/ss_full/episode-91999098-replay.json,Sixth Sense,1,0,0.7167,Dragapult
92000055,scraped/ss_full/episode-92000055-replay.json,Sixth Sense,1,1,0.7167,Grimmsnarl
92057291,scraped/ss_full/episode-92057291-replay.json,Sixth Sense,0,1,0.7167,Alakazam
92064891,scraped/ss_full/episode-92064891-replay.json,Sixth Sense,0,1,0.7167,Crustle
92075385,scraped/ss_full/episode-92075385-replay.json,Sixth Sense,1,1,0.7167,M-Lucario
92081065,scraped/ss_full/episode-92081065-replay.json,Sixth Sense,0,1,0.7167,Alakazam
92088496,scraped/ss_full/episode-92088496-replay.json,Sixth Sense,0,1,0.7167,Grimmsnarl
92093146,scraped/ss_full/episode-92093146-replay.json,Sixth Sense,0,1,0.7167,Archaludon
92102617,scraped/ss_full/episode-92102617-replay.json,Sixth Sense,0,1,0.7167,M-Lucario
92104521,scraped/ss_full/episode-92104521-replay.json,Sixth Sense,0,0,0.7167,Grimmsnarl
92000987,scraped/ss_full/episode-92000987-replay.json,Sixth Sense,0,1,0.7167,other
92051556,scraped/ss_full/episode-92051556-replay.json,Sixth Sense,0,0,0.7167,Dragapult
92051556,scraped/ss_full/episode-92051556-replay.json,Sixth Sense,1,1,0.7167,Dragapult
92052480,scraped/ss_full/episode-92052480-replay.json,Sixth Sense,0,0,0.7167,Dragapult
92052480,scraped/ss_full/episode-92052480-replay.json,Sixth Sense,1,1,0.7167,Dragapult
92052569,scraped/ss_full/episode-92052569-replay.json,Sixth Sense,1,1,0.7167,other
92053494,scraped/ss_full/episode-92053494-replay.json,Sixth Sense,0,1,0.7167,M-Lucario
92054447,scraped/ss_full/episode-92054447-replay.json,Sixth Sense,0,1,0.7167,Dragapult
92055404,scraped/ss_full/episode-92055404-replay.json,Sixth Sense,0,1,0.7167,Hydrapple
92056358,scraped/ss_full/episode-92056358-replay.json,Sixth Sense,1,1,0.7167,M-Kangaskhan
92560692,scraped/ss_full/episode-92560692-replay.json,Sixth Sense,0,0,0.7167,Grimmsnarl
92573839,scraped/ss_full/episode-92573839-replay.json,Budew,1,1,0.3636,Dudunsparce
92596400,scraped/ss_full/episode-92596400-replay.json,Sixth Sense,1,1,0.7167,Ogerpon
92249858,scraped/ss_full/episode-92249858-replay.json,Sixth Sense,0,0,0.7167,Dudunsparce
92306593,scraped/ss_full/episode-92306593-replay.json,Sixth Sense,1,1,0.7167,Ogerpon
92526433,scraped/ss_full/episode-92526433-replay.json,palsystem,0,1,0.7391,Dragapult
92526433,scraped/ss_full/episode-92526433-replay.json,Sixth Sense,1,0,0.7167,Dragapult
92533609,scraped/ss_full/episode-92533609-replay.json,Sixth Sense,0,1,0.7167,M-Lopunny
92550352,scraped/ss_full/episode-92550352-replay.json,Sixth Sense,1,1,0.7167,Ogerpon
92553449,scraped/ss_full/episode-92553449-replay.json,palsystem,1,1,0.7391,Alakazam
92157314,scraped/ss_full/episode-92157314-replay.json,Sixth Sense,0,1,0.7167,Alakazam
92168262,scraped/ss_full/episode-92168262-replay.json,Sixth Sense,0,1,0.7167,Dragapult
92168262,scraped/ss_full/episode-92168262-replay.json,やる気元気ミワハルキ,1,0,0.64,Dragapult
92173876,scraped/ss_full/episode-92173876-replay.json,Sixth Sense,0,0,0.7167,Dudunsparce
92175736,scraped/ss_full/episode-92175736-replay.json,やる気元気ミワハルキ,0,0,0.64,Dragapult
92175736,scraped/ss_full/episode-92175736-replay.json,Sixth Sense,1,1,0.7167,Dragapult
92201079,scraped/ss_full/episode-92201079-replay.json,Sixth Sense,0,1,0.7167,M-Lucario
92230319,scraped/ss_full/episode-92230319-replay.json,Sixth Sense,1,0,0.7167,Ogerpon
92234700,scraped/ss_full/episode-92234700-replay.json,Sixth Sense,0,0,0.7167,Ogerpon
92245159,scraped/ss_full/episode-92245159-replay.json,Sixth Sense,1,1,0.7167,Dudunsparce
