episode,path,player,side,won,opp_deck,player_winrate,player_games,my_deck,src
89684932,/Users/nickzwart/Desktop/Number 3/89684932.json,やる気元気ミワハルキ,1,1,other,0.75,0,Dudunsparce,num3
89685508,/Users/nickzwart/Desktop/Number 3/89685508.json,やる気元気ミワハルキ,0,1,Alakazam,0.75,0,Dudunsparce,num3
89686075,/Users/nickzwart/Desktop/Number 3/89686075.json,やる気元気ミワハルキ,1,1,Archaludon,0.75,0,Dudunsparce,num3
89686637,/Users/nickzwart/Desktop/Number 3/89686637.json,やる気元気ミワハルキ,1,1,Alakazam,0.75,0,Dudunsparce,num3
89687796,/Users/nickzwart/Desktop/Number 3/89687796.json,やる気元気ミワハルキ,0,1,Alakazam,0.75,0,Dudunsparce,num3
89688953,/Users/nickzwart/Desktop/Number 3/89688953.json,やる気元気ミワハルキ,0,1,Dudunsparce,0.75,0,Dudunsparce,num3
89689505,/Users/nickzwart/Desktop/Number 3/89689505.json,やる気元気ミワハルキ,0,1,Cynthia-Garchomp,0.75,0,Dudunsparce,num3
89690088,/Users/nickzwart/Desktop/Number 3/89690088.json,やる気元気ミワハルキ,0,1,Grimmsnarl,0.75,0,Dudunsparce,num3
89690654,/Users/nickzwart/Desktop/Number 3/89690654.json,fle3n,1,1,Dudunsparce,0.75,0,Dudunsparce,num3
89691245,/Users/nickzwart/Desktop/Number 3/89691245.json,やる気元気ミワハルキ,1,1,Alakazam,0.75,0,Dudunsparce,num3
89691277,/Users/nickzwart/Desktop/Number 3/89691277.json,やる気元気ミワハルキ,1,1,Dudunsparce,0.75,0,Dudunsparce,num3
89691812,/Users/nickzwart/Desktop/Number 3/89691812.json,やる気元気ミワハルキ,0,1,M-Kangaskhan,0.75,0,Dudunsparce,num3
89691996,/Users/nickzwart/Desktop/Number 3/89691996.json,やる気元気ミワハルキ,0,1,Crustle,0.75,0,Dudunsparce,num3
89692376,/Users/nickzwart/Desktop/Number 3/89692376.json,やる気元気ミワハルキ,0,1,Grimmsnarl,0.75,0,Dudunsparce,num3
89692958,/Users/nickzwart/Desktop/Number 3/89692958.json,やる気元気ミワハルキ,0,1,Dragapult,0.75,0,Dudunsparce,num3
89693535,/Users/nickzwart/Desktop/Number 3/89693535.json,やる気元気ミワハルキ,0,1,Grimmsnarl,0.75,0,Dudunsparce,num3
89694107,/Users/nickzwart/Desktop/Number 3/89694107.json,やる気元気ミワハルキ,0,1,Dipplin,0.75,0,Dudunsparce,num3
89695256,/Users/nickzwart/Desktop/Number 3/89695256.json,やる気元気ミワハルキ,1,1,Grimmsnarl,0.75,0,Dudunsparce,num3
89695767,/Users/nickzwart/Desktop/Number 3/89695767.json,やる気元気ミワハルキ,1,1,Grimmsnarl,0.75,0,Dudunsparce,num3
89696388,/Users/nickzwart/Desktop/Number 3/89696388.json,やる気元気ミワハルキ,1,1,Grimmsnarl,0.75,0,Dudunsparce,num3
89696953,/Users/nickzwart/Desktop/Number 3/89696953.json,やる気元気ミワハルキ,1,1,Grimmsnarl,0.75,0,Dudunsparce,num3
89697511,/Users/nickzwart/Desktop/Number 3/89697511.json,やる気元気ミワハルキ,0,1,Grimmsnarl,0.75,0,Dudunsparce,num3
89698088,/Users/nickzwart/Desktop/Number 3/89698088.json,やる気元気ミワハルキ,0,1,M-Kangaskhan,0.75,0,Dudunsparce,num3
89698657,/Users/nickzwart/Desktop/Number 3/89698657.json,やる気元気ミワハルキ,0,1,Grimmsnarl,0.75,0,Dudunsparce,num3
89699816,/Users/nickzwart/Desktop/Number 3/89699816.json,やる気元気ミワハルキ,1,1,other,0.75,0,Dudunsparce,num3
89700379,/Users/nickzwart/Desktop/Number 3/89700379.json,やる気元気ミワハルキ,0,1,other,0.75,0,Dudunsparce,num3
89700947,/Users/nickzwart/Desktop/Number 3/89700947.json,やる気元気ミワハルキ,0,1,Alakazam,0.75,0,Dudunsparce,num3
89701536,/Users/nickzwart/Desktop/Number 3/89701536.json,やる気元気ミワハルキ,0,1,Dudunsparce,0.75,0,Dudunsparce,num3
89702090,/Users/nickzwart/Desktop/Number 3/89702090.json,やる気元気ミワハルキ,1,1,other,0.75,0,Dudunsparce,num3
89702650,/Users/nickzwart/Desktop/Number 3/89702650.json,やる気元気ミワハルキ,0,1,Grimmsnarl,0.75,0,Dudunsparce,num3
89703232,/Users/nickzwart/Desktop/Number 3/89703232.json,やる気元気ミワハルキ,1,1,other,0.75,0,Dudunsparce,num3
89703804,/Users/nickzwart/Desktop/Number 3/89703804.json,やる気元気ミワハルキ,1,1,Dipplin,0.75,0,Dudunsparce,num3
89704382,/Users/nickzwart/Desktop/Number 3/89704382.json,やる気元気ミワハルキ,1,1,Grimmsnarl,0.75,0,Dudunsparce,num3
89704949,/Users/nickzwart/Desktop/Number 3/89704949.json,やる気元気ミワハルキ,1,1,Grimmsnarl,0.75,0,Dudunsparce,num3
89705515,/Users/nickzwart/Desktop/Number 3/89705515.json,やる気元気ミワハルキ,1,1,Grimmsnarl,0.75,0,Dudunsparce,num3
89706085,/Users/nickzwart/Desktop/Number 3/89706085.json,やる気元気ミワハルキ,0,1,Grimmsnarl,0.75,0,Dudunsparce,num3
89706654,/Users/nickzwart/Desktop/Number 3/89706654.json,やる気元気ミワハルキ,0,1,other,0.75,0,Dudunsparce,num3
89707220,/Users/nickzwart/Desktop/Number 3/89707220.json,やる気元気ミワハルキ,1,1,Dragapult,0.75,0,Dudunsparce,num3
89707788,/Users/nickzwart/Desktop/Number 3/89707788.json,やる気元気ミワハルキ,0,1,Dudunsparce,0.75,0,Dudunsparce,num3
89708365,/Users/nickzwart/Desktop/Number 3/89708365.json,やる気元気ミワハルキ,1,1,M-Kangaskhan,0.75,0,Dudunsparce,num3
89708940,/Users/nickzwart/Desktop/Number 3/89708940.json,やる気元気ミワハルキ,1,1,Dipplin,0.75,0,Dudunsparce,num3
89709525,/Users/nickzwart/Desktop/Number 3/89709525.json,やる気元気ミワハルキ,0,1,other,0.75,0,Dudunsparce,num3
89711272,/Users/nickzwart/Desktop/Number 3/89711272.json,やる気元気ミワハルキ,0,1,Grimmsnarl,0.75,0,Dudunsparce,num3
89711846,/Users/nickzwart/Desktop/Number 3/89711846.json,やる気元気ミワハルキ,0,1,Cynthia-Garchomp,0.75,0,Dudunsparce,num3
89712414,/Users/nickzwart/Desktop/Number 3/89712414.json,やる気元気ミワハルキ,1,1,Grimmsnarl,0.75,0,Dudunsparce,num3
89713000,/Users/nickzwart/Desktop/Number 3/89713000.json,やる気元気ミワハルキ,1,1,Dipplin,0.75,0,Dudunsparce,num3
89713570,/Users/nickzwart/Desktop/Number 3/89713570.json,やる気元気ミワハルキ,0,1,Crustle,0.75,0,Dudunsparce,num3
89714137,/Users/nickzwart/Desktop/Number 3/89714137.json,やる気元気ミワハルキ,0,1,Grimmsnarl,0.75,0,Dudunsparce,num3
89714624,/Users/nickzwart/Desktop/Number 3/89714624.json,やる気元気ミワハルキ,1,1,other,0.75,0,Dudunsparce,num3
89715291,/Users/nickzwart/Desktop/Number 3/89715291.json,やる気元気ミワハルキ,0,1,Crustle,0.75,0,Dudunsparce,num3
89716428,/Users/nickzwart/Desktop/Number 3/89716428.json,やる気元気ミワハルキ,1,1,Grimmsnarl,0.75,0,Dudunsparce,num3
89717015,/Users/nickzwart/Desktop/Number 3/89717015.json,やる気元気ミワハルキ,0,1,Cynthia-Garchomp,0.75,0,Dudunsparce,num3
89718756,/Users/nickzwart/Desktop/Number 3/89718756.json,やる気元気ミワハルキ,0,1,Grimmsnarl,0.75,0,Dudunsparce,num3
89719952,/Users/nickzwart/Desktop/Number 3/89719952.json,やる気元気ミワハルキ,0,1,other,0.75,0,Dudunsparce,num3
89724577,/Users/nickzwart/Desktop/Number 3/89724577.json,やる気元気ミワハルキ,1,1,Grimmsnarl,0.75,0,Dudunsparce,num3
89741515,/Users/nickzwart/Desktop/Number 3/89741515.json,やる気元気ミワハルキ,1,1,Grimmsnarl,0.75,0,Dudunsparce,num3
89741829,/Users/nickzwart/Desktop/Number 3/89741829.json,やる気元気ミワハルキ,0,1,Alakazam,0.75,0,Dudunsparce,num3
89747404,/Users/nickzwart/Desktop/Number 3/89747404.json,やる気元気ミワハルキ,0,1,Dragapult,0.75,0,Dudunsparce,num3
89755677,/Users/nickzwart/Desktop/Number 3/89755677.json,やる気元気ミワハルキ,1,1,M-Kangaskhan,0.75,0,Dudunsparce,num3
89901630,/Users/nickzwart/Desktop/number 4_04082026/89901630.json,wwwwwwwwwwwwwwwwwwwwwwwwwwwwww,1,1,Spidops,0.75,0,Dudunsparce,num4
89902247,/Users/nickzwart/Desktop/number 4_04082026/89902247.json,wwwwwwwwwwwwwwwwwwwwwwwwwwwwww,1,1,Alakazam,0.75,0,Dudunsparce,num4
89902863,/Users/nickzwart/Desktop/number 4_04082026/89902863.json,wwwwwwwwwwwwwwwwwwwwwwwwwwwwww,0,1,Grimmsnarl,0.75,0,Dudunsparce,num4
89903502,/Users/nickzwart/Desktop/number 4_04082026/89903502.json,wwwwwwwwwwwwwwwwwwwwwwwwwwwwww,1,1,Dragapult,0.75,0,Dudunsparce,num4
89904123,/Users/nickzwart/Desktop/number 4_04082026/89904123.json,wwwwwwwwwwwwwwwwwwwwwwwwwwwwww,0,1,M-Kangaskhan,0.75,0,Dudunsparce,num4
89904759,/Users/nickzwart/Desktop/number 4_04082026/89904759.json,wwwwwwwwwwwwwwwwwwwwwwwwwwwwww,0,1,Alakazam,0.75,0,Dudunsparce,num4
89905366,/Users/nickzwart/Desktop/number 4_04082026/89905366.json,wwwwwwwwwwwwwwwwwwwwwwwwwwwwww,1,1,Grimmsnarl,0.75,0,Dudunsparce,num4
89905982,/Users/nickzwart/Desktop/number 4_04082026/89905982.json,wwwwwwwwwwwwwwwwwwwwwwwwwwwwww,0,1,other,0.75,0,Dudunsparce,num4
89907229,/Users/nickzwart/Desktop/number 4_04082026/89907229.json,wwwwwwwwwwwwwwwwwwwwwwwwwwwwww,0,1,Dragapult,0.75,0,Dudunsparce,num4
89907845,/Users/nickzwart/Desktop/number 4_04082026/89907845.json,wwwwwwwwwwwwwwwwwwwwwwwwwwwwww,0,1,Spidops,0.75,0,Dudunsparce,num4
89907863,/Users/nickzwart/Desktop/number 4_04082026/89907863.json,wwwwwwwwwwwwwwwwwwwwwwwwwwwwww,0,1,Alakazam,0.75,0,Dudunsparce,num4
89909103,/Users/nickzwart/Desktop/number 4_04082026/89909103.json,wwwwwwwwwwwwwwwwwwwwwwwwwwwwww,1,1,Grimmsnarl,0.75,0,Dudunsparce,num4
89909707,/Users/nickzwart/Desktop/number 4_04082026/89909707.json,wwwwwwwwwwwwwwwwwwwwwwwwwwwwww,0,1,Grimmsnarl,0.75,0,Dudunsparce,num4
89910334,/Users/nickzwart/Desktop/number 4_04082026/89910334.json,wwwwwwwwwwwwwwwwwwwwwwwwwwwwww,0,1,M-Kangaskhan,0.75,0,Dudunsparce,num4
89911576,/Users/nickzwart/Desktop/number 4_04082026/89911576.json,wwwwwwwwwwwwwwwwwwwwwwwwwwwwww,1,1,Alakazam,0.75,0,Dudunsparce,num4
89912824,/Users/nickzwart/Desktop/number 4_04082026/89912824.json,wwwwwwwwwwwwwwwwwwwwwwwwwwwwww,1,1,other,0.75,0,Dudunsparce,num4
89913433,/Users/nickzwart/Desktop/number 4_04082026/89913433.json,wwwwwwwwwwwwwwwwwwwwwwwwwwwwww,0,1,Dipplin,0.75,0,Dudunsparce,num4
89914065,/Users/nickzwart/Desktop/number 4_04082026/89914065.json,wwwwwwwwwwwwwwwwwwwwwwwwwwwwww,1,1,other,0.75,0,Dudunsparce,num4
89914785,/Users/nickzwart/Desktop/number 4_04082026/89914785.json,wwwwwwwwwwwwwwwwwwwwwwwwwwwwww,0,1,M-Kangaskhan,0.75,0,Dudunsparce,num4
89915284,/Users/nickzwart/Desktop/number 4_04082026/89915284.json,wwwwwwwwwwwwwwwwwwwwwwwwwwwwww,1,1,M-Starmie,0.75,0,Dudunsparce,num4
89915902,/Users/nickzwart/Desktop/number 4_04082026/89915902.json,wwwwwwwwwwwwwwwwwwwwwwwwwwwwww,1,1,Dudunsparce,0.75,0,Dudunsparce,num4
89917155,/Users/nickzwart/Desktop/number 4_04082026/89917155.json,wwwwwwwwwwwwwwwwwwwwwwwwwwwwww,1,1,other,0.75,0,Dudunsparce,num4
89919676,/Users/nickzwart/Desktop/number 4_04082026/89919676.json,やる気元気ミワハルキ,1,1,Dudunsparce,0.75,0,Dudunsparce,num4
89920317,/Users/nickzwart/Desktop/number 4_04082026/89920317.json,wwwwwwwwwwwwwwwwwwwwwwwwwwwwww,1,1,M-Kangaskhan,0.75,0,Dudunsparce,num4
89920945,/Users/nickzwart/Desktop/number 4_04082026/89920945.json,wwwwwwwwwwwwwwwwwwwwwwwwwwwwww,0,1,Grimmsnarl,0.75,0,Dudunsparce,num4
89921539,/Users/nickzwart/Desktop/number 4_04082026/89921539.json,wwwwwwwwwwwwwwwwwwwwwwwwwwwwww,1,1,other,0.75,0,Dudunsparce,num4
89922308,/Users/nickzwart/Desktop/number 4_04082026/89922308.json,wwwwwwwwwwwwwwwwwwwwwwwwwwwwww,1,1,Grimmsnarl,0.75,0,Dudunsparce,num4
89922831,/Users/nickzwart/Desktop/number 4_04082026/89922831.json,wwwwwwwwwwwwwwwwwwwwwwwwwwwwww,1,1,other,0.75,0,Dudunsparce,num4
89923440,/Users/nickzwart/Desktop/number 4_04082026/89923440.json,wwwwwwwwwwwwwwwwwwwwwwwwwwwwww,0,1,Grimmsnarl,0.75,0,Dudunsparce,num4
89924086,/Users/nickzwart/Desktop/number 4_04082026/89924086.json,wwwwwwwwwwwwwwwwwwwwwwwwwwwwww,0,1,Alakazam,0.75,0,Dudunsparce,num4
89924701,/Users/nickzwart/Desktop/number 4_04082026/89924701.json,wwwwwwwwwwwwwwwwwwwwwwwwwwwwww,1,1,Alakazam,0.75,0,Dudunsparce,num4
89925323,/Users/nickzwart/Desktop/number 4_04082026/89925323.json,wwwwwwwwwwwwwwwwwwwwwwwwwwwwww,1,1,Dudunsparce,0.75,0,Dudunsparce,num4
89925986,/Users/nickzwart/Desktop/number 4_04082026/89925986.json,wwwwwwwwwwwwwwwwwwwwwwwwwwwwww,1,1,Cynthia-Garchomp,0.75,0,Dudunsparce,num4
89926584,/Users/nickzwart/Desktop/number 4_04082026/89926584.json,wwwwwwwwwwwwwwwwwwwwwwwwwwwwww,1,1,Dragapult,0.75,0,Dudunsparce,num4
89927212,/Users/nickzwart/Desktop/number 4_04082026/89927212.json,wwwwwwwwwwwwwwwwwwwwwwwwwwwwww,0,1,Crustle,0.75,0,Dudunsparce,num4
89929090,/Users/nickzwart/Desktop/number 4_04082026/89929090.json,wwwwwwwwwwwwwwwwwwwwwwwwwwwwww,0,1,Dudunsparce,0.75,0,Dudunsparce,num4
89929775,/Users/nickzwart/Desktop/number 4_04082026/89929775.json,wwwwwwwwwwwwwwwwwwwwwwwwwwwwww,0,1,Dudunsparce,0.75,0,Dudunsparce,num4
89930999,/Users/nickzwart/Desktop/number 4_04082026/89930999.json,wwwwwwwwwwwwwwwwwwwwwwwwwwwwww,1,1,other,0.75,0,Dudunsparce,num4
89932258,/Users/nickzwart/Desktop/number 4_04082026/89932258.json,wwwwwwwwwwwwwwwwwwwwwwwwwwwwww,1,1,Dudunsparce,0.75,0,Dudunsparce,num4
89932887,/Users/nickzwart/Desktop/number 4_04082026/89932887.json,wwwwwwwwwwwwwwwwwwwwwwwwwwwwww,1,1,other,0.75,0,Dudunsparce,num4
89934157,/Users/nickzwart/Desktop/number 4_04082026/89934157.json,wwwwwwwwwwwwwwwwwwwwwwwwwwwwww,0,1,other,0.75,0,Dudunsparce,num4
89934896,/Users/nickzwart/Desktop/number 4_04082026/89934896.json,wwwwwwwwwwwwwwwwwwwwwwwwwwwwww,1,1,Crustle,0.75,0,Dudunsparce,num4
89935433,/Users/nickzwart/Desktop/number 4_04082026/89935433.json,wwwwwwwwwwwwwwwwwwwwwwwwwwwwww,0,1,Dudunsparce,0.75,0,Dudunsparce,num4
89936048,/Users/nickzwart/Desktop/number 4_04082026/89936048.json,wwwwwwwwwwwwwwwwwwwwwwwwwwwwww,1,1,Dudunsparce,0.75,0,Dudunsparce,num4
89936671,/Users/nickzwart/Desktop/number 4_04082026/89936671.json,wwwwwwwwwwwwwwwwwwwwwwwwwwwwww,1,1,Crustle,0.75,0,Dudunsparce,num4
89937902,/Users/nickzwart/Desktop/number 4_04082026/89937902.json,やる気元気ミワハルキ,0,1,Dudunsparce,0.75,0,Dudunsparce,num4
89938568,/Users/nickzwart/Desktop/number 4_04082026/89938568.json,wwwwwwwwwwwwwwwwwwwwwwwwwwwwww,0,1,Dipplin,0.75,0,Dudunsparce,num4
89939242,/Users/nickzwart/Desktop/number 4_04082026/89939242.json,wwwwwwwwwwwwwwwwwwwwwwwwwwwwww,0,1,Dipplin,0.75,0,Dudunsparce,num4
89939824,/Users/nickzwart/Desktop/number 4_04082026/89939824.json,wwwwwwwwwwwwwwwwwwwwwwwwwwwwww,1,1,Dipplin,0.75,0,Dudunsparce,num4
89940444,/Users/nickzwart/Desktop/number 4_04082026/89940444.json,wwwwwwwwwwwwwwwwwwwwwwwwwwwwww,0,1,Dudunsparce,0.75,0,Dudunsparce,num4
89940453,/Users/nickzwart/Desktop/number 4_04082026/89940453.json,wwwwwwwwwwwwwwwwwwwwwwwwwwwwww,0,1,Dudunsparce,0.75,0,Dudunsparce,num4
89941093,/Users/nickzwart/Desktop/number 4_04082026/89941093.json,wwwwwwwwwwwwwwwwwwwwwwwwwwwwww,1,1,Dudunsparce,0.75,0,Dudunsparce,num4
89941806,/Users/nickzwart/Desktop/number 4_04082026/89941806.json,wwwwwwwwwwwwwwwwwwwwwwwwwwwwww,0,1,Alakazam,0.75,0,Dudunsparce,num4
89951977,/Users/nickzwart/Desktop/number 4_04082026/89951977.json,wwwwwwwwwwwwwwwwwwwwwwwwwwwwww,0,1,Grimmsnarl,0.75,0,Dudunsparce,num4
90004541,/Users/nickzwart/Desktop/LiamK_05082926/90004541.json,LiamK,1,1,Alakazam,0.62,0,Dudunsparce,liamk_0805
90005185,/Users/nickzwart/Desktop/LiamK_05082926/90005185.json,LiamK,1,1,M-Lucario,0.62,0,Dudunsparce,liamk_0805
90005843,/Users/nickzwart/Desktop/LiamK_05082926/90005843.json,LiamK,0,1,Archaludon,0.62,0,Dudunsparce,liamk_0805
90006495,/Users/nickzwart/Desktop/LiamK_05082926/90006495.json,LiamK,1,1,Grimmsnarl,0.62,0,Dudunsparce,liamk_0805
90007138,/Users/nickzwart/Desktop/LiamK_05082926/90007138.json,LiamK,1,1,Alakazam,0.62,0,Dudunsparce,liamk_0805
90007786,/Users/nickzwart/Desktop/LiamK_05082926/90007786.json,LiamK,0,1,Grimmsnarl,0.62,0,Dudunsparce,liamk_0805
90008435,/Users/nickzwart/Desktop/LiamK_05082926/90008435.json,LiamK,0,1,Crustle,0.62,0,Dudunsparce,liamk_0805
90009726,/Users/nickzwart/Desktop/LiamK_05082926/90009726.json,LiamK,0,1,Grimmsnarl,0.62,0,Dudunsparce,liamk_0805
90010381,/Users/nickzwart/Desktop/LiamK_05082926/90010381.json,LiamK,0,1,Meganium,0.62,0,Dudunsparce,liamk_0805
90011034,/Users/nickzwart/Desktop/LiamK_05082926/90011034.json,LiamK,1,1,Meganium,0.62,0,Dudunsparce,liamk_0805
90011306,/Users/nickzwart/Desktop/LiamK_05082926/90011306.json,LiamK,0,1,Dragapult,0.62,0,Dudunsparce,liamk_0805
90012981,/Users/nickzwart/Desktop/LiamK_05082926/90012981.json,LiamK,0,1,Meganium,0.62,0,Dudunsparce,liamk_0805
90013624,/Users/nickzwart/Desktop/LiamK_05082926/90013624.json,LiamK,1,1,Grimmsnarl,0.62,0,Dudunsparce,liamk_0805
90014275,/Users/nickzwart/Desktop/LiamK_05082926/90014275.json,LiamK,1,1,Dragapult,0.62,0,Dudunsparce,liamk_0805
90014931,/Users/nickzwart/Desktop/LiamK_05082926/90014931.json,LiamK,1,1,Dipplin,0.62,0,Dudunsparce,liamk_0805
90015572,/Users/nickzwart/Desktop/LiamK_05082926/90015572.json,LiamK,1,1,Alakazam,0.62,0,Dudunsparce,liamk_0805
90016221,/Users/nickzwart/Desktop/LiamK_05082926/90016221.json,LiamK,0,1,Grimmsnarl,0.62,0,Dudunsparce,liamk_0805
90016868,/Users/nickzwart/Desktop/LiamK_05082926/90016868.json,LiamK,0,1,Alakazam,0.62,0,Dudunsparce,liamk_0805
90017521,/Users/nickzwart/Desktop/LiamK_05082926/90017521.json,LiamK,0,1,Crustle,0.62,0,Dudunsparce,liamk_0805
90018172,/Users/nickzwart/Desktop/LiamK_05082926/90018172.json,LiamK,0,1,Grimmsnarl,0.62,0,Dudunsparce,liamk_0805
90018855,/Users/nickzwart/Desktop/LiamK_05082926/90018855.json,李秉叡（ntumlnoob）,1,1,Dudunsparce,0.7,0,Dudunsparce,liamk_0805
90020161,/Users/nickzwart/Desktop/LiamK_05082926/90020161.json,LiamK,0,1,Dudunsparce,0.62,0,Dudunsparce,liamk_0805
90022117,/Users/nickzwart/Desktop/LiamK_05082926/90022117.json,LiamK,1,1,Meganium,0.62,0,Dudunsparce,liamk_0805
90022238,/Users/nickzwart/Desktop/LiamK_05082926/90022238.json,LiamK,0,1,Dipplin,0.62,0,Dudunsparce,liamk_0805
90022773,/Users/nickzwart/Desktop/LiamK_05082926/90022773.json,LiamK,0,1,Dragapult,0.62,0,Dudunsparce,liamk_0805
90023428,/Users/nickzwart/Desktop/LiamK_05082926/90023428.json,LiamK,0,1,Meganium,0.62,0,Dudunsparce,liamk_0805
90023536,/Users/nickzwart/Desktop/LiamK_05082926/90023536.json,LiamK,1,1,Dudunsparce,0.62,0,Dudunsparce,liamk_0805
90024090,/Users/nickzwart/Desktop/LiamK_05082926/90024090.json,LiamK,1,1,Grimmsnarl,0.62,0,Dudunsparce,liamk_0805
90024175,/Users/nickzwart/Desktop/LiamK_05082926/90024175.json,やる気元気ミワハルキ,0,1,Dudunsparce,0.7,0,Dudunsparce,liamk_0805
90024783,/Users/nickzwart/Desktop/LiamK_05082926/90024783.json,LiamK,1,1,Dudunsparce,0.62,0,Dudunsparce,liamk_0805
90025462,/Users/nickzwart/Desktop/LiamK_05082926/90025462.json,LiamK,0,1,Dudunsparce,0.62,0,Dudunsparce,liamk_0805
90025714,/Users/nickzwart/Desktop/LiamK_05082926/90025714.json,LiamK,1,1,Dudunsparce,0.62,0,Dudunsparce,liamk_0805
90026175,/Users/nickzwart/Desktop/LiamK_05082926/90026175.json,LiamK,1,1,Grimmsnarl,0.62,0,Dudunsparce,liamk_0805
90026854,/Users/nickzwart/Desktop/LiamK_05082926/90026854.json,LiamK,1,1,Meganium,0.62,0,Dudunsparce,liamk_0805
90026928,/Users/nickzwart/Desktop/LiamK_05082926/90026928.json,やる気元気ミワハルキ,1,1,Dudunsparce,0.7,0,Dudunsparce,liamk_0805
90027544,/Users/nickzwart/Desktop/LiamK_05082926/90027544.json,LiamK,0,1,Grimmsnarl,0.62,0,Dudunsparce,liamk_0805
90028238,/Users/nickzwart/Desktop/LiamK_05082926/90028238.json,LiamK,0,1,Alakazam,0.62,0,Dudunsparce,liamk_0805
90028927,/Users/nickzwart/Desktop/LiamK_05082926/90028927.json,LiamK,1,1,Grimmsnarl,0.62,0,Dudunsparce,liamk_0805
90029597,/Users/nickzwart/Desktop/LiamK_05082926/90029597.json,LiamK,1,1,Grimmsnarl,0.62,0,Dudunsparce,liamk_0805
90029663,/Users/nickzwart/Desktop/LiamK_05082926/90029663.json,LiamK,0,1,M-Kangaskhan,0.62,0,Dudunsparce,liamk_0805
90030291,/Users/nickzwart/Desktop/LiamK_05082926/90030291.json,LiamK,0,1,Dudunsparce,0.62,0,Dudunsparce,liamk_0805
90030360,/Users/nickzwart/Desktop/LiamK_05082926/90030360.json,LiamK,1,1,Grimmsnarl,0.62,0,Dudunsparce,liamk_0805
90033758,/Users/nickzwart/Desktop/LiamK_05082926/90033758.json,LiamK,1,1,Grimmsnarl,0.62,0,Dudunsparce,liamk_0805
90034445,/Users/nickzwart/Desktop/LiamK_05082926/90034445.json,LiamK,0,1,Grimmsnarl,0.62,0,Dudunsparce,liamk_0805
90035811,/Users/nickzwart/Desktop/LiamK_05082926/90035811.json,LiamK,0,1,Grimmsnarl,0.62,0,Dudunsparce,liamk_0805
90036475,/Users/nickzwart/Desktop/LiamK_05082926/90036475.json,LiamK,1,1,Dudunsparce,0.62,0,Dudunsparce,liamk_0805
90036489,/Users/nickzwart/Desktop/LiamK_05082926/90036489.json,LiamK,0,1,Dudunsparce,0.62,0,Dudunsparce,liamk_0805
90037143,/Users/nickzwart/Desktop/LiamK_05082926/90037143.json,LiamK,0,1,Dragapult,0.62,0,Dudunsparce,liamk_0805
90037843,/Users/nickzwart/Desktop/LiamK_05082926/90037843.json,李秉叡（ntumlnoob）,1,1,Dudunsparce,0.7,0,Dudunsparce,liamk_0805
90037864,/Users/nickzwart/Desktop/LiamK_05082926/90037864.json,LiamK,1,1,Dragapult,0.62,0,Dudunsparce,liamk_0805
90038550,/Users/nickzwart/Desktop/LiamK_05082926/90038550.json,LiamK,1,1,Dudunsparce,0.62,0,Dudunsparce,liamk_0805
90038551,/Users/nickzwart/Desktop/LiamK_05082926/90038551.json,LiamK,0,1,M-Kangaskhan,0.62,0,Dudunsparce,liamk_0805
90039235,/Users/nickzwart/Desktop/LiamK_05082926/90039235.json,LiamK,1,1,Dudunsparce,0.62,0,Dudunsparce,liamk_0805
90039896,/Users/nickzwart/Desktop/LiamK_05082926/90039896.json,LiamK,0,1,Dudunsparce,0.62,0,Dudunsparce,liamk_0805
90040579,/Users/nickzwart/Desktop/LiamK_05082926/90040579.json,LiamK,1,1,Dragapult,0.62,0,Dudunsparce,liamk_0805
90041257,/Users/nickzwart/Desktop/LiamK_05082926/90041257.json,LiamK,0,1,Dragapult,0.62,0,Dudunsparce,liamk_0805
90041937,/Users/nickzwart/Desktop/LiamK_05082926/90041937.json,LiamK,1,1,Grimmsnarl,0.62,0,Dudunsparce,liamk_0805
90041956,/Users/nickzwart/Desktop/LiamK_05082926/90041956.json,LiamK,0,1,Grimmsnarl,0.62,0,Dudunsparce,liamk_0805
90043308,/Users/nickzwart/Desktop/LiamK_05082926/90043308.json,LiamK,0,1,Grimmsnarl,0.62,0,Dudunsparce,liamk_0805
90044716,/Users/nickzwart/Desktop/LiamK_05082926/90044716.json,LiamK,0,1,Dudunsparce,0.62,0,Dudunsparce,liamk_0805
90045483,/Users/nickzwart/Desktop/LiamK_05082926/90045483.json,LiamK,0,1,Crustle,0.62,0,Dudunsparce,liamk_0805
90046220,/Users/nickzwart/Desktop/LiamK_05082926/90046220.json,LiamK,0,1,Grimmsnarl,0.62,0,Dudunsparce,liamk_0805
90046942,/Users/nickzwart/Desktop/LiamK_05082926/90046942.json,LiamK,0,1,M-Lucario,0.62,0,Dudunsparce,liamk_0805
90047610,/Users/nickzwart/Desktop/LiamK_05082926/90047610.json,LiamK,0,1,Spidops,0.62,0,Dudunsparce,liamk_0805
90048666,/Users/nickzwart/Desktop/LiamK_05082926/90048666.json,LiamK,0,1,Meganium,0.62,0,Dudunsparce,liamk_0805
90049682,/Users/nickzwart/Desktop/LiamK_05082926/90049682.json,LiamK,1,1,Alakazam,0.62,0,Dudunsparce,liamk_0805
90050387,/Users/nickzwart/Desktop/LiamK_05082926/90050387.json,LiamK,0,1,M-Kangaskhan,0.62,0,Dudunsparce,liamk_0805
90060578,/Users/nickzwart/Desktop/LiamK_05082926/90060578.json,LiamK,0,1,Dudunsparce,0.62,0,Dudunsparce,liamk_0805
90089004,/Users/nickzwart/Desktop/LiamK_05082926/90089004.json,LiamK,0,1,M-Lucario,0.62,0,Dudunsparce,liamk_0805
90104053,/Users/nickzwart/Desktop/LiamK_05082926/90104053.json,LiamK,0,1,Dudunsparce,0.62,0,Dudunsparce,liamk_0805
90108871,/Users/nickzwart/Desktop/LiamK_05082926/90108871.json,LiamK,1,1,M-Kangaskhan,0.62,0,Dudunsparce,liamk_0805
90115526,/Users/nickzwart/Desktop/LiamK_05082926/90115526.json,Marshall Maximizer,0,1,Dudunsparce,0.7,0,Dudunsparce,liamk_0805
89506206,/Users/nickzwart/Desktop/ntumInoob/89506206.json,李秉叡（ntumlnoob）,0,1,Dudunsparce,0.551,0,Dudunsparce,ntum_0805
89506840,/Users/nickzwart/Desktop/ntumInoob/89506840.json,李秉叡（ntumlnoob）,0,1,Alakazam,0.551,0,Dudunsparce,ntum_0805
89507378,/Users/nickzwart/Desktop/ntumInoob/89507378.json,李秉叡（ntumlnoob）,1,1,Crustle,0.551,0,Dudunsparce,ntum_0805
89507934,/Users/nickzwart/Desktop/ntumInoob/89507934.json,李秉叡（ntumlnoob）,1,1,Crustle,0.551,0,Dudunsparce,ntum_0805
89508484,/Users/nickzwart/Desktop/ntumInoob/89508484.json,李秉叡（ntumlnoob）,0,1,Alakazam,0.551,0,Dudunsparce,ntum_0805
89509027,/Users/nickzwart/Desktop/ntumInoob/89509027.json,李秉叡（ntumlnoob）,1,1,Alakazam,0.551,0,Dudunsparce,ntum_0805
89509558,/Users/nickzwart/Desktop/ntumInoob/89509558.json,李秉叡（ntumlnoob）,0,1,Archaludon,0.551,0,Dudunsparce,ntum_0805
89510098,/Users/nickzwart/Desktop/ntumInoob/89510098.json,李秉叡（ntumlnoob）,0,1,Dipplin,0.551,0,Dudunsparce,ntum_0805
89510664,/Users/nickzwart/Desktop/ntumInoob/89510664.json,李秉叡（ntumlnoob）,0,1,Grimmsnarl,0.551,0,Dudunsparce,ntum_0805
89511204,/Users/nickzwart/Desktop/ntumInoob/89511204.json,李秉叡（ntumlnoob）,1,1,Crustle,0.551,0,Dudunsparce,ntum_0805
89511763,/Users/nickzwart/Desktop/ntumInoob/89511763.json,李秉叡（ntumlnoob）,0,1,Cynthia-Garchomp,0.551,0,Dudunsparce,ntum_0805
89512880,/Users/nickzwart/Desktop/ntumInoob/89512880.json,李秉叡（ntumlnoob）,0,1,Meganium,0.551,0,Dudunsparce,ntum_0805
89513971,/Users/nickzwart/Desktop/ntumInoob/89513971.json,李秉叡（ntumlnoob）,0,1,Grimmsnarl,0.551,0,Dudunsparce,ntum_0805
89514544,/Users/nickzwart/Desktop/ntumInoob/89514544.json,李秉叡（ntumlnoob）,1,1,Grimmsnarl,0.551,0,Dudunsparce,ntum_0805
89515090,/Users/nickzwart/Desktop/ntumInoob/89515090.json,李秉叡（ntumlnoob）,1,1,Crustle,0.551,0,Dudunsparce,ntum_0805
89515629,/Users/nickzwart/Desktop/ntumInoob/89515629.json,李秉叡（ntumlnoob）,1,1,Grimmsnarl,0.551,0,Dudunsparce,ntum_0805
89516172,/Users/nickzwart/Desktop/ntumInoob/89516172.json,李秉叡（ntumlnoob）,1,1,Meganium,0.551,0,Dudunsparce,ntum_0805
89516951,/Users/nickzwart/Desktop/ntumInoob/89516951.json,李秉叡（ntumlnoob）,0,1,Dudunsparce,0.551,0,Dudunsparce,ntum_0805
89517846,/Users/nickzwart/Desktop/ntumInoob/89517846.json,李秉叡（ntumlnoob）,1,1,Meganium,0.551,0,Dudunsparce,ntum_0805
89518576,/Users/nickzwart/Desktop/ntumInoob/89518576.json,Luca,0,1,Dudunsparce,0.62,0,Dudunsparce,ntum_0805
89518930,/Users/nickzwart/Desktop/ntumInoob/89518930.json,李秉叡（ntumlnoob）,0,1,Crustle,0.551,0,Dudunsparce,ntum_0805
89519483,/Users/nickzwart/Desktop/ntumInoob/89519483.json,李秉叡（ntumlnoob）,1,1,Meganium,0.551,0,Dudunsparce,ntum_0805
89520042,/Users/nickzwart/Desktop/ntumInoob/89520042.json,李秉叡（ntumlnoob）,0,1,Meganium,0.551,0,Dudunsparce,ntum_0805
89520561,/Users/nickzwart/Desktop/ntumInoob/89520561.json,李秉叡（ntumlnoob）,0,1,Grimmsnarl,0.551,0,Dudunsparce,ntum_0805
89521144,/Users/nickzwart/Desktop/ntumInoob/89521144.json,李秉叡（ntumlnoob）,0,1,Alakazam,0.551,0,Dudunsparce,ntum_0805
89521690,/Users/nickzwart/Desktop/ntumInoob/89521690.json,李秉叡（ntumlnoob）,0,1,Meganium,0.551,0,Dudunsparce,ntum_0805
89522237,/Users/nickzwart/Desktop/ntumInoob/89522237.json,李秉叡（ntumlnoob）,1,1,Dudunsparce,0.551,0,Dudunsparce,ntum_0805
89523349,/Users/nickzwart/Desktop/ntumInoob/89523349.json,李秉叡（ntumlnoob）,1,1,Meganium,0.551,0,Dudunsparce,ntum_0805
89523901,/Users/nickzwart/Desktop/ntumInoob/89523901.json,李秉叡（ntumlnoob）,0,1,Grimmsnarl,0.551,0,Dudunsparce,ntum_0805
89524454,/Users/nickzwart/Desktop/ntumInoob/89524454.json,李秉叡（ntumlnoob）,0,1,Grimmsnarl,0.551,0,Dudunsparce,ntum_0805
89526107,/Users/nickzwart/Desktop/ntumInoob/89526107.json,李秉叡（ntumlnoob）,1,1,Grimmsnarl,0.551,0,Dudunsparce,ntum_0805
89526660,/Users/nickzwart/Desktop/ntumInoob/89526660.json,李秉叡（ntumlnoob）,0,1,Alakazam,0.551,0,Dudunsparce,ntum_0805
89527219,/Users/nickzwart/Desktop/ntumInoob/89527219.json,李秉叡（ntumlnoob）,0,1,Grimmsnarl,0.551,0,Dudunsparce,ntum_0805
89527775,/Users/nickzwart/Desktop/ntumInoob/89527775.json,李秉叡（ntumlnoob）,0,1,Grimmsnarl,0.551,0,Dudunsparce,ntum_0805
89529447,/Users/nickzwart/Desktop/ntumInoob/89529447.json,李秉叡（ntumlnoob）,1,1,Alakazam,0.551,0,Dudunsparce,ntum_0805
89530004,/Users/nickzwart/Desktop/ntumInoob/89530004.json,李秉叡（ntumlnoob）,1,1,Meganium,0.551,0,Dudunsparce,ntum_0805
89530577,/Users/nickzwart/Desktop/ntumInoob/89530577.json,李秉叡（ntumlnoob）,0,1,Meganium,0.551,0,Dudunsparce,ntum_0805
89531132,/Users/nickzwart/Desktop/ntumInoob/89531132.json,李秉叡（ntumlnoob）,0,1,Grimmsnarl,0.551,0,Dudunsparce,ntum_0805
89532248,/Users/nickzwart/Desktop/ntumInoob/89532248.json,李秉叡（ntumlnoob）,1,1,Grimmsnarl,0.551,0,Dudunsparce,ntum_0805
89532805,/Users/nickzwart/Desktop/ntumInoob/89532805.json,李秉叡（ntumlnoob）,1,1,Grimmsnarl,0.551,0,Dudunsparce,ntum_0805
89533357,/Users/nickzwart/Desktop/ntumInoob/89533357.json,李秉叡（ntumlnoob）,1,1,Grimmsnarl,0.551,0,Dudunsparce,ntum_0805
89533917,/Users/nickzwart/Desktop/ntumInoob/89533917.json,李秉叡（ntumlnoob）,0,1,Meganium,0.551,0,Dudunsparce,ntum_0805
89534474,/Users/nickzwart/Desktop/ntumInoob/89534474.json,李秉叡（ntumlnoob）,0,1,Grimmsnarl,0.551,0,Dudunsparce,ntum_0805
89535031,/Users/nickzwart/Desktop/ntumInoob/89535031.json,李秉叡（ntumlnoob）,1,1,Alakazam,0.551,0,Dudunsparce,ntum_0805
89535591,/Users/nickzwart/Desktop/ntumInoob/89535591.json,李秉叡（ntumlnoob）,1,1,Meganium,0.551,0,Dudunsparce,ntum_0805
89536163,/Users/nickzwart/Desktop/ntumInoob/89536163.json,李秉叡（ntumlnoob）,0,1,Alakazam,0.551,0,Dudunsparce,ntum_0805
89536708,/Users/nickzwart/Desktop/ntumInoob/89536708.json,李秉叡（ntumlnoob）,0,1,Crustle,0.551,0,Dudunsparce,ntum_0805
89537270,/Users/nickzwart/Desktop/ntumInoob/89537270.json,李秉叡（ntumlnoob）,0,1,Grimmsnarl,0.551,0,Dudunsparce,ntum_0805
89537838,/Users/nickzwart/Desktop/ntumInoob/89537838.json,李秉叡（ntumlnoob）,1,1,Dipplin,0.551,0,Dudunsparce,ntum_0805
89539508,/Users/nickzwart/Desktop/ntumInoob/89539508.json,李秉叡（ntumlnoob）,1,1,Alakazam,0.551,0,Dudunsparce,ntum_0805
89540069,/Users/nickzwart/Desktop/ntumInoob/89540069.json,李秉叡（ntumlnoob）,0,1,Meganium,0.551,0,Dudunsparce,ntum_0805
89540637,/Users/nickzwart/Desktop/ntumInoob/89540637.json,李秉叡（ntumlnoob）,1,1,Crustle,0.551,0,Dudunsparce,ntum_0805
89542181,/Users/nickzwart/Desktop/ntumInoob/89542181.json,李秉叡（ntumlnoob）,1,1,M-Lucario,0.551,0,Dudunsparce,ntum_0805
89567102,/Users/nickzwart/Desktop/ntumInoob/89567102.json,李秉叡（ntumlnoob）,0,1,Meganium,0.551,0,Dudunsparce,ntum_0805
89569810,/Users/nickzwart/Desktop/ntumInoob/89569810.json,李秉叡（ntumlnoob）,0,1,Alakazam,0.551,0,Dudunsparce,ntum_0805
89570356,/Users/nickzwart/Desktop/ntumInoob/89570356.json,李秉叡（ntumlnoob）,1,1,Grimmsnarl,0.551,0,Dudunsparce,ntum_0805
89570849,/Users/nickzwart/Desktop/ntumInoob/89570849.json,李秉叡（ntumlnoob）,1,1,Grimmsnarl,0.551,0,Dudunsparce,ntum_0805
89571932,/Users/nickzwart/Desktop/ntumInoob/89571932.json,李秉叡（ntumlnoob）,0,1,Meganium,0.551,0,Dudunsparce,ntum_0805
89573019,/Users/nickzwart/Desktop/ntumInoob/89573019.json,李秉叡（ntumlnoob）,0,1,Meganium,0.551,0,Dudunsparce,ntum_0805
89573560,/Users/nickzwart/Desktop/ntumInoob/89573560.json,李秉叡（ntumlnoob）,1,1,Meganium,0.551,0,Dudunsparce,ntum_0805
89574111,/Users/nickzwart/Desktop/ntumInoob/89574111.json,李秉叡（ntumlnoob）,1,1,other,0.551,0,Dudunsparce,ntum_0805
89574651,/Users/nickzwart/Desktop/ntumInoob/89574651.json,李秉叡（ntumlnoob）,0,1,M-Lucario,0.551,0,Dudunsparce,ntum_0805
89575205,/Users/nickzwart/Desktop/ntumInoob/89575205.json,李秉叡（ntumlnoob）,0,1,Meganium,0.551,0,Dudunsparce,ntum_0805
89576308,/Users/nickzwart/Desktop/ntumInoob/89576308.json,李秉叡（ntumlnoob）,1,1,Alakazam,0.551,0,Dudunsparce,ntum_0805
89578492,/Users/nickzwart/Desktop/ntumInoob/89578492.json,李秉叡（ntumlnoob）,1,1,Meganium,0.551,0,Dudunsparce,ntum_0805
89579444,/Users/nickzwart/Desktop/ntumInoob/89579444.json,李秉叡（ntumlnoob）,1,1,Alakazam,0.551,0,Dudunsparce,ntum_0805
89579588,/Users/nickzwart/Desktop/ntumInoob/89579588.json,李秉叡（ntumlnoob）,0,1,Alakazam,0.551,0,Dudunsparce,ntum_0805
89580131,/Users/nickzwart/Desktop/ntumInoob/89580131.json,李秉叡（ntumlnoob）,1,1,Grimmsnarl,0.551,0,Dudunsparce,ntum_0805
89580675,/Users/nickzwart/Desktop/ntumInoob/89580675.json,李秉叡（ntumlnoob）,1,1,Grimmsnarl,0.551,0,Dudunsparce,ntum_0805
89581233,/Users/nickzwart/Desktop/ntumInoob/89581233.json,李秉叡（ntumlnoob）,1,1,Grimmsnarl,0.551,0,Dudunsparce,ntum_0805
89581234,/Users/nickzwart/Desktop/ntumInoob/89581234.json,李秉叡（ntumlnoob）,1,1,Meganium,0.551,0,Dudunsparce,ntum_0805
89581289,/Users/nickzwart/Desktop/ntumInoob/89581289.json,李秉叡（ntumlnoob）,1,1,Meganium,0.551,0,Dudunsparce,ntum_0805
89581785,/Users/nickzwart/Desktop/ntumInoob/89581785.json,李秉叡（ntumlnoob）,0,1,Alakazam,0.551,0,Dudunsparce,ntum_0805
89582331,/Users/nickzwart/Desktop/ntumInoob/89582331.json,李秉叡（ntumlnoob）,1,1,Dragapult,0.551,0,Dudunsparce,ntum_0805
89583939,/Users/nickzwart/Desktop/ntumInoob/89583939.json,李秉叡（ntumlnoob）,0,1,M-Lucario,0.551,0,Dudunsparce,ntum_0805
89583960,/Users/nickzwart/Desktop/ntumInoob/89583960.json,Iolzpo + emonga,1,1,Dudunsparce,0.62,0,Dudunsparce,ntum_0805
89584505,/Users/nickzwart/Desktop/ntumInoob/89584505.json,李秉叡（ntumlnoob）,0,1,Dipplin,0.551,0,Dudunsparce,ntum_0805
89585046,/Users/nickzwart/Desktop/ntumInoob/89585046.json,李秉叡（ntumlnoob）,0,1,Dudunsparce,0.551,0,Dudunsparce,ntum_0805
89585587,/Users/nickzwart/Desktop/ntumInoob/89585587.json,李秉叡（ntumlnoob）,1,1,Meganium,0.551,0,Dudunsparce,ntum_0805
89586125,/Users/nickzwart/Desktop/ntumInoob/89586125.json,李秉叡（ntumlnoob）,0,1,Meganium,0.551,0,Dudunsparce,ntum_0805
89586659,/Users/nickzwart/Desktop/ntumInoob/89586659.json,李秉叡（ntumlnoob）,0,1,M-Lucario,0.551,0,Dudunsparce,ntum_0805
89587206,/Users/nickzwart/Desktop/ntumInoob/89587206.json,李秉叡（ntumlnoob）,1,1,Meganium,0.551,0,Dudunsparce,ntum_0805
89587763,/Users/nickzwart/Desktop/ntumInoob/89587763.json,李秉叡（ntumlnoob）,0,1,Grimmsnarl,0.551,0,Dudunsparce,ntum_0805
89587770,/Users/nickzwart/Desktop/ntumInoob/89587770.json,李秉叡（ntumlnoob）,0,1,Meganium,0.551,0,Dudunsparce,ntum_0805
89588313,/Users/nickzwart/Desktop/ntumInoob/89588313.json,李秉叡（ntumlnoob）,1,1,Meganium,0.551,0,Dudunsparce,ntum_0805
89588856,/Users/nickzwart/Desktop/ntumInoob/89588856.json,李秉叡（ntumlnoob）,0,1,Meganium,0.551,0,Dudunsparce,ntum_0805
89589399,/Users/nickzwart/Desktop/ntumInoob/89589399.json,李秉叡（ntumlnoob）,0,1,Meganium,0.551,0,Dudunsparce,ntum_0805
89589962,/Users/nickzwart/Desktop/ntumInoob/89589962.json,李秉叡（ntumlnoob）,1,1,Grimmsnarl,0.551,0,Dudunsparce,ntum_0805
89590508,/Users/nickzwart/Desktop/ntumInoob/89590508.json,李秉叡（ntumlnoob）,0,1,Grimmsnarl,0.551,0,Dudunsparce,ntum_0805
89591059,/Users/nickzwart/Desktop/ntumInoob/89591059.json,李秉叡（ntumlnoob）,1,1,Alakazam,0.551,0,Dudunsparce,ntum_0805
89591598,/Users/nickzwart/Desktop/ntumInoob/89591598.json,李秉叡（ntumlnoob）,1,1,Alakazam,0.551,0,Dudunsparce,ntum_0805
89592144,/Users/nickzwart/Desktop/ntumInoob/89592144.json,李秉叡（ntumlnoob）,0,1,Alakazam,0.551,0,Dudunsparce,ntum_0805
89592700,/Users/nickzwart/Desktop/ntumInoob/89592700.json,李秉叡（ntumlnoob）,0,1,Grimmsnarl,0.551,0,Dudunsparce,ntum_0805
89593818,/Users/nickzwart/Desktop/ntumInoob/89593818.json,李秉叡（ntumlnoob）,1,1,Meganium,0.551,0,Dudunsparce,ntum_0805
89594357,/Users/nickzwart/Desktop/ntumInoob/89594357.json,李秉叡（ntumlnoob）,0,1,Meganium,0.551,0,Dudunsparce,ntum_0805
89594901,/Users/nickzwart/Desktop/ntumInoob/89594901.json,李秉叡（ntumlnoob）,0,1,Alakazam,0.551,0,Dudunsparce,ntum_0805
89595450,/Users/nickzwart/Desktop/ntumInoob/89595450.json,李秉叡（ntumlnoob）,0,1,Grimmsnarl,0.551,0,Dudunsparce,ntum_0805
89595991,/Users/nickzwart/Desktop/ntumInoob/89595991.json,李秉叡（ntumlnoob）,1,1,Alakazam,0.551,0,Dudunsparce,ntum_0805
89596000,/Users/nickzwart/Desktop/ntumInoob/89596000.json,李秉叡（ntumlnoob）,0,1,Meganium,0.551,0,Dudunsparce,ntum_0805
89596966,/Users/nickzwart/Desktop/ntumInoob/89596966.json,李秉叡（ntumlnoob）,0,1,Grimmsnarl,0.551,0,Dudunsparce,ntum_0805
89597073,/Users/nickzwart/Desktop/ntumInoob/89597073.json,李秉叡（ntumlnoob）,0,1,M-Lucario,0.551,0,Dudunsparce,ntum_0805
89597516,/Users/nickzwart/Desktop/ntumInoob/89597516.json,李秉叡（ntumlnoob）,0,1,Grimmsnarl,0.551,0,Dudunsparce,ntum_0805
89598186,/Users/nickzwart/Desktop/ntumInoob/89598186.json,李秉叡（ntumlnoob）,0,1,Dipplin,0.551,0,Dudunsparce,ntum_0805
89598732,/Users/nickzwart/Desktop/ntumInoob/89598732.json,李秉叡（ntumlnoob）,0,1,M-Kangaskhan,0.551,0,Dudunsparce,ntum_0805
89598745,/Users/nickzwart/Desktop/ntumInoob/89598745.json,李秉叡（ntumlnoob）,0,1,Grimmsnarl,0.551,0,Dudunsparce,ntum_0805
89599292,/Users/nickzwart/Desktop/ntumInoob/89599292.json,李秉叡（ntumlnoob）,0,1,Crustle,0.551,0,Dudunsparce,ntum_0805
89599842,/Users/nickzwart/Desktop/ntumInoob/89599842.json,李秉叡（ntumlnoob）,0,1,Alakazam,0.551,0,Dudunsparce,ntum_0805
89601509,/Users/nickzwart/Desktop/ntumInoob/89601509.json,李秉叡（ntumlnoob）,0,1,Alakazam,0.551,0,Dudunsparce,ntum_0805
89602071,/Users/nickzwart/Desktop/ntumInoob/89602071.json,李秉叡（ntumlnoob）,0,1,Meganium,0.551,0,Dudunsparce,ntum_0805
89602614,/Users/nickzwart/Desktop/ntumInoob/89602614.json,李秉叡（ntumlnoob）,1,1,Meganium,0.551,0,Dudunsparce,ntum_0805
89602626,/Users/nickzwart/Desktop/ntumInoob/89602626.json,李秉叡（ntumlnoob）,1,1,Meganium,0.551,0,Dudunsparce,ntum_0805
89604813,/Users/nickzwart/Desktop/ntumInoob/89604813.json,李秉叡（ntumlnoob）,0,1,Grimmsnarl,0.551,0,Dudunsparce,ntum_0805
89605374,/Users/nickzwart/Desktop/ntumInoob/89605374.json,Iolzpo + emonga,0,1,Dudunsparce,0.62,0,Dudunsparce,ntum_0805
89605941,/Users/nickzwart/Desktop/ntumInoob/89605941.json,李秉叡（ntumlnoob）,0,1,Grimmsnarl,0.551,0,Dudunsparce,ntum_0805
89606493,/Users/nickzwart/Desktop/ntumInoob/89606493.json,李秉叡（ntumlnoob）,0,1,Grimmsnarl,0.551,0,Dudunsparce,ntum_0805
89606521,/Users/nickzwart/Desktop/ntumInoob/89606521.json,李秉叡（ntumlnoob）,1,1,Meganium,0.551,0,Dudunsparce,ntum_0805
89607036,/Users/nickzwart/Desktop/ntumInoob/89607036.json,李秉叡（ntumlnoob）,1,1,Meganium,0.551,0,Dudunsparce,ntum_0805
89607580,/Users/nickzwart/Desktop/ntumInoob/89607580.json,李秉叡（ntumlnoob）,0,1,Meganium,0.551,0,Dudunsparce,ntum_0805
89608115,/Users/nickzwart/Desktop/ntumInoob/89608115.json,李秉叡（ntumlnoob）,0,1,M-Lucario,0.551,0,Dudunsparce,ntum_0805
89608136,/Users/nickzwart/Desktop/ntumInoob/89608136.json,李秉叡（ntumlnoob）,0,1,Dudunsparce,0.551,0,Dudunsparce,ntum_0805
89609815,/Users/nickzwart/Desktop/ntumInoob/89609815.json,李秉叡（ntumlnoob）,1,1,Dragapult,0.551,0,Dudunsparce,ntum_0805
89611472,/Users/nickzwart/Desktop/ntumInoob/89611472.json,李秉叡（ntumlnoob）,0,1,Grimmsnarl,0.551,0,Dudunsparce,ntum_0805
89613133,/Users/nickzwart/Desktop/ntumInoob/89613133.json,李秉叡（ntumlnoob）,0,1,Alakazam,0.551,0,Dudunsparce,ntum_0805
89613139,/Users/nickzwart/Desktop/ntumInoob/89613139.json,李秉叡（ntumlnoob）,0,1,Crustle,0.551,0,Dudunsparce,ntum_0805
89613734,/Users/nickzwart/Desktop/ntumInoob/89613734.json,李秉叡（ntumlnoob）,0,1,Alakazam,0.551,0,Dudunsparce,ntum_0805
89613737,/Users/nickzwart/Desktop/ntumInoob/89613737.json,李秉叡（ntumlnoob）,1,1,Dragapult,0.551,0,Dudunsparce,ntum_0805
89613740,/Users/nickzwart/Desktop/ntumInoob/89613740.json,李秉叡（ntumlnoob）,0,1,Grimmsnarl,0.551,0,Dudunsparce,ntum_0805
89614340,/Users/nickzwart/Desktop/ntumInoob/89614340.json,李秉叡（ntumlnoob）,1,1,Grimmsnarl,0.551,0,Dudunsparce,ntum_0805
89615512,/Users/nickzwart/Desktop/ntumInoob/89615512.json,李秉叡（ntumlnoob）,0,1,M-Kangaskhan,0.551,0,Dudunsparce,ntum_0805
89616068,/Users/nickzwart/Desktop/ntumInoob/89616068.json,李秉叡（ntumlnoob）,0,1,Dudunsparce,0.551,0,Dudunsparce,ntum_0805
89616637,/Users/nickzwart/Desktop/ntumInoob/89616637.json,李秉叡（ntumlnoob）,1,1,Dragapult,0.551,0,Dudunsparce,ntum_0805
89617211,/Users/nickzwart/Desktop/ntumInoob/89617211.json,李秉叡（ntumlnoob）,0,1,Grimmsnarl,0.551,0,Dudunsparce,ntum_0805
89617776,/Users/nickzwart/Desktop/ntumInoob/89617776.json,李秉叡（ntumlnoob）,0,1,Alakazam,0.551,0,Dudunsparce,ntum_0805
89618323,/Users/nickzwart/Desktop/ntumInoob/89618323.json,李秉叡（ntumlnoob）,1,1,Dudunsparce,0.551,0,Dudunsparce,ntum_0805
89618329,/Users/nickzwart/Desktop/ntumInoob/89618329.json,李秉叡（ntumlnoob）,1,1,Grimmsnarl,0.551,0,Dudunsparce,ntum_0805
89618379,/Users/nickzwart/Desktop/ntumInoob/89618379.json,李秉叡（ntumlnoob）,1,1,Crustle,0.551,0,Dudunsparce,ntum_0805
89618886,/Users/nickzwart/Desktop/ntumInoob/89618886.json,李秉叡（ntumlnoob）,1,1,Grimmsnarl,0.551,0,Dudunsparce,ntum_0805
89619449,/Users/nickzwart/Desktop/ntumInoob/89619449.json,李秉叡（ntumlnoob）,0,1,Grimmsnarl,0.551,0,Dudunsparce,ntum_0805
89620579,/Users/nickzwart/Desktop/ntumInoob/89620579.json,李秉叡（ntumlnoob）,1,1,Dragapult,0.551,0,Dudunsparce,ntum_0805
89621131,/Users/nickzwart/Desktop/ntumInoob/89621131.json,李秉叡（ntumlnoob）,0,1,Alakazam,0.551,0,Dudunsparce,ntum_0805
89621679,/Users/nickzwart/Desktop/ntumInoob/89621679.json,李秉叡（ntumlnoob）,0,1,Crustle,0.551,0,Dudunsparce,ntum_0805
89622246,/Users/nickzwart/Desktop/ntumInoob/89622246.json,李秉叡（ntumlnoob）,0,1,Meganium,0.551,0,Dudunsparce,ntum_0805
89623378,/Users/nickzwart/Desktop/ntumInoob/89623378.json,李秉叡（ntumlnoob）,1,1,Grimmsnarl,0.551,0,Dudunsparce,ntum_0805
89623976,/Users/nickzwart/Desktop/ntumInoob/89623976.json,李秉叡（ntumlnoob）,0,1,Grimmsnarl,0.551,0,Dudunsparce,ntum_0805
89652695,/Users/nickzwart/Desktop/ntumInoob/89652695.json,李秉叡（ntumlnoob）,1,1,M-Lucario,0.551,0,Dudunsparce,ntum_0805
89659784,/Users/nickzwart/Desktop/ntumInoob/89659784.json,李秉叡（ntumlnoob）,1,1,Dragapult,0.551,0,Dudunsparce,ntum_0805
89665475,/Users/nickzwart/Desktop/ntumInoob/89665475.json,李秉叡（ntumlnoob）,0,1,Grimmsnarl,0.551,0,Dudunsparce,ntum_0805
89668655,/Users/nickzwart/Desktop/ntumInoob/89668655.json,李秉叡（ntumlnoob）,0,1,Crustle,0.551,0,Dudunsparce,ntum_0805
89680190,/Users/nickzwart/Desktop/ntumInoob/89680190.json,李秉叡（ntumlnoob）,0,1,Meganium,0.551,0,Dudunsparce,ntum_0805
89683557,/Users/nickzwart/Desktop/ntumInoob/89683557.json,李秉叡（ntumlnoob）,1,1,Alakazam,0.551,0,Dudunsparce,ntum_0805
89686282,/Users/nickzwart/Desktop/ntumInoob/89686282.json,李秉叡（ntumlnoob）,0,1,M-Lucario,0.551,0,Dudunsparce,ntum_0805
89687973,/Users/nickzwart/Desktop/ntumInoob/89687973.json,李秉叡（ntumlnoob）,1,1,Meganium,0.551,0,Dudunsparce,ntum_0805
89688416,/Users/nickzwart/Desktop/ntumInoob/89688416.json,李秉叡（ntumlnoob）,1,1,Crustle,0.551,0,Dudunsparce,ntum_0805
89690882,/Users/nickzwart/Desktop/ntumInoob/89690882.json,李秉叡（ntumlnoob）,1,1,Grimmsnarl,0.551,0,Dudunsparce,ntum_0805
89696065,/Users/nickzwart/Desktop/ntumInoob/89696065.json,李秉叡（ntumlnoob）,0,1,Crustle,0.551,0,Dudunsparce,ntum_0805
89704585,/Users/nickzwart/Desktop/ntumInoob/89704585.json,李秉叡（ntumlnoob）,0,1,Crustle,0.551,0,Dudunsparce,ntum_0805
89709705,/Users/nickzwart/Desktop/ntumInoob/89709705.json,李秉叡（ntumlnoob）,1,1,Dipplin,0.551,0,Dudunsparce,ntum_0805
89713065,/Users/nickzwart/Desktop/ntumInoob/89713065.json,李秉叡（ntumlnoob）,1,1,Grimmsnarl,0.551,0,Dudunsparce,ntum_0805
89717066,/Users/nickzwart/Desktop/ntumInoob/89717066.json,李秉叡（ntumlnoob）,0,1,Grimmsnarl,0.551,0,Dudunsparce,ntum_0805
89717667,/Users/nickzwart/Desktop/ntumInoob/89717667.json,李秉叡（ntumlnoob）,0,1,Grimmsnarl,0.551,0,Dudunsparce,ntum_0805
89724576,/Users/nickzwart/Desktop/ntumInoob/89724576.json,李秉叡（ntumlnoob）,0,1,Dragapult,0.551,0,Dudunsparce,ntum_0805
89764376,/Users/nickzwart/Desktop/ntumInoob/89764376.json,李秉叡（ntumlnoob）,1,1,Dudunsparce,0.551,0,Dudunsparce,ntum_0805
89775580,/Users/nickzwart/Desktop/ntumInoob/89775580.json,李秉叡（ntumlnoob）,0,1,Meganium,0.551,0,Dudunsparce,ntum_0805
89778273,/Users/nickzwart/Desktop/ntumInoob/89778273.json,李秉叡（ntumlnoob）,0,1,Dragapult,0.551,0,Dudunsparce,ntum_0805
89783772,/Users/nickzwart/Desktop/ntumInoob/89783772.json,李秉叡（ntumlnoob）,1,1,Grimmsnarl,0.551,0,Dudunsparce,ntum_0805
89787411,/Users/nickzwart/Desktop/ntumInoob/89787411.json,李秉叡（ntumlnoob）,0,1,Meganium,0.551,0,Dudunsparce,ntum_0805
89788009,/Users/nickzwart/Desktop/ntumInoob/89788009.json,李秉叡（ntumlnoob）,0,1,Archaludon,0.551,0,Dudunsparce,ntum_0805
89788502,/Users/nickzwart/Desktop/ntumInoob/89788502.json,李秉叡（ntumlnoob）,0,1,Meganium,0.551,0,Dudunsparce,ntum_0805
89789730,/Users/nickzwart/Desktop/ntumInoob/89789730.json,李秉叡（ntumlnoob）,0,1,Meganium,0.551,0,Dudunsparce,ntum_0805
89790317,/Users/nickzwart/Desktop/ntumInoob/89790317.json,李秉叡（ntumlnoob）,0,1,Dudunsparce,0.551,0,Dudunsparce,ntum_0805
89790934,/Users/nickzwart/Desktop/ntumInoob/89790934.json,李秉叡（ntumlnoob）,1,1,Dudunsparce,0.551,0,Dudunsparce,ntum_0805
89790937,/Users/nickzwart/Desktop/ntumInoob/89790937.json,李秉叡（ntumlnoob）,0,1,Dudunsparce,0.551,0,Dudunsparce,ntum_0805
89791554,/Users/nickzwart/Desktop/ntumInoob/89791554.json,李秉叡（ntumlnoob）,0,1,Grimmsnarl,0.551,0,Dudunsparce,ntum_0805
89792190,/Users/nickzwart/Desktop/ntumInoob/89792190.json,李秉叡（ntumlnoob）,0,1,Crustle,0.551,0,Dudunsparce,ntum_0805
89792810,/Users/nickzwart/Desktop/ntumInoob/89792810.json,李秉叡（ntumlnoob）,0,1,Dudunsparce,0.551,0,Dudunsparce,ntum_0805
89793416,/Users/nickzwart/Desktop/ntumInoob/89793416.json,李秉叡（ntumlnoob）,1,1,Grimmsnarl,0.551,0,Dudunsparce,ntum_0805
89794614,/Users/nickzwart/Desktop/ntumInoob/89794614.json,李秉叡（ntumlnoob）,0,1,Dudunsparce,0.551,0,Dudunsparce,ntum_0805
89795216,/Users/nickzwart/Desktop/ntumInoob/89795216.json,李秉叡（ntumlnoob）,0,1,Crustle,0.551,0,Dudunsparce,ntum_0805
89795826,/Users/nickzwart/Desktop/ntumInoob/89795826.json,やる気元気ミワハルキ,0,1,Dudunsparce,0.62,0,Dudunsparce,ntum_0805
89796427,/Users/nickzwart/Desktop/ntumInoob/89796427.json,李秉叡（ntumlnoob）,1,1,Grimmsnarl,0.551,0,Dudunsparce,ntum_0805
89797028,/Users/nickzwart/Desktop/ntumInoob/89797028.json,やる気元気ミワハルキ,0,1,Dudunsparce,0.62,0,Dudunsparce,ntum_0805
89797627,/Users/nickzwart/Desktop/ntumInoob/89797627.json,李秉叡（ntumlnoob）,0,1,Alakazam,0.551,0,Dudunsparce,ntum_0805
89798820,/Users/nickzwart/Desktop/ntumInoob/89798820.json,李秉叡（ntumlnoob）,0,1,Dragapult,0.551,0,Dudunsparce,ntum_0805
89799421,/Users/nickzwart/Desktop/ntumInoob/89799421.json,李秉叡（ntumlnoob）,1,1,Crustle,0.551,0,Dudunsparce,ntum_0805
89800020,/Users/nickzwart/Desktop/ntumInoob/89800020.json,李秉叡（ntumlnoob）,1,1,Grimmsnarl,0.551,0,Dudunsparce,ntum_0805
89800026,/Users/nickzwart/Desktop/ntumInoob/89800026.json,李秉叡（ntumlnoob）,0,1,M-Kangaskhan,0.551,0,Dudunsparce,ntum_0805
89800624,/Users/nickzwart/Desktop/ntumInoob/89800624.json,李秉叡（ntumlnoob）,0,1,Dipplin,0.551,0,Dudunsparce,ntum_0805
89801209,/Users/nickzwart/Desktop/ntumInoob/89801209.json,Budew,0,1,Dudunsparce,0.62,0,Dudunsparce,ntum_0805
89801828,/Users/nickzwart/Desktop/ntumInoob/89801828.json,李秉叡（ntumlnoob）,0,1,Crustle,0.551,0,Dudunsparce,ntum_0805
89802970,/Users/nickzwart/Desktop/ntumInoob/89802970.json,李秉叡（ntumlnoob）,1,1,Dudunsparce,0.551,0,Dudunsparce,ntum_0805
89803653,/Users/nickzwart/Desktop/ntumInoob/89803653.json,李秉叡（ntumlnoob）,1,1,Dudunsparce,0.551,0,Dudunsparce,ntum_0805
89804267,/Users/nickzwart/Desktop/ntumInoob/89804267.json,李秉叡（ntumlnoob）,1,1,Grimmsnarl,0.551,0,Dudunsparce,ntum_0805
89804858,/Users/nickzwart/Desktop/ntumInoob/89804858.json,李秉叡（ntumlnoob）,1,1,Grimmsnarl,0.551,0,Dudunsparce,ntum_0805
89805463,/Users/nickzwart/Desktop/ntumInoob/89805463.json,やる気元気ミワハルキ,1,1,Dudunsparce,0.62,0,Dudunsparce,ntum_0805
89806064,/Users/nickzwart/Desktop/ntumInoob/89806064.json,李秉叡（ntumlnoob）,0,1,Dipplin,0.551,0,Dudunsparce,ntum_0805
89806660,/Users/nickzwart/Desktop/ntumInoob/89806660.json,やる気元気ミワハルキ,0,1,Dudunsparce,0.62,0,Dudunsparce,ntum_0805
89807251,/Users/nickzwart/Desktop/ntumInoob/89807251.json,李秉叡（ntumlnoob）,1,1,Grimmsnarl,0.551,0,Dudunsparce,ntum_0805
89807847,/Users/nickzwart/Desktop/ntumInoob/89807847.json,李秉叡（ntumlnoob）,1,1,Grimmsnarl,0.551,0,Dudunsparce,ntum_0805
89807867,/Users/nickzwart/Desktop/ntumInoob/89807867.json,李秉叡（ntumlnoob）,1,1,Crustle,0.551,0,Dudunsparce,ntum_0805
89808506,/Users/nickzwart/Desktop/ntumInoob/89808506.json,HCRL,1,1,Dudunsparce,0.62,0,Dudunsparce,ntum_0805
89809080,/Users/nickzwart/Desktop/ntumInoob/89809080.json,李秉叡（ntumlnoob）,1,1,Dudunsparce,0.551,0,Dudunsparce,ntum_0805
89809081,/Users/nickzwart/Desktop/ntumInoob/89809081.json,李秉叡（ntumlnoob）,1,1,Dipplin,0.551,0,Dudunsparce,ntum_0805
89809701,/Users/nickzwart/Desktop/ntumInoob/89809701.json,やる気元気ミワハルキ,1,1,Dudunsparce,0.62,0,Dudunsparce,ntum_0805
89809710,/Users/nickzwart/Desktop/ntumInoob/89809710.json,李秉叡（ntumlnoob）,1,1,Grimmsnarl,0.551,0,Dudunsparce,ntum_0805
89809720,/Users/nickzwart/Desktop/ntumInoob/89809720.json,李秉叡（ntumlnoob）,1,1,Crustle,0.551,0,Dudunsparce,ntum_0805
89810420,/Users/nickzwart/Desktop/ntumInoob/89810420.json,李秉叡（ntumlnoob）,1,1,Grimmsnarl,0.551,0,Dudunsparce,ntum_0805
89810451,/Users/nickzwart/Desktop/ntumInoob/89810451.json,やる気元気ミワハルキ,0,1,Dudunsparce,0.62,0,Dudunsparce,ntum_0805
89810954,/Users/nickzwart/Desktop/ntumInoob/89810954.json,やる気元気ミワハルキ,1,1,Dudunsparce,0.62,0,Dudunsparce,ntum_0805
89811581,/Users/nickzwart/Desktop/ntumInoob/89811581.json,やる気元気ミワハルキ,1,1,Dudunsparce,0.62,0,Dudunsparce,ntum_0805
89812830,/Users/nickzwart/Desktop/ntumInoob/89812830.json,李秉叡（ntumlnoob）,0,1,Dragapult,0.551,0,Dudunsparce,ntum_0805
89814077,/Users/nickzwart/Desktop/ntumInoob/89814077.json,李秉叡（ntumlnoob）,0,1,Meganium,0.551,0,Dudunsparce,ntum_0805
89814705,/Users/nickzwart/Desktop/ntumInoob/89814705.json,李秉叡（ntumlnoob）,1,1,Crustle,0.551,0,Dudunsparce,ntum_0805
89815330,/Users/nickzwart/Desktop/ntumInoob/89815330.json,李秉叡（ntumlnoob）,1,1,Grimmsnarl,0.551,0,Dudunsparce,ntum_0805
89815934,/Users/nickzwart/Desktop/ntumInoob/89815934.json,李秉叡（ntumlnoob）,1,1,Crustle,0.551,0,Dudunsparce,ntum_0805
89816536,/Users/nickzwart/Desktop/ntumInoob/89816536.json,李秉叡（ntumlnoob）,0,1,Dudunsparce,0.551,0,Dudunsparce,ntum_0805
89817090,/Users/nickzwart/Desktop/ntumInoob/89817090.json,李秉叡（ntumlnoob）,1,1,Meganium,0.551,0,Dudunsparce,ntum_0805
89817715,/Users/nickzwart/Desktop/ntumInoob/89817715.json,李秉叡（ntumlnoob）,1,1,Grimmsnarl,0.551,0,Dudunsparce,ntum_0805
89817732,/Users/nickzwart/Desktop/ntumInoob/89817732.json,李秉叡（ntumlnoob）,0,1,Crustle,0.551,0,Dudunsparce,ntum_0805
89818280,/Users/nickzwart/Desktop/ntumInoob/89818280.json,李秉叡（ntumlnoob）,0,1,M-Lucario,0.551,0,Dudunsparce,ntum_0805
89818294,/Users/nickzwart/Desktop/ntumInoob/89818294.json,やる気元気ミワハルキ,0,1,Dudunsparce,0.62,0,Dudunsparce,ntum_0805
89818335,/Users/nickzwart/Desktop/ntumInoob/89818335.json,李秉叡（ntumlnoob）,0,1,Crustle,0.551,0,Dudunsparce,ntum_0805
89818883,/Users/nickzwart/Desktop/ntumInoob/89818883.json,李秉叡（ntumlnoob）,1,1,M-Kangaskhan,0.551,0,Dudunsparce,ntum_0805
89819468,/Users/nickzwart/Desktop/ntumInoob/89819468.json,李秉叡（ntumlnoob）,1,1,Grimmsnarl,0.551,0,Dudunsparce,ntum_0805
89820104,/Users/nickzwart/Desktop/ntumInoob/89820104.json,李秉叡（ntumlnoob）,1,1,M-Lucario,0.551,0,Dudunsparce,ntum_0805
89820122,/Users/nickzwart/Desktop/ntumInoob/89820122.json,李秉叡（ntumlnoob）,0,1,Crustle,0.551,0,Dudunsparce,ntum_0805
89821184,/Users/nickzwart/Desktop/ntumInoob/89821184.json,李秉叡（ntumlnoob）,1,1,M-Starmie,0.551,0,Dudunsparce,ntum_0805
89821336,/Users/nickzwart/Desktop/ntumInoob/89821336.json,やる気元気ミワハルキ,0,1,Dudunsparce,0.62,0,Dudunsparce,ntum_0805
89821924,/Users/nickzwart/Desktop/ntumInoob/89821924.json,やる気元気ミワハルキ,0,1,Dudunsparce,0.62,0,Dudunsparce,ntum_0805
89821927,/Users/nickzwart/Desktop/ntumInoob/89821927.json,李秉叡（ntumlnoob）,1,1,Grimmsnarl,0.551,0,Dudunsparce,ntum_0805
89822519,/Users/nickzwart/Desktop/ntumInoob/89822519.json,李秉叡（ntumlnoob）,0,1,Dudunsparce,0.551,0,Dudunsparce,ntum_0805
89823093,/Users/nickzwart/Desktop/ntumInoob/89823093.json,李秉叡（ntumlnoob）,0,1,Grimmsnarl,0.551,0,Dudunsparce,ntum_0805
89823102,/Users/nickzwart/Desktop/ntumInoob/89823102.json,李秉叡（ntumlnoob）,1,1,Meganium,0.551,0,Dudunsparce,ntum_0805
89823681,/Users/nickzwart/Desktop/ntumInoob/89823681.json,やる気元気ミワハルキ,1,1,Dudunsparce,0.62,0,Dudunsparce,ntum_0805
89823691,/Users/nickzwart/Desktop/ntumInoob/89823691.json,やる気元気ミワハルキ,1,1,Dudunsparce,0.62,0,Dudunsparce,ntum_0805
89823703,/Users/nickzwart/Desktop/ntumInoob/89823703.json,李秉叡（ntumlnoob）,1,1,Meganium,0.551,0,Dudunsparce,ntum_0805
89823704,/Users/nickzwart/Desktop/ntumInoob/89823704.json,李秉叡（ntumlnoob）,0,1,Crustle,0.551,0,Dudunsparce,ntum_0805
89824876,/Users/nickzwart/Desktop/ntumInoob/89824876.json,李秉叡（ntumlnoob）,1,1,Crustle,0.551,0,Dudunsparce,ntum_0805
89827841,/Users/nickzwart/Desktop/ntumInoob/89827841.json,やる気元気ミワハルキ,0,1,Dudunsparce,0.62,0,Dudunsparce,ntum_0805
89828477,/Users/nickzwart/Desktop/ntumInoob/89828477.json,李秉叡（ntumlnoob）,1,1,Alakazam,0.551,0,Dudunsparce,ntum_0805
89828985,/Users/nickzwart/Desktop/ntumInoob/89828985.json,李秉叡（ntumlnoob）,0,1,Dudunsparce,0.551,0,Dudunsparce,ntum_0805
89829006,/Users/nickzwart/Desktop/ntumInoob/89829006.json,李秉叡（ntumlnoob）,0,1,Grimmsnarl,0.551,0,Dudunsparce,ntum_0805
89829988,/Users/nickzwart/Desktop/ntumInoob/89829988.json,李秉叡（ntumlnoob）,1,1,Dudunsparce,0.551,0,Dudunsparce,ntum_0805
89846128,/Users/nickzwart/Desktop/ntumInoob/89846128.json,李秉叡（ntumlnoob）,1,1,Archaludon,0.551,0,Dudunsparce,ntum_0805
89850862,/Users/nickzwart/Desktop/ntumInoob/89850862.json,李秉叡（ntumlnoob）,1,1,Dudunsparce,0.551,0,Dudunsparce,ntum_0805
89853162,/Users/nickzwart/Desktop/ntumInoob/89853162.json,李秉叡（ntumlnoob）,0,1,Dragapult,0.551,0,Dudunsparce,ntum_0805
89870051,/Users/nickzwart/Desktop/ntumInoob/89870051.json,李秉叡（ntumlnoob）,0,1,Meganium,0.551,0,Dudunsparce,ntum_0805
89876584,/Users/nickzwart/Desktop/ntumInoob/89876584.json,李秉叡（ntumlnoob）,0,1,Alakazam,0.551,0,Dudunsparce,ntum_0805
89879565,/Users/nickzwart/Desktop/ntumInoob/89879565.json,李秉叡（ntumlnoob）,0,1,Alakazam,0.551,0,Dudunsparce,ntum_0805
89883194,/Users/nickzwart/Desktop/ntumInoob/89883194.json,李秉叡（ntumlnoob）,1,1,Dragapult,0.551,0,Dudunsparce,ntum_0805
89888558,/Users/nickzwart/Desktop/ntumInoob/89888558.json,やる気元気ミワハルキ,0,1,Dudunsparce,0.62,0,Dudunsparce,ntum_0805
89890933,/Users/nickzwart/Desktop/ntumInoob/89890933.json,やる気元気ミワハルキ,1,1,Dudunsparce,0.62,0,Dudunsparce,ntum_0805
89893968,/Users/nickzwart/Desktop/ntumInoob/89893968.json,李秉叡（ntumlnoob）,1,1,Dudunsparce,0.551,0,Dudunsparce,ntum_0805
89899549,/Users/nickzwart/Desktop/ntumInoob/89899549.json,李秉叡（ntumlnoob）,0,1,Dudunsparce,0.551,0,Dudunsparce,ntum_0805
89899559,/Users/nickzwart/Desktop/ntumInoob/89899559.json,李秉叡（ntumlnoob）,0,1,Grimmsnarl,0.551,0,Dudunsparce,ntum_0805
89905656,/Users/nickzwart/Desktop/ntumInoob/89905656.json,李秉叡（ntumlnoob）,1,1,Alakazam,0.551,0,Dudunsparce,ntum_0805
89911065,/Users/nickzwart/Desktop/ntumInoob/89911065.json,李秉叡（ntumlnoob）,0,1,Meganium,0.551,0,Dudunsparce,ntum_0805
89914609,/Users/nickzwart/Desktop/ntumInoob/89914609.json,やる気元気ミワハルキ,1,1,Dudunsparce,0.62,0,Dudunsparce,ntum_0805
89915251,/Users/nickzwart/Desktop/ntumInoob/89915251.json,李秉叡（ntumlnoob）,1,1,Dudunsparce,0.551,0,Dudunsparce,ntum_0805
89927196,/Users/nickzwart/Desktop/ntumInoob/89927196.json,やる気元気ミワハルキ,1,1,Dudunsparce,0.62,0,Dudunsparce,ntum_0805
89938648,/Users/nickzwart/Desktop/ntumInoob/89938648.json,李秉叡（ntumlnoob）,1,1,Meganium,0.551,0,Dudunsparce,ntum_0805
89955137,/Users/nickzwart/Desktop/ntumInoob/89955137.json,李秉叡（ntumlnoob）,1,1,Alakazam,0.551,0,Dudunsparce,ntum_0805
89977631,/Users/nickzwart/Desktop/ntumInoob/89977631.json,李秉叡（ntumlnoob）,1,1,Dragapult,0.551,0,Dudunsparce,ntum_0805
89997674,/Users/nickzwart/Desktop/ntumInoob/89997674.json,李秉叡（ntumlnoob）,0,1,Dipplin,0.551,0,Dudunsparce,ntum_0805
90002938,/Users/nickzwart/Desktop/ntumInoob/90002938.json,李秉叡（ntumlnoob）,1,1,Dipplin,0.551,0,Dudunsparce,ntum_0805
90007344,/Users/nickzwart/Desktop/ntumInoob/90007344.json,李秉叡（ntumlnoob）,0,1,Alakazam,0.551,0,Dudunsparce,ntum_0805
90008084,/Users/nickzwart/Desktop/ntumInoob/90008084.json,李秉叡（ntumlnoob）,0,1,Grimmsnarl,0.551,0,Dudunsparce,ntum_0805
90008683,/Users/nickzwart/Desktop/ntumInoob/90008683.json,李秉叡（ntumlnoob）,1,1,Grimmsnarl,0.551,0,Dudunsparce,ntum_0805
90009914,/Users/nickzwart/Desktop/ntumInoob/90009914.json,李秉叡（ntumlnoob）,0,1,Dragapult,0.551,0,Dudunsparce,ntum_0805
90009944,/Users/nickzwart/Desktop/ntumInoob/90009944.json,李秉叡（ntumlnoob）,1,1,Dudunsparce,0.551,0,Dudunsparce,ntum_0805
90011680,/Users/nickzwart/Desktop/ntumInoob/90011680.json,李秉叡（ntumlnoob）,0,1,Grimmsnarl,0.551,0,Dudunsparce,ntum_0805
90011868,/Users/nickzwart/Desktop/ntumInoob/90011868.json,李秉叡（ntumlnoob）,1,1,Meganium,0.551,0,Dudunsparce,ntum_0805
90011919,/Users/nickzwart/Desktop/ntumInoob/90011919.json,李秉叡（ntumlnoob）,1,1,Grimmsnarl,0.551,0,Dudunsparce,ntum_0805
90013148,/Users/nickzwart/Desktop/ntumInoob/90013148.json,李秉叡（ntumlnoob）,0,1,Dudunsparce,0.551,0,Dudunsparce,ntum_0805
90013792,/Users/nickzwart/Desktop/ntumInoob/90013792.json,李秉叡（ntumlnoob）,0,1,Meganium,0.551,0,Dudunsparce,ntum_0805
90013835,/Users/nickzwart/Desktop/ntumInoob/90013835.json,李秉叡（ntumlnoob）,1,1,Grimmsnarl,0.551,0,Dudunsparce,ntum_0805
90015076,/Users/nickzwart/Desktop/ntumInoob/90015076.json,李秉叡（ntumlnoob）,0,1,Alakazam,0.551,0,Dudunsparce,ntum_0805
90015728,/Users/nickzwart/Desktop/ntumInoob/90015728.json,李秉叡（ntumlnoob）,0,1,Grimmsnarl,0.551,0,Dudunsparce,ntum_0805
90016368,/Users/nickzwart/Desktop/ntumInoob/90016368.json,李秉叡（ntumlnoob）,1,1,Grimmsnarl,0.551,0,Dudunsparce,ntum_0805
90016998,/Users/nickzwart/Desktop/ntumInoob/90016998.json,李秉叡（ntumlnoob）,0,1,Dragapult,0.551,0,Dudunsparce,ntum_0805
90017009,/Users/nickzwart/Desktop/ntumInoob/90017009.json,李秉叡（ntumlnoob）,1,1,Spidops,0.551,0,Dudunsparce,ntum_0805
90017656,/Users/nickzwart/Desktop/ntumInoob/90017656.json,李秉叡（ntumlnoob）,0,1,Grimmsnarl,0.551,0,Dudunsparce,ntum_0805
90018301,/Users/nickzwart/Desktop/ntumInoob/90018301.json,李秉叡（ntumlnoob）,1,1,Alakazam,0.551,0,Dudunsparce,ntum_0805
90018311,/Users/nickzwart/Desktop/ntumInoob/90018311.json,李秉叡（ntumlnoob）,1,1,Dragapult,0.551,0,Dudunsparce,ntum_0805
90018989,/Users/nickzwart/Desktop/ntumInoob/90018989.json,李秉叡（ntumlnoob）,1,1,Grimmsnarl,0.551,0,Dudunsparce,ntum_0805
90019595,/Users/nickzwart/Desktop/ntumInoob/90019595.json,李秉叡（ntumlnoob）,1,1,Dudunsparce,0.551,0,Dudunsparce,ntum_0805
90019596,/Users/nickzwart/Desktop/ntumInoob/90019596.json,李秉叡（ntumlnoob）,0,1,Dudunsparce,0.551,0,Dudunsparce,ntum_0805
90020286,/Users/nickzwart/Desktop/ntumInoob/90020286.json,李秉叡（ntumlnoob）,1,1,Meganium,0.551,0,Dudunsparce,ntum_0805
90020929,/Users/nickzwart/Desktop/ntumInoob/90020929.json,李秉叡（ntumlnoob）,1,1,Alakazam,0.551,0,Dudunsparce,ntum_0805
90021566,/Users/nickzwart/Desktop/ntumInoob/90021566.json,やる気元気ミワハルキ,0,1,Dudunsparce,0.62,0,Dudunsparce,ntum_0805
90021573,/Users/nickzwart/Desktop/ntumInoob/90021573.json,李秉叡（ntumlnoob）,0,1,Dragapult,0.551,0,Dudunsparce,ntum_0805
90022219,/Users/nickzwart/Desktop/ntumInoob/90022219.json,李秉叡（ntumlnoob）,0,1,Dipplin,0.551,0,Dudunsparce,ntum_0805
90022868,/Users/nickzwart/Desktop/ntumInoob/90022868.json,やる気元気ミワハルキ,0,1,Dudunsparce,0.62,0,Dudunsparce,ntum_0805
90022928,/Users/nickzwart/Desktop/ntumInoob/90022928.json,李秉叡（ntumlnoob）,1,1,Dudunsparce,0.551,0,Dudunsparce,ntum_0805
90023528,/Users/nickzwart/Desktop/ntumInoob/90023528.json,李秉叡（ntumlnoob）,0,1,M-Kangaskhan,0.551,0,Dudunsparce,ntum_0805
90024182,/Users/nickzwart/Desktop/ntumInoob/90024182.json,李秉叡（ntumlnoob）,1,1,Dudunsparce,0.551,0,Dudunsparce,ntum_0805
90024859,/Users/nickzwart/Desktop/ntumInoob/90024859.json,やる気元気ミワハルキ,1,1,Dudunsparce,0.62,0,Dudunsparce,ntum_0805
90024892,/Users/nickzwart/Desktop/ntumInoob/90024892.json,李秉叡（ntumlnoob）,1,1,Dudunsparce,0.551,0,Dudunsparce,ntum_0805
90025541,/Users/nickzwart/Desktop/ntumInoob/90025541.json,李秉叡（ntumlnoob）,1,1,Dudunsparce,0.551,0,Dudunsparce,ntum_0805
90025548,/Users/nickzwart/Desktop/ntumInoob/90025548.json,李秉叡（ntumlnoob）,0,1,M-Kangaskhan,0.551,0,Dudunsparce,ntum_0805
90026259,/Users/nickzwart/Desktop/ntumInoob/90026259.json,李秉叡（ntumlnoob）,0,1,Dragapult,0.551,0,Dudunsparce,ntum_0805
90026933,/Users/nickzwart/Desktop/ntumInoob/90026933.json,李秉叡（ntumlnoob）,0,1,Grimmsnarl,0.551,0,Dudunsparce,ntum_0805
90027536,/Users/nickzwart/Desktop/ntumInoob/90027536.json,李秉叡（ntumlnoob）,1,1,Grimmsnarl,0.551,0,Dudunsparce,ntum_0805
90027625,/Users/nickzwart/Desktop/ntumInoob/90027625.json,李秉叡（ntumlnoob）,1,1,M-Kangaskhan,0.551,0,Dudunsparce,ntum_0805
90028302,/Users/nickzwart/Desktop/ntumInoob/90028302.json,やる気元気ミワハルキ,0,1,Dudunsparce,0.62,0,Dudunsparce,ntum_0805
90030353,/Users/nickzwart/Desktop/ntumInoob/90030353.json,李秉叡（ntumlnoob）,1,1,Meganium,0.551,0,Dudunsparce,ntum_0805
90031029,/Users/nickzwart/Desktop/ntumInoob/90031029.json,李秉叡（ntumlnoob）,0,1,Grimmsnarl,0.551,0,Dudunsparce,ntum_0805
90031827,/Users/nickzwart/Desktop/ntumInoob/90031827.json,李秉叡（ntumlnoob）,1,1,Alakazam,0.551,0,Dudunsparce,ntum_0805
90031838,/Users/nickzwart/Desktop/ntumInoob/90031838.json,李秉叡（ntumlnoob）,0,1,Dragapult,0.551,0,Dudunsparce,ntum_0805
90033100,/Users/nickzwart/Desktop/ntumInoob/90033100.json,李秉叡（ntumlnoob）,0,1,Alakazam,0.551,0,Dudunsparce,ntum_0805
90033783,/Users/nickzwart/Desktop/ntumInoob/90033783.json,李秉叡（ntumlnoob）,1,1,Grimmsnarl,0.551,0,Dudunsparce,ntum_0805
90033794,/Users/nickzwart/Desktop/ntumInoob/90033794.json,李秉叡（ntumlnoob）,0,1,Alakazam,0.551,0,Dudunsparce,ntum_0805
90034466,/Users/nickzwart/Desktop/ntumInoob/90034466.json,李秉叡（ntumlnoob）,0,1,Alakazam,0.551,0,Dudunsparce,ntum_0805
90035149,/Users/nickzwart/Desktop/ntumInoob/90035149.json,李秉叡（ntumlnoob）,0,1,Grimmsnarl,0.551,0,Dudunsparce,ntum_0805
90035829,/Users/nickzwart/Desktop/ntumInoob/90035829.json,李秉叡（ntumlnoob）,1,1,Grimmsnarl,0.551,0,Dudunsparce,ntum_0805
90037845,/Users/nickzwart/Desktop/ntumInoob/90037845.json,李秉叡（ntumlnoob）,0,1,Spidops,0.551,0,Dudunsparce,ntum_0805
90039233,/Users/nickzwart/Desktop/ntumInoob/90039233.json,李秉叡（ntumlnoob）,0,1,Dudunsparce,0.551,0,Dudunsparce,ntum_0805
90039899,/Users/nickzwart/Desktop/ntumInoob/90039899.json,李秉叡（ntumlnoob）,1,1,Alakazam,0.551,0,Dudunsparce,ntum_0805
90040580,/Users/nickzwart/Desktop/ntumInoob/90040580.json,李秉叡（ntumlnoob）,1,1,Meganium,0.551,0,Dudunsparce,ntum_0805
90042615,/Users/nickzwart/Desktop/ntumInoob/90042615.json,李秉叡（ntumlnoob）,1,1,Alakazam,0.551,0,Dudunsparce,ntum_0805
90043305,/Users/nickzwart/Desktop/ntumInoob/90043305.json,李秉叡（ntumlnoob）,1,1,other,0.551,0,Dudunsparce,ntum_0805
90043991,/Users/nickzwart/Desktop/ntumInoob/90043991.json,李秉叡（ntumlnoob）,0,1,Crustle,0.551,0,Dudunsparce,ntum_0805
90044722,/Users/nickzwart/Desktop/ntumInoob/90044722.json,李秉叡（ntumlnoob）,0,1,Grimmsnarl,0.551,0,Dudunsparce,ntum_0805
90044725,/Users/nickzwart/Desktop/ntumInoob/90044725.json,李秉叡（ntumlnoob）,0,1,Alakazam,0.551,0,Dudunsparce,ntum_0805
90046222,/Users/nickzwart/Desktop/ntumInoob/90046222.json,李秉叡（ntumlnoob）,0,1,Grimmsnarl,0.551,0,Dudunsparce,ntum_0805
90048315,/Users/nickzwart/Desktop/ntumInoob/90048315.json,李秉叡（ntumlnoob）,0,1,other,0.551,0,Dudunsparce,ntum_0805
90053650,/Users/nickzwart/Desktop/ntumInoob/90053650.json,李秉叡（ntumlnoob）,1,1,Crustle,0.551,0,Dudunsparce,ntum_0805
90055720,/Users/nickzwart/Desktop/ntumInoob/90055720.json,李秉叡（ntumlnoob）,1,1,Crustle,0.551,0,Dudunsparce,ntum_0805
90065870,/Users/nickzwart/Desktop/ntumInoob/90065870.json,李秉叡（ntumlnoob）,1,1,Meganium,0.551,0,Dudunsparce,ntum_0805
90101289,/Users/nickzwart/Desktop/ntumInoob/90101289.json,李秉叡（ntumlnoob）,1,1,Dragapult,0.551,0,Dudunsparce,ntum_0805
90108828,/Users/nickzwart/Desktop/ntumInoob/90108828.json,李秉叡（ntumlnoob）,1,1,Dragapult,0.551,0,Dudunsparce,ntum_0805
90116348,/Users/nickzwart/Desktop/ntumInoob/90116348.json,Rmy,1,1,Dudunsparce,0.62,0,Dudunsparce,ntum_0805
89826603,/Users/nickzwart/Downloads/03082026/89826603.json,やる気元気ミワハルキ,1,1,Crustle,0.624,678,Dudunsparce,dump0304
89838164,/Users/nickzwart/Downloads/03082026/89838164.json,Marshall Maximizer,0,1,Dudunsparce,0.524,147,Dudunsparce,dump0304
89948041,/Users/nickzwart/Downloads/03082026/89948041.json,HCRL,1,1,Alakazam,0.514,105,Dudunsparce,dump0304
89840528,/Users/nickzwart/Downloads/03082026/89840528.json,Shuhan Yang,0,1,Grimmsnarl,0.4,75,Dudunsparce,dump0304
89841155,/Users/nickzwart/Downloads/03082026/89841155.json,想要成为kaggle大师,1,1,Crustle,0.584,154,Dudunsparce,dump0304
90036528,/Users/nickzwart/Downloads/03082026/90036528.json,wwwwwwwwwwwwwwwwwwwwwwwwwwwwww,0,1,M-Kangaskhan,0.545,255,Dudunsparce,dump0304
89854438,/Users/nickzwart/Downloads/03082026/89854438.json,Marshall Maximizer,1,1,Grimmsnarl,0.524,147,Dudunsparce,dump0304
90030413,/Users/nickzwart/Downloads/03082026/90030413.json,wwwwwwwwwwwwwwwwwwwwwwwwwwwwww,0,1,Grimmsnarl,0.545,255,Dudunsparce,dump0304
90020940,/Users/nickzwart/Downloads/03082026/90020940.json,やる気元気ミワハルキ,1,1,Dudunsparce,0.624,678,Dudunsparce,dump0304
90027786,/Users/nickzwart/Downloads/03082026/90027786.json,Iolzpo + emonga,1,1,Meganium,0.489,221,Dudunsparce,dump0304
89934771,/Users/nickzwart/Downloads/03082026/89934771.json,やる気元気ミワハルキ,0,1,Grimmsnarl,0.624,678,Dudunsparce,dump0304
89931573,/Users/nickzwart/Downloads/03082026/89931573.json,matsurih,1,1,Dudunsparce,0.542,83,Dudunsparce,dump0304
90018991,/Users/nickzwart/Downloads/03082026/90018991.json,wwwwwwwwwwwwwwwwwwwwwwwwwwwwww,1,1,Dipplin,0.545,255,Dudunsparce,dump0304
90010066,/Users/nickzwart/Downloads/03082026/90010066.json,李秉叡（ntumlnoob）,0,1,Dudunsparce,0.521,363,Dudunsparce,dump0304
89886048,/Users/nickzwart/Downloads/03082026/89886048.json,想要成为kaggle大师,1,1,Dragapult,0.584,154,Dudunsparce,dump0304
90031804,/Users/nickzwart/Downloads/03082026/90031804.json,やる気元気ミワハルキ,0,1,Grimmsnarl,0.624,678,Dudunsparce,dump0304
90029075,/Users/nickzwart/Downloads/03082026/90029075.json,wwwwwwwwwwwwwwwwwwwwwwwwwwwwww,0,1,Crustle,0.545,255,Dudunsparce,dump0304
89884921,/Users/nickzwart/Downloads/03082026/89884921.json,HCRL,1,1,Grimmsnarl,0.514,105,Dudunsparce,dump0304
90014434,/Users/nickzwart/Downloads/03082026/90014434.json,やる気元気ミワハルキ,1,1,Alakazam,0.624,678,Dudunsparce,dump0304
90008047,/Users/nickzwart/Downloads/03082026/90008047.json,Shuhan Yang,0,1,Dudunsparce,0.4,75,Dudunsparce,dump0304
90024981,/Users/nickzwart/Downloads/03082026/90024981.json,hatry,0,1,M-Kangaskhan,0.389,54,Dudunsparce,dump0304
89827252,/Users/nickzwart/Downloads/03082026/89827252.json,やる気元気ミワハルキ,1,1,Crustle,0.624,678,Dudunsparce,dump0304
89882949,/Users/nickzwart/Downloads/03082026/89882949.json,やる気元気ミワハルキ,0,1,Dragapult,0.624,678,Dudunsparce,dump0304
89858134,/Users/nickzwart/Downloads/03082026/89858134.json,insuperabilehart,0,1,Grimmsnarl,0.562,194,Dudunsparce,dump0304
90024939,/Users/nickzwart/Downloads/03082026/90024939.json,李秉叡（ntumlnoob）,0,1,M-Kangaskhan,0.521,363,Dudunsparce,dump0304
90025017,/Users/nickzwart/Downloads/03082026/90025017.json,wwwwwwwwwwwwwwwwwwwwwwwwwwwwww,1,1,Meganium,0.545,255,Dudunsparce,dump0304
89964155,/Users/nickzwart/Downloads/03082026/89964155.json,wwwwwwwwwwwwwwwwwwwwwwwwwwwwww,0,1,Alakazam,0.545,255,Dudunsparce,dump0304
90034364,/Users/nickzwart/Downloads/03082026/90034364.json,Shuhan Yang,0,1,Dipplin,0.4,75,Dudunsparce,dump0304
89932257,/Users/nickzwart/Downloads/03082026/89932257.json,e-toppo + kurupical,0,1,Meganium,0.431,65,Dudunsparce,dump0304
89897638,/Users/nickzwart/Downloads/03082026/89897638.json,Iolzpo + emonga,1,1,Grimmsnarl,0.489,221,Dudunsparce,dump0304
90031023,/Users/nickzwart/Downloads/03082026/90031023.json,やる気元気ミワハルキ,1,1,Dragapult,0.624,678,Dudunsparce,dump0304
90007392,/Users/nickzwart/Downloads/03082026/90007392.json,やる気元気ミワハルキ,1,1,Grimmsnarl,0.624,678,Dudunsparce,dump0304
90006757,/Users/nickzwart/Downloads/03082026/90006757.json,wwwwwwwwwwwwwwwwwwwwwwwwwwwwww,1,1,Grimmsnarl,0.545,255,Dudunsparce,dump0304
89890903,/Users/nickzwart/Downloads/03082026/89890903.json,DavidFreelan,1,1,Meganium,0.518,83,Dudunsparce,dump0304
90009271,/Users/nickzwart/Downloads/03082026/90009271.json,やる気元気ミワハルキ,0,1,Spidops,0.624,678,Dudunsparce,dump0304
89890329,/Users/nickzwart/Downloads/03082026/89890329.json,やる気元気ミワハルキ,1,1,Crustle,0.624,678,Dudunsparce,dump0304
90032571,/Users/nickzwart/Downloads/03082026/90032571.json,wwwwwwwwwwwwwwwwwwwwwwwwwwwwww,0,1,Cynthia-Garchomp,0.545,255,Dudunsparce,dump0304
89856809,/Users/nickzwart/Downloads/03082026/89856809.json,想要成为kaggle大师,1,1,Alakazam,0.584,154,Dudunsparce,dump0304
89944869,/Users/nickzwart/Downloads/03082026/89944869.json,matsurih,0,1,Grimmsnarl,0.542,83,Dudunsparce,dump0304
89925183,/Users/nickzwart/Downloads/03082026/89925183.json,Iolzpo + emonga,1,1,Meganium,0.489,221,Dudunsparce,dump0304
89937917,/Users/nickzwart/Downloads/03082026/89937917.json,やる気元気ミワハルキ,1,1,Crustle,0.624,678,Dudunsparce,dump0304
89952378,/Users/nickzwart/Downloads/03082026/89952378.json,Xiangyu Liu,1,1,Grimmsnarl,0.59,61,Dudunsparce,dump0304
90006038,/Users/nickzwart/Downloads/03082026/90006038.json,やる気元気ミワハルキ,1,1,M-Lucario,0.624,678,Dudunsparce,dump0304
89885582,/Users/nickzwart/Downloads/03082026/89885582.json,sadwat,1,1,Grimmsnarl,0.642,81,Dudunsparce,dump0304
89996166,/Users/nickzwart/Downloads/03082026/89996166.json,やる気元気ミワハルキ,0,1,Alakazam,0.624,678,Dudunsparce,dump0304
90030331,/Users/nickzwart/Downloads/03082026/90030331.json,やる気元気ミワハルキ,0,1,M-Lucario,0.624,678,Dudunsparce,dump0304
89892139,/Users/nickzwart/Downloads/03082026/89892139.json,やる気元気ミワハルキ,0,1,Grimmsnarl,0.624,678,Dudunsparce,dump0304
89842364,/Users/nickzwart/Downloads/03082026/89842364.json,想要成为kaggle大师,0,1,Alakazam,0.584,154,Dudunsparce,dump0304
90031035,/Users/nickzwart/Downloads/03082026/90031035.json,やる気元気ミワハルキ,1,1,Grimmsnarl,0.624,678,Dudunsparce,dump0304
90022232,/Users/nickzwart/Downloads/03082026/90022232.json,やる気元気ミワハルキ,1,1,Grimmsnarl,0.624,678,Dudunsparce,dump0304
89883616,/Users/nickzwart/Downloads/03082026/89883616.json,DavidFreelan,0,1,Crustle,0.518,83,Dudunsparce,dump0304
90032398,/Users/nickzwart/Downloads/03082026/90032398.json,やる気元気ミワハルキ,0,1,Dragapult,0.624,678,Dudunsparce,dump0304
90006852,/Users/nickzwart/Downloads/03082026/90006852.json,やる気元気ミワハルキ,0,1,Grimmsnarl,0.624,678,Dudunsparce,dump0304
89885404,/Users/nickzwart/Downloads/03082026/89885404.json,Iolzpo + emonga,1,1,Dudunsparce,0.489,221,Dudunsparce,dump0304
89827835,/Users/nickzwart/Downloads/03082026/89827835.json,やる気元気ミワハルキ,1,1,Crustle,0.624,678,Dudunsparce,dump0304
90011856,/Users/nickzwart/Downloads/03082026/90011856.json,wwwwwwwwwwwwwwwwwwwwwwwwwwwwww,1,1,M-Kangaskhan,0.545,255,Dudunsparce,dump0304
90007982,/Users/nickzwart/Downloads/03082026/90007982.json,やる気元気ミワハルキ,0,1,Grimmsnarl,0.624,678,Dudunsparce,dump0304
89948077,/Users/nickzwart/Downloads/03082026/89948077.json,matsurih,0,1,Meganium,0.542,83,Dudunsparce,dump0304
90004707,/Users/nickzwart/Downloads/03082026/90004707.json,Iolzpo + emonga,1,1,Meganium,0.489,221,Dudunsparce,dump0304
90023531,/Users/nickzwart/Downloads/03082026/90023531.json,やる気元気ミワハルキ,1,1,Dragapult,0.624,678,Dudunsparce,dump0304
90039983,/Users/nickzwart/Downloads/03082026/90039983.json,Iolzpo + emonga,0,1,Spidops,0.489,221,Dudunsparce,dump0304
90025559,/Users/nickzwart/Downloads/03082026/90025559.json,wwwwwwwwwwwwwwwwwwwwwwwwwwwwww,1,1,Alakazam,0.545,255,Dudunsparce,dump0304
89919652,/Users/nickzwart/Downloads/03082026/89919652.json,やる気元気ミワハルキ,0,1,Grimmsnarl,0.624,678,Dudunsparce,dump0304
90009898,/Users/nickzwart/Downloads/03082026/90009898.json,やる気元気ミワハルキ,0,1,Dipplin,0.624,678,Dudunsparce,dump0304
89884203,/Users/nickzwart/Downloads/03082026/89884203.json,DavidFreelan,1,1,Meganium,0.518,83,Dudunsparce,dump0304
89925290,/Users/nickzwart/Downloads/03082026/89925290.json,やる気元気ミワハルキ,0,1,Alakazam,0.624,678,Dudunsparce,dump0304
89936517,/Users/nickzwart/Downloads/03082026/89936517.json,DavidFreelan,0,1,Grimmsnarl,0.518,83,Dudunsparce,dump0304
89883744,/Users/nickzwart/Downloads/03082026/89883744.json,wwwwwwwwwwwwwwwwwwwwwwwwwwwwww,1,1,Meganium,0.545,255,Dudunsparce,dump0304
89824865,/Users/nickzwart/Downloads/03082026/89824865.json,やる気元気ミワハルキ,0,1,Grimmsnarl,0.624,678,Dudunsparce,dump0304
89869275,/Users/nickzwart/Downloads/03082026/89869275.json,lmaffei,1,1,Meganium,0.404,99,Dudunsparce,dump0304
90012514,/Users/nickzwart/Downloads/03082026/90012514.json,wwwwwwwwwwwwwwwwwwwwwwwwwwwwww,0,1,Grimmsnarl,0.545,255,Dudunsparce,dump0304
90026948,/Users/nickzwart/Downloads/03082026/90026948.json,wwwwwwwwwwwwwwwwwwwwwwwwwwwwww,0,1,Grimmsnarl,0.545,255,Dudunsparce,dump0304
90030520,/Users/nickzwart/Downloads/03082026/90030520.json,matsurih,0,1,Alakazam,0.542,83,Dudunsparce,dump0304
89905689,/Users/nickzwart/Downloads/03082026/89905689.json,wwwwwwwwwwwwwwwwwwwwwwwwwwwwww,0,1,Meganium,0.545,255,Dudunsparce,dump0304
89966124,/Users/nickzwart/Downloads/03082026/89966124.json,wwwwwwwwwwwwwwwwwwwwwwwwwwwwww,0,1,Grimmsnarl,0.545,255,Dudunsparce,dump0304
89886679,/Users/nickzwart/Downloads/03082026/89886679.json,wwwwwwwwwwwwwwwwwwwwwwwwwwwwww,1,1,Alakazam,0.545,255,Dudunsparce,dump0304
89837137,/Users/nickzwart/Downloads/03082026/89837137.json,Iolzpo + emonga,1,1,Meganium,0.489,221,Dudunsparce,dump0304
90026270,/Users/nickzwart/Downloads/03082026/90026270.json,wwwwwwwwwwwwwwwwwwwwwwwwwwwwww,0,1,Alakazam,0.545,255,Dudunsparce,dump0304
90037877,/Users/nickzwart/Downloads/03082026/90037877.json,Iolzpo + emonga,1,1,Spidops,0.489,221,Dudunsparce,dump0304
89821325,/Users/nickzwart/Downloads/03082026/89821325.json,やる気元気ミワハルキ,1,1,Dipplin,0.624,678,Dudunsparce,dump0304
89937193,/Users/nickzwart/Downloads/03082026/89937193.json,李秉叡（ntumlnoob）,1,1,Dipplin,0.521,363,Dudunsparce,dump0304
90013779,/Users/nickzwart/Downloads/03082026/90013779.json,wwwwwwwwwwwwwwwwwwwwwwwwwwwwww,0,1,Grimmsnarl,0.545,255,Dudunsparce,dump0304
90011197,/Users/nickzwart/Downloads/03082026/90011197.json,やる気元気ミワハルキ,1,1,Grimmsnarl,0.624,678,Dudunsparce,dump0304
90033009,/Users/nickzwart/Downloads/03082026/90033009.json,Xiangyu Liu,1,1,Grimmsnarl,0.59,61,Dudunsparce,dump0304
89820774,/Users/nickzwart/Downloads/03082026/89820774.json,insuperabilehart,0,1,Grimmsnarl,0.562,194,Dudunsparce,dump0304
89872442,/Users/nickzwart/Downloads/03082026/89872442.json,やる気元気ミワハルキ,0,1,Dragapult,0.624,678,Dudunsparce,dump0304
89902971,/Users/nickzwart/Downloads/03082026/89902971.json,李秉叡（ntumlnoob）,0,1,Dragapult,0.521,363,Dudunsparce,dump0304
89933685,/Users/nickzwart/Downloads/03082026/89933685.json,やる気元気ミワハルキ,1,1,Grimmsnarl,0.624,678,Dudunsparce,dump0304
90011343,/Users/nickzwart/Downloads/03082026/90011343.json,DavidFreelan,1,1,Grimmsnarl,0.518,83,Dudunsparce,dump0304
89884812,/Users/nickzwart/Downloads/03082026/89884812.json,DavidFreelan,0,1,Grimmsnarl,0.518,83,Dudunsparce,dump0304
90021576,/Users/nickzwart/Downloads/03082026/90021576.json,DavidFreelan,1,1,Alakazam,0.518,83,Dudunsparce,dump0304
89908486,/Users/nickzwart/Downloads/03082026/89908486.json,Iolzpo + emonga,0,1,Alakazam,0.489,221,Dudunsparce,dump0304
89846672,/Users/nickzwart/Downloads/03082026/89846672.json,Marshall Maximizer,0,1,Meganium,0.524,147,Dudunsparce,dump0304
90035173,/Users/nickzwart/Downloads/03082026/90035173.json,wwwwwwwwwwwwwwwwwwwwwwwwwwwwww,1,1,Dragapult,0.545,255,Dudunsparce,dump0304
89915871,/Users/nickzwart/Downloads/03082026/89915871.json,やる気元気ミワハルキ,0,1,Dragapult,0.624,678,Dudunsparce,dump0304
89820735,/Users/nickzwart/Downloads/03082026/89820735.json,やる気元気ミワハルキ,1,1,Grimmsnarl,0.624,678,Dudunsparce,dump0304
89922190,/Users/nickzwart/Downloads/03082026/89922190.json,e-toppo + kurupical,1,1,Crustle,0.431,65,Dudunsparce,dump0304
89890685,/Users/nickzwart/Downloads/03082026/89890685.json,Iolzpo + emonga,0,1,Grimmsnarl,0.489,221,Dudunsparce,dump0304
89838755,/Users/nickzwart/Downloads/03082026/89838755.json,想要成为kaggle大师,1,1,Dudunsparce,0.584,154,Dudunsparce,dump0304
90022198,/Users/nickzwart/Downloads/03082026/90022198.json,wwwwwwwwwwwwwwwwwwwwwwwwwwwwww,1,1,Grimmsnarl,0.545,255,Dudunsparce,dump0304
90038595,/Users/nickzwart/Downloads/03082026/90038595.json,wwwwwwwwwwwwwwwwwwwwwwwwwwwwww,0,1,Crustle,0.545,255,Dudunsparce,dump0304
89894500,/Users/nickzwart/Downloads/03082026/89894500.json,想要成为kaggle大师,1,1,Alakazam,0.584,154,Dudunsparce,dump0304
90018292,/Users/nickzwart/Downloads/03082026/90018292.json,やる気元気ミワハルキ,0,1,M-Kangaskhan,0.624,678,Dudunsparce,dump0304
89919937,/Users/nickzwart/Downloads/03082026/89919937.json,ポケカ前線,0,1,Dragapult,0.609,23,Dudunsparce,dump0304
89954274,/Users/nickzwart/Downloads/03082026/89954274.json,sadwat,1,1,M-Kangaskhan,0.642,81,Dudunsparce,dump0304
89916512,/Users/nickzwart/Downloads/03082026/89916512.json,やる気元気ミワハルキ,1,1,Alakazam,0.624,678,Dudunsparce,dump0304
89947376,/Users/nickzwart/Downloads/03082026/89947376.json,matsurih,1,1,Grimmsnarl,0.542,83,Dudunsparce,dump0304
90040004,/Users/nickzwart/Downloads/03082026/90040004.json,Iolzpo + emonga,1,1,Grimmsnarl,0.489,221,Dudunsparce,dump0304
89855615,/Users/nickzwart/Downloads/03082026/89855615.json,Marshall Maximizer,0,1,Dragapult,0.524,147,Dudunsparce,dump0304
89844784,/Users/nickzwart/Downloads/03082026/89844784.json,Marshall Maximizer,1,1,Dipplin,0.524,147,Dudunsparce,dump0304
90026944,/Users/nickzwart/Downloads/03082026/90026944.json,やる気元気ミワハルキ,0,1,Dragapult,0.624,678,Dudunsparce,dump0304
90015727,/Users/nickzwart/Downloads/03082026/90015727.json,wwwwwwwwwwwwwwwwwwwwwwwwwwwwww,1,1,Grimmsnarl,0.545,255,Dudunsparce,dump0304
89887930,/Users/nickzwart/Downloads/03082026/89887930.json,やる気元気ミワハルキ,0,1,Grimmsnarl,0.624,678,Dudunsparce,dump0304
89928952,/Users/nickzwart/Downloads/03082026/89928952.json,lmaffei,0,1,Crustle,0.404,99,Dudunsparce,dump0304
89853153,/Users/nickzwart/Downloads/03082026/89853153.json,Marshall Maximizer,0,1,Dipplin,0.524,147,Dudunsparce,dump0304
90022403,/Users/nickzwart/Downloads/03082026/90022403.json,李秉叡（ntumlnoob）,0,1,Grimmsnarl,0.521,363,Dudunsparce,dump0304
89931732,/Users/nickzwart/Downloads/03082026/89931732.json,Xiangyu Liu,1,1,Meganium,0.59,61,Dudunsparce,dump0304
89844946,/Users/nickzwart/Downloads/03082026/89844946.json,想要成为kaggle大师,0,1,Meganium,0.584,154,Dudunsparce,dump0304
89932889,/Users/nickzwart/Downloads/03082026/89932889.json,e-toppo + kurupical,1,1,Grimmsnarl,0.431,65,Dudunsparce,dump0304
90006127,/Users/nickzwart/Downloads/03082026/90006127.json,やる気元気ミワハルキ,1,1,Crustle,0.624,678,Dudunsparce,dump0304
89902642,/Users/nickzwart/Downloads/03082026/89902642.json,lmaffei,1,1,Meganium,0.404,99,Dudunsparce,dump0304
89939284,/Users/nickzwart/Downloads/03082026/89939284.json,李秉叡（ntumlnoob）,0,1,Dudunsparce,0.521,363,Dudunsparce,dump0304
89917143,/Users/nickzwart/Downloads/03082026/89917143.json,やる気元気ミワハルキ,1,1,Crustle,0.624,678,Dudunsparce,dump0304
90021583,/Users/nickzwart/Downloads/03082026/90021583.json,やる気元気ミワハルキ,0,1,Grimmsnarl,0.624,678,Dudunsparce,dump0304
89956320,/Users/nickzwart/Downloads/03082026/89956320.json,Iolzpo + emonga,0,1,Grimmsnarl,0.489,221,Dudunsparce,dump0304
89949344,/Users/nickzwart/Downloads/03082026/89949344.json,HCRL,0,1,Grimmsnarl,0.514,105,Dudunsparce,dump0304
89927408,/Users/nickzwart/Downloads/03082026/89927408.json,DavidFreelan,0,1,Grimmsnarl,0.518,83,Dudunsparce,dump0304
90043311,/Users/nickzwart/Downloads/03082026/90043311.json,wwwwwwwwwwwwwwwwwwwwwwwwwwwwww,0,1,Alakazam,0.545,255,Dudunsparce,dump0304
89989375,/Users/nickzwart/Downloads/03082026/89989375.json,李秉叡（ntumlnoob）,1,1,Meganium,0.521,363,Dudunsparce,dump0304
90013912,/Users/nickzwart/Downloads/03082026/90013912.json,wwwwwwwwwwwwwwwwwwwwwwwwwwwwww,0,1,Grimmsnarl,0.545,255,Dudunsparce,dump0304
89981522,/Users/nickzwart/Downloads/03082026/89981522.json,Marshall Maximizer,1,1,Grimmsnarl,0.524,147,Dudunsparce,dump0304
89931492,/Users/nickzwart/Downloads/03082026/89931492.json,李秉叡（ntumlnoob）,1,1,Alakazam,0.521,363,Dudunsparce,dump0304
89974574,/Users/nickzwart/Downloads/03082026/89974574.json,wwwwwwwwwwwwwwwwwwwwwwwwwwwwww,1,1,Grimmsnarl,0.545,255,Dudunsparce,dump0304
90016993,/Users/nickzwart/Downloads/03082026/90016993.json,やる気元気ミワハルキ,0,1,Dudunsparce,0.624,678,Dudunsparce,dump0304
89838705,/Users/nickzwart/Downloads/03082026/89838705.json,Marshall Maximizer,1,1,Grimmsnarl,0.524,147,Dudunsparce,dump0304
89821932,/Users/nickzwart/Downloads/03082026/89821932.json,Budew,1,1,Alakazam,0.636,33,Dudunsparce,dump0304
89865553,/Users/nickzwart/Downloads/03082026/89865553.json,lmaffei,0,1,Grimmsnarl,0.404,99,Dudunsparce,dump0304
90041389,/Users/nickzwart/Downloads/03082026/90041389.json,wwwwwwwwwwwwwwwwwwwwwwwwwwwwww,1,1,Grimmsnarl,0.545,255,Dudunsparce,dump0304
89873604,/Users/nickzwart/Downloads/03082026/89873604.json,想要成为kaggle大师,1,1,Dudunsparce,0.584,154,Dudunsparce,dump0304
89897043,/Users/nickzwart/Downloads/03082026/89897043.json,やる気元気ミワハルキ,0,1,Grimmsnarl,0.624,678,Dudunsparce,dump0304
90019666,/Users/nickzwart/Downloads/03082026/90019666.json,Xiangyu Liu,1,1,Grimmsnarl,0.59,61,Dudunsparce,dump0304
90018427,/Users/nickzwart/Downloads/03082026/90018427.json,Iolzpo + emonga,1,1,Alakazam,0.489,221,Dudunsparce,dump0304
89869419,/Users/nickzwart/Downloads/03082026/89869419.json,HCRL,0,1,Crustle,0.514,105,Dudunsparce,dump0304
89826058,/Users/nickzwart/Downloads/03082026/89826058.json,やる気元気ミワハルキ,1,1,Grimmsnarl,0.624,678,Dudunsparce,dump0304
89951342,/Users/nickzwart/Downloads/03082026/89951342.json,Iolzpo + emonga,0,1,Alakazam,0.489,221,Dudunsparce,dump0304
89839342,/Users/nickzwart/Downloads/03082026/89839342.json,Marshall Maximizer,1,1,Cynthia-Garchomp,0.524,147,Dudunsparce,dump0304
90023560,/Users/nickzwart/Downloads/03082026/90023560.json,李秉叡（ntumlnoob）,1,1,Crustle,0.521,363,Dudunsparce,dump0304
89850261,/Users/nickzwart/Downloads/03082026/89850261.json,やる気元気ミワハルキ,0,1,Dudunsparce,0.624,678,Dudunsparce,dump0304
89904924,/Users/nickzwart/Downloads/03082026/89904924.json,HCRL,0,1,Grimmsnarl,0.514,105,Dudunsparce,dump0304
89937317,/Users/nickzwart/Downloads/03082026/89937317.json,e-toppo + kurupical,0,1,Grimmsnarl,0.431,65,Dudunsparce,dump0304
89904477,/Users/nickzwart/Downloads/03082026/89904477.json,想要成为kaggle大师,1,1,Cynthia-Garchomp,0.584,154,Dudunsparce,dump0304
89975021,/Users/nickzwart/Downloads/03082026/89975021.json,Marshall Maximizer,0,1,Meganium,0.524,147,Dudunsparce,dump0304
89847232,/Users/nickzwart/Downloads/03082026/89847232.json,Marshall Maximizer,0,1,Dipplin,0.524,147,Dudunsparce,dump0304
89912798,/Users/nickzwart/Downloads/03082026/89912798.json,やる気元気ミワハルキ,1,1,Spidops,0.624,678,Dudunsparce,dump0304
90019076,/Users/nickzwart/Downloads/03082026/90019076.json,DavidFreelan,1,1,Dudunsparce,0.518,83,Dudunsparce,dump0304
90010607,/Users/nickzwart/Downloads/03082026/90010607.json,wwwwwwwwwwwwwwwwwwwwwwwwwwwwww,0,1,Grimmsnarl,0.545,255,Dudunsparce,dump0304
89846927,/Users/nickzwart/Downloads/03082026/89846927.json,想要成为kaggle大师,1,1,Alakazam,0.584,154,Dudunsparce,dump0304
90019125,/Users/nickzwart/Downloads/03082026/90019125.json,Xiangyu Liu,0,1,Grimmsnarl,0.59,61,Dudunsparce,dump0304
90026959,/Users/nickzwart/Downloads/03082026/90026959.json,wwwwwwwwwwwwwwwwwwwwwwwwwwwwww,1,1,Meganium,0.545,255,Dudunsparce,dump0304
89919879,/Users/nickzwart/Downloads/03082026/89919879.json,HCRL,1,1,Dudunsparce,0.514,105,Dudunsparce,dump0304
89935916,/Users/nickzwart/Downloads/03082026/89935916.json,Xiangyu Liu,1,1,Grimmsnarl,0.59,61,Dudunsparce,dump0304
89923591,/Users/nickzwart/Downloads/03082026/89923591.json,wwwwwwwwwwwwwwwwwwwwwwwwwwwwww,1,1,Grimmsnarl,0.545,255,Dudunsparce,dump0304
89952981,/Users/nickzwart/Downloads/03082026/89952981.json,Iolzpo + emonga,0,1,Grimmsnarl,0.489,221,Dudunsparce,dump0304
89997462,/Users/nickzwart/Downloads/03082026/89997462.json,DavidFreelan,0,1,Grimmsnarl,0.518,83,Dudunsparce,dump0304
89851466,/Users/nickzwart/Downloads/03082026/89851466.json,Marshall Maximizer,0,1,Grimmsnarl,0.524,147,Dudunsparce,dump0304
89937244,/Users/nickzwart/Downloads/03082026/89937244.json,matsurih,1,1,Grimmsnarl,0.542,83,Dudunsparce,dump0304
90024876,/Users/nickzwart/Downloads/03082026/90024876.json,wwwwwwwwwwwwwwwwwwwwwwwwwwwwww,0,1,Crustle,0.545,255,Dudunsparce,dump0304
89984110,/Users/nickzwart/Downloads/03082026/89984110.json,やる気元気ミワハルキ,0,1,Dragapult,0.624,678,Dudunsparce,dump0304
89964714,/Users/nickzwart/Downloads/03082026/89964714.json,DavidFreelan,0,1,Dragapult,0.518,83,Dudunsparce,dump0304
89936567,/Users/nickzwart/Downloads/03082026/89936567.json,HCRL,0,1,Alakazam,0.514,105,Dudunsparce,dump0304
89874837,/Users/nickzwart/Downloads/03082026/89874837.json,やる気元気ミワハルキ,0,1,Dipplin,0.624,678,Dudunsparce,dump0304
90033805,/Users/nickzwart/Downloads/03082026/90033805.json,wwwwwwwwwwwwwwwwwwwwwwwwwwwwww,1,1,Dudunsparce,0.545,255,Dudunsparce,dump0304
89841850,/Users/nickzwart/Downloads/03082026/89841850.json,ポケカ前線,1,1,Grimmsnarl,0.609,23,Dudunsparce,dump0304
90011831,/Users/nickzwart/Downloads/03082026/90011831.json,DavidFreelan,1,1,Grimmsnarl,0.518,83,Dudunsparce,dump0304
89863472,/Users/nickzwart/Downloads/03082026/89863472.json,想要成为kaggle大师,0,1,Grimmsnarl,0.584,154,Dudunsparce,dump0304
90021584,/Users/nickzwart/Downloads/03082026/90021584.json,wwwwwwwwwwwwwwwwwwwwwwwwwwwwww,1,1,Meganium,0.545,255,Dudunsparce,dump0304
89941661,/Users/nickzwart/Downloads/03082026/89941661.json,wwwwwwwwwwwwwwwwwwwwwwwwwwwwww,1,1,Grimmsnarl,0.545,255,Dudunsparce,dump0304
89968799,/Users/nickzwart/Downloads/03082026/89968799.json,やる気元気ミワハルキ,0,1,Grimmsnarl,0.624,678,Dudunsparce,dump0304
89917294,/Users/nickzwart/Downloads/03082026/89917294.json,wwwwwwwwwwwwwwwwwwwwwwwwwwwwww,1,1,Grimmsnarl,0.545,255,Dudunsparce,dump0304
89943563,/Users/nickzwart/Downloads/03082026/89943563.json,DavidFreelan,0,1,Grimmsnarl,0.518,83,Dudunsparce,dump0304
90024905,/Users/nickzwart/Downloads/03082026/90024905.json,wwwwwwwwwwwwwwwwwwwwwwwwwwwwww,0,1,Cynthia-Garchomp,0.545,255,Dudunsparce,dump0304
89884819,/Users/nickzwart/Downloads/03082026/89884819.json,DavidFreelan,0,1,Grimmsnarl,0.518,83,Dudunsparce,dump0304
89941677,/Users/nickzwart/Downloads/03082026/89941677.json,matsurih,1,1,Dipplin,0.542,83,Dudunsparce,dump0304
89913404,/Users/nickzwart/Downloads/03082026/89913404.json,やる気元気ミワハルキ,1,1,Crustle,0.624,678,Dudunsparce,dump0304
89973244,/Users/nickzwart/Downloads/03082026/89973244.json,Iolzpo + emonga,1,1,Dudunsparce,0.489,221,Dudunsparce,dump0304
89882975,/Users/nickzwart/Downloads/03082026/89882975.json,Shuhan Yang,1,1,Dudunsparce,0.4,75,Dudunsparce,dump0304
89891508,/Users/nickzwart/Downloads/03082026/89891508.json,DavidFreelan,1,1,Grimmsnarl,0.518,83,Dudunsparce,dump0304
89826054,/Users/nickzwart/Downloads/03082026/89826054.json,やる気元気ミワハルキ,1,1,Grimmsnarl,0.624,678,Dudunsparce,dump0304
89919025,/Users/nickzwart/Downloads/03082026/89919025.json,やる気元気ミワハルキ,0,1,Grimmsnarl,0.624,678,Dudunsparce,dump0304
89930348,/Users/nickzwart/Downloads/03082026/89930348.json,やる気元気ミワハルキ,1,1,Alakazam,0.624,678,Dudunsparce,dump0304
90017033,/Users/nickzwart/Downloads/03082026/90017033.json,やる気元気ミワハルキ,1,1,Grimmsnarl,0.624,678,Dudunsparce,dump0304
89839933,/Users/nickzwart/Downloads/03082026/89839933.json,Marshall Maximizer,1,1,Meganium,0.524,147,Dudunsparce,dump0304
89893098,/Users/nickzwart/Downloads/03082026/89893098.json,HCRL,0,1,Grimmsnarl,0.514,105,Dudunsparce,dump0304
90017658,/Users/nickzwart/Downloads/03082026/90017658.json,wwwwwwwwwwwwwwwwwwwwwwwwwwwwww,1,1,Alakazam,0.545,255,Dudunsparce,dump0304
89827242,/Users/nickzwart/Downloads/03082026/89827242.json,やる気元気ミワハルキ,0,1,Cynthia-Garchomp,0.624,678,Dudunsparce,dump0304
89889616,/Users/nickzwart/Downloads/03082026/89889616.json,ポケカ前線,1,1,Dragapult,0.609,23,Dudunsparce,dump0304
89986681,/Users/nickzwart/Downloads/03082026/89986681.json,やる気元気ミワハルキ,1,1,Dragapult,0.624,678,Dudunsparce,dump0304
90007988,/Users/nickzwart/Downloads/03082026/90007988.json,やる気元気ミワハルキ,0,1,Dipplin,0.624,678,Dudunsparce,dump0304
89841978,/Users/nickzwart/Downloads/03082026/89841978.json,やる気元気ミワハルキ,1,1,Grimmsnarl,0.624,678,Dudunsparce,dump0304
89880572,/Users/nickzwart/Downloads/03082026/89880572.json,DavidFreelan,0,1,Crustle,0.518,83,Dudunsparce,dump0304
89918419,/Users/nickzwart/Downloads/03082026/89918419.json,やる気元気ミワハルキ,1,1,Crustle,0.624,678,Dudunsparce,dump0304
89823094,/Users/nickzwart/Downloads/03082026/89823094.json,やる気元気ミワハルキ,0,1,Meganium,0.624,678,Dudunsparce,dump0304
90014432,/Users/nickzwart/Downloads/03082026/90014432.json,wwwwwwwwwwwwwwwwwwwwwwwwwwwwww,1,1,Alakazam,0.545,255,Dudunsparce,dump0304
89820712,/Users/nickzwart/Downloads/03082026/89820712.json,やる気元気ミワハルキ,1,1,M-Lucario,0.624,678,Dudunsparce,dump0304
89888441,/Users/nickzwart/Downloads/03082026/89888441.json,想要成为kaggle大师,1,1,Dragapult,0.584,154,Dudunsparce,dump0304
89960452,/Users/nickzwart/Downloads/03082026/89960452.json,Iolzpo + emonga,1,1,Crustle,0.489,221,Dudunsparce,dump0304
89889745,/Users/nickzwart/Downloads/03082026/89889745.json,想要成为kaggle大师,1,1,Grimmsnarl,0.584,154,Dudunsparce,dump0304
90022412,/Users/nickzwart/Downloads/03082026/90022412.json,wwwwwwwwwwwwwwwwwwwwwwwwwwwwww,0,1,Meganium,0.545,255,Dudunsparce,dump0304
89921689,/Users/nickzwart/Downloads/03082026/89921689.json,やる気元気ミワハルキ,1,1,Dudunsparce,0.624,678,Dudunsparce,dump0304
89846069,/Users/nickzwart/Downloads/03082026/89846069.json,Marshall Maximizer,0,1,Dipplin,0.524,147,Dudunsparce,dump0304
89946022,/Users/nickzwart/Downloads/03082026/89946022.json,Iolzpo + emonga,0,1,Meganium,0.489,221,Dudunsparce,dump0304
89876349,/Users/nickzwart/Downloads/03082026/89876349.json,DavidFreelan,1,1,Crustle,0.518,83,Dudunsparce,dump0304
89845428,/Users/nickzwart/Downloads/03082026/89845428.json,Marshall Maximizer,1,1,Dudunsparce,0.524,147,Dudunsparce,dump0304
90022940,/Users/nickzwart/Downloads/03082026/90022940.json,Xiangyu Liu,1,1,Meganium,0.59,61,Dudunsparce,dump0304
89841742,/Users/nickzwart/Downloads/03082026/89841742.json,想要成为kaggle大师,0,1,Grimmsnarl,0.584,154,Dudunsparce,dump0304
89842928,/Users/nickzwart/Downloads/03082026/89842928.json,Marshall Maximizer,0,1,M-Kangaskhan,0.524,147,Dudunsparce,dump0304
89905416,/Users/nickzwart/Downloads/03082026/89905416.json,wwwwwwwwwwwwwwwwwwwwwwwwwwwwww,0,1,Crustle,0.545,255,Dudunsparce,dump0304
90016377,/Users/nickzwart/Downloads/03082026/90016377.json,李秉叡（ntumlnoob）,1,1,Dipplin,0.521,363,Dudunsparce,dump0304
89985540,/Users/nickzwart/Downloads/03082026/89985540.json,wwwwwwwwwwwwwwwwwwwwwwwwwwwwww,0,1,Grimmsnarl,0.545,255,Dudunsparce,dump0304
90013933,/Users/nickzwart/Downloads/03082026/90013933.json,Xiangyu Liu,0,1,Meganium,0.59,61,Dudunsparce,dump0304
89835287,/Users/nickzwart/Downloads/03082026/89835287.json,Iolzpo + emonga,1,1,Alakazam,0.489,221,Dudunsparce,dump0304
90029658,/Users/nickzwart/Downloads/03082026/90029658.json,やる気元気ミワハルキ,1,1,Dragapult,0.624,678,Dudunsparce,dump0304
89979721,/Users/nickzwart/Downloads/03082026/89979721.json,Marshall Maximizer,0,1,Dudunsparce,0.524,147,Dudunsparce,dump0304
90019581,/Users/nickzwart/Downloads/03082026/90019581.json,やる気元気ミワハルキ,0,1,M-Kangaskhan,0.624,678,Dudunsparce,dump0304
90005408,/Users/nickzwart/Downloads/03082026/90005408.json,やる気元気ミワハルキ,0,1,Dragapult,0.624,678,Dudunsparce,dump0304
89848522,/Users/nickzwart/Downloads/03082026/89848522.json,想要成为kaggle大师,1,1,Meganium,0.584,154,Dudunsparce,dump0304
89945567,/Users/nickzwart/Downloads/03082026/89945567.json,Iolzpo + emonga,0,1,M-Kangaskhan,0.489,221,Dudunsparce,dump0304
89848037,/Users/nickzwart/Downloads/03082026/89848037.json,Shuhan Yang,0,1,Grimmsnarl,0.4,75,Dudunsparce,dump0304
90028321,/Users/nickzwart/Downloads/03082026/90028321.json,sadwat,0,1,Grimmsnarl,0.642,81,Dudunsparce,dump0304
89881765,/Users/nickzwart/Downloads/03082026/89881765.json,DavidFreelan,0,1,Grimmsnarl,0.518,83,Dudunsparce,dump0304
89960941,/Users/nickzwart/Downloads/03082026/89960941.json,wwwwwwwwwwwwwwwwwwwwwwwwwwwwww,1,1,Dipplin,0.545,255,Dudunsparce,dump0304
89850903,/Users/nickzwart/Downloads/03082026/89850903.json,想要成为kaggle大师,0,1,Grimmsnarl,0.584,154,Dudunsparce,dump0304
89834341,/Users/nickzwart/Downloads/03082026/89834341.json,sadwat,1,1,Dudunsparce,0.642,81,Dudunsparce,dump0304
89823693,/Users/nickzwart/Downloads/03082026/89823693.json,HCRL,0,1,Grimmsnarl,0.514,105,Dudunsparce,dump0304
90032491,/Users/nickzwart/Downloads/03082026/90032491.json,wwwwwwwwwwwwwwwwwwwwwwwwwwwwww,1,1,Meganium,0.545,255,Dudunsparce,dump0304
89994557,/Users/nickzwart/Downloads/03082026/89994557.json,やる気元気ミワハルキ,1,1,Grimmsnarl,0.624,678,Dudunsparce,dump0304
89950572,/Users/nickzwart/Downloads/03082026/89950572.json,Xiangyu Liu,1,1,Grimmsnarl,0.59,61,Dudunsparce,dump0304
90018304,/Users/nickzwart/Downloads/03082026/90018304.json,wwwwwwwwwwwwwwwwwwwwwwwwwwwwww,1,1,Dipplin,0.545,255,Dudunsparce,dump0304
90036485,/Users/nickzwart/Downloads/03082026/90036485.json,wwwwwwwwwwwwwwwwwwwwwwwwwwwwww,1,1,Grimmsnarl,0.545,255,Dudunsparce,dump0304
90026939,/Users/nickzwart/Downloads/03082026/90026939.json,やる気元気ミワハルキ,0,1,Crustle,0.624,678,Dudunsparce,dump0304
90017008,/Users/nickzwart/Downloads/03082026/90017008.json,wwwwwwwwwwwwwwwwwwwwwwwwwwwwww,1,1,Grimmsnarl,0.545,255,Dudunsparce,dump0304
90015035,/Users/nickzwart/Downloads/03082026/90015035.json,Shuhan Yang,0,1,Grimmsnarl,0.4,75,Dudunsparce,dump0304
89951230,/Users/nickzwart/Downloads/03082026/89951230.json,Xiangyu Liu,0,1,Dudunsparce,0.59,61,Dudunsparce,dump0304
90006160,/Users/nickzwart/Downloads/03082026/90006160.json,wwwwwwwwwwwwwwwwwwwwwwwwwwwwww,0,1,Grimmsnarl,0.545,255,Dudunsparce,dump0304
90025600,/Users/nickzwart/Downloads/03082026/90025600.json,李秉叡（ntumlnoob）,0,1,Meganium,0.521,363,Dudunsparce,dump0304
89993841,/Users/nickzwart/Downloads/03082026/89993841.json,Marshall Maximizer,0,1,Spidops,0.524,147,Dudunsparce,dump0304
90028989,/Users/nickzwart/Downloads/03082026/90028989.json,やる気元気ミワハルキ,0,1,Dragapult,0.624,678,Dudunsparce,dump0304
89854887,/Users/nickzwart/Downloads/03082026/89854887.json,Budew,1,1,Alakazam,0.636,33,Dudunsparce,dump0304
89926566,/Users/nickzwart/Downloads/03082026/89926566.json,やる気元気ミワハルキ,0,1,Grimmsnarl,0.624,678,Dudunsparce,dump0304
89909675,/Users/nickzwart/Downloads/03082026/89909675.json,やる気元気ミワハルキ,1,1,Dudunsparce,0.624,678,Dudunsparce,dump0304
90022891,/Users/nickzwart/Downloads/03082026/90022891.json,やる気元気ミワハルキ,0,1,Meganium,0.624,678,Dudunsparce,dump0304
90000149,/Users/nickzwart/Downloads/03082026/90000149.json,やる気元気ミワハルキ,0,1,Grimmsnarl,0.624,678,Dudunsparce,dump0304
90007376,/Users/nickzwart/Downloads/03082026/90007376.json,wwwwwwwwwwwwwwwwwwwwwwwwwwwwww,0,1,Grimmsnarl,0.545,255,Dudunsparce,dump0304
90006140,/Users/nickzwart/Downloads/03082026/90006140.json,李秉叡（ntumlnoob）,0,1,Grimmsnarl,0.521,363,Dudunsparce,dump0304
89869727,/Users/nickzwart/Downloads/03082026/89869727.json,ポケカ前線,0,1,Grimmsnarl,0.609,23,Dudunsparce,dump0304
89978254,/Users/nickzwart/Downloads/03082026/89978254.json,Marshall Maximizer,1,1,M-Kangaskhan,0.524,147,Dudunsparce,dump0304
90027021,/Users/nickzwart/Downloads/03082026/90027021.json,wwwwwwwwwwwwwwwwwwwwwwwwwwwwww,0,1,Grimmsnarl,0.545,255,Dudunsparce,dump0304
89918551,/Users/nickzwart/Downloads/03082026/89918551.json,wwwwwwwwwwwwwwwwwwwwwwwwwwwwww,1,1,Grimmsnarl,0.545,255,Dudunsparce,dump0304
90017643,/Users/nickzwart/Downloads/03082026/90017643.json,やる気元気ミワハルキ,0,1,M-Kangaskhan,0.624,678,Dudunsparce,dump0304
89837609,/Users/nickzwart/Downloads/03082026/89837609.json,想要成为kaggle大师,1,1,Grimmsnarl,0.584,154,Dudunsparce,dump0304
89987967,/Users/nickzwart/Downloads/03082026/89987967.json,Marshall Maximizer,1,1,Crustle,0.524,147,Dudunsparce,dump0304
89993924,/Users/nickzwart/Downloads/03082026/89993924.json,matsurih,1,1,Grimmsnarl,0.542,83,Dudunsparce,dump0304
89972462,/Users/nickzwart/Downloads/03082026/89972462.json,李秉叡（ntumlnoob）,0,1,Meganium,0.521,363,Dudunsparce,dump0304
89898289,/Users/nickzwart/Downloads/03082026/89898289.json,insuperabilehart,1,1,Dipplin,0.562,194,Dudunsparce,dump0304
89842965,/Users/nickzwart/Downloads/03082026/89842965.json,想要成为kaggle大师,1,1,Grimmsnarl,0.584,154,Dudunsparce,dump0304
89938688,/Users/nickzwart/Downloads/03082026/89938688.json,ポケカ前線,1,1,Meganium,0.609,23,Dudunsparce,dump0304
89941601,/Users/nickzwart/Downloads/03082026/89941601.json,李秉叡（ntumlnoob）,1,1,Alakazam,0.521,363,Dudunsparce,dump0304
89932114,/Users/nickzwart/Downloads/03082026/89932114.json,Xiangyu Liu,0,1,Grimmsnarl,0.59,61,Dudunsparce,dump0304
90008148,/Users/nickzwart/Downloads/03082026/90008148.json,やる気元気ミワハルキ,1,1,Dragapult,0.624,678,Dudunsparce,dump0304
89939758,/Users/nickzwart/Downloads/03082026/89939758.json,matsurih,1,1,Grimmsnarl,0.542,83,Dudunsparce,dump0304
90001386,/Users/nickzwart/Downloads/03082026/90001386.json,Iolzpo + emonga,1,1,Grimmsnarl,0.489,221,Dudunsparce,dump0304
89834064,/Users/nickzwart/Downloads/03082026/89834064.json,Budew,1,1,Dragapult,0.636,33,Dudunsparce,dump0304
89848502,/Users/nickzwart/Downloads/03082026/89848502.json,HCRL,1,1,Grimmsnarl,0.514,105,Dudunsparce,dump0304
89909815,/Users/nickzwart/Downloads/03082026/89909815.json,wwwwwwwwwwwwwwwwwwwwwwwwwwwwww,1,1,Grimmsnarl,0.545,255,Dudunsparce,dump0304
89925429,/Users/nickzwart/Downloads/03082026/89925429.json,lmaffei,1,1,Crustle,0.404,99,Dudunsparce,dump0304
89843067,/Users/nickzwart/Downloads/03082026/89843067.json,Iolzpo + emonga,1,1,Grimmsnarl,0.489,221,Dudunsparce,dump0304
89868272,/Users/nickzwart/Downloads/03082026/89868272.json,HCRL,0,1,Dudunsparce,0.514,105,Dudunsparce,dump0304
90030418,/Users/nickzwart/Downloads/03082026/90030418.json,Iolzpo + emonga,1,1,Spidops,0.489,221,Dudunsparce,dump0304
90027627,/Users/nickzwart/Downloads/03082026/90027627.json,やる気元気ミワハルキ,1,1,Grimmsnarl,0.624,678,Dudunsparce,dump0304
90029140,/Users/nickzwart/Downloads/03082026/90029140.json,李秉叡（ntumlnoob）,1,1,Crustle,0.521,363,Dudunsparce,dump0304
90019149,/Users/nickzwart/Downloads/03082026/90019149.json,Xiangyu Liu,1,1,Meganium,0.59,61,Dudunsparce,dump0304
89928036,/Users/nickzwart/Downloads/03082026/89928036.json,ANDPAD kaggler team,0,1,Meganium,0.487,191,Dudunsparce,dump0304
89928574,/Users/nickzwart/Downloads/03082026/89928574.json,wwwwwwwwwwwwwwwwwwwwwwwwwwwwww,0,1,Meganium,0.545,255,Dudunsparce,dump0304
89967565,/Users/nickzwart/Downloads/03082026/89967565.json,wwwwwwwwwwwwwwwwwwwwwwwwwwwwww,1,1,Grimmsnarl,0.545,255,Dudunsparce,dump0304
89858144,/Users/nickzwart/Downloads/03082026/89858144.json,やる気元気ミワハルキ,1,1,M-Lucario,0.624,678,Dudunsparce,dump0304
89951284,/Users/nickzwart/Downloads/03082026/89951284.json,HCRL,1,1,Grimmsnarl,0.514,105,Dudunsparce,dump0304
89998453,/Users/nickzwart/Downloads/03082026/89998453.json,やる気元気ミワハルキ,0,1,Alakazam,0.624,678,Dudunsparce,dump0304
89864053,/Users/nickzwart/Downloads/03082026/89864053.json,insuperabilehart,0,1,Cynthia-Garchomp,0.562,194,Dudunsparce,dump0304
89989887,/Users/nickzwart/Downloads/03082026/89989887.json,Marshall Maximizer,0,1,Dudunsparce,0.524,147,Dudunsparce,dump0304
89855098,/Users/nickzwart/Downloads/03082026/89855098.json,想要成为kaggle大师,1,1,Alakazam,0.584,154,Dudunsparce,dump0304
90037188,/Users/nickzwart/Downloads/03082026/90037188.json,DavidFreelan,0,1,Dudunsparce,0.518,83,Dudunsparce,dump0304
90022220,/Users/nickzwart/Downloads/03082026/90022220.json,やる気元気ミワハルキ,0,1,Dragapult,0.624,678,Dudunsparce,dump0304
90006051,/Users/nickzwart/Downloads/03082026/90006051.json,やる気元気ミワハルキ,1,1,Grimmsnarl,0.624,678,Dudunsparce,dump0304
90023523,/Users/nickzwart/Downloads/03082026/90023523.json,やる気元気ミワハルキ,0,1,M-Kangaskhan,0.624,678,Dudunsparce,dump0304
89912299,/Users/nickzwart/Downloads/03082026/89912299.json,wwwwwwwwwwwwwwwwwwwwwwwwwwwwww,1,1,Dipplin,0.545,255,Dudunsparce,dump0304
89939825,/Users/nickzwart/Downloads/03082026/89939825.json,やる気元気ミワハルキ,1,1,Grimmsnarl,0.624,678,Dudunsparce,dump0304
89847288,/Users/nickzwart/Downloads/03082026/89847288.json,想要成为kaggle大师,1,1,Alakazam,0.584,154,Dudunsparce,dump0304
89880205,/Users/nickzwart/Downloads/03082026/89880205.json,insuperabilehart,1,1,Dipplin,0.562,194,Dudunsparce,dump0304
89927342,/Users/nickzwart/Downloads/03082026/89927342.json,ANDPAD kaggler team,0,1,Crustle,0.487,191,Dudunsparce,dump0304
90004216,/Users/nickzwart/Downloads/03082026/90004216.json,wwwwwwwwwwwwwwwwwwwwwwwwwwwwww,0,1,Grimmsnarl,0.545,255,Dudunsparce,dump0304
90011917,/Users/nickzwart/Downloads/03082026/90011917.json,wwwwwwwwwwwwwwwwwwwwwwwwwwwwww,0,1,Cynthia-Garchomp,0.545,255,Dudunsparce,dump0304
89890985,/Users/nickzwart/Downloads/03082026/89890985.json,wwwwwwwwwwwwwwwwwwwwwwwwwwwwww,0,1,Grimmsnarl,0.545,255,Dudunsparce,dump0304
89859916,/Users/nickzwart/Downloads/03082026/89859916.json,Iolzpo + emonga,1,1,Crustle,0.489,221,Dudunsparce,dump0304
89942868,/Users/nickzwart/Downloads/03082026/89942868.json,matsurih,0,1,Alakazam,0.542,83,Dudunsparce,dump0304
89865654,/Users/nickzwart/Downloads/03082026/89865654.json,想要成为kaggle大师,0,1,Dudunsparce,0.584,154,Dudunsparce,dump0304
89930983,/Users/nickzwart/Downloads/03082026/89930983.json,やる気元気ミワハルキ,1,1,Grimmsnarl,0.624,678,Dudunsparce,dump0304
89927745,/Users/nickzwart/Downloads/03082026/89927745.json,やる気元気ミワハルキ,1,1,Grimmsnarl,0.624,678,Dudunsparce,dump0304
90027608,/Users/nickzwart/Downloads/03082026/90027608.json,やる気元気ミワハルキ,0,1,M-Kangaskhan,0.624,678,Dudunsparce,dump0304
89900066,/Users/nickzwart/Downloads/03082026/89900066.json,ポケカ前線,0,1,Grimmsnarl,0.609,23,Dudunsparce,dump0304
90005450,/Users/nickzwart/Downloads/03082026/90005450.json,HCRL,0,1,Meganium,0.514,105,Dudunsparce,dump0304
90022236,/Users/nickzwart/Downloads/03082026/90022236.json,wwwwwwwwwwwwwwwwwwwwwwwwwwwwww,0,1,Alakazam,0.545,255,Dudunsparce,dump0304
90000717,/Users/nickzwart/Downloads/03082026/90000717.json,Iolzpo + emonga,1,1,Grimmsnarl,0.489,221,Dudunsparce,dump0304
90004113,/Users/nickzwart/Downloads/03082026/90004113.json,やる気元気ミワハルキ,1,1,Grimmsnarl,0.624,678,Dudunsparce,dump0304
89856289,/Users/nickzwart/Downloads/03082026/89856289.json,想要成为kaggle大师,1,1,Dragapult,0.584,154,Dudunsparce,dump0304
89930297,/Users/nickzwart/Downloads/03082026/89930297.json,matsurih,0,1,Dipplin,0.542,83,Dudunsparce,dump0304
89888475,/Users/nickzwart/Downloads/03082026/89888475.json,DavidFreelan,1,1,Meganium,0.518,83,Dudunsparce,dump0304
90013140,/Users/nickzwart/Downloads/03082026/90013140.json,wwwwwwwwwwwwwwwwwwwwwwwwwwwwww,0,1,Alakazam,0.545,255,Dudunsparce,dump0304
89867350,/Users/nickzwart/Downloads/03082026/89867350.json,wwwwwwwwwwwwwwwwwwwwwwwwwwwwww,1,1,Meganium,0.545,255,Dudunsparce,dump0304
89924903,/Users/nickzwart/Downloads/03082026/89924903.json,lmaffei,1,1,Meganium,0.404,99,Dudunsparce,dump0304
90009263,/Users/nickzwart/Downloads/03082026/90009263.json,やる気元気ミワハルキ,1,1,Alakazam,0.624,678,Dudunsparce,dump0304
89972549,/Users/nickzwart/Downloads/03082026/89972549.json,sadwat,0,1,Grimmsnarl,0.642,81,Dudunsparce,dump0304
89857420,/Users/nickzwart/Downloads/03082026/89857420.json,Marshall Maximizer,0,1,Crustle,0.524,147,Dudunsparce,dump0304
89999014,/Users/nickzwart/Downloads/03082026/89999014.json,wwwwwwwwwwwwwwwwwwwwwwwwwwwwww,0,1,Dudunsparce,0.545,255,Dudunsparce,dump0304
90004851,/Users/nickzwart/Downloads/03082026/90004851.json,やる気元気ミワハルキ,1,1,Dudunsparce,0.624,678,Dudunsparce,dump0304
89889049,/Users/nickzwart/Downloads/03082026/89889049.json,HCRL,0,1,Dragapult,0.514,105,Dudunsparce,dump0304
89934295,/Users/nickzwart/Downloads/03082026/89934295.json,Iolzpo + emonga,1,1,Meganium,0.489,221,Dudunsparce,dump0304
89853863,/Users/nickzwart/Downloads/03082026/89853863.json,Marshall Maximizer,1,1,Dipplin,0.524,147,Dudunsparce,dump0304
89973876,/Users/nickzwart/Downloads/03082026/89973876.json,wwwwwwwwwwwwwwwwwwwwwwwwwwwwww,1,1,Meganium,0.545,255,Dudunsparce,dump0304
89895197,/Users/nickzwart/Downloads/03082026/89895197.json,やる気元気ミワハルキ,0,1,Crustle,0.624,678,Dudunsparce,dump0304
89931613,/Users/nickzwart/Downloads/03082026/89931613.json,やる気元気ミワハルキ,0,1,Alakazam,0.624,678,Dudunsparce,dump0304
90004040,/Users/nickzwart/Downloads/03082026/90004040.json,Marshall Maximizer,0,1,Grimmsnarl,0.524,147,Dudunsparce,dump0304
90016354,/Users/nickzwart/Downloads/03082026/90016354.json,やる気元気ミワハルキ,0,1,Alakazam,0.624,678,Dudunsparce,dump0304
89920281,/Users/nickzwart/Downloads/03082026/89920281.json,やる気元気ミワハルキ,1,1,Crustle,0.624,678,Dudunsparce,dump0304
89966880,/Users/nickzwart/Downloads/03082026/89966880.json,matsurih,1,1,Meganium,0.542,83,Dudunsparce,dump0304
89862758,/Users/nickzwart/Downloads/03082026/89862758.json,ポケカ前線,0,1,Spidops,0.609,23,Dudunsparce,dump0304
90033128,/Users/nickzwart/Downloads/03082026/90033128.json,DavidFreelan,0,1,Dudunsparce,0.518,83,Dudunsparce,dump0304
89922361,/Users/nickzwart/Downloads/03082026/89922361.json,wwwwwwwwwwwwwwwwwwwwwwwwwwwwww,0,1,Grimmsnarl,0.545,255,Dudunsparce,dump0304
89964297,/Users/nickzwart/Downloads/03082026/89964297.json,wwwwwwwwwwwwwwwwwwwwwwwwwwwwww,0,1,Spidops,0.545,255,Dudunsparce,dump0304
90031142,/Users/nickzwart/Downloads/03082026/90031142.json,Xiangyu Liu,1,1,Grimmsnarl,0.59,61,Dudunsparce,dump0304
90031841,/Users/nickzwart/Downloads/03082026/90031841.json,wwwwwwwwwwwwwwwwwwwwwwwwwwwwww,0,1,Alakazam,0.545,255,Dudunsparce,dump0304
89912153,/Users/nickzwart/Downloads/03082026/89912153.json,やる気元気ミワハルキ,1,1,Alakazam,0.624,678,Dudunsparce,dump0304
89831101,/Users/nickzwart/Downloads/03082026/89831101.json,やる気元気ミワハルキ,0,1,Grimmsnarl,0.624,678,Dudunsparce,dump0304
89849633,/Users/nickzwart/Downloads/03082026/89849633.json,やる気元気ミワハルキ,1,1,Dudunsparce,0.624,678,Dudunsparce,dump0304
89840107,/Users/nickzwart/Downloads/03082026/89840107.json,lmaffei,0,1,Grimmsnarl,0.404,99,Dudunsparce,dump0304
90006732,/Users/nickzwart/Downloads/03082026/90006732.json,やる気元気ミワハルキ,1,1,Grimmsnarl,0.624,678,Dudunsparce,dump0304
89887870,/Users/nickzwart/Downloads/03082026/89887870.json,ポケカ前線,0,1,Dudunsparce,0.609,23,Dudunsparce,dump0304
90014426,/Users/nickzwart/Downloads/03082026/90014426.json,やる気元気ミワハルキ,1,1,Meganium,0.624,678,Dudunsparce,dump0304
89969958,/Users/nickzwart/Downloads/03082026/89969958.json,wwwwwwwwwwwwwwwwwwwwwwwwwwwwww,1,1,Grimmsnarl,0.545,255,Dudunsparce,dump0304
89993593,/Users/nickzwart/Downloads/03082026/89993593.json,e-toppo + kurupical,0,1,Alakazam,0.431,65,Dudunsparce,dump0304
90016335,/Users/nickzwart/Downloads/03082026/90016335.json,やる気元気ミワハルキ,1,1,M-Lucario,0.624,678,Dudunsparce,dump0304
89914029,/Users/nickzwart/Downloads/03082026/89914029.json,やる気元気ミワハルキ,1,1,Alakazam,0.624,678,Dudunsparce,dump0304
90004723,/Users/nickzwart/Downloads/03082026/90004723.json,Xiangyu Liu,0,1,Grimmsnarl,0.59,61,Dudunsparce,dump0304
89950526,/Users/nickzwart/Downloads/03082026/89950526.json,sadwat,0,1,Grimmsnarl,0.642,81,Dudunsparce,dump0304
89985345,/Users/nickzwart/Downloads/03082026/89985345.json,Marshall Maximizer,0,1,Grimmsnarl,0.524,147,Dudunsparce,dump0304
89860421,/Users/nickzwart/Downloads/03082026/89860421.json,Marshall Maximizer,1,1,Meganium,0.524,147,Dudunsparce,dump0304
89879591,/Users/nickzwart/Downloads/03082026/89879591.json,やる気元気ミワハルキ,1,1,Dudunsparce,0.624,678,Dudunsparce,dump0304
89828434,/Users/nickzwart/Downloads/03082026/89828434.json,やる気元気ミワハルキ,0,1,Grimmsnarl,0.624,678,Dudunsparce,dump0304
89982341,/Users/nickzwart/Downloads/03082026/89982341.json,DavidFreelan,0,1,Meganium,0.518,83,Dudunsparce,dump0304
90023542,/Users/nickzwart/Downloads/03082026/90023542.json,wwwwwwwwwwwwwwwwwwwwwwwwwwwwww,1,1,Grimmsnarl,0.545,255,Dudunsparce,dump0304
89994503,/Users/nickzwart/Downloads/03082026/89994503.json,李秉叡（ntumlnoob）,1,1,Grimmsnarl,0.521,363,Dudunsparce,dump0304
90005489,/Users/nickzwart/Downloads/03082026/90005489.json,wwwwwwwwwwwwwwwwwwwwwwwwwwwwww,1,1,Grimmsnarl,0.545,255,Dudunsparce,dump0304
89828422,/Users/nickzwart/Downloads/03082026/89828422.json,やる気元気ミワハルキ,0,1,Grimmsnarl,0.624,678,Dudunsparce,dump0304
90031139,/Users/nickzwart/Downloads/03082026/90031139.json,wwwwwwwwwwwwwwwwwwwwwwwwwwwwww,0,1,Grimmsnarl,0.545,255,Dudunsparce,dump0304
89946149,/Users/nickzwart/Downloads/03082026/89946149.json,matsurih,0,1,Crustle,0.542,83,Dudunsparce,dump0304
90009916,/Users/nickzwart/Downloads/03082026/90009916.json,やる気元気ミワハルキ,0,1,Grimmsnarl,0.624,678,Dudunsparce,dump0304
89962154,/Users/nickzwart/Downloads/03082026/89962154.json,sadwat,0,1,Dragapult,0.642,81,Dudunsparce,dump0304
89841106,/Users/nickzwart/Downloads/03082026/89841106.json,Marshall Maximizer,1,1,Grimmsnarl,0.524,147,Dudunsparce,dump0304
90020285,/Users/nickzwart/Downloads/03082026/90020285.json,やる気元気ミワハルキ,1,1,Dipplin,0.624,678,Dudunsparce,dump0304
89969124,/Users/nickzwart/Downloads/03082026/89969124.json,Iolzpo + emonga,1,1,Alakazam,0.489,221,Dudunsparce,dump0304
89889157,/Users/nickzwart/Downloads/03082026/89889157.json,やる気元気ミワハルキ,0,1,Alakazam,0.624,678,Dudunsparce,dump0304
89841691,/Users/nickzwart/Downloads/03082026/89841691.json,Marshall Maximizer,0,1,Grimmsnarl,0.524,147,Dudunsparce,dump0304
90018982,/Users/nickzwart/Downloads/03082026/90018982.json,やる気元気ミワハルキ,1,1,Meganium,0.624,678,Dudunsparce,dump0304
90002176,/Users/nickzwart/Downloads/03082026/90002176.json,やる気元気ミワハルキ,0,1,Meganium,0.624,678,Dudunsparce,dump0304
89949985,/Users/nickzwart/Downloads/03082026/89949985.json,HCRL,0,1,Dudunsparce,0.514,105,Dudunsparce,dump0304
89969349,/Users/nickzwart/Downloads/03082026/89969349.json,wwwwwwwwwwwwwwwwwwwwwwwwwwwwww,1,1,Meganium,0.545,255,Dudunsparce,dump0304
89885437,/Users/nickzwart/Downloads/03082026/89885437.json,wwwwwwwwwwwwwwwwwwwwwwwwwwwwww,0,1,Grimmsnarl,0.545,255,Dudunsparce,dump0304
89943576,/Users/nickzwart/Downloads/03082026/89943576.json,matsurih,1,1,Grimmsnarl,0.542,83,Dudunsparce,dump0304
89914854,/Users/nickzwart/Downloads/03082026/89914854.json,wwwwwwwwwwwwwwwwwwwwwwwwwwwwww,1,1,Grimmsnarl,0.545,255,Dudunsparce,dump0304
89971954,/Users/nickzwart/Downloads/03082026/89971954.json,wwwwwwwwwwwwwwwwwwwwwwwwwwwwww,1,1,M-Kangaskhan,0.545,255,Dudunsparce,dump0304
90004763,/Users/nickzwart/Downloads/03082026/90004763.json,やる気元気ミワハルキ,0,1,Alakazam,0.624,678,Dudunsparce,dump0304
89855056,/Users/nickzwart/Downloads/03082026/89855056.json,Marshall Maximizer,0,1,Grimmsnarl,0.524,147,Dudunsparce,dump0304
89824945,/Users/nickzwart/Downloads/03082026/89824945.json,HCRL,0,1,Grimmsnarl,0.514,105,Dudunsparce,dump0304
89941731,/Users/nickzwart/Downloads/03082026/89941731.json,やる気元気ミワハルキ,1,1,Crustle,0.624,678,Dudunsparce,dump0304
89946735,/Users/nickzwart/Downloads/03082026/89946735.json,Xiangyu Liu,0,1,Grimmsnarl,0.59,61,Dudunsparce,dump0304
89944837,/Users/nickzwart/Downloads/03082026/89944837.json,HCRL,0,1,Alakazam,0.514,105,Dudunsparce,dump0304
90030338,/Users/nickzwart/Downloads/03082026/90030338.json,やる気元気ミワハルキ,0,1,Grimmsnarl,0.624,678,Dudunsparce,dump0304
89859223,/Users/nickzwart/Downloads/03082026/89859223.json,Marshall Maximizer,1,1,Grimmsnarl,0.524,147,Dudunsparce,dump0304
89948750,/Users/nickzwart/Downloads/03082026/89948750.json,Xiangyu Liu,1,1,Grimmsnarl,0.59,61,Dudunsparce,dump0304
89976317,/Users/nickzwart/Downloads/03082026/89976317.json,やる気元気ミワハルキ,0,1,Dragapult,0.624,678,Dudunsparce,dump0304
89939185,/Users/nickzwart/Downloads/03082026/89939185.json,matsurih,0,1,Meganium,0.542,83,Dudunsparce,dump0304
90013136,/Users/nickzwart/Downloads/03082026/90013136.json,やる気元気ミワハルキ,1,1,Meganium,0.624,678,Dudunsparce,dump0304
90006764,/Users/nickzwart/Downloads/03082026/90006764.json,wwwwwwwwwwwwwwwwwwwwwwwwwwwwww,1,1,Alakazam,0.545,255,Dudunsparce,dump0304
89879292,/Users/nickzwart/Downloads/03082026/89879292.json,DavidFreelan,1,1,Grimmsnarl,0.518,83,Dudunsparce,dump0304
89865198,/Users/nickzwart/Downloads/03082026/89865198.json,Marshall Maximizer,1,1,Meganium,0.524,147,Dudunsparce,dump0304
89821415,/Users/nickzwart/Downloads/03082026/89821415.json,insuperabilehart,0,1,Grimmsnarl,0.562,194,Dudunsparce,dump0304
89941025,/Users/nickzwart/Downloads/03082026/89941025.json,matsurih,0,1,Meganium,0.542,83,Dudunsparce,dump0304
89846251,/Users/nickzwart/Downloads/03082026/89846251.json,やる気元気ミワハルキ,0,1,Dipplin,0.624,678,Dudunsparce,dump0304
89879457,/Users/nickzwart/Downloads/03082026/89879457.json,やる気元気ミワハルキ,0,1,M-Lucario,0.624,678,Dudunsparce,dump0304
89852707,/Users/nickzwart/Downloads/03082026/89852707.json,想要成为kaggle大师,0,1,Alakazam,0.584,154,Dudunsparce,dump0304
89895270,/Users/nickzwart/Downloads/03082026/89895270.json,Pokémon Day Care,1,1,Meganium,0.5,10,Dudunsparce,dump0304
89883170,/Users/nickzwart/Downloads/03082026/89883170.json,想要成为kaggle大师,0,1,Alakazam,0.584,154,Dudunsparce,dump0304
89928014,/Users/nickzwart/Downloads/03082026/89928014.json,lmaffei,1,1,Grimmsnarl,0.404,99,Dudunsparce,dump0304
89980202,/Users/nickzwart/Downloads/03082026/89980202.json,Marshall Maximizer,0,1,Alakazam,0.524,147,Dudunsparce,dump0304
89901115,/Users/nickzwart/Downloads/03082026/89901115.json,lmaffei,1,1,Meganium,0.404,99,Dudunsparce,dump0304
90015083,/Users/nickzwart/Downloads/03082026/90015083.json,wwwwwwwwwwwwwwwwwwwwwwwwwwwwww,0,1,Dipplin,0.545,255,Dudunsparce,dump0304
90028342,/Users/nickzwart/Downloads/03082026/90028342.json,Shuhan Yang,0,1,M-Kangaskhan,0.4,75,Dudunsparce,dump0304
89980275,/Users/nickzwart/Downloads/03082026/89980275.json,e-toppo + kurupical,0,1,Grimmsnarl,0.431,65,Dudunsparce,dump0304
89874029,/Users/nickzwart/Downloads/03082026/89874029.json,Iolzpo + emonga,0,1,Crustle,0.489,221,Dudunsparce,dump0304
89920900,/Users/nickzwart/Downloads/03082026/89920900.json,やる気元気ミワハルキ,0,1,Grimmsnarl,0.624,678,Dudunsparce,dump0304
89861010,/Users/nickzwart/Downloads/03082026/89861010.json,Marshall Maximizer,1,1,M-Kangaskhan,0.524,147,Dudunsparce,dump0304
90003415,/Users/nickzwart/Downloads/03082026/90003415.json,Iolzpo + emonga,0,1,Grimmsnarl,0.489,221,Dudunsparce,dump0304
89884953,/Users/nickzwart/Downloads/03082026/89884953.json,やる気元気ミワハルキ,0,1,Crustle,0.624,678,Dudunsparce,dump0304
90010690,/Users/nickzwart/Downloads/03082026/90010690.json,李秉叡（ntumlnoob）,1,1,Dudunsparce,0.521,363,Dudunsparce,dump0304
89889727,/Users/nickzwart/Downloads/03082026/89889727.json,やる気元気ミワハルキ,1,1,Grimmsnarl,0.624,678,Dudunsparce,dump0304
90022077,/Users/nickzwart/Downloads/03082026/90022077.json,Iolzpo + emonga,0,1,Alakazam,0.489,221,Dudunsparce,dump0304
90010556,/Users/nickzwart/Downloads/03082026/90010556.json,やる気元気ミワハルキ,1,1,Meganium,0.624,678,Dudunsparce,dump0304
89822608,/Users/nickzwart/Downloads/03082026/89822608.json,ポケカ前線,0,1,Dudunsparce,0.609,23,Dudunsparce,dump0304
89871790,/Users/nickzwart/Downloads/03082026/89871790.json,Iolzpo + emonga,1,1,Grimmsnarl,0.489,221,Dudunsparce,dump0304
89999629,/Users/nickzwart/Downloads/03082026/89999629.json,やる気元気ミワハルキ,0,1,M-Kangaskhan,0.624,678,Dudunsparce,dump0304
89884379,/Users/nickzwart/Downloads/03082026/89884379.json,やる気元気ミワハルキ,0,1,Alakazam,0.624,678,Dudunsparce,dump0304
89947344,/Users/nickzwart/Downloads/03082026/89947344.json,HCRL,0,1,Grimmsnarl,0.514,105,Dudunsparce,dump0304
89944211,/Users/nickzwart/Downloads/03082026/89944211.json,matsurih,0,1,Grimmsnarl,0.542,83,Dudunsparce,dump0304
90022923,/Users/nickzwart/Downloads/03082026/90022923.json,李秉叡（ntumlnoob）,0,1,Grimmsnarl,0.521,363,Dudunsparce,dump0304
89942280,/Users/nickzwart/Downloads/03082026/89942280.json,matsurih,1,1,Grimmsnarl,0.542,83,Dudunsparce,dump0304
89923639,/Users/nickzwart/Downloads/03082026/89923639.json,insuperabilehart,1,1,Grimmsnarl,0.562,194,Dudunsparce,dump0304
90028285,/Users/nickzwart/Downloads/03082026/90028285.json,やる気元気ミワハルキ,0,1,M-Lucario,0.624,678,Dudunsparce,dump0304
90033133,/Users/nickzwart/Downloads/03082026/90033133.json,sadwat,0,1,Spidops,0.642,81,Dudunsparce,dump0304
89921556,/Users/nickzwart/Downloads/03082026/89921556.json,やる気元気ミワハルキ,0,1,Alakazam,0.624,678,Dudunsparce,dump0304
89896942,/Users/nickzwart/Downloads/03082026/89896942.json,DavidFreelan,0,1,Grimmsnarl,0.518,83,Dudunsparce,dump0304
89897650,/Users/nickzwart/Downloads/03082026/89897650.json,やる気元気ミワハルキ,0,1,Grimmsnarl,0.624,678,Dudunsparce,dump0304
90021677,/Users/nickzwart/Downloads/03082026/90021677.json,やる気元気ミワハルキ,1,1,Meganium,0.624,678,Dudunsparce,dump0304
89820137,/Users/nickzwart/Downloads/03082026/89820137.json,Iolzpo + emonga,1,1,Crustle,0.489,221,Dudunsparce,dump0304
89895790,/Users/nickzwart/Downloads/03082026/89895790.json,やる気元気ミワハルキ,1,1,Dragapult,0.624,678,Dudunsparce,dump0304
89845488,/Users/nickzwart/Downloads/03082026/89845488.json,想要成为kaggle大师,1,1,M-Lucario,0.584,154,Dudunsparce,dump0304
89848469,/Users/nickzwart/Downloads/03082026/89848469.json,Marshall Maximizer,0,1,Grimmsnarl,0.524,147,Dudunsparce,dump0304
89885456,/Users/nickzwart/Downloads/03082026/89885456.json,lmaffei,0,1,Grimmsnarl,0.404,99,Dudunsparce,dump0304
89820121,/Users/nickzwart/Downloads/03082026/89820121.json,やる気元気ミワハルキ,1,1,M-Kangaskhan,0.624,678,Dudunsparce,dump0304
89997066,/Users/nickzwart/Downloads/03082026/89997066.json,matsurih,0,1,Meganium,0.542,83,Dudunsparce,dump0304
89906664,/Users/nickzwart/Downloads/03082026/89906664.json,wwwwwwwwwwwwwwwwwwwwwwwwwwwwww,0,1,Grimmsnarl,0.545,255,Dudunsparce,dump0304
89819470,/Users/nickzwart/Downloads/03082026/89819470.json,やる気元気ミワハルキ,1,1,Crustle,0.624,678,Dudunsparce,dump0304
89989886,/Users/nickzwart/Downloads/03082026/89989886.json,sadwat,0,1,Grimmsnarl,0.642,81,Dudunsparce,dump0304
90026262,/Users/nickzwart/Downloads/03082026/90026262.json,やる気元気ミワハルキ,0,1,Grimmsnarl,0.624,678,Dudunsparce,dump0304
89932388,/Users/nickzwart/Downloads/03082026/89932388.json,やる気元気ミワハルキ,1,1,M-Lucario,0.624,678,Dudunsparce,dump0304
89922367,/Users/nickzwart/Downloads/03082026/89922367.json,ANDPAD kaggler team,0,1,Grimmsnarl,0.487,191,Dudunsparce,dump0304
89972715,/Users/nickzwart/Downloads/03082026/89972715.json,Xiangyu Liu,0,1,Grimmsnarl,0.59,61,Dudunsparce,dump0304
89839976,/Users/nickzwart/Downloads/03082026/89839976.json,想要成为kaggle大师,1,1,Grimmsnarl,0.584,154,Dudunsparce,dump0304
89969159,/Users/nickzwart/Downloads/03082026/89969159.json,Marshall Maximizer,0,1,Grimmsnarl,0.524,147,Dudunsparce,dump0304
90024891,/Users/nickzwart/Downloads/03082026/90024891.json,やる気元気ミワハルキ,0,1,Alakazam,0.624,678,Dudunsparce,dump0304
90029718,/Users/nickzwart/Downloads/03082026/90029718.json,wwwwwwwwwwwwwwwwwwwwwwwwwwwwww,1,1,Dipplin,0.545,255,Dudunsparce,dump0304
89955098,/Users/nickzwart/Downloads/03082026/89955098.json,Xiangyu Liu,1,1,Meganium,0.59,61,Dudunsparce,dump0304
89951872,/Users/nickzwart/Downloads/03082026/89951872.json,Xiangyu Liu,0,1,Meganium,0.59,61,Dudunsparce,dump0304
89929706,/Users/nickzwart/Downloads/03082026/89929706.json,e-toppo + kurupical,1,1,Crustle,0.431,65,Dudunsparce,dump0304
89819482,/Users/nickzwart/Downloads/03082026/89819482.json,Budew,0,1,M-Kangaskhan,0.636,33,Dudunsparce,dump0304
90007349,/Users/nickzwart/Downloads/03082026/90007349.json,やる気元気ミワハルキ,1,1,Grimmsnarl,0.624,678,Dudunsparce,dump0304
90037878,/Users/nickzwart/Downloads/03082026/90037878.json,wwwwwwwwwwwwwwwwwwwwwwwwwwwwww,0,1,Dudunsparce,0.545,255,Dudunsparce,dump0304
89963542,/Users/nickzwart/Downloads/03082026/89963542.json,wwwwwwwwwwwwwwwwwwwwwwwwwwwwww,0,1,Meganium,0.545,255,Dudunsparce,dump0304
89971292,/Users/nickzwart/Downloads/03082026/89971292.json,wwwwwwwwwwwwwwwwwwwwwwwwwwwwww,0,1,Grimmsnarl,0.545,255,Dudunsparce,dump0304
89853347,/Users/nickzwart/Downloads/03082026/89853347.json,Budew,0,1,Grimmsnarl,0.636,33,Dudunsparce,dump0304
89934636,/Users/nickzwart/Downloads/03082026/89934636.json,Xiangyu Liu,0,1,Meganium,0.59,61,Dudunsparce,dump0304
89886820,/Users/nickzwart/Downloads/03082026/89886820.json,insuperabilehart,1,1,Dudunsparce,0.562,194,Dudunsparce,dump0304
89983540,/Users/nickzwart/Downloads/03082026/89983540.json,Marshall Maximizer,1,1,Dipplin,0.524,147,Dudunsparce,dump0304
90024782,/Users/nickzwart/Downloads/03082026/90024782.json,DavidFreelan,0,1,Grimmsnarl,0.518,83,Dudunsparce,dump0304
89929854,/Users/nickzwart/Downloads/03082026/89929854.json,wwwwwwwwwwwwwwwwwwwwwwwwwwwwww,0,1,Dipplin,0.545,255,Dudunsparce,dump0304
89891648,/Users/nickzwart/Downloads/03082026/89891648.json,やる気元気ミワハルキ,1,1,Grimmsnarl,0.624,678,Dudunsparce,dump0304
89835304,/Users/nickzwart/Downloads/03082026/89835304.json,Budew,0,1,Grimmsnarl,0.636,33,Dudunsparce,dump0304
89980157,/Users/nickzwart/Downloads/03082026/89980157.json,HCRL,1,1,Alakazam,0.514,105,Dudunsparce,dump0304
89891561,/Users/nickzwart/Downloads/03082026/89891561.json,やる気元気ミワハルキ,0,1,Alakazam,0.624,678,Dudunsparce,dump0304
89853214,/Users/nickzwart/Downloads/03082026/89853214.json,やる気元気ミワハルキ,0,1,M-Lucario,0.624,678,Dudunsparce,dump0304
90017666,/Users/nickzwart/Downloads/03082026/90017666.json,李秉叡（ntumlnoob）,1,1,Grimmsnarl,0.521,363,Dudunsparce,dump0304
89833136,/Users/nickzwart/Downloads/03082026/89833136.json,やる気元気ミワハルキ,0,1,M-Lucario,0.624,678,Dudunsparce,dump0304
90029651,/Users/nickzwart/Downloads/03082026/90029651.json,やる気元気ミワハルキ,1,1,Dragapult,0.624,678,Dudunsparce,dump0304
89957103,/Users/nickzwart/Downloads/03082026/89957103.json,Xiangyu Liu,0,1,Grimmsnarl,0.59,61,Dudunsparce,dump0304
89907571,/Users/nickzwart/Downloads/03082026/89907571.json,李秉叡（ntumlnoob）,1,1,Spidops,0.521,363,Dudunsparce,dump0304
90006692,/Users/nickzwart/Downloads/03082026/90006692.json,やる気元気ミワハルキ,1,1,M-Lucario,0.624,678,Dudunsparce,dump0304
90037065,/Users/nickzwart/Downloads/03082026/90037065.json,Marshall Maximizer,1,1,Dipplin,0.524,147,Dudunsparce,dump0304
89982808,/Users/nickzwart/Downloads/03082026/89982808.json,HCRL,0,1,Dudunsparce,0.514,105,Dudunsparce,dump0304
90024188,/Users/nickzwart/Downloads/03082026/90024188.json,やる気元気ミワハルキ,0,1,Crustle,0.624,678,Dudunsparce,dump0304
89911558,/Users/nickzwart/Downloads/03082026/89911558.json,やる気元気ミワハルキ,1,1,Dipplin,0.624,678,Dudunsparce,dump0304
89892510,/Users/nickzwart/Downloads/03082026/89892510.json,Iolzpo + emonga,0,1,Spidops,0.489,221,Dudunsparce,dump0304
90042427,/Users/nickzwart/Downloads/03082026/90042427.json,JB Bryant,0,1,Grimmsnarl,0.489,45,Dudunsparce,dump0304
89938567,/Users/nickzwart/Downloads/03082026/89938567.json,やる気元気ミワハルキ,0,1,Meganium,0.624,678,Dudunsparce,dump0304
89854524,/Users/nickzwart/Downloads/03082026/89854524.json,Iolzpo + emonga,0,1,Alakazam,0.489,221,Dudunsparce,dump0304
89834626,/Users/nickzwart/Downloads/03082026/89834626.json,Marshall Maximizer,0,1,Grimmsnarl,0.524,147,Dudunsparce,dump0304
90011252,/Users/nickzwart/Downloads/03082026/90011252.json,wwwwwwwwwwwwwwwwwwwwwwwwwwwwww,0,1,Grimmsnarl,0.545,255,Dudunsparce,dump0304
89886744,/Users/nickzwart/Downloads/03082026/89886744.json,やる気元気ミワハルキ,1,1,Dudunsparce,0.624,678,Dudunsparce,dump0304
90005568,/Users/nickzwart/Downloads/03082026/90005568.json,やる気元気ミワハルキ,1,1,Alakazam,0.624,678,Dudunsparce,dump0304
90011878,/Users/nickzwart/Downloads/03082026/90011878.json,wwwwwwwwwwwwwwwwwwwwwwwwwwwwww,0,1,Grimmsnarl,0.545,255,Dudunsparce,dump0304
90020299,/Users/nickzwart/Downloads/03082026/90020299.json,李秉叡（ntumlnoob）,0,1,Alakazam,0.521,363,Dudunsparce,dump0304
89883680,/Users/nickzwart/Downloads/03082026/89883680.json,やる気元気ミワハルキ,0,1,Grimmsnarl,0.624,678,Dudunsparce,dump0304
89901870,/Users/nickzwart/Downloads/03082026/89901870.json,lmaffei,0,1,Meganium,0.404,99,Dudunsparce,dump0304
90031871,/Users/nickzwart/Downloads/03082026/90031871.json,wwwwwwwwwwwwwwwwwwwwwwwwwwwwww,1,1,Grimmsnarl,0.545,255,Dudunsparce,dump0304
89934143,/Users/nickzwart/Downloads/03082026/89934143.json,やる気元気ミワハルキ,1,1,Alakazam,0.624,678,Dudunsparce,dump0304
89953584,/Users/nickzwart/Downloads/03082026/89953584.json,DavidFreelan,0,1,Grimmsnarl,0.518,83,Dudunsparce,dump0304
89870610,/Users/nickzwart/Downloads/03082026/89870610.json,insuperabilehart,0,1,Meganium,0.562,194,Dudunsparce,dump0304
90029000,/Users/nickzwart/Downloads/03082026/90029000.json,やる気元気ミワハルキ,0,1,Dragapult,0.624,678,Dudunsparce,dump0304
89921068,/Users/nickzwart/Downloads/03082026/89921068.json,wwwwwwwwwwwwwwwwwwwwwwwwwwwwww,1,1,M-Kangaskhan,0.545,255,Dudunsparce,dump0304
90022359,/Users/nickzwart/Downloads/03082026/90022359.json,やる気元気ミワハルキ,0,1,Crustle,0.624,678,Dudunsparce,dump0304
90008462,/Users/nickzwart/Downloads/03082026/90008462.json,Shuhan Yang,1,1,Meganium,0.4,75,Dudunsparce,dump0304
90039915,/Users/nickzwart/Downloads/03082026/90039915.json,DavidFreelan,0,1,Dragapult,0.518,83,Dudunsparce,dump0304
89856221,/Users/nickzwart/Downloads/03082026/89856221.json,Marshall Maximizer,0,1,M-Kangaskhan,0.524,147,Dudunsparce,dump0304
90015712,/Users/nickzwart/Downloads/03082026/90015712.json,李秉叡（ntumlnoob）,0,1,Dudunsparce,0.521,363,Dudunsparce,dump0304
90016352,/Users/nickzwart/Downloads/03082026/90016352.json,やる気元気ミワハルキ,1,1,Dragapult,0.624,678,Dudunsparce,dump0304
89852665,/Users/nickzwart/Downloads/03082026/89852665.json,Marshall Maximizer,0,1,Cynthia-Garchomp,0.524,147,Dudunsparce,dump0304
89919806,/Users/nickzwart/Downloads/03082026/89919806.json,wwwwwwwwwwwwwwwwwwwwwwwwwwwwww,0,1,Dudunsparce,0.545,255,Dudunsparce,dump0304
90040026,/Users/nickzwart/Downloads/03082026/90040026.json,sadwat,0,1,Crustle,0.642,81,Dudunsparce,dump0304
89982167,/Users/nickzwart/Downloads/03082026/89982167.json,Marshall Maximizer,1,1,Dudunsparce,0.524,147,Dudunsparce,dump0304
89909368,/Users/nickzwart/Downloads/03082026/89909368.json,insuperabilehart,0,1,Crustle,0.562,194,Dudunsparce,dump0304
89847827,/Users/nickzwart/Downloads/03082026/89847827.json,sadwat,1,1,Alakazam,0.642,81,Dudunsparce,dump0304
90028313,/Users/nickzwart/Downloads/03082026/90028313.json,Iolzpo + emonga,0,1,Grimmsnarl,0.489,221,Dudunsparce,dump0304
89886138,/Users/nickzwart/Downloads/03082026/89886138.json,やる気元気ミワハルキ,1,1,Meganium,0.624,678,Dudunsparce,dump0304
89864582,/Users/nickzwart/Downloads/03082026/89864582.json,Marshall Maximizer,1,1,Dudunsparce,0.524,147,Dudunsparce,dump0304
89838215,/Users/nickzwart/Downloads/03082026/89838215.json,Iolzpo + emonga,1,1,Dragapult,0.489,221,Dudunsparce,dump0304
90035167,/Users/nickzwart/Downloads/03082026/90035167.json,wwwwwwwwwwwwwwwwwwwwwwwwwwwwww,0,1,Meganium,0.545,255,Dudunsparce,dump0304
89849069,/Users/nickzwart/Downloads/03082026/89849069.json,Marshall Maximizer,0,1,M-Kangaskhan,0.524,147,Dudunsparce,dump0304
90028305,/Users/nickzwart/Downloads/03082026/90028305.json,やる気元気ミワハルキ,0,1,Dragapult,0.624,678,Dudunsparce,dump0304
89886657,/Users/nickzwart/Downloads/03082026/89886657.json,DavidFreelan,1,1,Dudunsparce,0.518,83,Dudunsparce,dump0304
89958408,/Users/nickzwart/Downloads/03082026/89958408.json,lmaffei,1,1,Crustle,0.404,99,Dudunsparce,dump0304
90017692,/Users/nickzwart/Downloads/03082026/90017692.json,Iolzpo + emonga,0,1,Meganium,0.489,221,Dudunsparce,dump0304
89988439,/Users/nickzwart/Downloads/03082026/89988439.json,wwwwwwwwwwwwwwwwwwwwwwwwwwwwww,1,1,Meganium,0.545,255,Dudunsparce,dump0304
90037176,/Users/nickzwart/Downloads/03082026/90037176.json,matsurih,1,1,Spidops,0.542,83,Dudunsparce,dump0304
90008635,/Users/nickzwart/Downloads/03082026/90008635.json,やる気元気ミワハルキ,0,1,Grimmsnarl,0.624,678,Dudunsparce,dump0304
89849100,/Users/nickzwart/Downloads/03082026/89849100.json,想要成为kaggle大师,0,1,Dragapult,0.584,154,Dudunsparce,dump0304
90022231,/Users/nickzwart/Downloads/03082026/90022231.json,wwwwwwwwwwwwwwwwwwwwwwwwwwwwww,0,1,Cynthia-Garchomp,0.545,255,Dudunsparce,dump0304
89890193,/Users/nickzwart/Downloads/03082026/89890193.json,insuperabilehart,1,1,Alakazam,0.562,194,Dudunsparce,dump0304
90017606,/Users/nickzwart/Downloads/03082026/90017606.json,Iolzpo + emonga,0,1,Alakazam,0.489,221,Dudunsparce,dump0304
89892792,/Users/nickzwart/Downloads/03082026/89892792.json,やる気元気ミワハルキ,1,1,M-Kangaskhan,0.624,678,Dudunsparce,dump0304
90024189,/Users/nickzwart/Downloads/03082026/90024189.json,李秉叡（ntumlnoob）,1,1,Dudunsparce,0.521,363,Dudunsparce,dump0304
90043775,/Users/nickzwart/Downloads/03082026/90043775.json,Rmy,0,1,Grimmsnarl,0.42,69,Dudunsparce,dump0304
89894611,/Users/nickzwart/Downloads/03082026/89894611.json,やる気元気ミワハルキ,1,1,Spidops,0.624,678,Dudunsparce,dump0304
89942245,/Users/nickzwart/Downloads/03082026/89942245.json,HCRL,1,1,Meganium,0.514,105,Dudunsparce,dump0304
89935417,/Users/nickzwart/Downloads/03082026/89935417.json,e-toppo + kurupical,1,1,Grimmsnarl,0.431,65,Dudunsparce,dump0304
89824867,/Users/nickzwart/Downloads/03082026/89824867.json,やる気元気ミワハルキ,0,1,Crustle,0.624,678,Dudunsparce,dump0304
89947401,/Users/nickzwart/Downloads/03082026/89947401.json,Xiangyu Liu,1,1,Alakazam,0.59,61,Dudunsparce,dump0304
89871201,/Users/nickzwart/Downloads/03082026/89871201.json,やる気元気ミワハルキ,0,1,Crustle,0.624,678,Dudunsparce,dump0304
90020922,/Users/nickzwart/Downloads/03082026/90020922.json,やる気元気ミワハルキ,0,1,Dragapult,0.624,678,Dudunsparce,dump0304
89840622,/Users/nickzwart/Downloads/03082026/89840622.json,Marshall Maximizer,0,1,Grimmsnarl,0.524,147,Dudunsparce,dump0304
89846125,/Users/nickzwart/Downloads/03082026/89846125.json,想要成为kaggle大师,0,1,Dudunsparce,0.584,154,Dudunsparce,dump0304
89995773,/Users/nickzwart/Downloads/03082026/89995773.json,やる気元気ミワハルキ,1,1,M-Kangaskhan,0.624,678,Dudunsparce,dump0304
89912894,/Users/nickzwart/Downloads/03082026/89912894.json,ANDPAD kaggler team,1,1,Grimmsnarl,0.487,191,Dudunsparce,dump0304
89853350,/Users/nickzwart/Downloads/03082026/89853350.json,想要成为kaggle大师,1,1,Grimmsnarl,0.584,154,Dudunsparce,dump0304
89833052,/Users/nickzwart/Downloads/03082026/89833052.json,Iolzpo + emonga,0,1,Alakazam,0.489,221,Dudunsparce,dump0304
89932872,/Users/nickzwart/Downloads/03082026/89932872.json,やる気元気ミワハルキ,0,1,Alakazam,0.624,678,Dudunsparce,dump0304
89844180,/Users/nickzwart/Downloads/03082026/89844180.json,insuperabilehart,0,1,Dudunsparce,0.562,194,Dudunsparce,dump0304
89994953,/Users/nickzwart/Downloads/03082026/89994953.json,李秉叡（ntumlnoob）,0,1,Grimmsnarl,0.521,363,Dudunsparce,dump0304
89824282,/Users/nickzwart/Downloads/03082026/89824282.json,やる気元気ミワハルキ,1,1,Dudunsparce,0.624,678,Dudunsparce,dump0304
90000264,/Users/nickzwart/Downloads/03082026/90000264.json,やる気元気ミワハルキ,1,1,Grimmsnarl,0.624,678,Dudunsparce,dump0304
90043128,/Users/nickzwart/Downloads/03082026/90043128.json,JB Bryant,1,1,Alakazam,0.489,45,Dudunsparce,dump0304
89881167,/Users/nickzwart/Downloads/03082026/89881167.json,DavidFreelan,0,1,Grimmsnarl,0.518,83,Dudunsparce,dump0304
90021702,/Users/nickzwart/Downloads/03082026/90021702.json,李秉叡（ntumlnoob）,1,1,Alakazam,0.521,363,Dudunsparce,dump0304
89987152,/Users/nickzwart/Downloads/03082026/89987152.json,Iolzpo + emonga,0,1,Grimmsnarl,0.489,221,Dudunsparce,dump0304
89917784,/Users/nickzwart/Downloads/03082026/89917784.json,やる気元気ミワハルキ,0,1,Cynthia-Garchomp,0.624,678,Dudunsparce,dump0304
89932833,/Users/nickzwart/Downloads/03082026/89932833.json,matsurih,1,1,Crustle,0.542,83,Dudunsparce,dump0304
89991993,/Users/nickzwart/Downloads/03082026/89991993.json,wwwwwwwwwwwwwwwwwwwwwwwwwwwwww,0,1,Alakazam,0.545,255,Dudunsparce,dump0304
90035887,/Users/nickzwart/Downloads/03082026/90035887.json,wwwwwwwwwwwwwwwwwwwwwwwwwwwwww,1,1,M-Kangaskhan,0.545,255,Dudunsparce,dump0304
90018300,/Users/nickzwart/Downloads/03082026/90018300.json,やる気元気ミワハルキ,0,1,M-Kangaskhan,0.624,678,Dudunsparce,dump0304
90033115,/Users/nickzwart/Downloads/03082026/90033115.json,wwwwwwwwwwwwwwwwwwwwwwwwwwwwww,1,1,Dragapult,0.545,255,Dudunsparce,dump0304
89912928,/Users/nickzwart/Downloads/03082026/89912928.json,wwwwwwwwwwwwwwwwwwwwwwwwwwwwww,0,1,Dudunsparce,0.545,255,Dudunsparce,dump0304
89835190,/Users/nickzwart/Downloads/03082026/89835190.json,Marshall Maximizer,0,1,Dipplin,0.524,147,Dudunsparce,dump0304
90015709,/Users/nickzwart/Downloads/03082026/90015709.json,やる気元気ミワハルキ,0,1,Dragapult,0.624,678,Dudunsparce,dump0304
89966556,/Users/nickzwart/Downloads/03082026/89966556.json,やる気元気ミワハルキ,0,1,Grimmsnarl,0.624,678,Dudunsparce,dump0304
89900780,/Users/nickzwart/Downloads/03082026/89900780.json,やる気元気ミワハルキ,1,1,Dipplin,0.624,678,Dudunsparce,dump0304
90008642,/Users/nickzwart/Downloads/03082026/90008642.json,wwwwwwwwwwwwwwwwwwwwwwwwwwwwww,0,1,Grimmsnarl,0.545,255,Dudunsparce,dump0304
90015070,/Users/nickzwart/Downloads/03082026/90015070.json,やる気元気ミワハルキ,0,1,Dragapult,0.624,678,Dudunsparce,dump0304
89986647,/Users/nickzwart/Downloads/03082026/89986647.json,Iolzpo + emonga,0,1,Alakazam,0.489,221,Dudunsparce,dump0304
89987955,/Users/nickzwart/Downloads/03082026/89987955.json,やる気元気ミワハルキ,1,1,Dragapult,0.624,678,Dudunsparce,dump0304
90018455,/Users/nickzwart/Downloads/03082026/90018455.json,wwwwwwwwwwwwwwwwwwwwwwwwwwwwww,0,1,M-Kangaskhan,0.545,255,Dudunsparce,dump0304
90027746,/Users/nickzwart/Downloads/03082026/90027746.json,wwwwwwwwwwwwwwwwwwwwwwwwwwwwww,1,1,Crustle,0.545,255,Dudunsparce,dump0304
90034490,/Users/nickzwart/Downloads/03082026/90034490.json,wwwwwwwwwwwwwwwwwwwwwwwwwwwwww,1,1,Grimmsnarl,0.545,255,Dudunsparce,dump0304
89935289,/Users/nickzwart/Downloads/03082026/89935289.json,matsurih,0,1,Grimmsnarl,0.542,83,Dudunsparce,dump0304
90035844,/Users/nickzwart/Downloads/03082026/90035844.json,李秉叡（ntumlnoob）,1,1,Dudunsparce,0.521,363,Dudunsparce,dump0304
89923424,/Users/nickzwart/Downloads/03082026/89923424.json,やる気元気ミワハルキ,0,1,Grimmsnarl,0.624,678,Dudunsparce,dump0304
90005908,/Users/nickzwart/Downloads/03082026/90005908.json,Iolzpo + emonga,1,1,Grimmsnarl,0.489,221,Dudunsparce,dump0304
89973001,/Users/nickzwart/Downloads/03082026/89973001.json,wwwwwwwwwwwwwwwwwwwwwwwwwwwwww,0,1,Grimmsnarl,0.545,255,Dudunsparce,dump0304
90014421,/Users/nickzwart/Downloads/03082026/90014421.json,やる気元気ミワハルキ,1,1,Grimmsnarl,0.624,678,Dudunsparce,dump0304
90015725,/Users/nickzwart/Downloads/03082026/90015725.json,wwwwwwwwwwwwwwwwwwwwwwwwwwwwww,1,1,Dragapult,0.545,255,Dudunsparce,dump0304
89819483,/Users/nickzwart/Downloads/03082026/89819483.json,insuperabilehart,1,1,Grimmsnarl,0.562,194,Dudunsparce,dump0304
89887932,/Users/nickzwart/Downloads/03082026/89887932.json,やる気元気ミワハルキ,1,1,Dipplin,0.624,678,Dudunsparce,dump0304
90020938,/Users/nickzwart/Downloads/03082026/90020938.json,wwwwwwwwwwwwwwwwwwwwwwwwwwwwww,1,1,Meganium,0.545,255,Dudunsparce,dump0304
89946123,/Users/nickzwart/Downloads/03082026/89946123.json,HCRL,1,1,Meganium,0.514,105,Dudunsparce,dump0304
90000927,/Users/nickzwart/Downloads/03082026/90000927.json,sadwat,0,1,Grimmsnarl,0.642,81,Dudunsparce,dump0304
89945575,/Users/nickzwart/Downloads/03082026/89945575.json,やる気元気ミワハルキ,0,1,M-Lucario,0.624,678,Dudunsparce,dump0304
89910539,/Users/nickzwart/Downloads/03082026/89910539.json,Iolzpo + emonga,0,1,Alakazam,0.489,221,Dudunsparce,dump0304
89893967,/Users/nickzwart/Downloads/03082026/89893967.json,DavidFreelan,1,1,Grimmsnarl,0.518,83,Dudunsparce,dump0304
90027642,/Users/nickzwart/Downloads/03082026/90027642.json,やる気元気ミワハルキ,1,1,Grimmsnarl,0.624,678,Dudunsparce,dump0304
89875167,/Users/nickzwart/Downloads/03082026/89875167.json,DavidFreelan,0,1,Grimmsnarl,0.518,83,Dudunsparce,dump0304
89846742,/Users/nickzwart/Downloads/03082026/89846742.json,想要成为kaggle大师,1,1,Crustle,0.584,154,Dudunsparce,dump0304
89879001,/Users/nickzwart/Downloads/03082026/89879001.json,やる気元気ミワハルキ,0,1,Alakazam,0.624,678,Dudunsparce,dump0304
89976307,/Users/nickzwart/Downloads/03082026/89976307.json,Marshall Maximizer,1,1,M-Kangaskhan,0.524,147,Dudunsparce,dump0304
89975878,/Users/nickzwart/Downloads/03082026/89975878.json,wwwwwwwwwwwwwwwwwwwwwwwwwwwwww,0,1,Meganium,0.545,255,Dudunsparce,dump0304
89822511,/Users/nickzwart/Downloads/03082026/89822511.json,やる気元気ミワハルキ,1,1,Crustle,0.624,678,Dudunsparce,dump0304
89850291,/Users/nickzwart/Downloads/03082026/89850291.json,やる気元気ミワハルキ,1,1,Dragapult,0.624,678,Dudunsparce,dump0304
90013126,/Users/nickzwart/Downloads/03082026/90013126.json,やる気元気ミワハルキ,0,1,Dudunsparce,0.624,678,Dudunsparce,dump0304
90037183,/Users/nickzwart/Downloads/03082026/90037183.json,wwwwwwwwwwwwwwwwwwwwwwwwwwwwww,0,1,M-Kangaskhan,0.545,255,Dudunsparce,dump0304
89618708,/Users/nickzwart/Downloads/04082026/89618708.json,MissingNo.,0,1,Grimmsnarl,0.574,263,Dudunsparce,dump0304
89658053,/Users/nickzwart/Downloads/04082026/89658053.json,Iolzpo + emonga,1,1,Spidops,0.489,221,Dudunsparce,dump0304
89803664,/Users/nickzwart/Downloads/04082026/89803664.json,やる気元気ミワハルキ,1,1,Crustle,0.624,678,Dudunsparce,dump0304
89818881,/Users/nickzwart/Downloads/04082026/89818881.json,Iolzpo + emonga,0,1,Dudunsparce,0.489,221,Dudunsparce,dump0304
89709447,/Users/nickzwart/Downloads/04082026/89709447.json,Iolzpo + emonga,1,1,Grimmsnarl,0.489,221,Dudunsparce,dump0304
89651730,/Users/nickzwart/Downloads/04082026/89651730.json,sadwat,1,1,Meganium,0.642,81,Dudunsparce,dump0304
89665795,/Users/nickzwart/Downloads/04082026/89665795.json,Shuhan Yang,0,1,Crustle,0.4,75,Dudunsparce,dump0304
89687006,/Users/nickzwart/Downloads/04082026/89687006.json,宝糕手,1,1,Grimmsnarl,0.432,44,Dudunsparce,dump0304
89706136,/Users/nickzwart/Downloads/04082026/89706136.json,Iolzpo + emonga,1,1,Crustle,0.489,221,Dudunsparce,dump0304
89817109,/Users/nickzwart/Downloads/04082026/89817109.json,やる気元気ミワハルキ,1,1,Dipplin,0.624,678,Dudunsparce,dump0304
89806061,/Users/nickzwart/Downloads/04082026/89806061.json,やる気元気ミワハルキ,0,1,Grimmsnarl,0.624,678,Dudunsparce,dump0304
89806124,/Users/nickzwart/Downloads/04082026/89806124.json,Iolzpo + emonga,0,1,Grimmsnarl,0.489,221,Dudunsparce,dump0304
89768945,/Users/nickzwart/Downloads/04082026/89768945.json,Iolzpo + emonga,0,1,Grimmsnarl,0.489,221,Dudunsparce,dump0304
89632137,/Users/nickzwart/Downloads/04082026/89632137.json,MissingNo.,0,1,Dipplin,0.574,263,Dudunsparce,dump0304
89796426,/Users/nickzwart/Downloads/04082026/89796426.json,やる気元気ミワハルキ,1,1,Grimmsnarl,0.624,678,Dudunsparce,dump0304
89655509,/Users/nickzwart/Downloads/04082026/89655509.json,Shuhan Yang,1,1,Grimmsnarl,0.4,75,Dudunsparce,dump0304
89685304,/Users/nickzwart/Downloads/04082026/89685304.json,sadwat,0,1,Spidops,0.642,81,Dudunsparce,dump0304
89692091,/Users/nickzwart/Downloads/04082026/89692091.json,DON,0,1,Crustle,0.531,49,Dudunsparce,dump0304
89815933,/Users/nickzwart/Downloads/04082026/89815933.json,やる気元気ミワハルキ,1,1,Grimmsnarl,0.624,678,Dudunsparce,dump0304
89801835,/Users/nickzwart/Downloads/04082026/89801835.json,やる気元気ミワハルキ,0,1,Crustle,0.624,678,Dudunsparce,dump0304
89748777,/Users/nickzwart/Downloads/04082026/89748777.json,lmaffei,1,1,Meganium,0.404,99,Dudunsparce,dump0304
89633788,/Users/nickzwart/Downloads/04082026/89633788.json,Iolzpo + emonga,0,1,Meganium,0.489,221,Dudunsparce,dump0304
89807830,/Users/nickzwart/Downloads/04082026/89807830.json,やる気元気ミワハルキ,0,1,M-Lucario,0.624,678,Dudunsparce,dump0304
89810475,/Users/nickzwart/Downloads/04082026/89810475.json,insuperabilehart,1,1,Dragapult,0.562,194,Dudunsparce,dump0304
89634962,/Users/nickzwart/Downloads/04082026/89634962.json,MissingNo.,0,1,Grimmsnarl,0.574,263,Dudunsparce,dump0304
89710076,/Users/nickzwart/Downloads/04082026/89710076.json,やる気元気ミワハルキ,1,1,M-Kangaskhan,0.624,678,Dudunsparce,dump0304
89681795,/Users/nickzwart/Downloads/04082026/89681795.json,Shuhan Yang,1,1,Grimmsnarl,0.4,75,Dudunsparce,dump0304
89680645,/Users/nickzwart/Downloads/04082026/89680645.json,DON,0,1,Grimmsnarl,0.531,49,Dudunsparce,dump0304
89816108,/Users/nickzwart/Downloads/04082026/89816108.json,insuperabilehart,1,1,Dragapult,0.562,194,Dudunsparce,dump0304
89670387,/Users/nickzwart/Downloads/04082026/89670387.json,MissingNo.,1,1,Dudunsparce,0.574,263,Dudunsparce,dump0304
89623268,/Users/nickzwart/Downloads/04082026/89623268.json,Iolzpo + emonga,1,1,Grimmsnarl,0.489,221,Dudunsparce,dump0304
89751370,/Users/nickzwart/Downloads/04082026/89751370.json,Shuhan Yang,1,1,Alakazam,0.4,75,Dudunsparce,dump0304
89617222,/Users/nickzwart/Downloads/04082026/89617222.json,Iolzpo + emonga,0,1,Crustle,0.489,221,Dudunsparce,dump0304
89652844,/Users/nickzwart/Downloads/04082026/89652844.json,sadwat,0,1,Grimmsnarl,0.642,81,Dudunsparce,dump0304
89714015,/Users/nickzwart/Downloads/04082026/89714015.json,DON,1,1,Grimmsnarl,0.531,49,Dudunsparce,dump0304
89619816,/Users/nickzwart/Downloads/04082026/89619816.json,MissingNo.,1,1,Crustle,0.574,263,Dudunsparce,dump0304
89811593,/Users/nickzwart/Downloads/04082026/89811593.json,やる気元気ミワハルキ,0,1,Alakazam,0.624,678,Dudunsparce,dump0304
89708935,/Users/nickzwart/Downloads/04082026/89708935.json,やる気元気ミワハルキ,1,1,Grimmsnarl,0.624,678,Dudunsparce,dump0304
89817851,/Users/nickzwart/Downloads/04082026/89817851.json,Iolzpo + emonga,1,1,Meganium,0.489,221,Dudunsparce,dump0304
89685826,/Users/nickzwart/Downloads/04082026/89685826.json,Iolzpo + emonga,1,1,Meganium,0.489,221,Dudunsparce,dump0304
89785990,/Users/nickzwart/Downloads/04082026/89785990.json,insuperabilehart,0,1,Grimmsnarl,0.562,194,Dudunsparce,dump0304
89681131,/Users/nickzwart/Downloads/04082026/89681131.json,insuperabilehart,1,1,Grimmsnarl,0.562,194,Dudunsparce,dump0304
89660827,/Users/nickzwart/Downloads/04082026/89660827.json,sadwat,1,1,Grimmsnarl,0.642,81,Dudunsparce,dump0304
89720008,/Users/nickzwart/Downloads/04082026/89720008.json,Budew,0,1,Grimmsnarl,0.636,33,Dudunsparce,dump0304
89804945,/Users/nickzwart/Downloads/04082026/89804945.json,HCRL,1,1,Meganium,0.514,105,Dudunsparce,dump0304
89706655,/Users/nickzwart/Downloads/04082026/89706655.json,やる気元気ミワハルキ,1,1,Dudunsparce,0.624,678,Dudunsparce,dump0304
89669190,/Users/nickzwart/Downloads/04082026/89669190.json,李秉叡（ntumlnoob）,0,1,Alakazam,0.521,363,Dudunsparce,dump0304
89666320,/Users/nickzwart/Downloads/04082026/89666320.json,DON,0,1,Alakazam,0.531,49,Dudunsparce,dump0304
89691432,/Users/nickzwart/Downloads/04082026/89691432.json,insuperabilehart,0,1,Grimmsnarl,0.562,194,Dudunsparce,dump0304
89784801,/Users/nickzwart/Downloads/04082026/89784801.json,insuperabilehart,0,1,Grimmsnarl,0.562,194,Dudunsparce,dump0304
89696066,/Users/nickzwart/Downloads/04082026/89696066.json,lmaffei,1,1,Meganium,0.404,99,Dudunsparce,dump0304
89814154,/Users/nickzwart/Downloads/04082026/89814154.json,insuperabilehart,0,1,Dragapult,0.562,194,Dudunsparce,dump0304
89665367,/Users/nickzwart/Downloads/04082026/89665367.json,想要成为kaggle大师,1,1,Grimmsnarl,0.584,154,Dudunsparce,dump0304
89646885,/Users/nickzwart/Downloads/04082026/89646885.json,lmaffei,1,1,Grimmsnarl,0.404,99,Dudunsparce,dump0304
89815944,/Users/nickzwart/Downloads/04082026/89815944.json,Iolzpo + emonga,1,1,Alakazam,0.489,221,Dudunsparce,dump0304
89695373,/Users/nickzwart/Downloads/04082026/89695373.json,宝糕手,1,1,Grimmsnarl,0.432,44,Dudunsparce,dump0304
89713569,/Users/nickzwart/Downloads/04082026/89713569.json,やる気元気ミワハルキ,0,1,Grimmsnarl,0.624,678,Dudunsparce,dump0304
89805339,/Users/nickzwart/Downloads/04082026/89805339.json,Iolzpo + emonga,1,1,Grimmsnarl,0.489,221,Dudunsparce,dump0304
89796001,/Users/nickzwart/Downloads/04082026/89796001.json,HCRL,1,1,Grimmsnarl,0.514,105,Dudunsparce,dump0304
89724476,/Users/nickzwart/Downloads/04082026/89724476.json,sadwat,0,1,Grimmsnarl,0.642,81,Dudunsparce,dump0304
89709522,/Users/nickzwart/Downloads/04082026/89709522.json,やる気元気ミワハルキ,1,1,Grimmsnarl,0.624,678,Dudunsparce,dump0304
89800654,/Users/nickzwart/Downloads/04082026/89800654.json,Iolzpo + emonga,0,1,Meganium,0.489,221,Dudunsparce,dump0304
89720835,/Users/nickzwart/Downloads/04082026/89720835.json,HCRL,1,1,Grimmsnarl,0.514,105,Dudunsparce,dump0304
89701515,/Users/nickzwart/Downloads/04082026/89701515.json,やる気元気ミワハルキ,1,1,Meganium,0.624,678,Dudunsparce,dump0304
89728946,/Users/nickzwart/Downloads/04082026/89728946.json,HCRL,1,1,Dragapult,0.514,105,Dudunsparce,dump0304
89817082,/Users/nickzwart/Downloads/04082026/89817082.json,やる気元気ミワハルキ,1,1,Grimmsnarl,0.624,678,Dudunsparce,dump0304
89753767,/Users/nickzwart/Downloads/04082026/89753767.json,ポケカ前線,1,1,Dragapult,0.609,23,Dudunsparce,dump0304
89799422,/Users/nickzwart/Downloads/04082026/89799422.json,やる気元気ミワハルキ,1,1,Grimmsnarl,0.624,678,Dudunsparce,dump0304
89809862,/Users/nickzwart/Downloads/04082026/89809862.json,insuperabilehart,1,1,Dudunsparce,0.562,194,Dudunsparce,dump0304
89783717,/Users/nickzwart/Downloads/04082026/89783717.json,Budew,1,1,Meganium,0.636,33,Dudunsparce,dump0304
89736626,/Users/nickzwart/Downloads/04082026/89736626.json,やる気元気ミワハルキ,1,1,Grimmsnarl,0.624,678,Dudunsparce,dump0304
89717593,/Users/nickzwart/Downloads/04082026/89717593.json,やる気元気ミワハルキ,1,1,Alakazam,0.624,678,Dudunsparce,dump0304
89811639,/Users/nickzwart/Downloads/04082026/89811639.json,Iolzpo + emonga,0,1,Dipplin,0.489,221,Dudunsparce,dump0304
89787282,/Users/nickzwart/Downloads/04082026/89787282.json,MissingNo.,0,1,Crustle,0.574,263,Dudunsparce,dump0304
89716253,/Users/nickzwart/Downloads/04082026/89716253.json,Iolzpo + emonga,0,1,Alakazam,0.489,221,Dudunsparce,dump0304
89779135,/Users/nickzwart/Downloads/04082026/89779135.json,HCRL,1,1,Dudunsparce,0.514,105,Dudunsparce,dump0304
89615526,/Users/nickzwart/Downloads/04082026/89615526.json,Iolzpo + emonga,1,1,Crustle,0.489,221,Dudunsparce,dump0304
89784800,/Users/nickzwart/Downloads/04082026/89784800.json,lmaffei,1,1,Dragapult,0.404,99,Dudunsparce,dump0304
89691999,/Users/nickzwart/Downloads/04082026/89691999.json,insuperabilehart,0,1,Grimmsnarl,0.562,194,Dudunsparce,dump0304
89812306,/Users/nickzwart/Downloads/04082026/89812306.json,Iolzpo + emonga,0,1,Grimmsnarl,0.489,221,Dudunsparce,dump0304
89704385,/Users/nickzwart/Downloads/04082026/89704385.json,やる気元気ミワハルキ,0,1,Dudunsparce,0.624,678,Dudunsparce,dump0304
89760705,/Users/nickzwart/Downloads/04082026/89760705.json,MissingNo.,1,1,Grimmsnarl,0.574,263,Dudunsparce,dump0304
89712986,/Users/nickzwart/Downloads/04082026/89712986.json,やる気元気ミワハルキ,1,1,Dipplin,0.624,678,Dudunsparce,dump0304
89718693,/Users/nickzwart/Downloads/04082026/89718693.json,lmaffei,1,1,Alakazam,0.404,99,Dudunsparce,dump0304
89814071,/Users/nickzwart/Downloads/04082026/89814071.json,やる気元気ミワハルキ,0,1,Alakazam,0.624,678,Dudunsparce,dump0304
89719344,/Users/nickzwart/Downloads/04082026/89719344.json,やる気元気ミワハルキ,0,1,M-Kangaskhan,0.624,678,Dudunsparce,dump0304
89673379,/Users/nickzwart/Downloads/04082026/89673379.json,Iolzpo + emonga,1,1,Grimmsnarl,0.489,221,Dudunsparce,dump0304
89791622,/Users/nickzwart/Downloads/04082026/89791622.json,lmaffei,1,1,Meganium,0.404,99,Dudunsparce,dump0304
89813472,/Users/nickzwart/Downloads/04082026/89813472.json,やる気元気ミワハルキ,0,1,Grimmsnarl,0.624,678,Dudunsparce,dump0304
89721950,/Users/nickzwart/Downloads/04082026/89721950.json,MissingNo.,1,1,Grimmsnarl,0.574,263,Dudunsparce,dump0304
89788638,/Users/nickzwart/Downloads/04082026/89788638.json,やる気元気ミワハルキ,1,1,Grimmsnarl,0.624,678,Dudunsparce,dump0304
89664111,/Users/nickzwart/Downloads/04082026/89664111.json,Shuhan Yang,1,1,Dragapult,0.4,75,Dudunsparce,dump0304
89654548,/Users/nickzwart/Downloads/04082026/89654548.json,sadwat,1,1,Grimmsnarl,0.642,81,Dudunsparce,dump0304
89724528,/Users/nickzwart/Downloads/04082026/89724528.json,Iolzpo + emonga,1,1,Crustle,0.489,221,Dudunsparce,dump0304
89616111,/Users/nickzwart/Downloads/04082026/89616111.json,Iolzpo + emonga,1,1,M-Kangaskhan,0.489,221,Dudunsparce,dump0304
89788507,/Users/nickzwart/Downloads/04082026/89788507.json,やる気元気ミワハルキ,0,1,Crustle,0.624,678,Dudunsparce,dump0304
89719094,/Users/nickzwart/Downloads/04082026/89719094.json,HCRL,0,1,Grimmsnarl,0.514,105,Dudunsparce,dump0304
89630998,/Users/nickzwart/Downloads/04082026/89630998.json,MissingNo.,1,1,M-Kangaskhan,0.574,263,Dudunsparce,dump0304
89649507,/Users/nickzwart/Downloads/04082026/89649507.json,sadwat,1,1,Grimmsnarl,0.642,81,Dudunsparce,dump0304
89639890,/Users/nickzwart/Downloads/04082026/89639890.json,sadwat,1,1,Alakazam,0.642,81,Dudunsparce,dump0304
89618334,/Users/nickzwart/Downloads/04082026/89618334.json,lmaffei,1,1,Meganium,0.404,99,Dudunsparce,dump0304
89617669,/Users/nickzwart/Downloads/04082026/89617669.json,Thai,0,1,Dudunsparce,0.527,112,Dudunsparce,dump0304
89815932,/Users/nickzwart/Downloads/04082026/89815932.json,やる気元気ミワハルキ,0,1,Grimmsnarl,0.624,678,Dudunsparce,dump0304
89661407,/Users/nickzwart/Downloads/04082026/89661407.json,sadwat,0,1,Dipplin,0.642,81,Dudunsparce,dump0304
89806076,/Users/nickzwart/Downloads/04082026/89806076.json,やる気元気ミワハルキ,0,1,Grimmsnarl,0.624,678,Dudunsparce,dump0304
89699799,/Users/nickzwart/Downloads/04082026/89699799.json,やる気元気ミワハルキ,0,1,Grimmsnarl,0.624,678,Dudunsparce,dump0304
89655621,/Users/nickzwart/Downloads/04082026/89655621.json,sadwat,1,1,Grimmsnarl,0.642,81,Dudunsparce,dump0304
89750887,/Users/nickzwart/Downloads/04082026/89750887.json,Budew,0,1,Dragapult,0.636,33,Dudunsparce,dump0304
89683382,/Users/nickzwart/Downloads/04082026/89683382.json,insuperabilehart,0,1,Grimmsnarl,0.562,194,Dudunsparce,dump0304
89799951,/Users/nickzwart/Downloads/04082026/89799951.json,HCRL,1,1,Grimmsnarl,0.514,105,Dudunsparce,dump0304
89795358,/Users/nickzwart/Downloads/04082026/89795358.json,Iolzpo + emonga,0,1,Spidops,0.489,221,Dudunsparce,dump0304
89650065,/Users/nickzwart/Downloads/04082026/89650065.json,sadwat,0,1,Meganium,0.642,81,Dudunsparce,dump0304
89805477,/Users/nickzwart/Downloads/04082026/89805477.json,Iolzpo + emonga,1,1,Alakazam,0.489,221,Dudunsparce,dump0304
89713555,/Users/nickzwart/Downloads/04082026/89713555.json,DON,0,1,Grimmsnarl,0.531,49,Dudunsparce,dump0304
89718175,/Users/nickzwart/Downloads/04082026/89718175.json,やる気元気ミワハルキ,1,1,Grimmsnarl,0.624,678,Dudunsparce,dump0304
89802478,/Users/nickzwart/Downloads/04082026/89802478.json,やる気元気ミワハルキ,0,1,Alakazam,0.624,678,Dudunsparce,dump0304
89724221,/Users/nickzwart/Downloads/04082026/89724221.json,lmaffei,1,1,Crustle,0.404,99,Dudunsparce,dump0304
89802614,/Users/nickzwart/Downloads/04082026/89802614.json,insuperabilehart,1,1,Crustle,0.562,194,Dudunsparce,dump0304
89800629,/Users/nickzwart/Downloads/04082026/89800629.json,やる気元気ミワハルキ,1,1,Grimmsnarl,0.624,678,Dudunsparce,dump0304
89796590,/Users/nickzwart/Downloads/04082026/89796590.json,Iolzpo + emonga,0,1,Dudunsparce,0.489,221,Dudunsparce,dump0304
89801887,/Users/nickzwart/Downloads/04082026/89801887.json,やる気元気ミワハルキ,1,1,Dipplin,0.624,678,Dudunsparce,dump0304
89798824,/Users/nickzwart/Downloads/04082026/89798824.json,やる気元気ミワハルキ,1,1,Dudunsparce,0.624,678,Dudunsparce,dump0304
89704951,/Users/nickzwart/Downloads/04082026/89704951.json,やる気元気ミワハルキ,0,1,Grimmsnarl,0.624,678,Dudunsparce,dump0304
89792204,/Users/nickzwart/Downloads/04082026/89792204.json,やる気元気ミワハルキ,0,1,Alakazam,0.624,678,Dudunsparce,dump0304
89703810,/Users/nickzwart/Downloads/04082026/89703810.json,やる気元気ミワハルキ,1,1,Grimmsnarl,0.624,678,Dudunsparce,dump0304
89704005,/Users/nickzwart/Downloads/04082026/89704005.json,DON,0,1,Grimmsnarl,0.531,49,Dudunsparce,dump0304
89656817,/Users/nickzwart/Downloads/04082026/89656817.json,sadwat,1,1,Grimmsnarl,0.642,81,Dudunsparce,dump0304
89674272,/Users/nickzwart/Downloads/04082026/89674272.json,insuperabilehart,1,1,Meganium,0.562,194,Dudunsparce,dump0304
89692058,/Users/nickzwart/Downloads/04082026/89692058.json,Iolzpo + emonga,1,1,Crustle,0.489,221,Dudunsparce,dump0304
89642710,/Users/nickzwart/Downloads/04082026/89642710.json,sadwat,0,1,Grimmsnarl,0.642,81,Dudunsparce,dump0304
89797641,/Users/nickzwart/Downloads/04082026/89797641.json,やる気元気ミワハルキ,1,1,Grimmsnarl,0.624,678,Dudunsparce,dump0304
89614961,/Users/nickzwart/Downloads/04082026/89614961.json,Iolzpo + emonga,1,1,Dragapult,0.489,221,Dudunsparce,dump0304
89656641,/Users/nickzwart/Downloads/04082026/89656641.json,Shuhan Yang,1,1,M-Kangaskhan,0.4,75,Dudunsparce,dump0304
89724309,/Users/nickzwart/Downloads/04082026/89724309.json,HCRL,0,1,Grimmsnarl,0.514,105,Dudunsparce,dump0304
89673919,/Users/nickzwart/Downloads/04082026/89673919.json,lmaffei,0,1,Dragapult,0.404,99,Dudunsparce,dump0304
89749140,/Users/nickzwart/Downloads/04082026/89749140.json,Iolzpo + emonga,1,1,Grimmsnarl,0.489,221,Dudunsparce,dump0304
89636105,/Users/nickzwart/Downloads/04082026/89636105.json,MissingNo.,1,1,Grimmsnarl,0.574,263,Dudunsparce,dump0304
89789167,/Users/nickzwart/Downloads/04082026/89789167.json,やる気元気ミワハルキ,1,1,Crustle,0.624,678,Dudunsparce,dump0304
89657800,/Users/nickzwart/Downloads/04082026/89657800.json,Shuhan Yang,1,1,Meganium,0.4,75,Dudunsparce,dump0304
89654113,/Users/nickzwart/Downloads/04082026/89654113.json,lmaffei,0,1,Dipplin,0.404,99,Dudunsparce,dump0304
89723931,/Users/nickzwart/Downloads/04082026/89723931.json,ポケカ前線,0,1,M-Kangaskhan,0.609,23,Dudunsparce,dump0304
89641595,/Users/nickzwart/Downloads/04082026/89641595.json,sadwat,1,1,Grimmsnarl,0.642,81,Dudunsparce,dump0304
89798234,/Users/nickzwart/Downloads/04082026/89798234.json,やる気元気ミワハルキ,1,1,Grimmsnarl,0.624,678,Dudunsparce,dump0304
89801297,/Users/nickzwart/Downloads/04082026/89801297.json,やる気元気ミワハルキ,0,1,Alakazam,0.624,678,Dudunsparce,dump0304
89814703,/Users/nickzwart/Downloads/04082026/89814703.json,やる気元気ミワハルキ,0,1,Dipplin,0.624,678,Dudunsparce,dump0304
89813479,/Users/nickzwart/Downloads/04082026/89813479.json,Iolzpo + emonga,0,1,Crustle,0.489,221,Dudunsparce,dump0304
89716405,/Users/nickzwart/Downloads/04082026/89716405.json,Budew,0,1,Grimmsnarl,0.636,33,Dudunsparce,dump0304
89720540,/Users/nickzwart/Downloads/04082026/89720540.json,やる気元気ミワハルキ,1,1,M-Kangaskhan,0.624,678,Dudunsparce,dump0304
89644099,/Users/nickzwart/Downloads/04082026/89644099.json,MissingNo.,0,1,Dragapult,0.574,263,Dudunsparce,dump0304
89658540,/Users/nickzwart/Downloads/04082026/89658540.json,sadwat,0,1,Grimmsnarl,0.642,81,Dudunsparce,dump0304
89614404,/Users/nickzwart/Downloads/04082026/89614404.json,lmaffei,1,1,Dipplin,0.404,99,Dudunsparce,dump0304
89628091,/Users/nickzwart/Downloads/04082026/89628091.json,Thai,1,1,Dipplin,0.527,112,Dudunsparce,dump0304
89667192,/Users/nickzwart/Downloads/04082026/89667192.json,李秉叡（ntumlnoob）,0,1,Grimmsnarl,0.521,363,Dudunsparce,dump0304
89719945,/Users/nickzwart/Downloads/04082026/89719945.json,やる気元気ミワハルキ,0,1,M-Kangaskhan,0.624,678,Dudunsparce,dump0304
89752794,/Users/nickzwart/Downloads/04082026/89752794.json,HCRL,1,1,Grimmsnarl,0.514,105,Dudunsparce,dump0304
89816071,/Users/nickzwart/Downloads/04082026/89816071.json,Iolzpo + emonga,0,1,Grimmsnarl,0.489,221,Dudunsparce,dump0304
89742405,/Users/nickzwart/Downloads/04082026/89742405.json,Iolzpo + emonga,0,1,Dipplin,0.489,221,Dudunsparce,dump0304
89749249,/Users/nickzwart/Downloads/04082026/89749249.json,ポケカ前線,0,1,Grimmsnarl,0.609,23,Dudunsparce,dump0304
89794626,/Users/nickzwart/Downloads/04082026/89794626.json,やる気元気ミワハルキ,1,1,Grimmsnarl,0.624,678,Dudunsparce,dump0304
89816533,/Users/nickzwart/Downloads/04082026/89816533.json,やる気元気ミワハルキ,1,1,M-Kangaskhan,0.624,678,Dudunsparce,dump0304
89727913,/Users/nickzwart/Downloads/04082026/89727913.json,sadwat,0,1,Grimmsnarl,0.642,81,Dudunsparce,dump0304
89674911,/Users/nickzwart/Downloads/04082026/89674911.json,Shuhan Yang,1,1,Dipplin,0.4,75,Dudunsparce,dump0304
89816548,/Users/nickzwart/Downloads/04082026/89816548.json,Iolzpo + emonga,0,1,Meganium,0.489,221,Dudunsparce,dump0304
89629317,/Users/nickzwart/Downloads/04082026/89629317.json,MissingNo.,0,1,Grimmsnarl,0.574,263,Dudunsparce,dump0304
89689618,/Users/nickzwart/Downloads/04082026/89689618.json,李秉叡（ntumlnoob）,1,1,Grimmsnarl,0.521,363,Dudunsparce,dump0304
89672650,/Users/nickzwart/Downloads/04082026/89672650.json,Shuhan Yang,1,1,Crustle,0.4,75,Dudunsparce,dump0304
89629252,/Users/nickzwart/Downloads/04082026/89629252.json,MissingNo.,0,1,Dipplin,0.574,263,Dudunsparce,dump0304
89629985,/Users/nickzwart/Downloads/04082026/89629985.json,MissingNo.,0,1,Dipplin,0.574,263,Dudunsparce,dump0304
89795918,/Users/nickzwart/Downloads/04082026/89795918.json,insuperabilehart,0,1,Meganium,0.562,194,Dudunsparce,dump0304
89807877,/Users/nickzwart/Downloads/04082026/89807877.json,Pokémon Day Care,0,1,M-Kangaskhan,0.5,10,Dudunsparce,dump0304
89648583,/Users/nickzwart/Downloads/04082026/89648583.json,MissingNo.,0,1,Grimmsnarl,0.574,263,Dudunsparce,dump0304
89813422,/Users/nickzwart/Downloads/04082026/89813422.json,ポケカ前線,1,1,Grimmsnarl,0.609,23,Dudunsparce,dump0304
89815325,/Users/nickzwart/Downloads/04082026/89815325.json,やる気元気ミワハルキ,1,1,Dipplin,0.624,678,Dudunsparce,dump0304
89814830,/Users/nickzwart/Downloads/04082026/89814830.json,insuperabilehart,1,1,Grimmsnarl,0.562,194,Dudunsparce,dump0304
89641825,/Users/nickzwart/Downloads/04082026/89641825.json,MissingNo.,1,1,Dipplin,0.574,263,Dudunsparce,dump0304
89783619,/Users/nickzwart/Downloads/04082026/89783619.json,insuperabilehart,1,1,Grimmsnarl,0.562,194,Dudunsparce,dump0304
89703962,/Users/nickzwart/Downloads/04082026/89703962.json,MissingNo.,0,1,Grimmsnarl,0.574,263,Dudunsparce,dump0304
89691268,/Users/nickzwart/Downloads/04082026/89691268.json,Iolzpo + emonga,1,1,Crustle,0.489,221,Dudunsparce,dump0304
89689121,/Users/nickzwart/Downloads/04082026/89689121.json,宝糕手,0,1,Grimmsnarl,0.432,44,Dudunsparce,dump0304
89678837,/Users/nickzwart/Downloads/04082026/89678837.json,insuperabilehart,1,1,Grimmsnarl,0.562,194,Dudunsparce,dump0304
89614829,/Users/nickzwart/Downloads/04082026/89614829.json,DON,1,1,Spidops,0.531,49,Dudunsparce,dump0304
89696942,/Users/nickzwart/Downloads/04082026/89696942.json,やる気元気ミワハルキ,1,1,Dipplin,0.624,678,Dudunsparce,dump0304
89686738,/Users/nickzwart/Downloads/04082026/89686738.json,insuperabilehart,1,1,Grimmsnarl,0.562,194,Dudunsparce,dump0304
89788385,/Users/nickzwart/Downloads/04082026/89788385.json,insuperabilehart,1,1,Meganium,0.562,194,Dudunsparce,dump0304
89809716,/Users/nickzwart/Downloads/04082026/89809716.json,やる気元気ミワハルキ,1,1,Dipplin,0.624,678,Dudunsparce,dump0304
89789717,/Users/nickzwart/Downloads/04082026/89789717.json,やる気元気ミワハルキ,1,1,Alakazam,0.624,678,Dudunsparce,dump0304
89706609,/Users/nickzwart/Downloads/04082026/89706609.json,Budew,0,1,Cynthia-Garchomp,0.636,33,Dudunsparce,dump0304
89717018,/Users/nickzwart/Downloads/04082026/89717018.json,やる気元気ミワハルキ,0,1,Grimmsnarl,0.624,678,Dudunsparce,dump0304
89816532,/Users/nickzwart/Downloads/04082026/89816532.json,やる気元気ミワハルキ,0,1,Dudunsparce,0.624,678,Dudunsparce,dump0304
89702076,/Users/nickzwart/Downloads/04082026/89702076.json,やる気元気ミワハルキ,1,1,Grimmsnarl,0.624,678,Dudunsparce,dump0304
89716432,/Users/nickzwart/Downloads/04082026/89716432.json,やる気元気ミワハルキ,0,1,Alakazam,0.624,678,Dudunsparce,dump0304
89723156,/Users/nickzwart/Downloads/04082026/89723156.json,HCRL,0,1,Spidops,0.514,105,Dudunsparce,dump0304
89693042,/Users/nickzwart/Downloads/04082026/89693042.json,insuperabilehart,0,1,Cynthia-Garchomp,0.562,194,Dudunsparce,dump0304
89646676,/Users/nickzwart/Downloads/04082026/89646676.json,sadwat,0,1,Grimmsnarl,0.642,81,Dudunsparce,dump0304
89674357,/Users/nickzwart/Downloads/04082026/89674357.json,lmaffei,0,1,Dudunsparce,0.404,99,Dudunsparce,dump0304
89782423,/Users/nickzwart/Downloads/04082026/89782423.json,Iolzpo + emonga,0,1,Dudunsparce,0.489,221,Dudunsparce,dump0304
89812286,/Users/nickzwart/Downloads/04082026/89812286.json,HCRL,0,1,Grimmsnarl,0.514,105,Dudunsparce,dump0304
89628321,/Users/nickzwart/Downloads/04082026/89628321.json,DON,0,1,Grimmsnarl,0.531,49,Dudunsparce,dump0304
89711841,/Users/nickzwart/Downloads/04082026/89711841.json,やる気元気ミワハルキ,0,1,Alakazam,0.624,678,Dudunsparce,dump0304
89618144,/Users/nickzwart/Downloads/04082026/89618144.json,MissingNo.,0,1,M-Starmie,0.574,263,Dudunsparce,dump0304
89741137,/Users/nickzwart/Downloads/04082026/89741137.json,Iolzpo + emonga,0,1,Dragapult,0.489,221,Dudunsparce,dump0304
89792116,/Users/nickzwart/Downloads/04082026/89792116.json,Budew,0,1,Dragapult,0.636,33,Dudunsparce,dump0304
89712410,/Users/nickzwart/Downloads/04082026/89712410.json,やる気元気ミワハルキ,0,1,Crustle,0.624,678,Dudunsparce,dump0304
89815328,/Users/nickzwart/Downloads/04082026/89815328.json,やる気元気ミワハルキ,0,1,Grimmsnarl,0.624,678,Dudunsparce,dump0304
89787197,/Users/nickzwart/Downloads/04082026/89787197.json,insuperabilehart,0,1,Grimmsnarl,0.562,194,Dudunsparce,dump0304
89807250,/Users/nickzwart/Downloads/04082026/89807250.json,やる気元気ミワハルキ,1,1,Grimmsnarl,0.624,678,Dudunsparce,dump0304
89705510,/Users/nickzwart/Downloads/04082026/89705510.json,やる気元気ミワハルキ,1,1,Crustle,0.624,678,Dudunsparce,dump0304
89654368,/Users/nickzwart/Downloads/04082026/89654368.json,Shuhan Yang,1,1,Crustle,0.4,75,Dudunsparce,dump0304
89808019,/Users/nickzwart/Downloads/04082026/89808019.json,insuperabilehart,0,1,Dipplin,0.562,194,Dudunsparce,dump0304
89790306,/Users/nickzwart/Downloads/04082026/89790306.json,やる気元気ミワハルキ,1,1,Dudunsparce,0.624,678,Dudunsparce,dump0304
89811582,/Users/nickzwart/Downloads/04082026/89811582.json,やる気元気ミワハルキ,0,1,Crustle,0.624,678,Dudunsparce,dump0304
89622741,/Users/nickzwart/Downloads/04082026/89622741.json,DON,0,1,Grimmsnarl,0.531,49,Dudunsparce,dump0304
89801214,/Users/nickzwart/Downloads/04082026/89801214.json,やる気元気ミワハルキ,1,1,Crustle,0.624,678,Dudunsparce,dump0304
89786587,/Users/nickzwart/Downloads/04082026/89786587.json,insuperabilehart,0,1,Grimmsnarl,0.562,194,Dudunsparce,dump0304
89817817,/Users/nickzwart/Downloads/04082026/89817817.json,insuperabilehart,0,1,Grimmsnarl,0.562,194,Dudunsparce,dump0304
89792747,/Users/nickzwart/Downloads/04082026/89792747.json,insuperabilehart,1,1,Grimmsnarl,0.562,194,Dudunsparce,dump0304
89813004,/Users/nickzwart/Downloads/04082026/89813004.json,lmaffei,0,1,Meganium,0.404,99,Dudunsparce,dump0304
89632700,/Users/nickzwart/Downloads/04082026/89632700.json,MissingNo.,1,1,Grimmsnarl,0.574,263,Dudunsparce,dump0304
89707794,/Users/nickzwart/Downloads/04082026/89707794.json,やる気元気ミワハルキ,0,1,Dudunsparce,0.624,678,Dudunsparce,dump0304
89650192,/Users/nickzwart/Downloads/04082026/89650192.json,MissingNo.,0,1,Dipplin,0.574,263,Dudunsparce,dump0304
89662630,/Users/nickzwart/Downloads/04082026/89662630.json,MissingNo.,0,1,Meganium,0.574,263,Dudunsparce,dump0304
89652286,/Users/nickzwart/Downloads/04082026/89652286.json,sadwat,0,1,Grimmsnarl,0.642,81,Dudunsparce,dump0304
89655113,/Users/nickzwart/Downloads/04082026/89655113.json,sadwat,0,1,Grimmsnarl,0.642,81,Dudunsparce,dump0304
89793402,/Users/nickzwart/Downloads/04082026/89793402.json,insuperabilehart,1,1,Crustle,0.562,194,Dudunsparce,dump0304
89621046,/Users/nickzwart/Downloads/04082026/89621046.json,DON,0,1,Grimmsnarl,0.531,49,Dudunsparce,dump0304
89818958,/Users/nickzwart/Downloads/04082026/89818958.json,sadwat,0,1,Grimmsnarl,0.642,81,Dudunsparce,dump0304
89763784,/Users/nickzwart/Downloads/04082026/89763784.json,HCRL,0,1,Cynthia-Garchomp,0.514,105,Dudunsparce,dump0304
89694874,/Users/nickzwart/Downloads/04082026/89694874.json,insuperabilehart,0,1,Grimmsnarl,0.562,194,Dudunsparce,dump0304
89817711,/Users/nickzwart/Downloads/04082026/89817711.json,やる気元気ミワハルキ,1,1,Alakazam,0.624,678,Dudunsparce,dump0304
89733030,/Users/nickzwart/Downloads/04082026/89733030.json,HCRL,0,1,Meganium,0.514,105,Dudunsparce,dump0304
89812840,/Users/nickzwart/Downloads/04082026/89812840.json,やる気元気ミワハルキ,0,1,Alakazam,0.624,678,Dudunsparce,dump0304
89698683,/Users/nickzwart/Downloads/04082026/89698683.json,MissingNo.,0,1,Crustle,0.574,263,Dudunsparce,dump0304
89659670,/Users/nickzwart/Downloads/04082026/89659670.json,sadwat,0,1,Dipplin,0.642,81,Dudunsparce,dump0304
89627645,/Users/nickzwart/Downloads/04082026/89627645.json,MissingNo.,0,1,Grimmsnarl,0.574,263,Dudunsparce,dump0304
89737177,/Users/nickzwart/Downloads/04082026/89737177.json,MissingNo.,1,1,Grimmsnarl,0.574,263,Dudunsparce,dump0304
89764391,/Users/nickzwart/Downloads/04082026/89764391.json,やる気元気ミワハルキ,1,1,Alakazam,0.624,678,Dudunsparce,dump0304
89629876,/Users/nickzwart/Downloads/04082026/89629876.json,DON,1,1,Grimmsnarl,0.531,49,Dudunsparce,dump0304
89753774,/Users/nickzwart/Downloads/04082026/89753774.json,Iolzpo + emonga,0,1,M-Kangaskhan,0.489,221,Dudunsparce,dump0304
89653251,/Users/nickzwart/Downloads/04082026/89653251.json,DON,1,1,Crustle,0.531,49,Dudunsparce,dump0304
89811702,/Users/nickzwart/Downloads/04082026/89811702.json,insuperabilehart,0,1,Dipplin,0.562,194,Dudunsparce,dump0304
89681318,/Users/nickzwart/Downloads/04082026/89681318.json,MissingNo.,0,1,Meganium,0.574,263,Dudunsparce,dump0304
89812250,/Users/nickzwart/Downloads/04082026/89812250.json,やる気元気ミワハルキ,1,1,Dragapult,0.624,678,Dudunsparce,dump0304
89634012,/Users/nickzwart/Downloads/04082026/89634012.json,lmaffei,0,1,Grimmsnarl,0.404,99,Dudunsparce,dump0304
89796438,/Users/nickzwart/Downloads/04082026/89796438.json,やる気元気ミワハルキ,0,1,Dudunsparce,0.624,678,Dudunsparce,dump0304
89806069,/Users/nickzwart/Downloads/04082026/89806069.json,やる気元気ミワハルキ,1,1,Grimmsnarl,0.624,678,Dudunsparce,dump0304
89790942,/Users/nickzwart/Downloads/04082026/89790942.json,やる気元気ミワハルキ,1,1,Meganium,0.624,678,Dudunsparce,dump0304
89655669,/Users/nickzwart/Downloads/04082026/89655669.json,sadwat,0,1,Grimmsnarl,0.642,81,Dudunsparce,dump0304
89807855,/Users/nickzwart/Downloads/04082026/89807855.json,insuperabilehart,0,1,Meganium,0.562,194,Dudunsparce,dump0304
89803683,/Users/nickzwart/Downloads/04082026/89803683.json,やる気元気ミワハルキ,0,1,Grimmsnarl,0.624,678,Dudunsparce,dump0304
89810410,/Users/nickzwart/Downloads/04082026/89810410.json,やる気元気ミワハルキ,0,1,Dudunsparce,0.624,678,Dudunsparce,dump0304
89806675,/Users/nickzwart/Downloads/04082026/89806675.json,やる気元気ミワハルキ,1,1,Grimmsnarl,0.624,678,Dudunsparce,dump0304
89781277,/Users/nickzwart/Downloads/04082026/89781277.json,Shuhan Yang,0,1,M-Kangaskhan,0.4,75,Dudunsparce,dump0304
89718803,/Users/nickzwart/Downloads/04082026/89718803.json,sadwat,1,1,Crustle,0.642,81,Dudunsparce,dump0304
89732441,/Users/nickzwart/Downloads/04082026/89732441.json,HCRL,0,1,Alakazam,0.514,105,Dudunsparce,dump0304
89815327,/Users/nickzwart/Downloads/04082026/89815327.json,やる気元気ミワハルキ,0,1,Grimmsnarl,0.624,678,Dudunsparce,dump0304
89730094,/Users/nickzwart/Downloads/04082026/89730094.json,HCRL,0,1,Crustle,0.514,105,Dudunsparce,dump0304
89803070,/Users/nickzwart/Downloads/04082026/89803070.json,Budew,0,1,Grimmsnarl,0.636,33,Dudunsparce,dump0304
89636672,/Users/nickzwart/Downloads/04082026/89636672.json,MissingNo.,1,1,Dipplin,0.574,263,Dudunsparce,dump0304
89646120,/Users/nickzwart/Downloads/04082026/89646120.json,sadwat,1,1,Grimmsnarl,0.642,81,Dudunsparce,dump0304
89798902,/Users/nickzwart/Downloads/04082026/89798902.json,Iolzpo + emonga,1,1,Crustle,0.489,221,Dudunsparce,dump0304
89718157,/Users/nickzwart/Downloads/04082026/89718157.json,Budew,1,1,Crustle,0.636,33,Dudunsparce,dump0304
89666579,/Users/nickzwart/Downloads/04082026/89666579.json,Iolzpo + emonga,1,1,Dipplin,0.489,221,Dudunsparce,dump0304
89617210,/Users/nickzwart/Downloads/04082026/89617210.json,lmaffei,1,1,Grimmsnarl,0.404,99,Dudunsparce,dump0304
89808503,/Users/nickzwart/Downloads/04082026/89808503.json,やる気元気ミワハルキ,0,1,Grimmsnarl,0.624,678,Dudunsparce,dump0304
89725453,/Users/nickzwart/Downloads/04082026/89725453.json,HCRL,1,1,Grimmsnarl,0.514,105,Dudunsparce,dump0304
89626664,/Users/nickzwart/Downloads/04082026/89626664.json,Pokémon Day Care,0,1,Dudunsparce,0.5,10,Dudunsparce,dump0304
89744402,/Users/nickzwart/Downloads/04082026/89744402.json,shosemaru,0,1,Grimmsnarl,0.56,1,Dudunsparce,dump0304
89657971,/Users/nickzwart/Downloads/04082026/89657971.json,sadwat,1,1,Grimmsnarl,0.642,81,Dudunsparce,dump0304
89810959,/Users/nickzwart/Downloads/04082026/89810959.json,やる気元気ミワハルキ,0,1,Grimmsnarl,0.624,678,Dudunsparce,dump0304
89616092,/Users/nickzwart/Downloads/04082026/89616092.json,lmaffei,1,1,Meganium,0.404,99,Dudunsparce,dump0304
89742846,/Users/nickzwart/Downloads/04082026/89742846.json,Budew,0,1,Grimmsnarl,0.636,33,Dudunsparce,dump0304
89627777,/Users/nickzwart/Downloads/04082026/89627777.json,DON,1,1,Spidops,0.531,49,Dudunsparce,dump0304
89702022,/Users/nickzwart/Downloads/04082026/89702022.json,lmaffei,1,1,Grimmsnarl,0.404,99,Dudunsparce,dump0304
89817731,/Users/nickzwart/Downloads/04082026/89817731.json,Iolzpo + emonga,0,1,Crustle,0.489,221,Dudunsparce,dump0304
89636520,/Users/nickzwart/Downloads/04082026/89636520.json,DON,0,1,Dipplin,0.531,49,Dudunsparce,dump0304
89728349,/Users/nickzwart/Downloads/04082026/89728349.json,HCRL,1,1,Dudunsparce,0.514,105,Dudunsparce,dump0304
89690401,/Users/nickzwart/Downloads/04082026/89690401.json,insuperabilehart,1,1,Dipplin,0.562,194,Dudunsparce,dump0304
89630362,/Users/nickzwart/Downloads/04082026/89630362.json,MissingNo.,0,1,Cynthia-Garchomp,0.574,263,Dudunsparce,dump0304
89635530,/Users/nickzwart/Downloads/04082026/89635530.json,MissingNo.,1,1,Grimmsnarl,0.574,263,Dudunsparce,dump0304
89812837,/Users/nickzwart/Downloads/04082026/89812837.json,やる気元気ミワハルキ,0,1,Crustle,0.624,678,Dudunsparce,dump0304
89803660,/Users/nickzwart/Downloads/04082026/89803660.json,やる気元気ミワハルキ,0,1,Grimmsnarl,0.624,678,Dudunsparce,dump0304
89660252,/Users/nickzwart/Downloads/04082026/89660252.json,sadwat,0,1,Grimmsnarl,0.642,81,Dudunsparce,dump0304
89721996,/Users/nickzwart/Downloads/04082026/89721996.json,Iolzpo + emonga,0,1,Dudunsparce,0.489,221,Dudunsparce,dump0304
89792070,/Users/nickzwart/Downloads/04082026/89792070.json,insuperabilehart,0,1,Grimmsnarl,0.562,194,Dudunsparce,dump0304
89809144,/Users/nickzwart/Downloads/04082026/89809144.json,Iolzpo + emonga,0,1,Meganium,0.489,221,Dudunsparce,dump0304
89726614,/Users/nickzwart/Downloads/04082026/89726614.json,HCRL,0,1,Alakazam,0.514,105,Dudunsparce,dump0304
89795219,/Users/nickzwart/Downloads/04082026/89795219.json,insuperabilehart,0,1,Grimmsnarl,0.562,194,Dudunsparce,dump0304
89792163,/Users/nickzwart/Downloads/04082026/89792163.json,insuperabilehart,0,1,Dipplin,0.562,194,Dudunsparce,dump0304
89707958,/Users/nickzwart/Downloads/04082026/89707958.json,Iolzpo + emonga,1,1,Meganium,0.489,221,Dudunsparce,dump0304
89795130,/Users/nickzwart/Downloads/04082026/89795130.json,Iolzpo + emonga,1,1,Meganium,0.489,221,Dudunsparce,dump0304
89812318,/Users/nickzwart/Downloads/04082026/89812318.json,Iolzpo + emonga,1,1,Crustle,0.489,221,Dudunsparce,dump0304
89817819,/Users/nickzwart/Downloads/04082026/89817819.json,HCRL,1,1,Dragapult,0.514,105,Dudunsparce,dump0304
89815961,/Users/nickzwart/Downloads/04082026/89815961.json,insuperabilehart,1,1,Crustle,0.562,194,Dudunsparce,dump0304
89797727,/Users/nickzwart/Downloads/04082026/89797727.json,やる気元気ミワハルキ,1,1,Alakazam,0.624,678,Dudunsparce,dump0304
89680553,/Users/nickzwart/Downloads/04082026/89680553.json,insuperabilehart,1,1,Crustle,0.562,194,Dudunsparce,dump0304
89731893,/Users/nickzwart/Downloads/04082026/89731893.json,HCRL,0,1,Crustle,0.514,105,Dudunsparce,dump0304
89809738,/Users/nickzwart/Downloads/04082026/89809738.json,Iolzpo + emonga,1,1,Grimmsnarl,0.489,221,Dudunsparce,dump0304
89795872,/Users/nickzwart/Downloads/04082026/89795872.json,やる気元気ミワハルキ,1,1,Grimmsnarl,0.624,678,Dudunsparce,dump0304
89659503,/Users/nickzwart/Downloads/04082026/89659503.json,Shuhan Yang,0,1,Crustle,0.4,75,Dudunsparce,dump0304
89715637,/Users/nickzwart/Downloads/04082026/89715637.json,やる気元気ミワハルキ,0,1,Alakazam,0.624,678,Dudunsparce,dump0304
89661244,/Users/nickzwart/Downloads/04082026/89661244.json,Shuhan Yang,0,1,Alakazam,0.4,75,Dudunsparce,dump0304
89623871,/Users/nickzwart/Downloads/04082026/89623871.json,DON,0,1,Meganium,0.531,49,Dudunsparce,dump0304
89673795,/Users/nickzwart/Downloads/04082026/89673795.json,Shuhan Yang,0,1,Grimmsnarl,0.4,75,Dudunsparce,dump0304
89750728,/Users/nickzwart/Downloads/04082026/89750728.json,MissingNo.,0,1,Crustle,0.574,263,Dudunsparce,dump0304
89656064,/Users/nickzwart/Downloads/04082026/89656064.json,Shuhan Yang,1,1,Grimmsnarl,0.4,75,Dudunsparce,dump0304
89707165,/Users/nickzwart/Downloads/04082026/89707165.json,Budew,0,1,Dudunsparce,0.636,33,Dudunsparce,dump0304
89767119,/Users/nickzwart/Downloads/04082026/89767119.json,MissingNo.,0,1,Grimmsnarl,0.574,263,Dudunsparce,dump0304
89815408,/Users/nickzwart/Downloads/04082026/89815408.json,insuperabilehart,0,1,Grimmsnarl,0.562,194,Dudunsparce,dump0304
89814844,/Users/nickzwart/Downloads/04082026/89814844.json,ポケカ前線,0,1,Crustle,0.609,23,Dudunsparce,dump0304
89662632,/Users/nickzwart/Downloads/04082026/89662632.json,DON,0,1,Grimmsnarl,0.531,49,Dudunsparce,dump0304
89818888,/Users/nickzwart/Downloads/04082026/89818888.json,Iolzpo + emonga,1,1,Grimmsnarl,0.489,221,Dudunsparce,dump0304
89685120,/Users/nickzwart/Downloads/04082026/89685120.json,insuperabilehart,0,1,Grimmsnarl,0.562,194,Dudunsparce,dump0304
89738893,/Users/nickzwart/Downloads/04082026/89738893.json,HCRL,0,1,Crustle,0.514,105,Dudunsparce,dump0304
89815351,/Users/nickzwart/Downloads/04082026/89815351.json,Iolzpo + emonga,0,1,Grimmsnarl,0.489,221,Dudunsparce,dump0304
89789689,/Users/nickzwart/Downloads/04082026/89789689.json,やる気元気ミワハルキ,0,1,Dragapult,0.624,678,Dudunsparce,dump0304
89655500,/Users/nickzwart/Downloads/04082026/89655500.json,Shuhan Yang,1,1,Meganium,0.4,75,Dudunsparce,dump0304
89626096,/Users/nickzwart/Downloads/04082026/89626096.json,DON,1,1,Grimmsnarl,0.531,49,Dudunsparce,dump0304
89810407,/Users/nickzwart/Downloads/04082026/89810407.json,やる気元気ミワハルキ,1,1,Grimmsnarl,0.624,678,Dudunsparce,dump0304
89807842,/Users/nickzwart/Downloads/04082026/89807842.json,やる気元気ミワハルキ,0,1,Crustle,0.624,678,Dudunsparce,dump0304
89715953,/Users/nickzwart/Downloads/04082026/89715953.json,lmaffei,0,1,Crustle,0.404,99,Dudunsparce,dump0304
89688513,/Users/nickzwart/Downloads/04082026/89688513.json,insuperabilehart,1,1,Grimmsnarl,0.562,194,Dudunsparce,dump0304
89816547,/Users/nickzwart/Downloads/04082026/89816547.json,Iolzpo + emonga,0,1,Crustle,0.489,221,Dudunsparce,dump0304
89799430,/Users/nickzwart/Downloads/04082026/89799430.json,やる気元気ミワハルキ,1,1,Meganium,0.624,678,Dudunsparce,dump0304
89792786,/Users/nickzwart/Downloads/04082026/89792786.json,insuperabilehart,0,1,Grimmsnarl,0.562,194,Dudunsparce,dump0304
89755072,/Users/nickzwart/Downloads/04082026/89755072.json,やる気元気ミワハルキ,1,1,Grimmsnarl,0.624,678,Dudunsparce,dump0304
89720467,/Users/nickzwart/Downloads/04082026/89720467.json,Budew,1,1,M-Lucario,0.636,33,Dudunsparce,dump0304
89785501,/Users/nickzwart/Downloads/04082026/89785501.json,やる気元気ミワハルキ,1,1,Grimmsnarl,0.624,678,Dudunsparce,dump0304
89669802,/Users/nickzwart/Downloads/04082026/89669802.json,Shuhan Yang,1,1,Spidops,0.4,75,Dudunsparce,dump0304
89807252,/Users/nickzwart/Downloads/04082026/89807252.json,やる気元気ミワハルキ,1,1,Grimmsnarl,0.624,678,Dudunsparce,dump0304
89794613,/Users/nickzwart/Downloads/04082026/89794613.json,やる気元気ミワハルキ,0,1,Grimmsnarl,0.624,678,Dudunsparce,dump0304
89804868,/Users/nickzwart/Downloads/04082026/89804868.json,やる気元気ミワハルキ,0,1,Alakazam,0.624,678,Dudunsparce,dump0304
89792817,/Users/nickzwart/Downloads/04082026/89792817.json,やる気元気ミワハルキ,1,1,Grimmsnarl,0.624,678,Dudunsparce,dump0304
89625546,/Users/nickzwart/Downloads/04082026/89625546.json,DON,0,1,Grimmsnarl,0.531,49,Dudunsparce,dump0304
89817710,/Users/nickzwart/Downloads/04082026/89817710.json,insuperabilehart,0,1,Dudunsparce,0.562,194,Dudunsparce,dump0304
89653401,/Users/nickzwart/Downloads/04082026/89653401.json,sadwat,1,1,Alakazam,0.642,81,Dudunsparce,dump0304
89630431,/Users/nickzwart/Downloads/04082026/89630431.json,MissingNo.,0,1,Grimmsnarl,0.574,263,Dudunsparce,dump0304
89806673,/Users/nickzwart/Downloads/04082026/89806673.json,やる気元気ミワハルキ,1,1,Grimmsnarl,0.624,678,Dudunsparce,dump0304
89775318,/Users/nickzwart/Downloads/04082026/89775318.json,insuperabilehart,0,1,Alakazam,0.562,194,Dudunsparce,dump0304
89807259,/Users/nickzwart/Downloads/04082026/89807259.json,やる気元気ミワハルキ,1,1,Meganium,0.624,678,Dudunsparce,dump0304
89654398,/Users/nickzwart/Downloads/04082026/89654398.json,Iolzpo + emonga,1,1,Crustle,0.489,221,Dudunsparce,dump0304
89788457,/Users/nickzwart/Downloads/04082026/89788457.json,Iolzpo + emonga,0,1,Grimmsnarl,0.489,221,Dudunsparce,dump0304
89657388,/Users/nickzwart/Downloads/04082026/89657388.json,sadwat,0,1,Grimmsnarl,0.642,81,Dudunsparce,dump0304
89702663,/Users/nickzwart/Downloads/04082026/89702663.json,やる気元気ミワハルキ,0,1,Alakazam,0.624,678,Dudunsparce,dump0304
89739476,/Users/nickzwart/Downloads/04082026/89739476.json,HCRL,0,1,Spidops,0.514,105,Dudunsparce,dump0304
89618225,/Users/nickzwart/Downloads/04082026/89618225.json,DON,0,1,Grimmsnarl,0.531,49,Dudunsparce,dump0304
89788011,/Users/nickzwart/Downloads/04082026/89788011.json,やる気元気ミワハルキ,1,1,Grimmsnarl,0.624,678,Dudunsparce,dump0304
89638369,/Users/nickzwart/Downloads/04082026/89638369.json,MissingNo.,0,1,Dudunsparce,0.574,263,Dudunsparce,dump0304
89783870,/Users/nickzwart/Downloads/04082026/89783870.json,insuperabilehart,0,1,Crustle,0.562,194,Dudunsparce,dump0304
89800027,/Users/nickzwart/Downloads/04082026/89800027.json,やる気元気ミワハルキ,0,1,Grimmsnarl,0.624,678,Dudunsparce,dump0304
89640660,/Users/nickzwart/Downloads/04082026/89640660.json,MissingNo.,1,1,Dragapult,0.574,263,Dudunsparce,dump0304
89694307,/Users/nickzwart/Downloads/04082026/89694307.json,insuperabilehart,0,1,Cynthia-Garchomp,0.562,194,Dudunsparce,dump0304
89616094,/Users/nickzwart/Downloads/04082026/89616094.json,Iolzpo + emonga,0,1,Meganium,0.489,221,Dudunsparce,dump0304
89797632,/Users/nickzwart/Downloads/04082026/89797632.json,やる気元気ミワハルキ,0,1,Grimmsnarl,0.624,678,Dudunsparce,dump0304
89728477,/Users/nickzwart/Downloads/04082026/89728477.json,HCRL,1,1,Meganium,0.514,105,Dudunsparce,dump0304
89665693,/Users/nickzwart/Downloads/04082026/89665693.json,insuperabilehart,1,1,Grimmsnarl,0.562,194,Dudunsparce,dump0304
89655730,/Users/nickzwart/Downloads/04082026/89655730.json,lmaffei,1,1,Dipplin,0.404,99,Dudunsparce,dump0304
89729548,/Users/nickzwart/Downloads/04082026/89729548.json,sadwat,0,1,Grimmsnarl,0.642,81,Dudunsparce,dump0304
89790909,/Users/nickzwart/Downloads/04082026/89790909.json,insuperabilehart,0,1,Grimmsnarl,0.562,194,Dudunsparce,dump0304
89631563,/Users/nickzwart/Downloads/04082026/89631563.json,MissingNo.,0,1,Grimmsnarl,0.574,263,Dudunsparce,dump0304
89804731,/Users/nickzwart/Downloads/04082026/89804731.json,insuperabilehart,0,1,Grimmsnarl,0.562,194,Dudunsparce,dump0304
89711833,/Users/nickzwart/Downloads/04082026/89711833.json,insuperabilehart,0,1,Grimmsnarl,0.562,194,Dudunsparce,dump0304
89818929,/Users/nickzwart/Downloads/04082026/89818929.json,insuperabilehart,1,1,Dipplin,0.562,194,Dudunsparce,dump0304
89803187,/Users/nickzwart/Downloads/04082026/89803187.json,Iolzpo + emonga,1,1,Meganium,0.489,221,Dudunsparce,dump0304
89618792,/Users/nickzwart/Downloads/04082026/89618792.json,DON,1,1,Grimmsnarl,0.531,49,Dudunsparce,dump0304
89733523,/Users/nickzwart/Downloads/04082026/89733523.json,Pokémon Day Care,0,1,Grimmsnarl,0.5,10,Dudunsparce,dump0304
89812846,/Users/nickzwart/Downloads/04082026/89812846.json,Iolzpo + emonga,1,1,Grimmsnarl,0.489,221,Dudunsparce,dump0304
89794643,/Users/nickzwart/Downloads/04082026/89794643.json,Iolzpo + emonga,1,1,Alakazam,0.489,221,Dudunsparce,dump0304
89814091,/Users/nickzwart/Downloads/04082026/89814091.json,Iolzpo + emonga,1,1,Meganium,0.489,221,Dudunsparce,dump0304
89708366,/Users/nickzwart/Downloads/04082026/89708366.json,やる気元気ミワハルキ,1,1,Dudunsparce,0.624,678,Dudunsparce,dump0304
89668644,/Users/nickzwart/Downloads/04082026/89668644.json,Shuhan Yang,0,1,Grimmsnarl,0.4,75,Dudunsparce,dump0304
89619357,/Users/nickzwart/Downloads/04082026/89619357.json,DON,0,1,M-Kangaskhan,0.531,49,Dudunsparce,dump0304
89669385,/Users/nickzwart/Downloads/04082026/89669385.json,Iolzpo + emonga,0,1,Grimmsnarl,0.489,221,Dudunsparce,dump0304
89654947,/Users/nickzwart/Downloads/04082026/89654947.json,Shuhan Yang,1,1,Grimmsnarl,0.4,75,Dudunsparce,dump0304
89773055,/Users/nickzwart/Downloads/04082026/89773055.json,insuperabilehart,0,1,Grimmsnarl,0.562,194,Dudunsparce,dump0304
89620493,/Users/nickzwart/Downloads/04082026/89620493.json,DON,1,1,Grimmsnarl,0.531,49,Dudunsparce,dump0304
89815946,/Users/nickzwart/Downloads/04082026/89815946.json,Iolzpo + emonga,0,1,Crustle,0.489,221,Dudunsparce,dump0304
89705684,/Users/nickzwart/Downloads/04082026/89705684.json,insuperabilehart,0,1,Grimmsnarl,0.562,194,Dudunsparce,dump0304
89805481,/Users/nickzwart/Downloads/04082026/89805481.json,やる気元気ミワハルキ,0,1,Crustle,0.624,678,Dudunsparce,dump0304
89807146,/Users/nickzwart/Downloads/04082026/89807146.json,宝糕手,0,1,Grimmsnarl,0.432,44,Dudunsparce,dump0304
89634385,/Users/nickzwart/Downloads/04082026/89634385.json,MissingNo.,1,1,Grimmsnarl,0.574,263,Dudunsparce,dump0304
89706196,/Users/nickzwart/Downloads/04082026/89706196.json,Budew,1,1,Cynthia-Garchomp,0.636,33,Dudunsparce,dump0304
89623293,/Users/nickzwart/Downloads/04082026/89623293.json,DON,1,1,Crustle,0.531,49,Dudunsparce,dump0304
89791569,/Users/nickzwart/Downloads/04082026/89791569.json,やる気元気ミワハルキ,0,1,Meganium,0.624,678,Dudunsparce,dump0304
89682924,/Users/nickzwart/Downloads/04082026/89682924.json,Shuhan Yang,1,1,Grimmsnarl,0.4,75,Dudunsparce,dump0304
89729513,/Users/nickzwart/Downloads/04082026/89729513.json,Budew,0,1,Spidops,0.636,33,Dudunsparce,dump0304
89646794,/Users/nickzwart/Downloads/04082026/89646794.json,lmaffei,1,1,Dipplin,0.404,99,Dudunsparce,dump0304
89638934,/Users/nickzwart/Downloads/04082026/89638934.json,Iolzpo + emonga,0,1,Dudunsparce,0.489,221,Dudunsparce,dump0304
89789118,/Users/nickzwart/Downloads/04082026/89789118.json,やる気元気ミワハルキ,1,1,Crustle,0.624,678,Dudunsparce,dump0304
89807853,/Users/nickzwart/Downloads/04082026/89807853.json,やる気元気ミワハルキ,1,1,Grimmsnarl,0.624,678,Dudunsparce,dump0304
89804286,/Users/nickzwart/Downloads/04082026/89804286.json,やる気元気ミワハルキ,1,1,Dragapult,0.624,678,Dudunsparce,dump0304
89723734,/Users/nickzwart/Downloads/04082026/89723734.json,やる気元気ミワハルキ,1,1,Dudunsparce,0.624,678,Dudunsparce,dump0304
89698650,/Users/nickzwart/Downloads/04082026/89698650.json,やる気元気ミワハルキ,0,1,Alakazam,0.624,678,Dudunsparce,dump0304
89686834,/Users/nickzwart/Downloads/04082026/89686834.json,insuperabilehart,1,1,Grimmsnarl,0.562,194,Dudunsparce,dump0304
89721420,/Users/nickzwart/Downloads/04082026/89721420.json,HCRL,0,1,Grimmsnarl,0.514,105,Dudunsparce,dump0304
89781968,/Users/nickzwart/Downloads/04082026/89781968.json,lmaffei,1,1,Dipplin,0.404,99,Dudunsparce,dump0304
89740098,/Users/nickzwart/Downloads/04082026/89740098.json,HCRL,0,1,Alakazam,0.514,105,Dudunsparce,dump0304
89623904,/Users/nickzwart/Downloads/04082026/89623904.json,Pokémon Day Care,1,1,Grimmsnarl,0.5,10,Dudunsparce,dump0304
89722574,/Users/nickzwart/Downloads/04082026/89722574.json,HCRL,0,1,Grimmsnarl,0.514,105,Dudunsparce,dump0304
89657487,/Users/nickzwart/Downloads/04082026/89657487.json,MissingNo.,0,1,Grimmsnarl,0.574,263,Dudunsparce,dump0304
89640591,/Users/nickzwart/Downloads/04082026/89640591.json,lmaffei,1,1,Dipplin,0.404,99,Dudunsparce,dump0304
89640084,/Users/nickzwart/Downloads/04082026/89640084.json,MissingNo.,0,1,Grimmsnarl,0.574,263,Dudunsparce,dump0304
89664922,/Users/nickzwart/Downloads/04082026/89664922.json,sadwat,1,1,M-Kangaskhan,0.642,81,Dudunsparce,dump0304
89693725,/Users/nickzwart/Downloads/04082026/89693725.json,insuperabilehart,1,1,M-Starmie,0.562,194,Dudunsparce,dump0304
89678917,/Users/nickzwart/Downloads/04082026/89678917.json,Shuhan Yang,0,1,Crustle,0.4,75,Dudunsparce,dump0304
89812980,/Users/nickzwart/Downloads/04082026/89812980.json,insuperabilehart,0,1,Cynthia-Garchomp,0.562,194,Dudunsparce,dump0304
89690277,/Users/nickzwart/Downloads/04082026/89690277.json,insuperabilehart,1,1,Grimmsnarl,0.562,194,Dudunsparce,dump0304
89668080,/Users/nickzwart/Downloads/04082026/89668080.json,Shuhan Yang,1,1,Grimmsnarl,0.4,75,Dudunsparce,dump0304
89624428,/Users/nickzwart/Downloads/04082026/89624428.json,DON,0,1,Grimmsnarl,0.531,49,Dudunsparce,dump0304
89614358,/Users/nickzwart/Downloads/04082026/89614358.json,lmaffei,1,1,Grimmsnarl,0.404,99,Dudunsparce,dump0304
89812847,/Users/nickzwart/Downloads/04082026/89812847.json,Iolzpo + emonga,0,1,Crustle,0.489,221,Dudunsparce,dump0304
89811089,/Users/nickzwart/Downloads/04082026/89811089.json,lmaffei,0,1,Crustle,0.404,99,Dudunsparce,dump0304
89640460,/Users/nickzwart/Downloads/04082026/89640460.json,sadwat,1,1,Grimmsnarl,0.642,81,Dudunsparce,dump0304
89632860,/Users/nickzwart/Downloads/04082026/89632860.json,lmaffei,1,1,Dudunsparce,0.404,99,Dudunsparce,dump0304
89627224,/Users/nickzwart/Downloads/04082026/89627224.json,DON,0,1,Grimmsnarl,0.531,49,Dudunsparce,dump0304
89639514,/Users/nickzwart/Downloads/04082026/89639514.json,MissingNo.,1,1,Grimmsnarl,0.574,263,Dudunsparce,dump0304
89790271,/Users/nickzwart/Downloads/04082026/89790271.json,insuperabilehart,1,1,Cynthia-Garchomp,0.562,194,Dudunsparce,dump0304
89792309,/Users/nickzwart/Downloads/04082026/89792309.json,HCRL,1,1,Grimmsnarl,0.514,105,Dudunsparce,dump0304
89685254,/Users/nickzwart/Downloads/04082026/89685254.json,lmaffei,0,1,Grimmsnarl,0.404,99,Dudunsparce,dump0304
89706089,/Users/nickzwart/Downloads/04082026/89706089.json,やる気元気ミワハルキ,1,1,Grimmsnarl,0.624,678,Dudunsparce,dump0304
89796425,/Users/nickzwart/Downloads/04082026/89796425.json,やる気元気ミワハルキ,0,1,Grimmsnarl,0.624,678,Dudunsparce,dump0304
89646799,/Users/nickzwart/Downloads/04082026/89646799.json,Iolzpo + emonga,0,1,Spidops,0.489,221,Dudunsparce,dump0304
89802467,/Users/nickzwart/Downloads/04082026/89802467.json,やる気元気ミワハルキ,0,1,Meganium,0.624,678,Dudunsparce,dump0304
89818314,/Users/nickzwart/Downloads/04082026/89818314.json,Iolzpo + emonga,0,1,Dipplin,0.489,221,Dudunsparce,dump0304
89727783,/Users/nickzwart/Downloads/04082026/89727783.json,HCRL,0,1,Dipplin,0.514,105,Dudunsparce,dump0304
89700937,/Users/nickzwart/Downloads/04082026/89700937.json,やる気元気ミワハルキ,0,1,Spidops,0.624,678,Dudunsparce,dump0304
89677791,/Users/nickzwart/Downloads/04082026/89677791.json,lmaffei,1,1,Dudunsparce,0.404,99,Dudunsparce,dump0304
89647798,/Users/nickzwart/Downloads/04082026/89647798.json,sadwat,1,1,Dipplin,0.642,81,Dudunsparce,dump0304
89733611,/Users/nickzwart/Downloads/04082026/89733611.json,HCRL,1,1,Grimmsnarl,0.514,105,Dudunsparce,dump0304
89801267,/Users/nickzwart/Downloads/04082026/89801267.json,Iolzpo + emonga,0,1,Meganium,0.489,221,Dudunsparce,dump0304
89720251,/Users/nickzwart/Downloads/04082026/89720251.json,HCRL,1,1,Grimmsnarl,0.514,105,Dudunsparce,dump0304
89779455,/Users/nickzwart/Downloads/04082026/89779455.json,insuperabilehart,1,1,Grimmsnarl,0.562,194,Dudunsparce,dump0304
89767918,/Users/nickzwart/Downloads/04082026/89767918.json,Iolzpo + emonga,0,1,Dragapult,0.489,221,Dudunsparce,dump0304
89808011,/Users/nickzwart/Downloads/04082026/89808011.json,Iolzpo + emonga,1,1,Meganium,0.489,221,Dudunsparce,dump0304
89619209,/Users/nickzwart/Downloads/04082026/89619209.json,lmaffei,0,1,M-Starmie,0.404,99,Dudunsparce,dump0304
89808457,/Users/nickzwart/Downloads/04082026/89808457.json,Iolzpo + emonga,0,1,Alakazam,0.489,221,Dudunsparce,dump0304
89671487,/Users/nickzwart/Downloads/04082026/89671487.json,Iolzpo + emonga,0,1,Grimmsnarl,0.489,221,Dudunsparce,dump0304
89817825,/Users/nickzwart/Downloads/04082026/89817825.json,HCRL,0,1,Crustle,0.514,105,Dudunsparce,dump0304
89699488,/Users/nickzwart/Downloads/04082026/89699488.json,sadwat,1,1,Grimmsnarl,0.642,81,Dudunsparce,dump0304
89814073,/Users/nickzwart/Downloads/04082026/89814073.json,やる気元気ミワハルキ,1,1,Dudunsparce,0.624,678,Dudunsparce,dump0304
89787961,/Users/nickzwart/Downloads/04082026/89787961.json,やる気元気ミワハルキ,0,1,Meganium,0.624,678,Dudunsparce,dump0304
