path,episode,p0,p1,winner,a0,a1,turns
scraped/ss_full/episode-89150434-replay.json,89150434,Oleksandr_Savsunenko,Sixth Sense,1,Grimmsnarl,Grimmsnarl,13
scraped/ss_full/episode-89150936-replay.json,89150936,akmr,Sixth Sense,0,Alakazam,Grimmsnarl,13
scraped/ss_full/episode-89151444-replay.json,89151444,Sixth Sense,MTL Agent,0,Grimmsnarl,M-Kangaskhan,11
scraped/ss_full/episode-89151947-replay.json,89151947,Sixth Sense,Civitas,0,Grimmsnarl,Grimmsnarl,11
scraped/ss_full/episode-89152442-replay.json,89152442,tedo,Sixth Sense,1,Grimmsnarl,Grimmsnarl,13
scraped/ss_full/episode-89152952-replay.json,89152952,대답해드리는게인지상정,Sixth Sense,1,Grimmsnarl,Grimmsnarl,11
scraped/ss_full/episode-89153469-replay.json,89153469,Team KASA.,Sixth Sense,0,Alakazam,Grimmsnarl,11
scraped/ss_full/episode-89153975-replay.json,89153975,Sixth Sense,Andrej Carpenter,0,Grimmsnarl,Alakazam,11
scraped/ss_full/episode-89164800-replay.json,89164800,Sixth Sense,flg,1,Grimmsnarl,M-Kangaskhan,17
scraped/ss_full/episode-89165326-replay.json,89165326,James Cox & Henry Chao,Sixth Sense,1,M-Kangaskhan,Grimmsnarl,13
scraped/ss_full/episode-89165827-replay.json,89165827,hinox13,Sixth Sense,0,Grimmsnarl,Grimmsnarl,13
scraped/ss_full/episode-89165987-replay.json,89165987,李秉叡（ntumlnoob）,Sixth Sense,1,Grimmsnarl,Grimmsnarl,13
scraped/ss_full/episode-89166346-replay.json,89166346,Sixth Sense,Dries @ Tufa Labs,0,Grimmsnarl,Grimmsnarl,13
scraped/ss_full/episode-89166872-replay.json,89166872,qb,Sixth Sense,1,Grimmsnarl,Grimmsnarl,11
scraped/ss_full/episode-89167394-replay.json,89167394,Sixth Sense,Xiangyu Liu,0,Grimmsnarl,Grimmsnarl,15
scraped/ss_full/episode-89167916-replay.json,89167916,Sixth Sense,RtoABC,0,Grimmsnarl,Dudunsparce,11
scraped/ss_full/episode-89158106-replay.json,89158106,Sixth Sense,A. R. SEKKAT,1,Grimmsnarl,Grimmsnarl,11
scraped/ss_full/episode-89158774-replay.json,89158774,Dominic Peel,Sixth Sense,1,M-Kangaskhan,Grimmsnarl,17
scraped/ss_full/episode-89159136-replay.json,89159136,Sixth Sense,lollipop947,0,Grimmsnarl,Grimmsnarl,11
scraped/ss_full/episode-89159249-replay.json,89159249,Sixth Sense,想要成为kaggle大师,1,Grimmsnarl,Grimmsnarl,13
scraped/ss_full/episode-89159656-replay.json,89159656,Sixth Sense,Rmy,0,Grimmsnarl,Grimmsnarl,11
scraped/ss_full/episode-89160159-replay.json,89160159,Sixth Sense,flxwld,0,Grimmsnarl,M-Kangaskhan,11
scraped/ss_full/episode-89160672-replay.json,89160672,Sixth Sense,Luca,0,Grimmsnarl,Grimmsnarl,13
scraped/ss_full/episode-89160810-replay.json,89160810,nsytsqdtn,Sixth Sense,1,Grimmsnarl,Grimmsnarl,11
scraped/ss_full/episode-89154482-replay.json,89154482,qb,Sixth Sense,0,Grimmsnarl,Grimmsnarl,13
scraped/ss_full/episode-89154989-replay.json,89154989,Sixth Sense,SQUIRTLE (prime),0,Grimmsnarl,Grimmsnarl,17
scraped/ss_full/episode-89155502-replay.json,89155502,NorthStar,Sixth Sense,1,Grimmsnarl,Grimmsnarl,21
scraped/ss_full/episode-89156000-replay.json,89156000,Sixth Sense,zhangshuosc,1,Grimmsnarl,Grimmsnarl,11
scraped/ss_full/episode-89156549-replay.json,89156549,Sixth Sense,宝糕手,0,Grimmsnarl,Dudunsparce,15
scraped/ss_full/episode-89157068-replay.json,89157068,CortexExplorer,Sixth Sense,1,other,Grimmsnarl,14
scraped/ss_full/episode-89157247-replay.json,89157247,James Cox & Henry Chao,Sixth Sense,0,M-Kangaskhan,Grimmsnarl,11
scraped/ss_full/episode-89157592-replay.json,89157592,Sixth Sense,Oshbocker,0,Grimmsnarl,M-Kangaskhan,17
scraped/ss_full/episode-89161191-replay.json,89161191,flg,Sixth Sense,0,M-Kangaskhan,Grimmsnarl,19
scraped/ss_full/episode-89161701-replay.json,89161701,Azat Akhtyamov,Sixth Sense,1,Grimmsnarl,Grimmsnarl,13
scraped/ss_full/episode-89162212-replay.json,89162212,Sixth Sense,NguyenThanhNhan,1,Grimmsnarl,Grimmsnarl,11
scraped/ss_full/episode-89162727-replay.json,89162727,JB Bryant,Sixth Sense,1,Grimmsnarl,Grimmsnarl,13
scraped/ss_full/episode-89163228-replay.json,89163228,vvs,Sixth Sense,0,Grimmsnarl,Grimmsnarl,15
scraped/ss_full/episode-89163261-replay.json,89163261,HSBMAX,Sixth Sense,1,Grimmsnarl,Grimmsnarl,9
scraped/ss_full/episode-89163778-replay.json,89163778,Dries @ Tufa Labs,Sixth Sense,0,Grimmsnarl,Grimmsnarl,17
scraped/ss_full/episode-89164282-replay.json,89164282,Sixth Sense,ANDPAD kaggler team,0,Grimmsnarl,Grimmsnarl,19
scraped/ss_full/episode-89168428-replay.json,89168428,やる気元気ミワハルキ,Sixth Sense,0,Dudunsparce,Grimmsnarl,19
scraped/ss_full/episode-89168858-replay.json,89168858,Sixth Sense,Lior Toledano,0,Grimmsnarl,Grimmsnarl,13
scraped/ss_full/episode-89169464-replay.json,89169464,Dominic Peel,Sixth Sense,0,Grimmsnarl,Grimmsnarl,17
scraped/ss_full/episode-89169979-replay.json,89169979,Sixth Sense,Md Omar Sunny,0,Grimmsnarl,other,9
scraped/ss_full/episode-89170482-replay.json,89170482,A. R. SEKKAT,Sixth Sense,1,Grimmsnarl,Grimmsnarl,13
scraped/ss_full/episode-89170993-replay.json,89170993,Sixth Sense,西松大祐,0,Grimmsnarl,M-Kangaskhan,17
scraped/ss_full/episode-89171517-replay.json,89171517,Sixth Sense,vvs,0,Grimmsnarl,Grimmsnarl,9
scraped/ss_full/episode-89172023-replay.json,89172023,Sixth Sense,Iliamna,0,Grimmsnarl,Hydrapple,9
scraped/ss_full/episode-89201229-replay.json,89201229,Sixth Sense,flg,0,Grimmsnarl,Crustle,15
scraped/ss_full/episode-89201641-replay.json,89201641,Sixth Sense,flg,1,Grimmsnarl,M-Kangaskhan,23
scraped/ss_full/episode-89202158-replay.json,89202158,Yev Barkalov,Sixth Sense,1,Alakazam,Grimmsnarl,7
scraped/ss_full/episode-89202667-replay.json,89202667,Hiroki Yamazaki,Sixth Sense,1,Grimmsnarl,Grimmsnarl,11
scraped/ss_full/episode-89203167-replay.json,89203167,Sixth Sense,bono,0,Grimmsnarl,other,9
scraped/ss_full/episode-89203174-replay.json,89203174,Sixth Sense,szlachetny snieg,1,Grimmsnarl,Grimmsnarl,13
scraped/ss_full/episode-89203663-replay.json,89203663,カントー地方マスター(KantoRegionMaster),Sixth Sense,1,Hydrapple,Grimmsnarl,9
scraped/ss_full/episode-89203687-replay.json,89203687,flg,Sixth Sense,0,other,other,3
scraped/ss_full/episode-89191486-replay.json,89191486,Luca,Sixth Sense,1,Grimmsnarl,Grimmsnarl,12
scraped/ss_full/episode-89191917-replay.json,89191917,Sixth Sense,Pokemon Siuuuu,1,Grimmsnarl,Grimmsnarl,15
scraped/ss_full/episode-89192443-replay.json,89192443,Sixth Sense,James Cox & Henry Chao,0,Grimmsnarl,other,9
scraped/ss_full/episode-89192917-replay.json,89192917,Sixth Sense,MtN,0,Grimmsnarl,Grimmsnarl,11
scraped/ss_full/episode-89193418-replay.json,89193418,Takaaki Matsuda,Sixth Sense,1,Archaludon,Grimmsnarl,13
scraped/ss_full/episode-89193928-replay.json,89193928,Sixth Sense,e-toppo + kurupical,1,Grimmsnarl,Grimmsnarl,11
scraped/ss_full/episode-89194450-replay.json,89194450,Dominic Peel,Sixth Sense,0,Grimmsnarl,Grimmsnarl,15
scraped/ss_full/episode-89194921-replay.json,89194921,Rmy,Sixth Sense,0,Ogerpon,Grimmsnarl,9
scraped/ss_full/episode-89195493-replay.json,89195493,Rataro.S,Sixth Sense,1,other,Grimmsnarl,11
scraped/ss_full/episode-89196011-replay.json,89196011,Sixth Sense,haggle,0,Grimmsnarl,Grimmsnarl,13
scraped/ss_full/episode-89196530-replay.json,89196530,Sixth Sense,keidroid,1,Grimmsnarl,Ogerpon,9
scraped/ss_full/episode-89196534-replay.json,89196534,Sixth Sense,LumenLiquidity,0,Grimmsnarl,Dragapult,13
scraped/ss_full/episode-89197050-replay.json,89197050,Dominic Peel,Sixth Sense,0,Grimmsnarl,Grimmsnarl,13
scraped/ss_full/episode-89197060-replay.json,89197060,{{ team_name }} 🏆,Sixth Sense,1,other,Grimmsnarl,9
scraped/ss_full/episode-89197576-replay.json,89197576,Sixth Sense,matsurih,1,Grimmsnarl,Grimmsnarl,11
scraped/ss_full/episode-89197594-replay.json,89197594,Sixth Sense,Iliamna,0,Grimmsnarl,Hydrapple,17
scraped/ss_full/episode-89198088-replay.json,89198088,ANDPAD kaggler team,Sixth Sense,1,Grimmsnarl,Grimmsnarl,12
scraped/ss_full/episode-89198590-replay.json,89198590,LiamK,Sixth Sense,1,Grimmsnarl,Grimmsnarl,13
scraped/ss_full/episode-89199105-replay.json,89199105,Dawei Zhang,Sixth Sense,1,other,Grimmsnarl,13
scraped/ss_full/episode-89199613-replay.json,89199613,Sixth Sense,e-toppo + kurupical,0,Grimmsnarl,Grimmsnarl,13
scraped/ss_full/episode-89200191-replay.json,89200191,Sixth Sense,Rmy,1,Grimmsnarl,Ogerpon,7
scraped/ss_full/episode-89200635-replay.json,89200635,Iliamna,Sixth Sense,1,Hydrapple,Grimmsnarl,13
scraped/ss_full/episode-89201119-replay.json,89201119,Sixth Sense,Oshbocker,0,Grimmsnarl,M-Kangaskhan,17
scraped/ss_full/episode-89201191-replay.json,89201191,Majkel1337,Sixth Sense,0,M-Lopunny,Grimmsnarl,13
scraped/ss_full/episode-89172533-replay.json,89172533,Sixth Sense,JZ,1,Grimmsnarl,Grimmsnarl,9
scraped/ss_full/episode-89173055-replay.json,89173055,Sixth Sense,Ryuuji Yoshinaga,0,Grimmsnarl,M-Lucario,9
scraped/ss_full/episode-89173568-replay.json,89173568,Sixth Sense,Roman Nesterov,0,Grimmsnarl,Grimmsnarl,11
scraped/ss_full/episode-89174079-replay.json,89174079,Iliamna,Sixth Sense,0,Hydrapple,Grimmsnarl,9
scraped/ss_full/episode-89174580-replay.json,89174580,Sixth Sense,LiamK,0,Grimmsnarl,Grimmsnarl,19
scraped/ss_full/episode-89175102-replay.json,89175102,JZ,Sixth Sense,1,Grimmsnarl,Grimmsnarl,15
scraped/ss_full/episode-89175615-replay.json,89175615,Sixth Sense,カントー地方マスター(KantoRegionMaster),0,Grimmsnarl,Grimmsnarl,15
scraped/ss_full/episode-89176201-replay.json,89176201,Sixth Sense,Pokopia,0,Grimmsnarl,Grimmsnarl,19
scraped/ss_full/episode-89179235-replay.json,89179235,Pokemon Fan,Sixth Sense,1,Grimmsnarl,Grimmsnarl,11
scraped/ss_full/episode-89181795-replay.json,89181795,Sixth Sense,JZ,0,Grimmsnarl,Grimmsnarl,15
scraped/ss_full/episode-89182511-replay.json,89182511,Sixth Sense,213tubo,0,Grimmsnarl,Dragapult,13
scraped/ss_full/episode-89185375-replay.json,89185375,Sixth Sense,keidroid,1,Grimmsnarl,Ogerpon,11
scraped/ss_full/episode-89187885-replay.json,89187885,NguyenThanhNhan,Sixth Sense,0,Grimmsnarl,Grimmsnarl,11
scraped/ss_full/episode-89190454-replay.json,89190454,Sixth Sense,ANDPAD kaggler team,0,Grimmsnarl,Grimmsnarl,17
scraped/ss_full/episode-89190909-replay.json,89190909,Sixth Sense,Kusanagi,1,Grimmsnarl,Grimmsnarl,15
scraped/ss_full/episode-89190988-replay.json,89190988,lollipop947,Sixth Sense,1,Grimmsnarl,Grimmsnarl,9
scraped/ss_full/episode-89211208-replay.json,89211208,Sixth Sense,カントー地方マスター(KantoRegionMaster),0,Grimmsnarl,Hydrapple,9
scraped/ss_full/episode-89211688-replay.json,89211688,Iliamna,Sixth Sense,1,Hydrapple,Grimmsnarl,10
scraped/ss_full/episode-89212180-replay.json,89212180,Sixth Sense,M Sato,0,Grimmsnarl,Grimmsnarl,11
scraped/ss_full/episode-89212693-replay.json,89212693,lolzpo+emonga,Sixth Sense,1,M-Lopunny,Grimmsnarl,11
scraped/ss_full/episode-89212703-replay.json,89212703,Sixth Sense,James Cox & Henry Chao,0,Grimmsnarl,M-Kangaskhan,9
scraped/ss_full/episode-89213180-replay.json,89213180,Sixth Sense,keidroid,0,Grimmsnarl,Ogerpon,10
scraped/ss_full/episode-89213298-replay.json,89213298,カントー地方マスター(KantoRegionMaster),Sixth Sense,0,Hydrapple,Grimmsnarl,3
scraped/ss_full/episode-89213697-replay.json,89213697,Sixth Sense,Iliamna,0,Grimmsnarl,Hydrapple,11
scraped/ss_full/episode-89204320-replay.json,89204320,Sixth Sense,James Cox & Henry Chao,0,Grimmsnarl,M-Kangaskhan,7
scraped/ss_full/episode-89204664-replay.json,89204664,Octavi Grau,Sixth Sense,0,Garchomp,Grimmsnarl,13
scraped/ss_full/episode-89205171-replay.json,89205171,Sixth Sense,Octavi Grau,1,Grimmsnarl,Garchomp,13
scraped/ss_full/episode-89205662-replay.json,89205662,Octavi Grau,Sixth Sense,1,Garchomp,Grimmsnarl,11
scraped/ss_full/episode-89205672-replay.json,89205672,Sixth Sense,szlachetny snieg,0,Grimmsnarl,Grimmsnarl,11
scraped/ss_full/episode-89206171-replay.json,89206171,Sixth Sense,@kdcyberdude,0,Grimmsnarl,Grimmsnarl,15
scraped/ss_full/episode-89206660-replay.json,89206660,Brahim,Sixth Sense,1,M-Lopunny,Grimmsnarl,11
scraped/ss_full/episode-89206665-replay.json,89206665,Octavi Grau,Sixth Sense,1,Garchomp,Grimmsnarl,7
scraped/ss_full/episode-89207175-replay.json,89207175,Sixth Sense,Octavi Grau,0,Grimmsnarl,Garchomp,11
scraped/ss_full/episode-89207181-replay.json,89207181,Sixth Sense,flg,0,Grimmsnarl,other,11
scraped/ss_full/episode-89207664-replay.json,89207664,Rmy,Sixth Sense,0,Ogerpon,Grimmsnarl,9
scraped/ss_full/episode-89207671-replay.json,89207671,typeIIIfairy,Sixth Sense,1,Grimmsnarl,Grimmsnarl,9
scraped/ss_full/episode-89207691-replay.json,89207691,Sixth Sense,LiamK,1,Grimmsnarl,Grimmsnarl,9
scraped/ss_full/episode-89208182-replay.json,89208182,Rmy,Sixth Sense,0,Ogerpon,Grimmsnarl,3
scraped/ss_full/episode-89208677-replay.json,89208677,Sixth Sense,szlachetny snieg,0,Grimmsnarl,Grimmsnarl,15
scraped/ss_full/episode-89209174-replay.json,89209174,Sixth Sense,Majkel1337,0,Grimmsnarl,M-Lopunny,13
scraped/ss_full/episode-89209679-replay.json,89209679,Sixth Sense,Raihan Ramadistra,0,Grimmsnarl,Grimmsnarl,15
scraped/ss_full/episode-89210177-replay.json,89210177,Dries @ Tufa Labs,Sixth Sense,0,Grimmsnarl,Grimmsnarl,15
scraped/ss_full/episode-89210191-replay.json,89210191,LiamK,Sixth Sense,0,Grimmsnarl,Grimmsnarl,17
scraped/ss_full/episode-89210685-replay.json,89210685,Sixth Sense,Octavi Grau,1,Grimmsnarl,Garchomp,11
scraped/ss_full/episode-89211176-replay.json,89211176,Sixth Sense,Rmy,0,Grimmsnarl,Ogerpon,9
scraped/ss_full/episode-89211192-replay.json,89211192,Sixth Sense,李秉叡（ntumlnoob）,0,Grimmsnarl,Grimmsnarl,11
scraped/ss_full/episode-89211201-replay.json,89211201,Sixth Sense,李秉叡（ntumlnoob）,0,Grimmsnarl,Grimmsnarl,17
scraped/ss_full/episode-89211202-replay.json,89211202,James Cox & Henry Chao,Sixth Sense,0,M-Kangaskhan,Grimmsnarl,11
scraped/ss_full/episode-89217201-replay.json,89217201,Sixth Sense,keidroid,1,Grimmsnarl,Ogerpon,3
scraped/ss_full/episode-89217704-replay.json,89217704,Rmy,Sixth Sense,0,Ogerpon,Grimmsnarl,9
scraped/ss_full/episode-89218202-replay.json,89218202,Sixth Sense,Brahim,0,Grimmsnarl,M-Lopunny,11
scraped/ss_full/episode-89218212-replay.json,89218212,Octavi Grau,Sixth Sense,0,Garchomp,Grimmsnarl,13
scraped/ss_full/episode-89218700-replay.json,89218700,Sixth Sense,A. R. SEKKAT,0,Grimmsnarl,Grimmsnarl,9
scraped/ss_full/episode-89219203-replay.json,89219203,Sixth Sense,Rmy,1,Grimmsnarl,Ogerpon,9
scraped/ss_full/episode-89219205-replay.json,89219205,@kdcyberdude,Sixth Sense,1,Grimmsnarl,Grimmsnarl,13
scraped/ss_full/episode-89219746-replay.json,89219746,tomokawa,Sixth Sense,1,Crustle,Grimmsnarl,9
scraped/ss_full/episode-89214200-replay.json,89214200,haggle,Sixth Sense,1,Grimmsnarl,Grimmsnarl,9
scraped/ss_full/episode-89214704-replay.json,89214704,Octavi Grau,Sixth Sense,0,Garchomp,Grimmsnarl,11
scraped/ss_full/episode-89214712-replay.json,89214712,Sixth Sense,James Cox & Henry Chao,0,Grimmsnarl,M-Kangaskhan,13
scraped/ss_full/episode-89215196-replay.json,89215196,Sixth Sense,JZ,0,Grimmsnarl,Grimmsnarl,13
scraped/ss_full/episode-89215701-replay.json,89215701,やる気元気ミワハルキ,Sixth Sense,1,Grimmsnarl,Grimmsnarl,9
scraped/ss_full/episode-89216198-replay.json,89216198,Brahim,Sixth Sense,1,M-Lopunny,Grimmsnarl,9
scraped/ss_full/episode-89216701-replay.json,89216701,Sixth Sense,Dries @ Tufa Labs,0,Grimmsnarl,Grimmsnarl,13
scraped/ss_full/episode-89217196-replay.json,89217196,Majkel1337,Sixth Sense,0,M-Lopunny,Grimmsnarl,13
scraped/ss_full/episode-89222743-replay.json,89222743,aidy,Sixth Sense,1,Alakazam,Grimmsnarl,11
scraped/ss_full/episode-89223236-replay.json,89223236,Sixth Sense,Rmy,1,Grimmsnarl,Ogerpon,7
scraped/ss_full/episode-89223740-replay.json,89223740,Sixth Sense,Majkel1337,1,Grimmsnarl,Ogerpon,7
scraped/ss_full/episode-89223758-replay.json,89223758,JZ,Sixth Sense,1,Grimmsnarl,Grimmsnarl,11
scraped/ss_full/episode-89223774-replay.json,89223774,Sixth Sense,wwwwwwwwwwwwwwwwwwwwwwwwwwwwww,0,Grimmsnarl,Grimmsnarl,11
scraped/ss_full/episode-89224237-replay.json,89224237,Sixth Sense,Brahim,0,Grimmsnarl,M-Lopunny,9
scraped/ss_full/episode-89224735-replay.json,89224735,Sixth Sense,Brahim,0,Grimmsnarl,M-Lopunny,13
scraped/ss_full/episode-89225246-replay.json,89225246,Sixth Sense,Majkel1337,0,Grimmsnarl,M-Lopunny,17
scraped/ss_full/episode-89225248-replay.json,89225248,LiamK,Sixth Sense,1,Grimmsnarl,Grimmsnarl,11
scraped/ss_full/episode-89225742-replay.json,89225742,Sixth Sense,서주영,0,Grimmsnarl,Grimmsnarl,9
scraped/ss_full/episode-89226278-replay.json,89226278,Brahim,Sixth Sense,0,M-Lopunny,Grimmsnarl,15
scraped/ss_full/episode-89226299-replay.json,89226299,Sixth Sense,Dries @ Tufa Labs,1,Grimmsnarl,Grimmsnarl,13
scraped/ss_full/episode-89226343-replay.json,89226343,Majkel1337,Sixth Sense,0,M-Lopunny,Grimmsnarl,13
scraped/ss_full/episode-89226769-replay.json,89226769,flxwld,Sixth Sense,1,Garchomp,Grimmsnarl,11
scraped/ss_full/episode-89227274-replay.json,89227274,Sixth Sense,Majkel1337,0,Grimmsnarl,M-Lopunny,11
scraped/ss_full/episode-89227278-replay.json,89227278,vvs,Sixth Sense,1,Grimmsnarl,Grimmsnarl,13
scraped/ss_full/episode-89230415-replay.json,89230415,Sixth Sense,Majkel1337,1,Grimmsnarl,M-Lopunny,13
scraped/ss_full/episode-89230420-replay.json,89230420,Sama,Sixth Sense,1,Alakazam,Grimmsnarl,9
scraped/ss_full/episode-89230927-replay.json,89230927,LiamK,Sixth Sense,0,Grimmsnarl,Grimmsnarl,13
scraped/ss_full/episode-89231434-replay.json,89231434,Rmy,Sixth Sense,0,Ogerpon,Grimmsnarl,9
scraped/ss_full/episode-89231449-replay.json,89231449,Majkel1337,Sixth Sense,0,M-Lopunny,Grimmsnarl,13
scraped/ss_full/episode-89231955-replay.json,89231955,James Cox & Henry Chao,Sixth Sense,0,M-Kangaskhan,Grimmsnarl,7
scraped/ss_full/episode-89232510-replay.json,89232510,Sixth Sense,Akira-Ninth,0,Grimmsnarl,M-Lucario,15
scraped/ss_full/episode-89232995-replay.json,89232995,Sixth Sense,ZZZ gang ML clan team muxomor,0,Grimmsnarl,Alakazam,11
scraped/ss_full/episode-89220224-replay.json,89220224,Sixth Sense,Janglish,0,Grimmsnarl,M-Starmie,17
scraped/ss_full/episode-89220722-replay.json,89220722,Sixth Sense,Brahim,1,Grimmsnarl,M-Lopunny,15
scraped/ss_full/episode-89220754-replay.json,89220754,Luca,Sixth Sense,1,Grimmsnarl,Grimmsnarl,11
scraped/ss_full/episode-89221228-replay.json,89221228,flg,Sixth Sense,1,M-Kangaskhan,Grimmsnarl,16
scraped/ss_full/episode-89221730-replay.json,89221730,Sixth Sense,Brahim,1,Grimmsnarl,M-Lopunny,13
scraped/ss_full/episode-89221740-replay.json,89221740,flg,Sixth Sense,1,M-Kangaskhan,Grimmsnarl,15
scraped/ss_full/episode-89222230-replay.json,89222230,Sixth Sense,Majkel1337,0,Grimmsnarl,M-Lopunny,19
scraped/ss_full/episode-89222240-replay.json,89222240,Sixth Sense,Brahim,0,Grimmsnarl,M-Lopunny,13
scraped/ss_full/episode-89227772-replay.json,89227772,Sixth Sense,Majkel1337,0,Grimmsnarl,M-Lopunny,13
scraped/ss_full/episode-89228295-replay.json,89228295,akzw,Sixth Sense,0,M-Kangaskhan,Grimmsnarl,23
scraped/ss_full/episode-89228837-replay.json,89228837,Brahim,Sixth Sense,0,M-Lopunny,Grimmsnarl,13
scraped/ss_full/episode-89228844-replay.json,89228844,Sixth Sense,Octavi Grau,0,Grimmsnarl,Garchomp,11
scraped/ss_full/episode-89229369-replay.json,89229369,Sixth Sense,Majkel1337,0,Grimmsnarl,M-Lopunny,13
scraped/ss_full/episode-89229377-replay.json,89229377,Sixth Sense,Majkel1337,1,Grimmsnarl,Ogerpon,9
scraped/ss_full/episode-89229904-replay.json,89229904,Majkel1337,Sixth Sense,1,M-Lopunny,Grimmsnarl,11
scraped/ss_full/episode-89229910-replay.json,89229910,Sixth Sense,LiamK,1,Grimmsnarl,Grimmsnarl,11
scraped/ss_full/episode-89233489-replay.json,89233489,Majkel1337,Sixth Sense,0,M-Lopunny,Grimmsnarl,15
scraped/ss_full/episode-89233499-replay.json,89233499,JZ,Sixth Sense,0,Grimmsnarl,Grimmsnarl,11
scraped/ss_full/episode-89233970-replay.json,89233970,Sixth Sense,sadwat,0,Grimmsnarl,Grimmsnarl,13
scraped/ss_full/episode-89233986-replay.json,89233986,LumenLiquidity,Sixth Sense,1,Dragapult,Grimmsnarl,13
scraped/ss_full/episode-89234522-replay.json,89234522,Sixth Sense,Majkel1337,1,Grimmsnarl,Ogerpon,9
scraped/ss_full/episode-89234553-replay.json,89234553,Gachimoto,Sixth Sense,1,Dragapult,Grimmsnarl,12
scraped/ss_full/episode-89235056-replay.json,89235056,LumenLiquidity,Sixth Sense,1,Dragapult,Grimmsnarl,11
scraped/ss_full/episode-89235565-replay.json,89235565,Lior Toledano,Sixth Sense,1,Grimmsnarl,Grimmsnarl,11
scraped/ss_full/episode-89238635-replay.json,89238635,Sixth Sense,Majkel1337,1,Grimmsnarl,M-Lopunny,13
scraped/ss_full/episode-89238659-replay.json,89238659,Dominic Peel,Sixth Sense,1,Grimmsnarl,Grimmsnarl,14
scraped/ss_full/episode-89239165-replay.json,89239165,James Cox & Henry Chao,Sixth Sense,0,M-Kangaskhan,Grimmsnarl,11
scraped/ss_full/episode-89239195-replay.json,89239195,Sixth Sense,Octavi Grau,0,Grimmsnarl,Garchomp,13
scraped/ss_full/episode-89239674-replay.json,89239674,Sixth Sense,想要成为kaggle大师,1,Grimmsnarl,Grimmsnarl,11
scraped/ss_full/episode-89240206-replay.json,89240206,西松大祐,Sixth Sense,0,Grimmsnarl,Grimmsnarl,13
scraped/ss_full/episode-89240753-replay.json,89240753,Sixth Sense,대답해드리는게인지상정,1,Grimmsnarl,Grimmsnarl,15
scraped/ss_full/episode-89241285-replay.json,89241285,やる気元気ミワハルキ,Sixth Sense,0,Grimmsnarl,other,3
scraped/ss_full/episode-89243286-replay.json,89243286,Sixth Sense,Rmy,1,Grimmsnarl,Ogerpon,9
scraped/ss_full/episode-89243786-replay.json,89243786,Majkel1337,Sixth Sense,0,M-Lopunny,Grimmsnarl,13
scraped/ss_full/episode-89244306-replay.json,89244306,keidroid,Sixth Sense,0,Ogerpon,Grimmsnarl,9
scraped/ss_full/episode-89247931-replay.json,89247931,Majkel1337,Sixth Sense,0,M-Lopunny,Grimmsnarl,13
scraped/ss_full/episode-89252490-replay.json,89252490,Majkel1337,Sixth Sense,1,M-Lopunny,Grimmsnarl,11
scraped/ss_full/episode-89259171-replay.json,89259171,Dries @ Tufa Labs,Sixth Sense,0,Grimmsnarl,Grimmsnarl,17
scraped/ss_full/episode-89264854-replay.json,89264854,Sixth Sense,Shingo Kotake,0,Grimmsnarl,M-Lucario,13
scraped/ss_full/episode-89268923-replay.json,89268923,Sixth Sense,Dries @ Tufa Labs,0,Grimmsnarl,Grimmsnarl,19
scraped/ss_full/episode-89269343-replay.json,89269343,Majkel1337,Sixth Sense,0,Ogerpon,Grimmsnarl,11
scraped/ss_full/episode-89269899-replay.json,89269899,flg,Sixth Sense,1,Crustle,Grimmsnarl,17
scraped/ss_full/episode-89271516-replay.json,89271516,Sixth Sense,flg,0,Grimmsnarl,M-Kangaskhan,23
scraped/ss_full/episode-89271940-replay.json,89271940,flg,Sixth Sense,1,Crustle,Grimmsnarl,13
scraped/ss_full/episode-89272012-replay.json,89272012,ktr,Sixth Sense,0,Hydrapple,Grimmsnarl,9
scraped/ss_full/episode-89272348-replay.json,89272348,lmaffei,Sixth Sense,1,M-Lopunny,Grimmsnarl,11
scraped/ss_full/episode-89273027-replay.json,89273027,カントー地方マスター(KantoRegionMaster),Sixth Sense,1,Grimmsnarl,Grimmsnarl,11
scraped/ss_full/episode-89273095-replay.json,89273095,Sixth Sense,Octavi Grau,1,Grimmsnarl,Garchomp,11
scraped/ss_full/episode-89235582-replay.json,89235582,Sixth Sense,JZ,1,Grimmsnarl,Grimmsnarl,27
scraped/ss_full/episode-89236077-replay.json,89236077,Majkel1337,Sixth Sense,0,M-Lopunny,Grimmsnarl,13
scraped/ss_full/episode-89236094-replay.json,89236094,Gijs Smit,Sixth Sense,1,Hydrapple,Grimmsnarl,11
scraped/ss_full/episode-89236618-replay.json,89236618,LumenLiquidity,Sixth Sense,0,Dragapult,Grimmsnarl,13
scraped/ss_full/episode-89237112-replay.json,89237112,Sixth Sense,Majkel1337,0,Grimmsnarl,M-Lopunny,13
scraped/ss_full/episode-89237128-replay.json,89237128,Sixth Sense,haggle,0,Grimmsnarl,Grimmsnarl,11
scraped/ss_full/episode-89237639-replay.json,89237639,Sixth Sense,keidroid,1,Grimmsnarl,Ogerpon,7
scraped/ss_full/episode-89238146-replay.json,89238146,Sixth Sense,wwwwwwwwwwwwwwwwwwwwwwwwwwwwww,1,Grimmsnarl,Grimmsnarl,17
scraped/ss_full/episode-89277035-replay.json,89277035,李秉叡（ntumlnoob）,Sixth Sense,1,Grimmsnarl,Grimmsnarl,11
scraped/ss_full/episode-89277678-replay.json,89277678,lolzpo+emonga,Sixth Sense,1,M-Lopunny,Grimmsnarl,13
scraped/ss_full/episode-89278194-replay.json,89278194,Majkel1337,Sixth Sense,0,Ogerpon,Grimmsnarl,9
scraped/ss_full/episode-89278200-replay.json,89278200,Sixth Sense,カントー地方マスター(KantoRegionMaster),1,Grimmsnarl,Grimmsnarl,13
scraped/ss_full/episode-89278735-replay.json,89278735,Dries @ Tufa Labs,Sixth Sense,1,Grimmsnarl,Grimmsnarl,13
scraped/ss_full/episode-89279227-replay.json,89279227,Sixth Sense,bono,0,Grimmsnarl,other,11
scraped/ss_full/episode-89279782-replay.json,89279782,James Cox & Henry Chao,Sixth Sense,1,Ogerpon,Grimmsnarl,11
scraped/ss_full/episode-89280209-replay.json,89280209,wwwwwwwwwwwwwwwwwwwwwwwwwwwwww,Sixth Sense,1,Grimmsnarl,Grimmsnarl,11
scraped/ss_full/episode-89273554-replay.json,89273554,Sixth Sense,Azalearn,0,Grimmsnarl,Dragapult,11
scraped/ss_full/episode-89274009-replay.json,89274009,Sixth Sense,Rmy,0,Grimmsnarl,Ogerpon,11
scraped/ss_full/episode-89274049-replay.json,89274049,Sixth Sense,e-toppo + kurupical,0,Grimmsnarl,Grimmsnarl,13
scraped/ss_full/episode-89274581-replay.json,89274581,SQUIRTLE (prime),Sixth Sense,1,Grimmsnarl,Grimmsnarl,11
scraped/ss_full/episode-89275052-replay.json,89275052,keidroid,Sixth Sense,0,Ogerpon,Grimmsnarl,11
scraped/ss_full/episode-89275593-replay.json,89275593,Sixth Sense,flg,1,Grimmsnarl,M-Kangaskhan,15
scraped/ss_full/episode-89276134-replay.json,89276134,Sixth Sense,Brahim,1,Grimmsnarl,M-Lopunny,15
scraped/ss_full/episode-89276670-replay.json,89276670,Majkel1337,Sixth Sense,1,M-Lopunny,Grimmsnarl,9
scraped/ss_full/episode-89280751-replay.json,89280751,keidroid,Sixth Sense,0,Ogerpon,Grimmsnarl,9
scraped/ss_full/episode-89280839-replay.json,89280839,Sixth Sense,Iliamna,1,Grimmsnarl,Hydrapple,8
scraped/ss_full/episode-89281374-replay.json,89281374,sadwat,Sixth Sense,1,Grimmsnarl,Grimmsnarl,13
scraped/ss_full/episode-89281859-replay.json,89281859,Majkel1337,Sixth Sense,0,M-Lopunny,Grimmsnarl,15
scraped/ss_full/episode-89281895-replay.json,89281895,Dries @ Tufa Labs,Sixth Sense,1,Grimmsnarl,Grimmsnarl,9
scraped/ss_full/episode-89282364-replay.json,89282364,Sixth Sense,Oshbocker,0,Grimmsnarl,M-Kangaskhan,11
scraped/ss_full/episode-89282965-replay.json,89282965,Sixth Sense,flg,0,Grimmsnarl,Ogerpon,13
scraped/ss_full/episode-89282968-replay.json,89282968,tokk,Sixth Sense,1,Alakazam,Grimmsnarl,12
scraped/ss_full/episode-89283497-replay.json,89283497,lolzpo+emonga,Sixth Sense,0,M-Lopunny,Grimmsnarl,13
scraped/ss_full/episode-89284021-replay.json,89284021,Sixth Sense,flg,0,Grimmsnarl,M-Kangaskhan,13
scraped/ss_full/episode-89284026-replay.json,89284026,Sixth Sense,marc_town,0,Grimmsnarl,M-Kangaskhan,15
scraped/ss_full/episode-89284540-replay.json,89284540,Sixth Sense,Brahim,1,Grimmsnarl,M-Lopunny,15
scraped/ss_full/episode-89284556-replay.json,89284556,Sixth Sense,Haiku,0,Grimmsnarl,M-Lucario,17
scraped/ss_full/episode-89285096-replay.json,89285096,James Cox & Henry Chao,Sixth Sense,0,M-Kangaskhan,Grimmsnarl,11
scraped/ss_full/episode-89285349-replay.json,89285349,Sixth Sense,sukeke,0,Grimmsnarl,Garchomp,11
scraped/ss_full/episode-89285627-replay.json,89285627,Oshbocker,Sixth Sense,1,M-Kangaskhan,Grimmsnarl,14
scraped/ss_full/episode-89286168-replay.json,89286168,Brahim,Sixth Sense,1,M-Lopunny,Grimmsnarl,11
scraped/ss_full/episode-89286173-replay.json,89286173,Sixth Sense,currypurin,0,Grimmsnarl,Ogerpon,15
scraped/ss_full/episode-89286692-replay.json,89286692,Sixth Sense,flg,0,Grimmsnarl,M-Kangaskhan,15
scraped/ss_full/episode-89286740-replay.json,89286740,Sixth Sense,Majkel1337,0,Grimmsnarl,M-Lopunny,9
scraped/ss_full/episode-89287246-replay.json,89287246,flg,Sixth Sense,1,M-Kangaskhan,Grimmsnarl,41
scraped/ss_full/episode-89287247-replay.json,89287247,ANDPAD kaggler team,Sixth Sense,0,Grimmsnarl,Grimmsnarl,15
scraped/ss_full/episode-89287789-replay.json,89287789,Sixth Sense,bono,0,Grimmsnarl,other,9
scraped/ss_full/episode-89287791-replay.json,89287791,Sixth Sense,Rmy,1,Grimmsnarl,Ogerpon,9
scraped/ss_full/episode-89290480-replay.json,89290480,Sixth Sense,Kz hara,0,Grimmsnarl,other,15
scraped/ss_full/episode-89291030-replay.json,89291030,James Cox & Henry Chao,Sixth Sense,1,M-Kangaskhan,Grimmsnarl,15
scraped/ss_full/episode-89291536-replay.json,89291536,Majkel1337,Sixth Sense,0,M-Lopunny,Grimmsnarl,13
scraped/ss_full/episode-89291552-replay.json,89291552,Sixth Sense,Majkel1337,1,Grimmsnarl,M-Lopunny,17
scraped/ss_full/episode-89292092-replay.json,89292092,ハットにゃん,Sixth Sense,1,Dudunsparce,Grimmsnarl,5
scraped/ss_full/episode-89292584-replay.json,89292584,Majkel1337,Sixth Sense,0,M-Lopunny,Grimmsnarl,13
scraped/ss_full/episode-89292645-replay.json,89292645,Sixth Sense,wwwwwwwwwwwwwwwwwwwwwwwwwwwwww,0,Grimmsnarl,Grimmsnarl,11
scraped/ss_full/episode-89293179-replay.json,89293179,Iliamna,Sixth Sense,0,Hydrapple,Grimmsnarl,11
scraped/ss_full/episode-89288182-replay.json,89288182,Sixth Sense,Majkel1337,1,Grimmsnarl,M-Lopunny,15
scraped/ss_full/episode-89288424-replay.json,89288424,Sixth Sense,szlachetny snieg,0,Grimmsnarl,Grimmsnarl,13
scraped/ss_full/episode-89288883-replay.json,89288883,Sixth Sense,Dries @ Tufa Labs,1,Grimmsnarl,Grimmsnarl,14
scraped/ss_full/episode-89288892-replay.json,89288892,Sixth Sense,flg,0,Grimmsnarl,M-Kangaskhan,11
scraped/ss_full/episode-89289402-replay.json,89289402,Sixth Sense,Majkel1337,0,Grimmsnarl,M-Lopunny,11
scraped/ss_full/episode-89289423-replay.json,89289423,Sixth Sense,e-toppo + kurupical,0,Grimmsnarl,Grimmsnarl,13
scraped/ss_full/episode-89289951-replay.json,89289951,elrapido,Sixth Sense,1,M-Lucario,Grimmsnarl,9
scraped/ss_full/episode-89290457-replay.json,89290457,Sixth Sense,Majkel1337,0,Grimmsnarl,M-Lopunny,9
scraped/ss_full/episode-89293727-replay.json,89293727,やる気元気ミワハルキ,Sixth Sense,1,Grimmsnarl,Grimmsnarl,11
scraped/ss_full/episode-89294172-replay.json,89294172,Sixth Sense,Majkel1337,1,Grimmsnarl,M-Lopunny,15
scraped/ss_full/episode-89295242-replay.json,89295242,Majkel1337,Sixth Sense,0,M-Lopunny,Grimmsnarl,15
scraped/ss_full/episode-89298457-replay.json,89298457,Majkel1337,Sixth Sense,1,M-Lopunny,Grimmsnarl,11
scraped/ss_full/episode-89300050-replay.json,89300050,Majkel1337,Sixth Sense,0,M-Lopunny,Grimmsnarl,17
scraped/ss_full/episode-89300577-replay.json,89300577,Sixth Sense,Majkel1337,1,Grimmsnarl,M-Lopunny,13
scraped/ss_full/episode-89303249-replay.json,89303249,Majkel1337,Sixth Sense,0,M-Lopunny,Grimmsnarl,13
scraped/ss_full/episode-89303800-replay.json,89303800,Majkel1337,Sixth Sense,1,M-Lopunny,Grimmsnarl,13
scraped/ss_full/episode-89312160-replay.json,89312160,e-toppo + kurupical,Sixth Sense,1,Grimmsnarl,Grimmsnarl,11
scraped/ss_full/episode-89312830-replay.json,89312830,Sixth Sense,Majkel1337,1,Grimmsnarl,M-Lopunny,15
scraped/ss_full/episode-89312880-replay.json,89312880,Paras Sharma,Sixth Sense,1,Dudunsparce,Grimmsnarl,13
scraped/ss_full/episode-89313413-replay.json,89313413,Sixth Sense,Azat Akhtyamov,1,Grimmsnarl,Grimmsnarl,13
scraped/ss_full/episode-89313964-replay.json,89313964,Majkel1337,Sixth Sense,0,M-Lopunny,Grimmsnarl,13
scraped/ss_full/episode-89314012-replay.json,89314012,miya,Sixth Sense,1,Alakazam,Grimmsnarl,9
scraped/ss_full/episode-89314498-replay.json,89314498,ShumpeiNomura,Sixth Sense,1,other,Grimmsnarl,5
scraped/ss_full/episode-89314952-replay.json,89314952,Sixth Sense,Majkel1337,0,Grimmsnarl,M-Lopunny,9
scraped/ss_full/episode-89304317-replay.json,89304317,Majkel1337,Sixth Sense,1,M-Lopunny,Grimmsnarl,13
scraped/ss_full/episode-89304961-replay.json,89304961,Sixth Sense,flg,1,Grimmsnarl,M-Kangaskhan,23
scraped/ss_full/episode-89306449-replay.json,89306449,Sixth Sense,Majkel1337,1,Grimmsnarl,M-Lopunny,13
scraped/ss_full/episode-89306558-replay.json,89306558,Sixth Sense,e-toppo + kurupical,0,Grimmsnarl,Grimmsnarl,15
scraped/ss_full/episode-89307635-replay.json,89307635,Majkel1337,Sixth Sense,0,M-Lopunny,Grimmsnarl,13
scraped/ss_full/episode-89308685-replay.json,89308685,NguyenThanhNhan,Sixth Sense,0,Grimmsnarl,Grimmsnarl,11
scraped/ss_full/episode-89310246-replay.json,89310246,bono,Sixth Sense,0,other,Grimmsnarl,13
scraped/ss_full/episode-89311888-replay.json,89311888,James Cox & Henry Chao,Sixth Sense,1,M-Kangaskhan,Grimmsnarl,9
scraped/ss_full/episode-89321832-replay.json,89321832,Sixth Sense,keidroid,0,Grimmsnarl,Ogerpon,9
scraped/ss_full/episode-89322382-replay.json,89322382,onionring26,Sixth Sense,1,M-Lucario,Grimmsnarl,9
scraped/ss_full/episode-89322773-replay.json,89322773,Ishizue Lab,Sixth Sense,1,Dragapult,Grimmsnarl,7
scraped/ss_full/episode-89322916-replay.json,89322916,Sixth Sense,Dominic Peel,0,Grimmsnarl,Grimmsnarl,25
scraped/ss_full/episode-89323426-replay.json,89323426,Sixth Sense,flg,0,Grimmsnarl,M-Kangaskhan,9
scraped/ss_full/episode-89323936-replay.json,89323936,Sixth Sense,insuperabilehart,0,Grimmsnarl,Grimmsnarl,11
scraped/ss_full/episode-89324454-replay.json,89324454,Majkel1337,Sixth Sense,0,Ogerpon,Grimmsnarl,9
scraped/ss_full/episode-89324986-replay.json,89324986,カントー地方マスター(KantoRegionMaster),Sixth Sense,1,Grimmsnarl,Grimmsnarl,11
scraped/ss_full/episode-89318660-replay.json,89318660,Iliamna,Sixth Sense,1,Hydrapple,Grimmsnarl,7
scraped/ss_full/episode-89319189-replay.json,89319189,Kazama Yusuke,Sixth Sense,0,Ogerpon,Grimmsnarl,11
scraped/ss_full/episode-89319263-replay.json,89319263,Sixth Sense,keidroid,1,Grimmsnarl,Ogerpon,9
scraped/ss_full/episode-89319704-replay.json,89319704,Sixth Sense,Oshbocker,0,Grimmsnarl,M-Kangaskhan,13
scraped/ss_full/episode-89320264-replay.json,89320264,Sixth Sense,wwwwwwwwwwwwwwwwwwwwwwwwwwwwww,1,Grimmsnarl,Grimmsnarl,14
scraped/ss_full/episode-89320745-replay.json,89320745,Sixth Sense,SaiDuttaAbhishekDash,1,Grimmsnarl,M-Lucario,13
scraped/ss_full/episode-89321324-replay.json,89321324,ANDPAD kaggler team,Sixth Sense,0,Grimmsnarl,Grimmsnarl,17
scraped/ss_full/episode-89321690-replay.json,89321690,Majkel1337,Sixth Sense,0,Ogerpon,Grimmsnarl,9
scraped/ss_full/episode-89315007-replay.json,89315007,flg,Sixth Sense,0,other,Grimmsnarl,11
scraped/ss_full/episode-89315535-replay.json,89315535,Sixth Sense,Pascal Pfeiffer,0,Grimmsnarl,M-Kangaskhan,15
scraped/ss_full/episode-89316046-replay.json,89316046,李秉叡（ntumlnoob）,Sixth Sense,0,Grimmsnarl,Grimmsnarl,13
scraped/ss_full/episode-89316589-replay.json,89316589,JZ,Sixth Sense,1,Grimmsnarl,Grimmsnarl,13
scraped/ss_full/episode-89317113-replay.json,89317113,Sixth Sense,bono,0,Grimmsnarl,other,13
scraped/ss_full/episode-89317619-replay.json,89317619,Sixth Sense,bono,0,Grimmsnarl,other,5
scraped/ss_full/episode-89318130-replay.json,89318130,LiamK,Sixth Sense,1,Grimmsnarl,Grimmsnarl,59
scraped/ss_full/episode-89318646-replay.json,89318646,Majkel1337,Sixth Sense,1,M-Lopunny,Grimmsnarl,11
scraped/ss_full/episode-89325523-replay.json,89325523,Sixth Sense,kokomi,1,Grimmsnarl,M-Lucario,9
scraped/ss_full/episode-89328110-replay.json,89328110,箕面からこんにちわ,Sixth Sense,1,M-Lucario,Grimmsnarl,11
scraped/ss_full/episode-89329526-replay.json,89329526,Sixth Sense,seven,0,Grimmsnarl,M-Lucario,11
scraped/ss_full/episode-89331635-replay.json,89331635,Thai,Sixth Sense,1,Crustle,Grimmsnarl,15
scraped/ss_full/episode-89332833-replay.json,89332833,Majkel1337,Sixth Sense,0,M-Lopunny,Grimmsnarl,17
scraped/ss_full/episode-89334253-replay.json,89334253,Sixth Sense,kashiwashira,0,Grimmsnarl,other,10
scraped/ss_full/episode-89341907-replay.json,89341907,Majkel1337,Sixth Sense,1,M-Lopunny,Grimmsnarl,11
scraped/ss_full/episode-89345088-replay.json,89345088,Sixth Sense,Majkel1337,1,Grimmsnarl,M-Lopunny,17
scraped/ss_full/episode-89368920-replay.json,89368920,MissingNo.,Sixth Sense,1,Crustle,Grimmsnarl,13
scraped/ss_full/episode-89370991-replay.json,89370991,junlee789,Sixth Sense,1,Garchomp,Grimmsnarl,11
scraped/ss_full/episode-89371359-replay.json,89371359,やる気元気ミワハルキ,Sixth Sense,0,Grimmsnarl,Grimmsnarl,23
scraped/ss_full/episode-89377999-replay.json,89377999,Sixth Sense,Majkel1337,1,Grimmsnarl,Ogerpon,9
scraped/ss_full/episode-89382183-replay.json,89382183,aaa,Sixth Sense,1,Dragapult,Grimmsnarl,13
scraped/ss_full/episode-89383787-replay.json,89383787,Roy Pidril,Sixth Sense,1,Grimmsnarl,Grimmsnarl,13
scraped/ss_full/episode-89383809-replay.json,89383809,zhangshuosc,Sixth Sense,1,Grimmsnarl,Grimmsnarl,9
scraped/ss_full/episode-89384204-replay.json,89384204,Luca,Sixth Sense,0,Grimmsnarl,Grimmsnarl,19
scraped/ss_full/episode-89347180-replay.json,89347180,Majkel1337,Sixth Sense,0,M-Lopunny,Grimmsnarl,13
scraped/ss_full/episode-89350167-replay.json,89350167,Sixth Sense,低消650元任你吃啊,1,Grimmsnarl,Grimmsnarl,15
scraped/ss_full/episode-89354614-replay.json,89354614,Sixth Sense,Majkel1337,1,Grimmsnarl,M-Lopunny,15
scraped/ss_full/episode-89360457-replay.json,89360457,Majkel1337,Sixth Sense,0,M-Lopunny,Grimmsnarl,15
scraped/ss_full/episode-89361885-replay.json,89361885,Sixth Sense,clora,0,Grimmsnarl,Grimmsnarl,13
scraped/ss_full/episode-89367324-replay.json,89367324,Sixth Sense,Majkel1337,1,Grimmsnarl,M-Lopunny,13
scraped/ss_full/episode-89367847-replay.json,89367847,Sixth Sense,Majkel1337,1,Grimmsnarl,M-Lopunny,13
scraped/ss_full/episode-89368386-replay.json,89368386,Majkel1337,Sixth Sense,0,M-Lopunny,Grimmsnarl,13
scraped/ss_full/episode-89384659-replay.json,89384659,Sixth Sense,やる気元気ミワハルキ,0,Grimmsnarl,Grimmsnarl,15
scraped/ss_full/episode-89384825-replay.json,89384825,Sixth Sense,SQUIRTLE (prime),1,Grimmsnarl,Grimmsnarl,17
scraped/ss_full/episode-89385268-replay.json,89385268,Sixth Sense,Dries @ Tufa Labs,0,Grimmsnarl,Grimmsnarl,11
scraped/ss_full/episode-89385741-replay.json,89385741,やる気元気ミワハルキ,Sixth Sense,0,Grimmsnarl,Grimmsnarl,13
scraped/ss_full/episode-89385805-replay.json,89385805,Rmy,Sixth Sense,0,Ogerpon,Grimmsnarl,9
scraped/ss_full/episode-89386304-replay.json,89386304,James Cox & Henry Chao,Sixth Sense,1,M-Kangaskhan,Grimmsnarl,8
scraped/ss_full/episode-89386819-replay.json,89386819,haggle,Sixth Sense,1,Grimmsnarl,Grimmsnarl,11
scraped/ss_full/episode-89387341-replay.json,89387341,Majkel1337,Sixth Sense,0,Ogerpon,Grimmsnarl,9
scraped/ss_full/episode-89387351-replay.json,89387351,pham,Sixth Sense,1,M-Lucario,Grimmsnarl,9
scraped/ss_full/episode-89387861-replay.json,89387861,Sixth Sense,NingXiongFeng,0,Grimmsnarl,Crustle,19
scraped/ss_full/episode-89388399-replay.json,89388399,Sixth Sense,sadwat,0,Grimmsnarl,Grimmsnarl,17
scraped/ss_full/episode-89388402-replay.json,89388402,flg,Sixth Sense,1,M-Kangaskhan,Grimmsnarl,17
scraped/ss_full/episode-89388926-replay.json,89388926,Sixth Sense,pikachu,0,Grimmsnarl,Hydrapple,11
scraped/ss_full/episode-89389450-replay.json,89389450,Sixth Sense,대답해드리는게인지상정,1,Grimmsnarl,Grimmsnarl,17
scraped/ss_full/episode-89389942-replay.json,89389942,Sixth Sense,Lior Toledano,0,Grimmsnarl,Grimmsnarl,11
scraped/ss_full/episode-89390045-replay.json,89390045,やる気元気ミワハルキ,Sixth Sense,0,Grimmsnarl,Grimmsnarl,19
scraped/ss_full/episode-89390398-replay.json,89390398,Sixth Sense,Dominic Peel,0,Grimmsnarl,Grimmsnarl,15
scraped/ss_full/episode-89390496-replay.json,89390496,Dominic Peel,Sixth Sense,0,Grimmsnarl,Grimmsnarl,15
scraped/ss_full/episode-89391021-replay.json,89391021,Sixth Sense,honjousetuna,0,Grimmsnarl,Archaludon,15
scraped/ss_full/episode-89391544-replay.json,89391544,sadwat,Sixth Sense,1,Grimmsnarl,Grimmsnarl,9
scraped/ss_full/episode-89392057-replay.json,89392057,Sixth Sense,LiamK,0,Grimmsnarl,Grimmsnarl,15
scraped/ss_full/episode-89392584-replay.json,89392584,Rmy,Sixth Sense,0,Ogerpon,Grimmsnarl,9
scraped/ss_full/episode-89393106-replay.json,89393106,Lior Toledano,Sixth Sense,1,Grimmsnarl,Grimmsnarl,13
scraped/ss_full/episode-89393617-replay.json,89393617,Majkel1337,Sixth Sense,1,Ogerpon,Grimmsnarl,5
scraped/ss_full/episode-89393624-replay.json,89393624,Oshbocker,Sixth Sense,1,M-Kangaskhan,Grimmsnarl,19
scraped/ss_full/episode-89394158-replay.json,89394158,Sixth Sense,ktr,0,Grimmsnarl,Hydrapple,13
scraped/ss_full/episode-89394680-replay.json,89394680,Iliamna,Sixth Sense,0,Hydrapple,Grimmsnarl,9
scraped/ss_full/episode-89395206-replay.json,89395206,Sixth Sense,Dries @ Tufa Labs,1,Grimmsnarl,Grimmsnarl,11
scraped/ss_full/episode-89395731-replay.json,89395731,Sixth Sense,YuPengCao,1,Grimmsnarl,Grimmsnarl,11
scraped/ss_full/episode-89396259-replay.json,89396259,Sixth Sense,Yushin Ito,1,Grimmsnarl,Alakazam,9
scraped/ss_full/episode-89396395-replay.json,89396395,MtN,Sixth Sense,1,Grimmsnarl,Grimmsnarl,9
scraped/ss_full/episode-89396793-replay.json,89396793,Sixth Sense,JZ,1,Grimmsnarl,Grimmsnarl,13
scraped/ss_full/episode-89399395-replay.json,89399395,Dominic Peel,Sixth Sense,1,Grimmsnarl,Grimmsnarl,17
scraped/ss_full/episode-89399965-replay.json,89399965,Sixth Sense,Tatsuya Kayama,1,Grimmsnarl,Ogerpon,9
scraped/ss_full/episode-89400492-replay.json,89400492,Sixth Sense,keidroid,1,Grimmsnarl,Ogerpon,7
scraped/ss_full/episode-89401020-replay.json,89401020,lolzpo+ emonga,Sixth Sense,1,M-Lopunny,Grimmsnarl,13
scraped/ss_full/episode-89401033-replay.json,89401033,lolzpo+ emonga,Sixth Sense,0,M-Lopunny,Grimmsnarl,13
scraped/ss_full/episode-89401532-replay.json,89401532,Sixth Sense,Luca,1,Grimmsnarl,M-Lopunny,13
scraped/ss_full/episode-89401551-replay.json,89401551,Oshbocker,Sixth Sense,0,M-Kangaskhan,Grimmsnarl,17
scraped/ss_full/episode-89402081-replay.json,89402081,Sixth Sense,Kazama Yusuke,0,Grimmsnarl,Ogerpon,11
scraped/ss_full/episode-89409957-replay.json,89409957,Sixth Sense,Luca,1,Grimmsnarl,Grimmsnarl,13
scraped/ss_full/episode-89410483-replay.json,89410483,Majkel1337,Sixth Sense,0,Ogerpon,Grimmsnarl,9
scraped/ss_full/episode-89411006-replay.json,89411006,szlachetny snieg,Sixth Sense,1,Grimmsnarl,Grimmsnarl,13
scraped/ss_full/episode-89411533-replay.json,89411533,Oshbocker,Sixth Sense,1,M-Kangaskhan,Grimmsnarl,17
scraped/ss_full/episode-89412057-replay.json,89412057,zhangshuosc,Sixth Sense,1,Grimmsnarl,Grimmsnarl,13
scraped/ss_full/episode-89412594-replay.json,89412594,Sixth Sense,Rmy,1,Grimmsnarl,Ogerpon,9
scraped/ss_full/episode-89413100-replay.json,89413100,Sixth Sense,@kdcyberdude,0,Grimmsnarl,Grimmsnarl,9
scraped/ss_full/episode-89413115-replay.json,89413115,Xiangyu Liu,Sixth Sense,0,Dragapult,Grimmsnarl,13
scraped/ss_full/episode-89397294-replay.json,89397294,Sixth Sense,Majkel1337,0,Grimmsnarl,M-Lopunny,7
scraped/ss_full/episode-89397317-replay.json,89397317,Sixth Sense,やる気元気ミワハルキ,0,Grimmsnarl,Grimmsnarl,13
scraped/ss_full/episode-89397324-replay.json,89397324,Sixth Sense,James Cox & Henry Chao,1,Grimmsnarl,M-Kangaskhan,9
scraped/ss_full/episode-89397372-replay.json,89397372,Sixth Sense,@kdcyberdude,0,Grimmsnarl,Grimmsnarl,13
scraped/ss_full/episode-89397851-replay.json,89397851,Dominic Peel,Sixth Sense,0,Grimmsnarl,Grimmsnarl,11
scraped/ss_full/episode-89398393-replay.json,89398393,@kdcyberdude,Sixth Sense,0,Grimmsnarl,Grimmsnarl,15
scraped/ss_full/episode-89398921-replay.json,89398921,junlee789,Sixth Sense,0,Garchomp,Grimmsnarl,11
scraped/ss_full/episode-89398945-replay.json,89398945,Sixth Sense,NguyenThanhNhan,0,Grimmsnarl,Grimmsnarl,13
scraped/ss_full/episode-89402606-replay.json,89402606,Sixth Sense,szlachetny snieg,1,Grimmsnarl,Grimmsnarl,17
scraped/ss_full/episode-89403137-replay.json,89403137,MissingNo.,Sixth Sense,1,M-Kangaskhan,Grimmsnarl,18
scraped/ss_full/episode-89403661-replay.json,89403661,Sixth Sense,Yushin Ito,1,Grimmsnarl,Alakazam,11
scraped/ss_full/episode-89404188-replay.json,89404188,MissingNo.,Sixth Sense,1,M-Kangaskhan,Grimmsnarl,21
scraped/ss_full/episode-89404726-replay.json,89404726,Sixth Sense,flg,0,Grimmsnarl,Crustle,17
scraped/ss_full/episode-89405249-replay.json,89405249,Sixth Sense,szlachetny snieg,1,Grimmsnarl,Grimmsnarl,11
scraped/ss_full/episode-89405251-replay.json,89405251,Sixth Sense,lolzpo+ emonga,0,Grimmsnarl,M-Lopunny,13
scraped/ss_full/episode-89405766-replay.json,89405766,Sixth Sense,flg,0,Grimmsnarl,M-Kangaskhan,23
scraped/ss_full/episode-89406287-replay.json,89406287,Sixth Sense,One Turn Off Lethal,0,Grimmsnarl,Alakazam,11
scraped/ss_full/episode-89406806-replay.json,89406806,Octavi Grau,Sixth Sense,1,Garchomp,Grimmsnarl,13
scraped/ss_full/episode-89407329-replay.json,89407329,Sixth Sense,lmaffei,1,Grimmsnarl,M-Lopunny,13
scraped/ss_full/episode-89407853-replay.json,89407853,Oshbocker,Sixth Sense,1,M-Kangaskhan,Grimmsnarl,19
scraped/ss_full/episode-89408383-replay.json,89408383,keidroid,Sixth Sense,0,Ogerpon,Grimmsnarl,9
scraped/ss_full/episode-89408912-replay.json,89408912,Sixth Sense,yumizu,0,Grimmsnarl,Grimmsnarl,11
scraped/ss_full/episode-89409437-replay.json,89409437,Sixth Sense,zhan renyi,0,Grimmsnarl,Grimmsnarl,13
scraped/ss_full/episode-89409955-replay.json,89409955,Sixth Sense,@kdcyberdude,0,Grimmsnarl,Grimmsnarl,13
scraped/ss_full/episode-89413652-replay.json,89413652,sadwat,Sixth Sense,0,Grimmsnarl,Grimmsnarl,11
scraped/ss_full/episode-89414061-replay.json,89414061,Raihan Ramadistra,Sixth Sense,0,Grimmsnarl,other,3
scraped/ss_full/episode-89414186-replay.json,89414186,Iliamna,Sixth Sense,0,Hydrapple,Grimmsnarl,9
scraped/ss_full/episode-89414719-replay.json,89414719,Sixth Sense,やる気元気ミワハルキ,0,Grimmsnarl,Grimmsnarl,19
scraped/ss_full/episode-89414742-replay.json,89414742,Sixth Sense,Octavi Grau,0,Grimmsnarl,Garchomp,13
scraped/ss_full/episode-89415246-replay.json,89415246,Yas_pat,Sixth Sense,1,other,Grimmsnarl,5
scraped/ss_full/episode-89415766-replay.json,89415766,Xiangyu Liu,Sixth Sense,1,Dragapult,Grimmsnarl,7
scraped/ss_full/episode-89416302-replay.json,89416302,Sixth Sense,@kdcyberdude,0,Grimmsnarl,Grimmsnarl,13
scraped/ss_full/episode-89416839-replay.json,89416839,Sixth Sense,カントー地方マスター(KantoRegionMaster),1,Grimmsnarl,Grimmsnarl,23
scraped/ss_full/episode-89417413-replay.json,89417413,Sixth Sense,Tianfu Wang (王天夫),0,Grimmsnarl,Grimmsnarl,15
scraped/ss_full/episode-89417426-replay.json,89417426,Sixth Sense,Iliamna,0,Grimmsnarl,Hydrapple,15
scraped/ss_full/episode-89417987-replay.json,89417987,LiamK,Sixth Sense,0,Grimmsnarl,Grimmsnarl,13
scraped/ss_full/episode-89418009-replay.json,89418009,Tatsuya Kayama,Sixth Sense,1,Ogerpon,Grimmsnarl,8
scraped/ss_full/episode-89418497-replay.json,89418497,Majkel1337,Sixth Sense,0,M-Lopunny,Grimmsnarl,15
scraped/ss_full/episode-89418507-replay.json,89418507,Sixth Sense,Majkel1337,0,Grimmsnarl,M-Lopunny,15
scraped/ss_full/episode-89419059-replay.json,89419059,Sixth Sense,Majkel1337,1,Grimmsnarl,M-Lopunny,15
scraped/ss_full/episode-89419068-replay.json,89419068,Majkel1337,Sixth Sense,0,M-Lopunny,Grimmsnarl,13
scraped/ss_full/episode-89419069-replay.json,89419069,keidroid,Sixth Sense,1,Ogerpon,Grimmsnarl,7
scraped/ss_full/episode-89419608-replay.json,89419608,Sixth Sense,Dominic Peel,1,Grimmsnarl,Grimmsnarl,15
scraped/ss_full/episode-89419630-replay.json,89419630,Sixth Sense,NguyenThanhNhan,1,Grimmsnarl,Grimmsnarl,11
scraped/ss_full/episode-89420156-replay.json,89420156,Luca,Sixth Sense,1,Grimmsnarl,Grimmsnarl,11
scraped/ss_full/episode-89420161-replay.json,89420161,Sixth Sense,lolzpo+ emonga,0,Grimmsnarl,M-Lopunny,9
scraped/ss_full/episode-89420691-replay.json,89420691,Sixth Sense,213tubo,0,Grimmsnarl,Grimmsnarl,13
scraped/ss_full/episode-89421236-replay.json,89421236,Arum Puri ,Sixth Sense,1,other,Grimmsnarl,8
scraped/ss_full/episode-89424493-replay.json,89424493,Sixth Sense,Kazama Yusuke,0,Grimmsnarl,Ogerpon,9
scraped/ss_full/episode-89425027-replay.json,89425027,Sixth Sense,hyonu0620,0,Grimmsnarl,Grimmsnarl,13
scraped/ss_full/episode-89425558-replay.json,89425558,Kazama Yusuke,Sixth Sense,0,Ogerpon,Grimmsnarl,9
scraped/ss_full/episode-89426102-replay.json,89426102,tonakaiiii,Sixth Sense,0,M-Kangaskhan,Grimmsnarl,9
scraped/ss_full/episode-89426639-replay.json,89426639,Sixth Sense,THIRD PTCG Club,0,Grimmsnarl,other,11
scraped/ss_full/episode-89427171-replay.json,89427171,Sixth Sense,keidroid,1,Grimmsnarl,Ogerpon,9
scraped/ss_full/episode-89427176-replay.json,89427176,Sixth Sense,haggle,1,Grimmsnarl,Grimmsnarl,13
scraped/ss_full/episode-89427731-replay.json,89427731,JZ,Sixth Sense,0,Grimmsnarl,Grimmsnarl,11
scraped/ss_full/episode-89428247-replay.json,89428247,LiamK,Sixth Sense,1,Grimmsnarl,Grimmsnarl,17
scraped/ss_full/episode-89428336-replay.json,89428336,Sixth Sense,ksew364,0,Grimmsnarl,Grimmsnarl,13
scraped/ss_full/episode-89428843-replay.json,89428843,Sixth Sense,tonakaiiii,1,Grimmsnarl,M-Kangaskhan,9
scraped/ss_full/episode-89429254-replay.json,89429254,Sixth Sense,wwwwwwwwwwwwwwwwwwwwwwwwwwwwww,1,Grimmsnarl,M-Lopunny,13
scraped/ss_full/episode-89430723-replay.json,89430723,perrodawn,Sixth Sense,0,Hydrapple,Grimmsnarl,11
scraped/ss_full/episode-89431477-replay.json,89431477,Sixth Sense,Majkel1337,1,other,other,3
scraped/ss_full/episode-89438873-replay.json,89438873,Sixth Sense,@kdcyberdude,1,Grimmsnarl,Grimmsnarl,17
scraped/ss_full/episode-89446572-replay.json,89446572,Sixth Sense,Majkel1337,1,Grimmsnarl,Ogerpon,9
scraped/ss_full/episode-89421243-replay.json,89421243,Dries @ Tufa Labs,Sixth Sense,1,Grimmsnarl,Grimmsnarl,11
scraped/ss_full/episode-89421787-replay.json,89421787,Sixth Sense,Kazama Yusuke,1,Grimmsnarl,Ogerpon,11
scraped/ss_full/episode-89422324-replay.json,89422324,Sixth Sense,e-toppo + kurupical,1,Grimmsnarl,Grimmsnarl,19
scraped/ss_full/episode-89422857-replay.json,89422857,LiamK,Sixth Sense,0,Grimmsnarl,Grimmsnarl,11
scraped/ss_full/episode-89422863-replay.json,89422863,MissingNo.,Sixth Sense,1,M-Kangaskhan,Grimmsnarl,21
scraped/ss_full/episode-89422870-replay.json,89422870,Sixth Sense,sadwat,0,Grimmsnarl,Grimmsnarl,13
scraped/ss_full/episode-89423403-replay.json,89423403,Sixth Sense,JZ,0,Grimmsnarl,Grimmsnarl,17
scraped/ss_full/episode-89423932-replay.json,89423932,Sixth Sense,カントー地方マスター(KantoRegionMaster),1,Grimmsnarl,Grimmsnarl,15
scraped/ss_full/episode-89449301-replay.json,89449301,flg,Sixth Sense,0,M-Kangaskhan,Grimmsnarl,19
scraped/ss_full/episode-89454698-replay.json,89454698,@kdcyberdude,Sixth Sense,1,Grimmsnarl,Grimmsnarl,13
scraped/ss_full/episode-89456837-replay.json,89456837,Sixth Sense,Yushin Ito,0,Grimmsnarl,Alakazam,11
scraped/ss_full/episode-89462774-replay.json,89462774,Sixth Sense,Majkel1337,0,Grimmsnarl,M-Lopunny,11
scraped/ss_full/episode-89471241-replay.json,89471241,e-toppo + kurupical,Sixth Sense,0,Grimmsnarl,Grimmsnarl,11
scraped/ss_full/episode-89472390-replay.json,89472390,やる気元気ミワハルキ,Sixth Sense,0,Grimmsnarl,Grimmsnarl,15
scraped/ss_full/episode-89474900-replay.json,89474900,Thai,Sixth Sense,1,Garchomp,Grimmsnarl,13
scraped/ss_full/episode-89477131-replay.json,89477131,Sixth Sense,ANDPAD kaggler team,0,Grimmsnarl,Grimmsnarl,15
scraped/ss_full/episode-89485959-replay.json,89485959,Sixth Sense,Team KASA.,1,Grimmsnarl,Alakazam,7
scraped/ss_full/episode-89495215-replay.json,89495215,flg,Sixth Sense,1,other,Grimmsnarl,11
scraped/ss_full/episode-89504454-replay.json,89504454,Sixth Sense,JZ,1,Grimmsnarl,Grimmsnarl,11
scraped/ss_full/episode-89515355-replay.json,89515355,RtoABC,Sixth Sense,0,Dragapult,Grimmsnarl,11
scraped/ss_full/episode-89515629-replay.json,89515629,Sixth Sense,李秉叡（ntumlnoob）,1,Grimmsnarl,M-Lopunny,15
scraped/ss_full/episode-89526578-replay.json,89526578,tonakaiiii,Sixth Sense,0,M-Kangaskhan,Grimmsnarl,11
scraped/ss_full/episode-89528276-replay.json,89528276,hexisteme,Sixth Sense,1,M-Starmie,Grimmsnarl,5
scraped/ss_full/episode-89543292-replay.json,89543292,Sixth Sense,Majkel1337,1,Grimmsnarl,M-Lucario,13
scraped/ss_full/episode-89546096-replay.json,89546096,Sixth Sense,LumenLiquidity,0,Grimmsnarl,Dragapult,13
scraped/ss_full/episode-89560507-replay.json,89560507,less,Sixth Sense,1,Grimmsnarl,Grimmsnarl,13
scraped/ss_full/episode-89565956-replay.json,89565956,Sixth Sense,Iliamna,1,Grimmsnarl,Hydrapple,11
scraped/ss_full/episode-89575277-replay.json,89575277,Sixth Sense,tedo,0,Grimmsnarl,Grimmsnarl,13
scraped/ss_full/episode-89575357-replay.json,89575357,Sixth Sense,Majkel1337,1,Grimmsnarl,Ogerpon,7
scraped/ss_full/episode-89575891-replay.json,89575891,LiamK,Sixth Sense,1,Grimmsnarl,Grimmsnarl,11
scraped/ss_full/episode-89580065-replay.json,89580065,Sixth Sense,Dipam Chakraborty,0,Grimmsnarl,Grimmsnarl,11
scraped/ss_full/episode-89584616-replay.json,89584616,Raihan Ramadistra,Sixth Sense,0,Grimmsnarl,Grimmsnarl,13
scraped/ss_full/episode-89594384-replay.json,89594384,Sixth Sense,Oleg Smirnov,0,Grimmsnarl,M-Lucario,11
scraped/ss_full/episode-89594930-replay.json,89594930,213tubo,Sixth Sense,1,Grimmsnarl,Grimmsnarl,9
scraped/ss_full/episode-89595474-replay.json,89595474,Sixth Sense,Where is my orbit,0,Grimmsnarl,M-Kangaskhan,13
scraped/ss_full/episode-89596026-replay.json,89596026,茅島新矢,Sixth Sense,1,Alakazam,Grimmsnarl,5
scraped/ss_full/episode-89596566-replay.json,89596566,Made a Beautiful Bouquet,Sixth Sense,1,Grimmsnarl,Grimmsnarl,9
scraped/ss_full/episode-89597117-replay.json,89597117,Tatsuya Kayama,Sixth Sense,1,Ogerpon,Grimmsnarl,9
scraped/ss_full/episode-89597635-replay.json,89597635,Yushin Ito,Sixth Sense,0,Alakazam,Grimmsnarl,15
scraped/ss_full/episode-89597661-replay.json,89597661,Sixth Sense,Tatsuya Kayama,1,Grimmsnarl,Ogerpon,11
scraped/ss_full/episode-89585500-replay.json,89585500,MR.h,Sixth Sense,1,Alakazam,Grimmsnarl,8
scraped/ss_full/episode-89587337-replay.json,89587337,Sixth Sense,tonakaiiii,1,Grimmsnarl,M-Kangaskhan,9
scraped/ss_full/episode-89587967-replay.json,89587967,rmizuta,Sixth Sense,1,M-Kangaskhan,Grimmsnarl,17
scraped/ss_full/episode-89588409-replay.json,89588409,Sixth Sense,Tatsuya Kayama,1,Grimmsnarl,Ogerpon,9
scraped/ss_full/episode-89588975-replay.json,89588975,Sixth Sense,@kdcyberdude,0,Grimmsnarl,Grimmsnarl,19
scraped/ss_full/episode-89588992-replay.json,89588992,Sixth Sense,ANDPAD kaggler team,0,Grimmsnarl,Grimmsnarl,11
scraped/ss_full/episode-89589447-replay.json,89589447,Sixth Sense,Ochir Dorzhiev,1,Grimmsnarl,Garchomp,15
scraped/ss_full/episode-89589966-replay.json,89589966,Yushin Ito,Sixth Sense,0,Alakazam,Grimmsnarl,11
scraped/ss_full/episode-89590028-replay.json,89590028,ANDPAD kaggler team,Sixth Sense,0,Grimmsnarl,Grimmsnarl,27
scraped/ss_full/episode-89590597-replay.json,89590597,Sixth Sense,DDDomyo,0,Grimmsnarl,Alakazam,9
scraped/ss_full/episode-89591145-replay.json,89591145,Sixth Sense,vvs,0,Grimmsnarl,Grimmsnarl,11
scraped/ss_full/episode-89591643-replay.json,89591643,Sixth Sense,DavidFreelan,0,Grimmsnarl,Grimmsnarl,13
scraped/ss_full/episode-89592180-replay.json,89592180,LiamK,Sixth Sense,1,Grimmsnarl,Grimmsnarl,13
scraped/ss_full/episode-89592735-replay.json,89592735,Sixth Sense,JINGWEN JIANG,0,Grimmsnarl,Garchomp,13
scraped/ss_full/episode-89593287-replay.json,89593287,panda__MB__maximus,Sixth Sense,1,Crustle,Grimmsnarl,15
scraped/ss_full/episode-89593832-replay.json,89593832,Sixth Sense,Jack,0,Grimmsnarl,Dragapult,15
scraped/ss_full/episode-89598211-replay.json,89598211,Sixth Sense,bono,0,Grimmsnarl,Hydrapple,9
scraped/ss_full/episode-89598760-replay.json,89598760,Sixth Sense,Team KASA.,0,Grimmsnarl,Alakazam,9
scraped/ss_full/episode-89599314-replay.json,89599314,Thai,Sixth Sense,1,Hydrapple,Grimmsnarl,13
scraped/ss_full/episode-89599867-replay.json,89599867,Octavi Grau,Sixth Sense,0,Garchomp,Grimmsnarl,11
scraped/ss_full/episode-89599879-replay.json,89599879,Octavi Grau,Sixth Sense,1,Garchomp,Grimmsnarl,9
scraped/ss_full/episode-89600416-replay.json,89600416,Sixth Sense,flg,1,Grimmsnarl,M-Kangaskhan,15
scraped/ss_full/episode-89600971-replay.json,89600971,Sixth Sense,LumenLiquidity,0,Grimmsnarl,Dragapult,11
scraped/ss_full/episode-89601530-replay.json,89601530,Sixth Sense,HIROkkkki,0,Grimmsnarl,M-Lucario,7
scraped/ss_full/episode-89605942-replay.json,89605942,MissingNo.,Sixth Sense,0,Grimmsnarl,other,3
scraped/ss_full/episode-89605968-replay.json,89605968,Dries @ Tufa Labs,Sixth Sense,1,Grimmsnarl,Grimmsnarl,11
scraped/ss_full/episode-89606503-replay.json,89606503,Sixth Sense,Octavi Grau,1,Grimmsnarl,Garchomp,11
scraped/ss_full/episode-89607053-replay.json,89607053,THIRD PTCG Club,Sixth Sense,0,Dragapult,Grimmsnarl,13
scraped/ss_full/episode-89607598-replay.json,89607598,Sixth Sense,カントー地方マスター(KantoRegionMaster),1,Grimmsnarl,Grimmsnarl,15
scraped/ss_full/episode-89607603-replay.json,89607603,RtoABC,Sixth Sense,0,Dudunsparce,Grimmsnarl,11
scraped/ss_full/episode-89608166-replay.json,89608166,palsystem,Sixth Sense,1,Grimmsnarl,Grimmsnarl,13
scraped/ss_full/episode-89608171-replay.json,89608171,Sixth Sense,Majkel1337,1,Grimmsnarl,Ogerpon,7
scraped/ss_full/episode-89602085-replay.json,89602085,Sixth Sense,Iolzpo + emonga,0,Grimmsnarl,M-Lopunny,11
scraped/ss_full/episode-89602631-replay.json,89602631,Sixth Sense,palsystem,1,Grimmsnarl,Hydrapple,9
scraped/ss_full/episode-89603166-replay.json,89603166,Yushin Ito,Sixth Sense,1,Alakazam,Grimmsnarl,11
scraped/ss_full/episode-89603187-replay.json,89603187,Sixth Sense,ANDPAD kaggler team,1,Grimmsnarl,Grimmsnarl,11
scraped/ss_full/episode-89603732-replay.json,89603732,Sixth Sense,vibechu,0,Grimmsnarl,Ogerpon,9
scraped/ss_full/episode-89604280-replay.json,89604280,Raihan Ramadistra,Sixth Sense,1,Grimmsnarl,Grimmsnarl,11
scraped/ss_full/episode-89604837-replay.json,89604837,Sixth Sense,Iolzpo + emonga,0,Grimmsnarl,M-Lopunny,13
scraped/ss_full/episode-89605385-replay.json,89605385,Oshbocker,Sixth Sense,0,M-Kangaskhan,Grimmsnarl,19
scraped/ss_full/episode-89608727-replay.json,89608727,Sixth Sense,Tatsuya Kayama,1,Grimmsnarl,Ogerpon,9
scraped/ss_full/episode-89608879-replay.json,89608879,Team KASA.,Sixth Sense,1,Alakazam,Grimmsnarl,11
scraped/ss_full/episode-89609288-replay.json,89609288,Sixth Sense,Tatsuya Kayama,1,Grimmsnarl,Ogerpon,7
scraped/ss_full/episode-89609851-replay.json,89609851,goonew,Sixth Sense,1,Alakazam,Grimmsnarl,9
scraped/ss_full/episode-89610404-replay.json,89610404,palsystem,Sixth Sense,0,Grimmsnarl,Grimmsnarl,13
scraped/ss_full/episode-89610958-replay.json,89610958,Sixth Sense,Abdul Rauf,0,Grimmsnarl,Dragapult,11
scraped/ss_full/episode-89611502-replay.json,89611502,Sixth Sense,Jose Coronel,0,Grimmsnarl,Ogerpon,15
scraped/ss_full/episode-89612061-replay.json,89612061,Sixth Sense,LumenLiquidity,0,Grimmsnarl,Dragapult,11
scraped/ss_full/episode-89612600-replay.json,89612600,Octavi Grau,Sixth Sense,1,Garchomp,Grimmsnarl,11
scraped/ss_full/episode-89613160-replay.json,89613160,JB Bryant,Sixth Sense,1,Grimmsnarl,Grimmsnarl,11
scraped/ss_full/episode-89613758-replay.json,89613758,Sixth Sense,ShumpeiNomura,1,Grimmsnarl,M-Kangaskhan,7
scraped/ss_full/episode-89614365-replay.json,89614365,Sixth Sense,ShumpeiNomura,1,Grimmsnarl,M-Kangaskhan,5
scraped/ss_full/episode-89614370-replay.json,89614370,Sixth Sense,Tatsuya Kayama,1,Grimmsnarl,Ogerpon,9
scraped/ss_full/episode-89614973-replay.json,89614973,Hiroki Yamazaki,Sixth Sense,0,Grimmsnarl,Grimmsnarl,13
scraped/ss_full/episode-89615540-replay.json,89615540,qb,Sixth Sense,1,Grimmsnarl,Grimmsnarl,11
scraped/ss_full/episode-89616099-replay.json,89616099,yumizu,Sixth Sense,1,Grimmsnarl,Grimmsnarl,11
scraped/ss_full/episode-89632643-replay.json,89632643,denden12,Sixth Sense,1,Garchomp,Grimmsnarl,11
scraped/ss_full/episode-89637625-replay.json,89637625,Sixth Sense,seven,0,Grimmsnarl,M-Lucario,11
scraped/ss_full/episode-89649117-replay.json,89649117,__Taichicchi__,Sixth Sense,1,Hydrapple,Grimmsnarl,13
scraped/ss_full/episode-89656631-replay.json,89656631,Sixth Sense,less,0,Grimmsnarl,Grimmsnarl,13
scraped/ss_full/episode-89661225-replay.json,89661225,__Taichicchi__,Sixth Sense,1,Grimmsnarl,Grimmsnarl,11
scraped/ss_full/episode-89666021-replay.json,89666021,Octavi Grau,Sixth Sense,0,Garchomp,Grimmsnarl,13
scraped/ss_full/episode-89668310-replay.json,89668310,Sixth Sense,ANDPAD kaggler team,1,Grimmsnarl,Grimmsnarl,19
scraped/ss_full/episode-89672195-replay.json,89672195,Sixth Sense,Yushin Ito,0,Grimmsnarl,Alakazam,11
scraped/ss_full/episode-89616679-replay.json,89616679,Sixth Sense,Majkel1337,1,Grimmsnarl,Ogerpon,9
scraped/ss_full/episode-89617205-replay.json,89617205,Sixth Sense,Raihan Ramadistra,1,Grimmsnarl,Grimmsnarl,15
scraped/ss_full/episode-89618891-replay.json,89618891,Sixth Sense,カントー地方マスター(KantoRegionMaster),0,Grimmsnarl,Grimmsnarl,21
scraped/ss_full/episode-89619458-replay.json,89619458,Sixth Sense,Raihan Ramadistra,0,Grimmsnarl,Grimmsnarl,27
scraped/ss_full/episode-89620618-replay.json,89620618,Gemini ch.,Sixth Sense,0,Grimmsnarl,Grimmsnarl,13
scraped/ss_full/episode-89622803-replay.json,89622803,Sixth Sense,李秉叡（ntumlnoob）,0,Grimmsnarl,M-Lopunny,15
scraped/ss_full/episode-89624479-replay.json,89624479,Sixth Sense,Yushin Ito,1,Grimmsnarl,Alakazam,13
scraped/ss_full/episode-89632544-replay.json,89632544,Thai,Sixth Sense,1,Hydrapple,Grimmsnarl,9
scraped/ss_full/episode-89697752-replay.json,89697752,Sixth Sense,DeeRang25,0,Grimmsnarl,M-Lucario,9
scraped/ss_full/episode-89700042-replay.json,89700042,Yushin Ito,Sixth Sense,0,Alakazam,Grimmsnarl,11
scraped/ss_full/episode-89701083-replay.json,89701083,Majkel1337,Sixth Sense,0,M-Lucario,other,3
scraped/ss_full/episode-89708001-replay.json,89708001,Sixth Sense,Raihan Ramadistra,1,Grimmsnarl,Grimmsnarl,15
scraped/ss_full/episode-89708443-replay.json,89708443,Majkel1337,Sixth Sense,0,M-Lucario,Grimmsnarl,13
scraped/ss_full/episode-89709019-replay.json,89709019,Sixth Sense,Majkel1337,0,Grimmsnarl,M-Lucario,9
scraped/ss_full/episode-89714137-replay.json,89714137,やる気元気ミワハルキ,Sixth Sense,0,M-Lopunny,Grimmsnarl,13
scraped/ss_full/episode-89723426-replay.json,89723426,Sixth Sense,RtoABC,1,Grimmsnarl,Dragapult,13
scraped/ss_full/episode-89734200-replay.json,89734200,Sixth Sense,HCRL,0,Grimmsnarl,M-Froslass,7
scraped/ss_full/episode-89749143-replay.json,89749143,Sixth Sense,ShumpeiNomura,1,Grimmsnarl,M-Kangaskhan,7
scraped/ss_full/episode-89766704-replay.json,89766704,ANDPAD kaggler team,Sixth Sense,1,Grimmsnarl,Grimmsnarl,17
scraped/ss_full/episode-89767655-replay.json,89767655,llkarill,Sixth Sense,1,Ogerpon,Grimmsnarl,7
scraped/ss_full/episode-89779592-replay.json,89779592,Yaroslav,Sixth Sense,0,Grimmsnarl,Grimmsnarl,15
scraped/ss_full/episode-89780064-replay.json,89780064,Sixth Sense,213tubo,0,Grimmsnarl,Dragapult,9
scraped/ss_full/episode-89781405-replay.json,89781405,Sixth Sense,tangai1,0,Grimmsnarl,Alakazam,15
scraped/ss_full/episode-89782362-replay.json,89782362,Sixth Sense,Team Rot-Weiß,1,Grimmsnarl,Alakazam,11
scraped/ss_full/episode-89673881-replay.json,89673881,Yushin Ito,Sixth Sense,1,Alakazam,Grimmsnarl,9
scraped/ss_full/episode-89677189-replay.json,89677189,やる気元気ミワハルキ,Sixth Sense,1,Dragapult,Grimmsnarl,13
scraped/ss_full/episode-89679621-replay.json,89679621,Sixth Sense,flg,0,Grimmsnarl,M-Kangaskhan,15
scraped/ss_full/episode-89680608-replay.json,89680608,やる気元気ミワハルキ,Sixth Sense,0,Dragapult,Grimmsnarl,17
scraped/ss_full/episode-89680767-replay.json,89680767,Yushin Ito,Sixth Sense,1,Alakazam,Grimmsnarl,9
scraped/ss_full/episode-89684036-replay.json,89684036,Sixth Sense,やる気元気ミワハルキ,1,Grimmsnarl,Dudunsparce,11
scraped/ss_full/episode-89689786-replay.json,89689786,シャカパチロボ,Sixth Sense,1,Alakazam,Grimmsnarl,9
scraped/ss_full/episode-89697649-replay.json,89697649,Sixth Sense,Majkel1337,1,Grimmsnarl,M-Lucario,11
scraped/ss_full/episode-89789142-replay.json,89789142,カントー地方マスター(KantoRegionMaster),Sixth Sense,0,Grimmsnarl,Grimmsnarl,15
scraped/ss_full/episode-89789236-replay.json,89789236,Sixth Sense,Yuki Suwa,0,Grimmsnarl,Dragapult,13
scraped/ss_full/episode-89794712-replay.json,89794712,flg,Sixth Sense,1,M-Kangaskhan,Grimmsnarl,15
scraped/ss_full/episode-89797757-replay.json,89797757,Sixth Sense,James Cox & Henry Chao,1,Grimmsnarl,M-Kangaskhan,13
scraped/ss_full/episode-89800762-replay.json,89800762,Sixth Sense,rmizuta,0,Grimmsnarl,M-Kangaskhan,9
scraped/ss_full/episode-89802020-replay.json,89802020,Sixth Sense,Oshbocker,0,Grimmsnarl,M-Kangaskhan,17
scraped/ss_full/episode-89802541-replay.json,89802541,Sixth Sense,keidroid,1,Grimmsnarl,Ogerpon,9
scraped/ss_full/episode-89802941-replay.json,89802941,Sixth Sense,Gabriel Silveira,0,Grimmsnarl,M-Lucario,7
scraped/ss_full/episode-89806239-replay.json,89806239,Sixth Sense,Octavi Grau,0,Grimmsnarl,Garchomp,9
scraped/ss_full/episode-89806672-replay.json,89806672,LiamK,Sixth Sense,1,M-Kangaskhan,Grimmsnarl,17
scraped/ss_full/episode-89806674-replay.json,89806674,M Sato,Sixth Sense,1,Alakazam,Grimmsnarl,9
scraped/ss_full/episode-89806689-replay.json,89806689,James Cox & Henry Chao,Sixth Sense,1,M-Kangaskhan,Grimmsnarl,11
scraped/ss_full/episode-89806713-replay.json,89806713,Iolzpo + emonga,Sixth Sense,1,M-Lopunny,Grimmsnarl,9
scraped/ss_full/episode-89807269-replay.json,89807269,Sixth Sense,__Taichicchi__,1,Grimmsnarl,Hydrapple,9
scraped/ss_full/episode-89807870-replay.json,89807870,Sixth Sense,Octavi Grau,1,Grimmsnarl,Garchomp,13
scraped/ss_full/episode-89808503-replay.json,89808503,やる気元気ミワハルキ,Sixth Sense,0,M-Lopunny,Grimmsnarl,13
scraped/ss_full/episode-89808545-replay.json,89808545,서주영,Sixth Sense,1,Ogerpon,Grimmsnarl,7
scraped/ss_full/episode-89809096-replay.json,89809096,keidroid,Sixth Sense,1,Ogerpon,Grimmsnarl,7
scraped/ss_full/episode-89809723-replay.json,89809723,Sixth Sense,LiamK,1,Grimmsnarl,Crustle,13
scraped/ss_full/episode-89809875-replay.json,89809875,Oshbocker,Sixth Sense,1,Crustle,Grimmsnarl,10
scraped/ss_full/episode-89810472-replay.json,89810472,James Cox & Henry Chao,Sixth Sense,0,M-Kangaskhan,Grimmsnarl,11
scraped/ss_full/episode-89810976-replay.json,89810976,M Sato,Sixth Sense,0,Alakazam,Grimmsnarl,11
scraped/ss_full/episode-89811610-replay.json,89811610,ヌメルゴンex,Sixth Sense,0,Grimmsnarl,Grimmsnarl,11
scraped/ss_full/episode-89812165-replay.json,89812165,Raihan Ramadistra,Sixth Sense,1,Grimmsnarl,Grimmsnarl,11
scraped/ss_full/episode-89803222-replay.json,89803222,Sixth Sense,那个男人,0,Grimmsnarl,Grimmsnarl,13
scraped/ss_full/episode-89803742-replay.json,89803742,Sixth Sense,RtoABC,1,Grimmsnarl,Dragapult,11
scraped/ss_full/episode-89804267-replay.json,89804267,Sixth Sense,李秉叡（ntumlnoob）,1,Grimmsnarl,M-Lopunny,31
scraped/ss_full/episode-89804335-replay.json,89804335,Sixth Sense,stnick,0,Grimmsnarl,Grimmsnarl,11
scraped/ss_full/episode-89804979-replay.json,89804979,LumenLiquidity,Sixth Sense,1,other,Grimmsnarl,10
scraped/ss_full/episode-89805467-replay.json,89805467,Raihan Ramadistra,Sixth Sense,0,Grimmsnarl,Grimmsnarl,13
scraped/ss_full/episode-89805522-replay.json,89805522,Sixth Sense,Hao Boyuan,0,Grimmsnarl,other,5
scraped/ss_full/episode-89806124-replay.json,89806124,Iolzpo + emonga,Sixth Sense,0,M-Lopunny,Grimmsnarl,15
scraped/ss_full/episode-89812270-replay.json,89812270,M Sato,Sixth Sense,1,Alakazam,Grimmsnarl,11
scraped/ss_full/episode-89812295-replay.json,89812295,Sixth Sense,ShumpeiNomura,0,Grimmsnarl,other,5
scraped/ss_full/episode-89812377-replay.json,89812377,Dominic Peel,Sixth Sense,0,Hydrapple,Grimmsnarl,9
scraped/ss_full/episode-89812846-replay.json,89812846,Sixth Sense,Iolzpo + emonga,1,Grimmsnarl,M-Lopunny,15
scraped/ss_full/episode-89813483-replay.json,89813483,Sixth Sense,Oshbocker,0,Grimmsnarl,M-Kangaskhan,17
scraped/ss_full/episode-89814086-replay.json,89814086,AlphaStarmie,Sixth Sense,1,Alakazam,Grimmsnarl,7
scraped/ss_full/episode-89814095-replay.json,89814095,keidroid,Sixth Sense,0,Ogerpon,Grimmsnarl,13
scraped/ss_full/episode-89814097-replay.json,89814097,Sixth Sense,213tubo,1,Grimmsnarl,Dragapult,11
scraped/ss_full/episode-89814729-replay.json,89814729,Sixth Sense,JZ,1,Grimmsnarl,Grimmsnarl,13
scraped/ss_full/episode-89815354-replay.json,89815354,Sixth Sense,SoichiOzaki,1,Grimmsnarl,Ogerpon,9
scraped/ss_full/episode-89815967-replay.json,89815967,masspeaks,Sixth Sense,1,Alakazam,Grimmsnarl,9
scraped/ss_full/episode-89816558-replay.json,89816558,ShumpeiNomura,Sixth Sense,1,other,Grimmsnarl,15
scraped/ss_full/episode-89817100-replay.json,89817100,213tubo,Sixth Sense,1,Dragapult,Grimmsnarl,13
scraped/ss_full/episode-89817134-replay.json,89817134,Sixth Sense,Dominic Peel,0,Grimmsnarl,other,3
scraped/ss_full/episode-89817734-replay.json,89817734,Sixth Sense,@kdcyberdude,1,Grimmsnarl,Grimmsnarl,13
scraped/ss_full/episode-89818308-replay.json,89818308,Sixth Sense,James Cox & Henry Chao,1,Grimmsnarl,M-Kangaskhan,9
scraped/ss_full/episode-89818316-replay.json,89818316,Kusanagi,Sixth Sense,1,Crustle,Grimmsnarl,10
scraped/ss_full/episode-89818901-replay.json,89818901,Oshbocker,Sixth Sense,0,M-Kangaskhan,Grimmsnarl,19
scraped/ss_full/episode-89819494-replay.json,89819494,tonakaiiii,Sixth Sense,0,M-Kangaskhan,Grimmsnarl,11
scraped/ss_full/episode-89820148-replay.json,89820148,Articuno0144,Sixth Sense,0,Ogerpon,Grimmsnarl,11
scraped/ss_full/episode-89820796-replay.json,89820796,M Sato,Sixth Sense,1,Ogerpon,Grimmsnarl,29
scraped/ss_full/episode-89821372-replay.json,89821372,__Taichicchi__,Sixth Sense,1,Grimmsnarl,Grimmsnarl,11
scraped/ss_full/episode-89821968-replay.json,89821968,Sixth Sense,HCRL,0,Grimmsnarl,M-Lopunny,13
scraped/ss_full/episode-89822566-replay.json,89822566,Sixth Sense,__Taichicchi__,0,Grimmsnarl,Hydrapple,9
scraped/ss_full/episode-89844847-replay.json,89844847,Sixth Sense,想要成为kaggle大师,0,Grimmsnarl,M-Lopunny,15
scraped/ss_full/episode-89847317-replay.json,89847317,Sixth Sense,Hancang Mi,1,Grimmsnarl,Alakazam,9
scraped/ss_full/episode-89859305-replay.json,89859305,Sixth Sense,MissingNo.,1,Grimmsnarl,Ogerpon,13
scraped/ss_full/episode-89868254-replay.json,89868254,M Sato,Sixth Sense,0,Alakazam,Grimmsnarl,15
scraped/ss_full/episode-89873285-replay.json,89873285,Sixth Sense,Yichen Ao,0,Grimmsnarl,Grimmsnarl,11
scraped/ss_full/episode-89881259-replay.json,89881259,Sixth Sense,Majkel1337,0,Grimmsnarl,M-Lucario,11
scraped/ss_full/episode-89881980-replay.json,89881980,やる気元気ミワハルキ,Sixth Sense,1,M-Lopunny,Grimmsnarl,11
scraped/ss_full/episode-89883705-replay.json,89883705,M Sato,Sixth Sense,1,Alakazam,Grimmsnarl,9
scraped/ss_full/episode-89885342-replay.json,89885342,cununn,Sixth Sense,1,Alakazam,Grimmsnarl,11
scraped/ss_full/episode-89887978-replay.json,89887978,ぶれめか,Sixth Sense,1,Ogerpon,Grimmsnarl,10
scraped/ss_full/episode-89889161-replay.json,89889161,Raihan Ramadistra,Sixth Sense,0,Grimmsnarl,Grimmsnarl,11
scraped/ss_full/episode-89889727-replay.json,89889727,Sixth Sense,やる気元気ミワハルキ,1,Grimmsnarl,M-Lopunny,13
scraped/ss_full/episode-89897057-replay.json,89897057,Sixth Sense,Raihan Ramadistra,0,Grimmsnarl,Grimmsnarl,13
scraped/ss_full/episode-89897102-replay.json,89897102,James Cox & Henry Chao,Sixth Sense,1,M-Kangaskhan,Grimmsnarl,9
scraped/ss_full/episode-89901296-replay.json,89901296,Sixth Sense,cununn,0,Grimmsnarl,Alakazam,9
scraped/ss_full/episode-89905630-replay.json,89905630,Majkel1337,Sixth Sense,1,M-Lucario,Grimmsnarl,13
scraped/ss_full/episode-89823149-replay.json,89823149,M Sato,Sixth Sense,0,Alakazam,Grimmsnarl,11
scraped/ss_full/episode-89824877-replay.json,89824877,カントー地方マスター(KantoRegionMaster),Sixth Sense,1,Grimmsnarl,Grimmsnarl,15
scraped/ss_full/episode-89826068-replay.json,89826068,Sixth Sense,李秉叡（ntumlnoob）,0,Grimmsnarl,M-Lopunny,13
scraped/ss_full/episode-89829320-replay.json,89829320,想要成为kaggle大师,Sixth Sense,1,Garchomp,Grimmsnarl,11
scraped/ss_full/episode-89833616-replay.json,89833616,Sixth Sense,ktDAMA,0,Grimmsnarl,M-Lucario,9
scraped/ss_full/episode-89840622-replay.json,89840622,Marshall Maximizer,Sixth Sense,0,M-Lopunny,Grimmsnarl,15
scraped/ss_full/episode-89842362-replay.json,89842362,213tubo,Sixth Sense,0,Dragapult,Grimmsnarl,15
scraped/ss_full/episode-89843824-replay.json,89843824,Sixth Sense,李秉叡（ntumlnoob）,0,Grimmsnarl,M-Lopunny,13
scraped/ss_full/episode-89968196-replay.json,89968196,M Sato,Sixth Sense,1,Alakazam,Grimmsnarl,15
scraped/ss_full/episode-89968799-replay.json,89968799,やる気元気ミワハルキ,Sixth Sense,0,M-Lopunny,Grimmsnarl,13
scraped/ss_full/episode-89978446-replay.json,89978446,Sixth Sense,wwwwwwwwwwwwwwwwwwwwwwwwwwwwww,0,Grimmsnarl,M-Lopunny,11
scraped/ss_full/episode-89987364-replay.json,89987364,THIRD PTCG Club,Sixth Sense,0,Dragapult,Grimmsnarl,15
scraped/ss_full/episode-89995090-replay.json,89995090,Majkel1337,Sixth Sense,0,M-Lucario,Grimmsnarl,11
scraped/ss_full/episode-89995748-replay.json,89995748,Majkel1337,Sixth Sense,0,M-Lucario,Grimmsnarl,13
scraped/ss_full/episode-89998849-replay.json,89998849,KawattaTaido,Sixth Sense,0,Grimmsnarl,Grimmsnarl,13
scraped/ss_full/episode-90000201-replay.json,90000201,Majkel1337,Sixth Sense,0,M-Lucario,Grimmsnarl,11
scraped/ss_full/episode-89916131-replay.json,89916131,李秉叡（ntumlnoob）,Sixth Sense,1,M-Lopunny,Grimmsnarl,15
scraped/ss_full/episode-89924678-replay.json,89924678,Sixth Sense,やる気元気ミワハルキ,0,Grimmsnarl,M-Lopunny,13
scraped/ss_full/episode-89927745-replay.json,89927745,Sixth Sense,やる気元気ミワハルキ,1,Grimmsnarl,M-Lopunny,13
scraped/ss_full/episode-89928464-replay.json,89928464,Sixth Sense,wwwwwwwwwwwwwwwwwwwwwwwwwwwwww,0,Grimmsnarl,M-Lopunny,17
scraped/ss_full/episode-89934771-replay.json,89934771,やる気元気ミワハルキ,Sixth Sense,0,M-Lopunny,Grimmsnarl,15
scraped/ss_full/episode-89939825-replay.json,89939825,Sixth Sense,やる気元気ミワハルキ,1,Grimmsnarl,M-Lopunny,13
scraped/ss_full/episode-89944272-replay.json,89944272,Majkel1337,Sixth Sense,1,M-Lucario,Grimmsnarl,11
scraped/ss_full/episode-89951977-replay.json,89951977,wwwwwwwwwwwwwwwwwwwwwwwwwwwwww,Sixth Sense,0,M-Lopunny,Grimmsnarl,15
scraped/ss_full/episode-90002253-replay.json,90002253,Sixth Sense,THIRD PTCG Club,0,Grimmsnarl,Dragapult,11
scraped/ss_full/episode-90003634-replay.json,90003634,AlphaStarmie,Sixth Sense,0,Alakazam,Grimmsnarl,13
scraped/ss_full/episode-90004171-replay.json,90004171,Sixth Sense,tw_shin,1,Grimmsnarl,Ogerpon,11
scraped/ss_full/episode-90006852-replay.json,90006852,やる気元気ミワハルキ,Sixth Sense,0,M-Lopunny,Grimmsnarl,15
scraped/ss_full/episode-90007349-replay.json,90007349,Sixth Sense,やる気元気ミワハルキ,1,Grimmsnarl,M-Lopunny,13
scraped/ss_full/episode-90007376-replay.json,90007376,wwwwwwwwwwwwwwwwwwwwwwwwwwwwww,Sixth Sense,0,M-Lopunny,Grimmsnarl,15
scraped/ss_full/episode-90007989-replay.json,90007989,M Sato,Sixth Sense,1,Alakazam,Grimmsnarl,9
scraped/ss_full/episode-90008683-replay.json,90008683,Sixth Sense,李秉叡（ntumlnoob）,1,Grimmsnarl,M-Lopunny,11
scraped/ss_full/episode-90009226-replay.json,90009226,Sixth Sense,cyrus,1,Grimmsnarl,Grimmsnarl,9
scraped/ss_full/episode-90011204-replay.json,90011204,やる気元気ミワハルキ,Sixth Sense,1,M-Lopunny,Grimmsnarl,19
scraped/ss_full/episode-90011335-replay.json,90011335,flg,Sixth Sense,1,M-Kangaskhan,Grimmsnarl,9
scraped/ss_full/episode-90011919-replay.json,90011919,Sixth Sense,李秉叡（ntumlnoob）,1,Grimmsnarl,M-Lopunny,11
scraped/ss_full/episode-90012506-replay.json,90012506,Raihan Ramadistra,Sixth Sense,1,Grimmsnarl,Grimmsnarl,17
scraped/ss_full/episode-90012556-replay.json,90012556,Where is my orbit,Sixth Sense,0,M-Kangaskhan,Grimmsnarl,15
scraped/ss_full/episode-90013188-replay.json,90013188,ShumpeiNomura,Sixth Sense,0,other,Grimmsnarl,7
scraped/ss_full/episode-90013778-replay.json,90013778,Sixth Sense,LumenLiquidity,1,Grimmsnarl,Dragapult,15
scraped/ss_full/episode-90013835-replay.json,90013835,Sixth Sense,李秉叡（ntumlnoob）,1,Grimmsnarl,M-Lopunny,17
scraped/ss_full/episode-90014524-replay.json,90014524,Miguel-jp,Sixth Sense,1,Alakazam,Grimmsnarl,9
scraped/ss_full/episode-90015159-replay.json,90015159,タニシ,Sixth Sense,1,Ogerpon,Grimmsnarl,7
scraped/ss_full/episode-90015756-replay.json,90015756,Mearyl,Sixth Sense,0,Alakazam,Grimmsnarl,9
scraped/ss_full/episode-90016422-replay.json,90016422,Sixth Sense,Brahim,0,Grimmsnarl,Garchomp,3
scraped/ss_full/episode-90017011-replay.json,90017011,Sixth Sense,Raihan Ramadistra,0,Grimmsnarl,Grimmsnarl,19
scraped/ss_full/episode-90017033-replay.json,90017033,Sixth Sense,やる気元気ミワハルキ,1,Grimmsnarl,M-Lopunny,15
scraped/ss_full/episode-90017666-replay.json,90017666,Sixth Sense,李秉叡（ntumlnoob）,1,Grimmsnarl,M-Lopunny,13
scraped/ss_full/episode-90018317-replay.json,90018317,AlphaStarmie,Sixth Sense,1,Alakazam,Grimmsnarl,9
scraped/ss_full/episode-90018983-replay.json,90018983,Sixth Sense,LumenLiquidity,0,Grimmsnarl,Dragapult,11
scraped/ss_full/episode-90018987-replay.json,90018987,Sixth Sense,Raihan Ramadistra,1,Grimmsnarl,Grimmsnarl,15
scraped/ss_full/episode-90019002-replay.json,90019002,ITK8191,Sixth Sense,1,M-Lucario,Grimmsnarl,9
scraped/ss_full/episode-90019600-replay.json,90019600,Sixth Sense,mouriman,0,Grimmsnarl,other,5
scraped/ss_full/episode-90020302-replay.json,90020302,Sixth Sense,junlee789,1,Grimmsnarl,Grimmsnarl,12
scraped/ss_full/episode-90020954-replay.json,90020954,Sixth Sense,haggle,0,Grimmsnarl,Grimmsnarl,13
scraped/ss_full/episode-90021000-replay.json,90021000,Sixth Sense,Brahim,0,Grimmsnarl,Garchomp,13
scraped/ss_full/episode-90021593-replay.json,90021593,Sixth Sense,vvs,1,Grimmsnarl,Grimmsnarl,21
scraped/ss_full/episode-90022239-replay.json,90022239,你好哇,Sixth Sense,1,Grimmsnarl,Grimmsnarl,13
scraped/ss_full/episode-90022886-replay.json,90022886,Sixth Sense,Brahim,0,Grimmsnarl,Garchomp,11
scraped/ss_full/episode-90023542-replay.json,90023542,Sixth Sense,wwwwwwwwwwwwwwwwwwwwwwwwwwwwww,1,Grimmsnarl,M-Lopunny,15
scraped/ss_full/episode-90024200-replay.json,90024200,THIRD PTCG Club,Sixth Sense,0,Dragapult,Grimmsnarl,11
scraped/ss_full/episode-90024902-replay.json,90024902,Sixth Sense,AlphaStarmie,0,Grimmsnarl,Alakazam,7
scraped/ss_full/episode-90025568-replay.json,90025568,Sixth Sense,bono,1,Grimmsnarl,Hydrapple,9
scraped/ss_full/episode-90026280-replay.json,90026280,hirune924,Sixth Sense,0,Hydrapple,Grimmsnarl,9
scraped/ss_full/episode-90031049-replay.json,90031049,Sixth Sense,Blacklions.,0,Grimmsnarl,Alakazam,9
scraped/ss_full/episode-90031813-replay.json,90031813,Sixth Sense,Team Rot-Weiß,1,Grimmsnarl,Alakazam,9
scraped/ss_full/episode-90032416-replay.json,90032416,nakano?neru?maru?ruru,Sixth Sense,1,other,Grimmsnarl,7
scraped/ss_full/episode-90033114-replay.json,90033114,tw_shin,Sixth Sense,1,Ogerpon,Grimmsnarl,9
scraped/ss_full/episode-90033799-replay.json,90033799,Sixth Sense,llkarill,0,Grimmsnarl,Ogerpon,11
scraped/ss_full/episode-90034478-replay.json,90034478,Team Rot-Weiß,Sixth Sense,1,Alakazam,Grimmsnarl,8
scraped/ss_full/episode-90035132-replay.json,90035132,Sixth Sense,Majkel1337,1,Grimmsnarl,M-Lucario,11
scraped/ss_full/episode-90035159-replay.json,90035159,Team Rot-Weiß,Sixth Sense,0,Alakazam,Grimmsnarl,13
scraped/ss_full/episode-90026956-replay.json,90026956,那个男人,Sixth Sense,1,Grimmsnarl,Grimmsnarl,11
scraped/ss_full/episode-90027629-replay.json,90027629,Sixth Sense,M Sato,0,Grimmsnarl,Alakazam,13
scraped/ss_full/episode-90027637-replay.json,90027637,THIRD PTCG Club,Sixth Sense,1,Alakazam,Grimmsnarl,9
scraped/ss_full/episode-90028323-replay.json,90028323,Sixth Sense,less,0,Grimmsnarl,Grimmsnarl,13
scraped/ss_full/episode-90029008-replay.json,90029008,Raihan Ramadistra,Sixth Sense,1,Grimmsnarl,Grimmsnarl,17
scraped/ss_full/episode-90029597-replay.json,90029597,Sixth Sense,LiamK,1,Grimmsnarl,M-Lopunny,13
scraped/ss_full/episode-90029677-replay.json,90029677,Team KASA.,Sixth Sense,1,Alakazam,Grimmsnarl,9
scraped/ss_full/episode-90030366-replay.json,90030366,M Sato,Sixth Sense,1,Alakazam,Grimmsnarl,9
scraped/ss_full/episode-90035838-replay.json,90035838,koala_bear,Sixth Sense,1,Alakazam,Grimmsnarl,9
scraped/ss_full/episode-90036500-replay.json,90036500,THIRD PTCG Club,Sixth Sense,1,Dragapult,Grimmsnarl,11
scraped/ss_full/episode-90037156-replay.json,90037156,李秉叡（ntumlnoob）,Sixth Sense,1,M-Lopunny,Grimmsnarl,15
scraped/ss_full/episode-90037173-replay.json,90037173,flg,Sixth Sense,0,other,Grimmsnarl,11
scraped/ss_full/episode-90037863-replay.json,90037863,AlphaStarmie,Sixth Sense,1,other,Grimmsnarl,7
scraped/ss_full/episode-90038529-replay.json,90038529,Majkel1337,Sixth Sense,0,M-Lucario,Grimmsnarl,13
scraped/ss_full/episode-90038555-replay.json,90038555,Ayanokoji Fan Club,Sixth Sense,1,Grimmsnarl,Grimmsnarl,9
scraped/ss_full/episode-90039244-replay.json,90039244,Sixth Sense,Team KASA.,1,Grimmsnarl,Alakazam,11
scraped/ss_full/episode-90044001-replay.json,90044001,Sixth Sense,less,1,Grimmsnarl,Grimmsnarl,15
scraped/ss_full/episode-90044733-replay.json,90044733,THIRD PTCG Club,Sixth Sense,0,Dragapult,Grimmsnarl,13
scraped/ss_full/episode-90044745-replay.json,90044745,THIRD PTCG Club,Sixth Sense,1,Dragapult,Grimmsnarl,11
scraped/ss_full/episode-90045492-replay.json,90045492,Sixth Sense,AlphaStarmie,0,Grimmsnarl,Alakazam,8
scraped/ss_full/episode-90045495-replay.json,90045495,M Sato,Sixth Sense,0,Alakazam,Grimmsnarl,13
scraped/ss_full/episode-90045500-replay.json,90045500,Asa-sotta ,Sixth Sense,1,M-Lucario,Grimmsnarl,11
scraped/ss_full/episode-90046240-replay.json,90046240,Sixth Sense,Team KASA.,1,Grimmsnarl,Alakazam,11
scraped/ss_full/episode-90046268-replay.json,90046268,ShumpeiNomura,Sixth Sense,0,M-Kangaskhan,Grimmsnarl,13
scraped/ss_full/episode-90064768-replay.json,90064768,Sixth Sense,MissingNo.,0,Grimmsnarl,Grimmsnarl,11
scraped/ss_full/episode-90066539-replay.json,90066539,szlachetny snieg,Sixth Sense,1,Grimmsnarl,Grimmsnarl,15
scraped/ss_full/episode-90078104-replay.json,90078104,PP kawada,Sixth Sense,0,Hydrapple,Grimmsnarl,9
scraped/ss_full/episode-90091787-replay.json,90091787,Sixth Sense,THIRD PTCG Club,1,Grimmsnarl,Dragapult,21
scraped/ss_full/episode-90101078-replay.json,90101078,Marshall Maximizer,Sixth Sense,1,M-Lopunny,Grimmsnarl,9
scraped/ss_full/episode-90111557-replay.json,90111557,Sixth Sense,Ishan Kapoor,0,Grimmsnarl,M-Kangaskhan,17
scraped/ss_full/episode-90121770-replay.json,90121770,Sixth Sense,Rmy,0,Grimmsnarl,M-Lopunny,15
scraped/ss_full/episode-90124893-replay.json,90124893,DavidFreelan,Sixth Sense,1,M-Lopunny,Grimmsnarl,15
scraped/ss_full/episode-90039902-replay.json,90039902,Sixth Sense,AlphaStarmie,0,Grimmsnarl,Alakazam,11
scraped/ss_full/episode-90039907-replay.json,90039907,THIRD PTCG Club,Sixth Sense,0,Dragapult,Grimmsnarl,15
scraped/ss_full/episode-90040589-replay.json,90040589,Sixth Sense,@kdcyberdude,1,Grimmsnarl,Grimmsnarl,11
scraped/ss_full/episode-90041268-replay.json,90041268,Sixth Sense,齐乐,0,Grimmsnarl,Alakazam,11
scraped/ss_full/episode-90041953-replay.json,90041953,less,Sixth Sense,0,Grimmsnarl,Grimmsnarl,13
scraped/ss_full/episode-90042618-replay.json,90042618,AlphaStarmie,Sixth Sense,1,Alakazam,Grimmsnarl,11
scraped/ss_full/episode-90043308-replay.json,90043308,LiamK,Sixth Sense,0,M-Lopunny,Grimmsnarl,17
scraped/ss_full/episode-90043318-replay.json,90043318,Sixth Sense,Yan,1,Grimmsnarl,Ogerpon,9
scraped/ss_full/episode-90186723-replay.json,90186723,Majkel1337,Sixth Sense,0,M-Lucario,Grimmsnarl,13
scraped/ss_full/episode-90189303-replay.json,90189303,Saber,Sixth Sense,1,Grimmsnarl,Grimmsnarl,13
scraped/ss_full/episode-90210269-replay.json,90210269,Raihan Ramadistra,Sixth Sense,1,Grimmsnarl,Grimmsnarl,9
scraped/ss_full/episode-90220334-replay.json,90220334,Sixth Sense,James Cox & Henry Chao,1,Grimmsnarl,M-Kangaskhan,9
scraped/ss_full/episode-90225368-replay.json,90225368,ShumpeiNomura,Sixth Sense,0,M-Kangaskhan,Grimmsnarl,11
scraped/ss_full/episode-90225863-replay.json,90225863,Sixth Sense,pztriatomic,0,Grimmsnarl,other,9
scraped/ss_full/episode-90238928-replay.json,90238928,Raihan Ramadistra,Sixth Sense,1,Grimmsnarl,Grimmsnarl,13
scraped/ss_full/episode-90239399-replay.json,90239399,flg,Sixth Sense,0,Dragapult,Grimmsnarl,11
scraped/ss_full/episode-90135992-replay.json,90135992,Sixth Sense,Luca,0,Grimmsnarl,other,13
scraped/ss_full/episode-90148474-replay.json,90148474,cununn,Sixth Sense,1,Alakazam,Grimmsnarl,7
scraped/ss_full/episode-90150265-replay.json,90150265,THIRD PTCG Club,Sixth Sense,0,Alakazam,Grimmsnarl,13
scraped/ss_full/episode-90158799-replay.json,90158799,Majkel1337,Sixth Sense,1,M-Lucario,Grimmsnarl,15
scraped/ss_full/episode-90166356-replay.json,90166356,Sixth Sense,Yaroslav,1,Grimmsnarl,Grimmsnarl,10
scraped/ss_full/episode-90170501-replay.json,90170501,Majkel1337,Sixth Sense,0,M-Lucario,Grimmsnarl,11
scraped/ss_full/episode-90171209-replay.json,90171209,Raihan Ramadistra,Sixth Sense,1,Grimmsnarl,Grimmsnarl,15
scraped/ss_full/episode-90185322-replay.json,90185322,RtoABC,Sixth Sense,0,Dudunsparce,Grimmsnarl,13
scraped/ss_full/episode-90240740-replay.json,90240740,あなまか,Sixth Sense,1,M-Kangaskhan,Grimmsnarl,13
scraped/ss_full/episode-90241676-replay.json,90241676,ShumpeiNomura,Sixth Sense,1,M-Kangaskhan,Grimmsnarl,11
scraped/ss_full/episode-90253742-replay.json,90253742,Sixth Sense,Where is my orbit,0,Grimmsnarl,M-Kangaskhan,17
scraped/ss_full/episode-90262256-replay.json,90262256,Sixth Sense,Arthurs Torres24,0,Grimmsnarl,Grimmsnarl,13
scraped/ss_full/episode-90263059-replay.json,90263059,Sixth Sense,ShumpeiNomura,1,Grimmsnarl,M-Kangaskhan,9
scraped/ss_full/episode-90263090-replay.json,90263090,Raihan Ramadistra,Sixth Sense,0,Grimmsnarl,Grimmsnarl,13
scraped/ss_full/episode-90265026-replay.json,90265026,Raihan Ramadistra,Sixth Sense,1,Grimmsnarl,Grimmsnarl,11
scraped/ss_full/episode-90265194-replay.json,90265194,Sixth Sense,flg,0,Grimmsnarl,Dragapult,11
scraped/ss_full/episode-90273681-replay.json,90273681,Arthurs Torres24,Sixth Sense,1,Grimmsnarl,Grimmsnarl,11
scraped/ss_full/episode-90274360-replay.json,90274360,ShumpeiNomura,Sixth Sense,1,M-Kangaskhan,Grimmsnarl,13
scraped/ss_full/episode-90275053-replay.json,90275053,Muhammad Souzan Shaquille,Sixth Sense,1,other,Grimmsnarl,5
scraped/ss_full/episode-90275771-replay.json,90275771,Sixth Sense,tw_shin,1,Grimmsnarl,Ogerpon,13
scraped/ss_full/episode-90276492-replay.json,90276492,trickstar,Sixth Sense,1,other,Grimmsnarl,5
scraped/ss_full/episode-90277208-replay.json,90277208,Sixth Sense,M Sato,0,Grimmsnarl,Crustle,11
scraped/ss_full/episode-90277868-replay.json,90277868,M Sato,Sixth Sense,1,Alakazam,Grimmsnarl,7
scraped/ss_full/episode-90278048-replay.json,90278048,AlphaStarmie,Sixth Sense,1,Alakazam,Grimmsnarl,9
scraped/ss_full/episode-90278634-replay.json,90278634,pkm-agent,Sixth Sense,1,other,Grimmsnarl,5
scraped/ss_full/episode-90279343-replay.json,90279343,@kdcyberdude,Sixth Sense,1,Grimmsnarl,Grimmsnarl,11
scraped/ss_full/episode-90280085-replay.json,90280085,flg,Sixth Sense,0,Dragapult,Grimmsnarl,11
scraped/ss_full/episode-90280793-replay.json,90280793,KouFu,Sixth Sense,0,Ogerpon,Grimmsnarl,11
scraped/ss_full/episode-90280830-replay.json,90280830,Sixth Sense,AlphaStarmie,0,Grimmsnarl,Alakazam,11
scraped/ss_full/episode-90281494-replay.json,90281494,flg,Sixth Sense,0,Dragapult,Grimmsnarl,15
scraped/ss_full/episode-90281510-replay.json,90281510,Sixth Sense,flg,1,Grimmsnarl,Dragapult,17
scraped/ss_full/episode-90282233-replay.json,90282233,Sixth Sense,James Cox & Henry Chao,1,Grimmsnarl,M-Kangaskhan,10
scraped/ss_full/episode-90265922-replay.json,90265922,flg,Sixth Sense,1,Dragapult,Grimmsnarl,9
scraped/ss_full/episode-90267190-replay.json,90267190,Raihan Ramadistra,Sixth Sense,0,Grimmsnarl,Grimmsnarl,13
scraped/ss_full/episode-90267209-replay.json,90267209,Sixth Sense,カントー地方マスター(KantoRegionMaster),0,Grimmsnarl,Grimmsnarl,15
scraped/ss_full/episode-90268072-replay.json,90268072,LiamK,Sixth Sense,1,M-Lopunny,Grimmsnarl,15
scraped/ss_full/episode-90268678-replay.json,90268678,Sixth Sense,Dries @ Tufa Labs,0,Grimmsnarl,Grimmsnarl,15
scraped/ss_full/episode-90269344-replay.json,90269344,Sixth Sense,Luca,1,Grimmsnarl,M-Lucario,13
scraped/ss_full/episode-90269373-replay.json,90269373,想要成为kaggle大师,Sixth Sense,0,M-Lopunny,Grimmsnarl,11
scraped/ss_full/episode-90269479-replay.json,90269479,LiamK,Sixth Sense,0,M-Lopunny,Grimmsnarl,13
scraped/ss_full/episode-90282949-replay.json,90282949,miya,Sixth Sense,1,Grimmsnarl,Grimmsnarl,11
scraped/ss_full/episode-90283665-replay.json,90283665,Sixth Sense,Arav Goyal,0,Grimmsnarl,Ogerpon,7
scraped/ss_full/episode-90284381-replay.json,90284381,Sixth Sense,MtN,1,Grimmsnarl,Grimmsnarl,9
scraped/ss_full/episode-90285152-replay.json,90285152,Sixth Sense,JZ,0,Grimmsnarl,Grimmsnarl,13
scraped/ss_full/episode-90285164-replay.json,90285164,李秉叡（ntumlnoob）,Sixth Sense,1,M-Lopunny,Grimmsnarl,11
scraped/ss_full/episode-90285859-replay.json,90285859,Lunariz,Sixth Sense,0,Alakazam,Grimmsnarl,11
scraped/ss_full/episode-90285879-replay.json,90285879,Sixth Sense,李秉叡（ntumlnoob）,0,Grimmsnarl,M-Lopunny,15
scraped/ss_full/episode-90286551-replay.json,90286551,James Cox & Henry Chao,Sixth Sense,0,M-Kangaskhan,Grimmsnarl,9
scraped/ss_full/episode-90270152-replay.json,90270152,tokk,Sixth Sense,1,Alakazam,Grimmsnarl,10
scraped/ss_full/episode-90270819-replay.json,90270819,てうぽけ,Sixth Sense,1,M-Starmie,Grimmsnarl,14
scraped/ss_full/episode-90271499-replay.json,90271499,LiamK,Sixth Sense,0,M-Lopunny,Grimmsnarl,15
scraped/ss_full/episode-90271526-replay.json,90271526,Arthurs Torres24,Sixth Sense,1,Grimmsnarl,Grimmsnarl,15
scraped/ss_full/episode-90272231-replay.json,90272231,Luca,Sixth Sense,0,Alakazam,Grimmsnarl,11
scraped/ss_full/episode-90272276-replay.json,90272276,李秉叡（ntumlnoob）,Sixth Sense,0,M-Lopunny,Grimmsnarl,19
scraped/ss_full/episode-90272953-replay.json,90272953,szlachetny snieg,Sixth Sense,0,Grimmsnarl,Grimmsnarl,21
scraped/ss_full/episode-90273508-replay.json,90273508,Sixth Sense,Oshbocker,0,Grimmsnarl,Grimmsnarl,15
scraped/ss_full/episode-90287274-replay.json,90287274,Sixth Sense,Marshall Maximizer,1,Grimmsnarl,Ogerpon,9
scraped/ss_full/episode-90288074-replay.json,90288074,Akira Hirohashi,Sixth Sense,1,Grimmsnarl,Grimmsnarl,9
scraped/ss_full/episode-90288532-replay.json,90288532,Sixth Sense,hirune924,0,Grimmsnarl,Hydrapple,9
scraped/ss_full/episode-90288822-replay.json,90288822,bono,Sixth Sense,1,Hydrapple,Grimmsnarl,8
scraped/ss_full/episode-90289435-replay.json,90289435,Sixth Sense,matsurih,0,Grimmsnarl,M-Lopunny,11
scraped/ss_full/episode-90290229-replay.json,90290229,Sixth Sense,JB Bryant,0,Grimmsnarl,M-Lopunny,19
scraped/ss_full/episode-90290862-replay.json,90290862,Sixth Sense,flg,0,Grimmsnarl,Dragapult,11
scraped/ss_full/episode-90290873-replay.json,90290873,palsystem,Sixth Sense,1,Grimmsnarl,Grimmsnarl,13
scraped/ss_full/episode-90291470-replay.json,90291470,Petit Canard,Sixth Sense,0,M-Kangaskhan,Grimmsnarl,21
scraped/ss_full/episode-90291603-replay.json,90291603,Sixth Sense,Raihan Ramadistra,1,Grimmsnarl,Grimmsnarl,19
scraped/ss_full/episode-90292355-replay.json,90292355,Sixth Sense,Marshall Maximizer,0,Grimmsnarl,Ogerpon,9
scraped/ss_full/episode-90293061-replay.json,90293061,Sixth Sense,cyrus,0,Grimmsnarl,Grimmsnarl,15
scraped/ss_full/episode-90293063-replay.json,90293063,Sixth Sense,James Cox & Henry Chao,0,Grimmsnarl,M-Kangaskhan,11
scraped/ss_full/episode-90293794-replay.json,90293794,李秉叡（ntumlnoob）,Sixth Sense,0,M-Lopunny,Grimmsnarl,13
scraped/ss_full/episode-90294532-replay.json,90294532,Sixth Sense,Raihan Ramadistra,0,Grimmsnarl,Grimmsnarl,13
scraped/ss_full/episode-90294536-replay.json,90294536,Wilson Mugabo,Sixth Sense,1,M-Lucario,Grimmsnarl,9
scraped/ss_full/episode-90295324-replay.json,90295324,Sixth Sense,kanno,0,Grimmsnarl,M-Lopunny,11
scraped/ss_full/episode-90296081-replay.json,90296081,James Cox & Henry Chao,Sixth Sense,1,M-Kangaskhan,Grimmsnarl,9
scraped/ss_full/episode-90296806-replay.json,90296806,Sixth Sense,eiji noguchi,0,Grimmsnarl,other,11
scraped/ss_full/episode-90296825-replay.json,90296825,Team Rot-Weiß,Sixth Sense,1,Alakazam,Grimmsnarl,11
scraped/ss_full/episode-90297547-replay.json,90297547,ShumpeiNomura,Sixth Sense,1,M-Kangaskhan,Grimmsnarl,9
scraped/ss_full/episode-90298274-replay.json,90298274,cununn,Sixth Sense,0,Alakazam,Grimmsnarl,11
scraped/ss_full/episode-90298970-replay.json,90298970,flg,Sixth Sense,0,Dragapult,Grimmsnarl,13
scraped/ss_full/episode-90299718-replay.json,90299718,Sixth Sense,Marshall Maximizer,1,Grimmsnarl,Ogerpon,11
scraped/ss_full/episode-90443863-replay.json,90443863,kibinyan,Sixth Sense,1,M-Lopunny,Grimmsnarl,9
scraped/ss_full/episode-90469783-replay.json,90469783,THIRD PTCG Club,Sixth Sense,1,Alakazam,Grimmsnarl,11
scraped/ss_full/episode-90494897-replay.json,90494897,Naoki Maeda,Sixth Sense,1,Dudunsparce,Grimmsnarl,9
scraped/ss_full/episode-90514772-replay.json,90514772,ANDPAD kaggler team,Sixth Sense,0,Crustle,Grimmsnarl,17
scraped/ss_full/episode-90521632-replay.json,90521632,Sixth Sense,rhythm master,0,Grimmsnarl,Alakazam,9
scraped/ss_full/episode-90522422-replay.json,90522422,213tubo,Sixth Sense,0,Grimmsnarl,Grimmsnarl,13
scraped/ss_full/episode-90534058-replay.json,90534058,Sixth Sense,213tubo,1,Grimmsnarl,Grimmsnarl,11
scraped/ss_full/episode-90534118-replay.json,90534118,matsurih,Sixth Sense,1,M-Lopunny,Grimmsnarl,13
scraped/ss_full/episode-90300458-replay.json,90300458,flg,Sixth Sense,0,Dragapult,Grimmsnarl,13
scraped/ss_full/episode-90300471-replay.json,90300471,Sixth Sense,ANDPAD kaggler team,1,Grimmsnarl,Ogerpon,9
scraped/ss_full/episode-90301223-replay.json,90301223,Sixth Sense,LiamK,1,Grimmsnarl,M-Lopunny,20
scraped/ss_full/episode-90313561-replay.json,90313561,ANDPAD kaggler team,Sixth Sense,1,Ogerpon,Grimmsnarl,6
scraped/ss_full/episode-90314170-replay.json,90314170,Sixth Sense,대답해드리는게인지상정,0,Grimmsnarl,M-Lucario,11
scraped/ss_full/episode-90333341-replay.json,90333341,Sixth Sense,TTT Is All You Need,0,Grimmsnarl,Grimmsnarl,9
scraped/ss_full/episode-90335561-replay.json,90335561,山上海賊団,Sixth Sense,1,Grimmsnarl,Grimmsnarl,15
scraped/ss_full/episode-90341375-replay.json,90341375,RtoABC,Sixth Sense,0,Dudunsparce,Grimmsnarl,11
scraped/ss_full/episode-90351467-replay.json,90351467,213tubo,Sixth Sense,0,Dragapult,Grimmsnarl,15
scraped/ss_full/episode-90365623-replay.json,90365623,Sixth Sense,213tubo,0,Grimmsnarl,Dragapult,17
scraped/ss_full/episode-90365842-replay.json,90365842,Sixth Sense,Sweta Jain,1,Grimmsnarl,M-Lucario,9
scraped/ss_full/episode-90377547-replay.json,90377547,Sixth Sense,カントー地方マスター(KantoRegionMaster),0,Grimmsnarl,Grimmsnarl,15
scraped/ss_full/episode-90390302-replay.json,90390302,Sixth Sense,Raihan Ramadistra,1,Grimmsnarl,Grimmsnarl,21
scraped/ss_full/episode-90406809-replay.json,90406809,Sixth Sense,Dries @ Tufa Labs,0,Grimmsnarl,Grimmsnarl,15
scraped/ss_full/episode-90417350-replay.json,90417350,Sixth Sense,LiamK,0,Grimmsnarl,M-Lopunny,17
scraped/ss_full/episode-90427661-replay.json,90427661,Sixth Sense,M Sato,0,Grimmsnarl,M-Froslass,11
scraped/ss_full/episode-90536840-replay.json,90536840,Sixth Sense,MOP Capital,0,Grimmsnarl,M-Kangaskhan,15
scraped/ss_full/episode-90543375-replay.json,90543375,loIzpo + emonga,Sixth Sense,1,M-Lopunny,Grimmsnarl,13
scraped/ss_full/episode-90545486-replay.json,90545486,Sixth Sense,LiamK,0,Grimmsnarl,M-Lopunny,19
scraped/ss_full/episode-90546262-replay.json,90546262,Sixth Sense,LiamK,0,Grimmsnarl,M-Lopunny,13
scraped/ss_full/episode-90547118-replay.json,90547118,Raihan Ramadistra,Sixth Sense,1,Grimmsnarl,Grimmsnarl,15
scraped/ss_full/episode-90547840-replay.json,90547840,MissingNo.,Sixth Sense,0,M-Lucario,Grimmsnarl,13
scraped/ss_full/episode-90548637-replay.json,90548637,Pokemon Siuuuu,Sixth Sense,1,Dragapult,Grimmsnarl,9
scraped/ss_full/episode-90549376-replay.json,90549376,Sixth Sense,Petit Canard,1,Grimmsnarl,M-Lucario,9
scraped/ss_full/episode-90550139-replay.json,90550139,Raihan Ramadistra,Sixth Sense,0,Grimmsnarl,Grimmsnarl,9
scraped/ss_full/episode-90550950-replay.json,90550950,Sixth Sense,DavidFreelan,1,Grimmsnarl,M-Lopunny,15
scraped/ss_full/episode-90551711-replay.json,90551711,Sixth Sense,da da,0,Grimmsnarl,M-Kangaskhan,19
scraped/ss_full/episode-90551798-replay.json,90551798,@kdcyberdude,Sixth Sense,1,Grimmsnarl,Grimmsnarl,15
scraped/ss_full/episode-90552502-replay.json,90552502,kigasudayooo,Sixth Sense,0,Ogerpon,Grimmsnarl,11
scraped/ss_full/episode-90553305-replay.json,90553305,Sixth Sense,齐乐,1,Grimmsnarl,Alakazam,11
scraped/ss_full/episode-90554018-replay.json,90554018,flg,Sixth Sense,1,Grimmsnarl,Grimmsnarl,15
scraped/ss_full/episode-90554144-replay.json,90554144,Sixth Sense,カントー地方マスター(KantoRegionMaster),0,Grimmsnarl,Grimmsnarl,13
scraped/ss_full/episode-90749757-replay.json,90749757,Sixth Sense,Thai,0,Grimmsnarl,Alakazam,17
scraped/ss_full/episode-90758539-replay.json,90758539,Sixth Sense,Rikito Kanda,0,Grimmsnarl,M-Lopunny,13
scraped/ss_full/episode-90759415-replay.json,90759415,Sixth Sense,matsurih,0,Grimmsnarl,M-Lopunny,13
scraped/ss_full/episode-90760952-replay.json,90760952,matsurih,Sixth Sense,1,Dudunsparce,Grimmsnarl,5
scraped/ss_full/episode-90762678-replay.json,90762678,matsurih,Sixth Sense,0,M-Lopunny,Grimmsnarl,17
scraped/ss_full/episode-90779333-replay.json,90779333,Sixth Sense,flg,1,Grimmsnarl,Grimmsnarl,13
scraped/ss_full/episode-90793513-replay.json,90793513,James Cox & Henry Chao,Sixth Sense,0,M-Kangaskhan,other,3
scraped/ss_full/episode-90809130-replay.json,90809130,JB Bryant,Sixth Sense,1,M-Lopunny,Grimmsnarl,15
scraped/ss_full/episode-90554172-replay.json,90554172,Raihan Ramadistra,Sixth Sense,0,Grimmsnarl,Grimmsnarl,15
scraped/ss_full/episode-90554936-replay.json,90554936,Sixth Sense,Yaroslav,1,Grimmsnarl,Grimmsnarl,15
scraped/ss_full/episode-90556484-replay.json,90556484,James Cox & Henry Chao,Sixth Sense,0,M-Kangaskhan,Grimmsnarl,9
scraped/ss_full/episode-90559594-replay.json,90559594,Sixth Sense,タニシ,0,Grimmsnarl,Ogerpon,9
scraped/ss_full/episode-90580834-replay.json,90580834,Sixth Sense,213tubo,0,Grimmsnarl,Grimmsnarl,21
scraped/ss_full/episode-90591520-replay.json,90591520,Boss's Orders Are All You Need,Sixth Sense,1,Dragapult,Grimmsnarl,11
scraped/ss_full/episode-90612160-replay.json,90612160,Sixth Sense,Raihan Ramadistra,0,Grimmsnarl,Grimmsnarl,9
scraped/ss_full/episode-90630910-replay.json,90630910,Sixth Sense,MissingNo.,0,Grimmsnarl,M-Lucario,9
scraped/ss_full/episode-90646797-replay.json,90646797,ANDPAD kaggler team,Sixth Sense,0,Ogerpon,Grimmsnarl,9
scraped/ss_full/episode-90664294-replay.json,90664294,Sixth Sense,タニシ,1,Grimmsnarl,M-Kangaskhan,13
scraped/ss_full/episode-90684956-replay.json,90684956,Sixth Sense,想要成为kaggle大师,1,Grimmsnarl,M-Lopunny,11
scraped/ss_full/episode-90702389-replay.json,90702389,Sixth Sense,M Sato,0,Grimmsnarl,M-Lucario,9
scraped/ss_full/episode-90702501-replay.json,90702501,Raihan Ramadistra,Sixth Sense,1,Grimmsnarl,Grimmsnarl,31
scraped/ss_full/episode-90718517-replay.json,90718517,RtoABC,Sixth Sense,1,Dudunsparce,Grimmsnarl,15
scraped/ss_full/episode-90719297-replay.json,90719297,Marshall Maximizer,Sixth Sense,0,M-Lopunny,Grimmsnarl,15
scraped/ss_full/episode-90725602-replay.json,90725602,Oleksandr_Savsunenko,Sixth Sense,0,M-Lopunny,Grimmsnarl,13
scraped/ss_full/episode-90834724-replay.json,90834724,Luca,Sixth Sense,0,M-Kangaskhan,Grimmsnarl,7
scraped/ss_full/episode-90834782-replay.json,90834782,Sixth Sense,Petit Canard,1,Grimmsnarl,Dragapult,15
scraped/ss_full/episode-90834995-replay.json,90834995,Sixth Sense,LiamK,0,Grimmsnarl,M-Lopunny,11
scraped/ss_full/episode-90835695-replay.json,90835695,wwwwwwwwwwwwwwwwwwwwwwwwwwwwww,Sixth Sense,1,M-Lucario,Grimmsnarl,11
scraped/ss_full/episode-90836519-replay.json,90836519,Sixth Sense,Raihan Ramadistra,0,Grimmsnarl,Grimmsnarl,17
scraped/ss_full/episode-90837329-replay.json,90837329,Sixth Sense,Yaroslav,0,Grimmsnarl,Grimmsnarl,19
scraped/ss_full/episode-90838297-replay.json,90838297,Sixth Sense,Sébastien MATHIEU,0,Grimmsnarl,other,9
scraped/ss_full/episode-90838925-replay.json,90838925,Majkel1337,Sixth Sense,0,M-Lucario,Grimmsnarl,11
scraped/ss_full/episode-90820935-replay.json,90820935,pokemon master,Sixth Sense,1,Hydrapple,Grimmsnarl,12
scraped/ss_full/episode-90821797-replay.json,90821797,LiamK,Sixth Sense,0,M-Lopunny,Grimmsnarl,17
scraped/ss_full/episode-90829192-replay.json,90829192,Sixth Sense,カントー地方マスター(KantoRegionMaster),0,Grimmsnarl,Grimmsnarl,17
scraped/ss_full/episode-90832437-replay.json,90832437,flg,Sixth Sense,1,Grimmsnarl,Grimmsnarl,12
scraped/ss_full/episode-90832532-replay.json,90832532,THIRD PTCG Club,Sixth Sense,1,Alakazam,Grimmsnarl,11
scraped/ss_full/episode-90833170-replay.json,90833170,sadwat,Sixth Sense,1,M-Lopunny,Grimmsnarl,9
scraped/ss_full/episode-90833284-replay.json,90833284,Sixth Sense,Petit Canard,1,Grimmsnarl,Dragapult,13
scraped/ss_full/episode-90834070-replay.json,90834070,lmaffei,Sixth Sense,1,M-Lopunny,Grimmsnarl,11
scraped/ss_full/episode-90839011-replay.json,90839011,齐乐,Sixth Sense,0,Alakazam,Grimmsnarl,11
scraped/ss_full/episode-90839861-replay.json,90839861,Sixth Sense,Dries @ Tufa Labs,0,Grimmsnarl,Grimmsnarl,11
scraped/ss_full/episode-90840680-replay.json,90840680,Sean Jones,Sixth Sense,1,Grimmsnarl,Grimmsnarl,11
scraped/ss_full/episode-90841477-replay.json,90841477,LiamK,Sixth Sense,0,M-Lopunny,Grimmsnarl,13
scraped/ss_full/episode-90841485-replay.json,90841485,Sixth Sense,matsurih,0,Grimmsnarl,M-Lopunny,19
scraped/ss_full/episode-90841489-replay.json,90841489,THIRD PTCG Club,Sixth Sense,1,Alakazam,Grimmsnarl,9
scraped/ss_full/episode-90842319-replay.json,90842319,Sixth Sense,Made a Beautiful Bouquet,0,Grimmsnarl,Grimmsnarl,13
scraped/ss_full/episode-90843060-replay.json,90843060,Sixth Sense,Majkel1337,1,Grimmsnarl,M-Lucario,11
scraped/ss_full/episode-90849902-replay.json,90849902,Patrick Bard,Sixth Sense,1,M-Lucario,Grimmsnarl,13
scraped/ss_full/episode-90851569-replay.json,90851569,ryupoke,Sixth Sense,1,M-Lucario,Grimmsnarl,11
scraped/ss_full/episode-90857493-replay.json,90857493,Sixth Sense,Hiểu Vy,0,Grimmsnarl,M-Lucario,9
scraped/ss_full/episode-91049743-replay.json,91049743,Sixth Sense,Sixth Sense,1,Hydrapple,Hydrapple,9
scraped/ss_full/episode-91049849-replay.json,91049849,Sixth Sense,Harigane Ippei,0,Hydrapple,other,9
scraped/ss_full/episode-91050687-replay.json,91050687,Farhan Abid,Sixth Sense,0,Archaludon,Hydrapple,16
scraped/ss_full/episode-91051632-replay.json,91051632,BhavitB,Sixth Sense,1,Grimmsnarl,Hydrapple,9
scraped/ss_full/episode-91052418-replay.json,91052418,mikke9747,Sixth Sense,1,Dragapult,Hydrapple,7
scraped/ss_full/episode-91053287-replay.json,91053287,Kashyapsinh gohil,Sixth Sense,1,Archaludon,Hydrapple,14
scraped/ss_full/episode-91054130-replay.json,91054130,https://sunnyinspires.com/,Sixth Sense,1,Archaludon,Hydrapple,8
scraped/ss_full/episode-91054980-replay.json,91054980,RiJ,Sixth Sense,1,Ogerpon,Hydrapple,9
scraped/ss_full/episode-91055972-replay.json,91055972,foooota,Sixth Sense,1,Garchomp,Hydrapple,3
scraped/ss_full/episode-91056655-replay.json,91056655,Sixth Sense,FightingBob,1,Hydrapple,Archaludon,11
scraped/ss_full/episode-91057517-replay.json,91057517,ysowkx,Sixth Sense,1,Grimmsnarl,Hydrapple,12
scraped/ss_full/episode-91058364-replay.json,91058364,Koki _1231,Sixth Sense,1,Grimmsnarl,Hydrapple,8
scraped/ss_full/episode-91059237-replay.json,91059237,Budew,Sixth Sense,0,Dragapult,Hydrapple,11
scraped/ss_full/episode-90843125-replay.json,90843125,Sixth Sense,stnick,0,Grimmsnarl,M-Lopunny,15
scraped/ss_full/episode-90843964-replay.json,90843964,sadwat,Sixth Sense,1,M-Lopunny,Grimmsnarl,11
scraped/ss_full/episode-90844779-replay.json,90844779,Sixth Sense,MissingNo.,0,Grimmsnarl,M-Kangaskhan,15
scraped/ss_full/episode-90845600-replay.json,90845600,Sixth Sense,Luca,1,Grimmsnarl,other,11
scraped/ss_full/episode-90845601-replay.json,90845601,Luca,Sixth Sense,0,other,Grimmsnarl,11
scraped/ss_full/episode-90846384-replay.json,90846384,Sixth Sense,James Cox & Henry Chao,0,Grimmsnarl,Ogerpon,7
scraped/ss_full/episode-90847284-replay.json,90847284,DavidFreelan,Sixth Sense,1,M-Lopunny,Grimmsnarl,13
scraped/ss_full/episode-90848087-replay.json,90848087,AlphaStarmie,Sixth Sense,1,Alakazam,Grimmsnarl,7
scraped/ss_full/episode-91060111-replay.json,91060111,Sixth Sense,kokinnwakashuu,0,Hydrapple,Alakazam,9
scraped/ss_full/episode-91060142-replay.json,91060142,kyuuuuro,Sixth Sense,1,Grimmsnarl,Hydrapple,8
scraped/ss_full/episode-91060995-replay.json,91060995,djschmit,Sixth Sense,0,M-Lopunny,Hydrapple,13
scraped/ss_full/episode-91061874-replay.json,91061874,skurita,Sixth Sense,1,Grimmsnarl,Hydrapple,7
scraped/ss_full/episode-91062023-replay.json,91062023,Sixth Sense,タニシ,1,Hydrapple,Ogerpon,15
scraped/ss_full/episode-91062682-replay.json,91062682,Sixth Sense,Chua Zheng Wei Brian,0,Hydrapple,Grimmsnarl,9
scraped/ss_full/episode-91063638-replay.json,91063638,water joe,Sixth Sense,1,Grimmsnarl,Hydrapple,8
scraped/ss_full/episode-91064393-replay.json,91064393,beeyan,Sixth Sense,1,M-Kangaskhan,Hydrapple,9
scraped/ss_full/episode-91065376-replay.json,91065376,Sixth Sense,Sai Syam,0,Hydrapple,other,3
scraped/ss_full/episode-91066238-replay.json,91066238,Sixth Sense,@kdcyberdude,0,Hydrapple,Crustle,7
scraped/ss_full/episode-91068876-replay.json,91068876,kibake,Sixth Sense,1,Alakazam,Hydrapple,10
scraped/ss_full/episode-91069523-replay.json,91069523,Sixth Sense,Sixth Sense,0,Hydrapple,Hydrapple,9
scraped/ss_full/episode-91069622-replay.json,91069622,Obvio7,Sixth Sense,1,Alakazam,Hydrapple,11
scraped/ss_full/episode-91069755-replay.json,91069755,Yoshinari Fujinuma,Sixth Sense,1,other,Hydrapple,4
scraped/ss_full/episode-91070501-replay.json,91070501,Ziad EL ARARI,Sixth Sense,1,M-Lucario,Hydrapple,12
scraped/ss_full/episode-91071364-replay.json,91071364,Sixth Sense,Emanuel Perez,0,Hydrapple,Dragapult,9
scraped/ss_full/episode-91095007-replay.json,91095007,Sixth Sense,MIutrix,0,Hydrapple,other,5
scraped/ss_full/episode-91103755-replay.json,91103755,kuu🍣,Sixth Sense,1,Crustle,Hydrapple,6
scraped/ss_full/episode-91106376-replay.json,91106376,Sixth Sense,Xinda Ding,0,Hydrapple,Grimmsnarl,11
scraped/ss_full/episode-91115261-replay.json,91115261,SarsaShen,Sixth Sense,0,Alakazam,Hydrapple,3
scraped/ss_full/episode-91125773-replay.json,91125773,Sixth Sense,Jayden Jeswin Raj,0,Hydrapple,Crustle,9
scraped/ss_full/episode-91149925-replay.json,91149925,Sixth Sense,__Taichicchi__,0,Hydrapple,Ogerpon,11
scraped/ss_full/episode-91352546-replay.json,91352546,Sixth Sense,Sixth Sense,0,Grimmsnarl,Grimmsnarl,11
scraped/ss_full/episode-91353533-replay.json,91353533,Sixth Sense,ken4500,0,Grimmsnarl,M-Starmie,9
scraped/ss_full/episode-91078412-replay.json,91078412,data_gardening_club,Sixth Sense,1,Grimmsnarl,Hydrapple,8
scraped/ss_full/episode-91079275-replay.json,91079275,李秉叡（ntumlnoob）,Sixth Sense,1,M-Lucario,Hydrapple,11
scraped/ss_full/episode-91081013-replay.json,91081013,Sixth Sense,西松大祐,0,Hydrapple,Grimmsnarl,11
scraped/ss_full/episode-91081863-replay.json,91081863,Sixth Sense,lxh unbound,0,Hydrapple,Grimmsnarl,9
scraped/ss_full/episode-91082893-replay.json,91082893,Sixth Sense,takagi.y,0,Hydrapple,other,11
scraped/ss_full/episode-91085393-replay.json,91085393,MPGaming,Sixth Sense,1,Crustle,Hydrapple,3
scraped/ss_full/episode-91086414-replay.json,91086414,Sixth Sense,bigwave2,0,Hydrapple,M-Lucario,7
scraped/ss_full/episode-91089898-replay.json,91089898,Sixth Sense,Aji Samudra,0,Hydrapple,M-Froslass,9
scraped/ss_full/episode-91072250-replay.json,91072250,yukinoka,Sixth Sense,0,Ogerpon,Hydrapple,11
scraped/ss_full/episode-91073139-replay.json,91073139,Sixth Sense,Chong Xuan Ng,0,Hydrapple,Dragapult,9
scraped/ss_full/episode-91074015-replay.json,91074015,Sixth Sense,Banjo,0,Hydrapple,other,7
scraped/ss_full/episode-91074897-replay.json,91074897,GPT-5.6 Sol🏆,Sixth Sense,0,Grimmsnarl,Hydrapple,13
scraped/ss_full/episode-91075024-replay.json,91075024,YukihiroMaeda,Sixth Sense,1,other,Hydrapple,3
scraped/ss_full/episode-91075855-replay.json,91075855,ZhWing Fence,Sixth Sense,1,other,Hydrapple,6
scraped/ss_full/episode-91076650-replay.json,91076650,Tomoki Tanzawa,Sixth Sense,1,Crustle,Hydrapple,10
scraped/ss_full/episode-91077522-replay.json,91077522,Sixth Sense,tokk,0,Hydrapple,Alakazam,13
scraped/ss_full/episode-91354431-replay.json,91354431,M093.jp,Sixth Sense,1,other,Grimmsnarl,11
scraped/ss_full/episode-91355368-replay.json,91355368,Sixth Sense,Akshar Patel,0,Grimmsnarl,other,7
scraped/ss_full/episode-91356304-replay.json,91356304,Sixth Sense,Havish Patel,0,Grimmsnarl,Grimmsnarl,7
scraped/ss_full/episode-91357171-replay.json,91357171,Nishanth Rajan,Sixth Sense,1,other,Grimmsnarl,9
scraped/ss_full/episode-91358079-replay.json,91358079,yemaoye,Sixth Sense,1,Grimmsnarl,Grimmsnarl,13
scraped/ss_full/episode-91358998-replay.json,91358998,Sixth Sense,TY0912,0,Grimmsnarl,Alakazam,13
scraped/ss_full/episode-91359911-replay.json,91359911,segehez,Sixth Sense,1,M-Lucario,Grimmsnarl,9
scraped/ss_full/episode-91361751-replay.json,91361751,Sixth Sense,The Bitter Lesson,0,Grimmsnarl,Grimmsnarl,15
scraped/ss_full/episode-91378055-replay.json,91378055,Sixth Sense,Pokésonic,0,M-Kangaskhan,Grimmsnarl,9
scraped/ss_full/episode-91392606-replay.json,91392606,Sixth Sense,molmot,0,M-Kangaskhan,M-Kangaskhan,19
scraped/ss_full/episode-91424337-replay.json,91424337,Sixth Sense,songp__1218,0,M-Kangaskhan,other,3
scraped/ss_full/episode-91453173-replay.json,91453173,rlpokemon,Sixth Sense,1,M-Lucario,M-Kangaskhan,7
scraped/ss_full/episode-91455940-replay.json,91455940,Eli_Zohar_BIU,Sixth Sense,1,other,M-Kangaskhan,19
scraped/ss_full/episode-91461946-replay.json,91461946,Sixth Sense,Magikarp,0,Grimmsnarl,M-Froslass,11
scraped/ss_full/episode-91477601-replay.json,91477601,Sixth Sense,Boss's Orders Are All You Need,0,M-Kangaskhan,Ogerpon,11
scraped/ss_full/episode-91477794-replay.json,91477794,john jiang zhifeng,Sixth Sense,0,M-Lopunny,M-Kangaskhan,13
scraped/ss_full/episode-91371825-replay.json,91371825,Mork Borb,Sixth Sense,1,M-Lucario,Grimmsnarl,13
scraped/ss_full/episode-91372595-replay.json,91372595,Sixth Sense,Shuhan Yang,0,Ogerpon,Ogerpon,21
scraped/ss_full/episode-91373510-replay.json,91373510,HirotaSaurus,Sixth Sense,1,Dragapult,M-Kangaskhan,8
scraped/ss_full/episode-91374403-replay.json,91374403,ADNOH,Sixth Sense,1,other,M-Kangaskhan,15
scraped/ss_full/episode-91375318-replay.json,91375318,keteru,Sixth Sense,1,M-Starmie,M-Kangaskhan,13
scraped/ss_full/episode-91376504-replay.json,91376504,Kazama Yusuke,Sixth Sense,1,Grimmsnarl,M-Kangaskhan,11
scraped/ss_full/episode-91377150-replay.json,91377150,Suyash Verma,Sixth Sense,1,Grimmsnarl,M-Kangaskhan,7
scraped/ss_full/episode-91377323-replay.json,91377323,yuji nunome,Sixth Sense,1,other,Grimmsnarl,4
scraped/ss_full/episode-91362646-replay.json,91362646,Sixth Sense,kashiwashira,1,Grimmsnarl,Ogerpon,13
scraped/ss_full/episode-91363598-replay.json,91363598,Sixth Sense,Skibidi Six Seven,0,Grimmsnarl,Crustle,15
scraped/ss_full/episode-91364515-replay.json,91364515,Sixth Sense,nmdcddwzml,0,Grimmsnarl,Alakazam,10
scraped/ss_full/episode-91365423-replay.json,91365423,Athar Ahmad,Sixth Sense,1,Alakazam,Grimmsnarl,9
scraped/ss_full/episode-91366345-replay.json,91366345,tedo,Sixth Sense,0,Grimmsnarl,Grimmsnarl,13
scraped/ss_full/episode-91369086-replay.json,91369086,Sixth Sense,Masayuki Ueno,0,Grimmsnarl,Dragapult,13
scraped/ss_full/episode-91370679-replay.json,91370679,Sixth Sense,Sixth Sense,1,M-Kangaskhan,M-Kangaskhan,11
scraped/ss_full/episode-91371660-replay.json,91371660,Chris Woolgar,Sixth Sense,1,other,M-Kangaskhan,5
scraped/ss_full/episode-91522292-replay.json,91522292,Sixth Sense,JZ,1,M-Kangaskhan,Grimmsnarl,9
scraped/ss_full/episode-91536174-replay.json,91536174,想要成为kaggle大师,Sixth Sense,1,M-Lopunny,Grimmsnarl,13
scraped/ss_full/episode-91542526-replay.json,91542526,Dipam Chakraborty,Sixth Sense,1,Dragapult,M-Kangaskhan,9
scraped/ss_full/episode-91544438-replay.json,91544438,Sixth Sense,JZ,0,M-Kangaskhan,Grimmsnarl,9
scraped/ss_full/episode-91545325-replay.json,91545325,Dipam Chakraborty,Sixth Sense,0,Dragapult,M-Kangaskhan,9
scraped/ss_full/episode-91548118-replay.json,91548118,Dipam Chakraborty,Sixth Sense,0,Dragapult,M-Kangaskhan,9
scraped/ss_full/episode-91564293-replay.json,91564293,Sixth Sense,Sixth Sense,1,Dragapult,Dragapult,13
scraped/ss_full/episode-91565290-replay.json,91565290,くりたんとたけちゃん,Sixth Sense,1,other,Dragapult,6
scraped/ss_full/episode-91487569-replay.json,91487569,Sixth Sense,{{ team_name }} 🏆,0,M-Kangaskhan,Alakazam,13
scraped/ss_full/episode-91491462-replay.json,91491462,Sixth Sense,sadwat,1,Grimmsnarl,M-Lopunny,15
scraped/ss_full/episode-91498516-replay.json,91498516,Sixth Sense,What Lucario,0,M-Kangaskhan,Alakazam,11
scraped/ss_full/episode-91499619-replay.json,91499619,Sixth Sense,Dipam Chakraborty,0,M-Kangaskhan,Hydrapple,17
scraped/ss_full/episode-91507728-replay.json,91507728,カントー地方マスター(KantoRegionMaster),Sixth Sense,1,Grimmsnarl,Grimmsnarl,15
scraped/ss_full/episode-91508609-replay.json,91508609,カントー地方マスター(KantoRegionMaster),Sixth Sense,1,Grimmsnarl,Grimmsnarl,11
scraped/ss_full/episode-91512473-replay.json,91512473,Sixth Sense,What Lucario,1,M-Kangaskhan,Alakazam,9
scraped/ss_full/episode-91520651-replay.json,91520651,カントー地方マスター(KantoRegionMaster),Sixth Sense,1,Grimmsnarl,M-Kangaskhan,9
scraped/ss_full/episode-91573625-replay.json,91573625,Sixth Sense,Budew,0,Dragapult,M-Lopunny,15
scraped/ss_full/episode-91573688-replay.json,91573688,Sixth Sense,Rmy,0,Dragapult,M-Lopunny,15
scraped/ss_full/episode-91574553-replay.json,91574553,Sixth Sense,Boss's Orders Are All You Need,1,Dragapult,Ogerpon,9
scraped/ss_full/episode-91575484-replay.json,91575484,tonakaiiii,Sixth Sense,1,M-Kangaskhan,Dragapult,11
scraped/ss_full/episode-91576411-replay.json,91576411,Sixth Sense,Dipam Chakraborty,1,Dragapult,Dragapult,11
scraped/ss_full/episode-91577333-replay.json,91577333,Sixth Sense,fishcat,0,Dragapult,Alakazam,11
scraped/ss_full/episode-91579193-replay.json,91579193,LiamK,Sixth Sense,0,M-Lopunny,Dragapult,11
scraped/ss_full/episode-91580114-replay.json,91580114,齐乐,Sixth Sense,1,Alakazam,Dragapult,7
scraped/ss_full/episode-91566202-replay.json,91566202,Sixth Sense,eikichi,0,Dragapult,Grimmsnarl,13
scraped/ss_full/episode-91567137-replay.json,91567137,Sixth Sense,Hanliu0408,0,Dragapult,other,5
scraped/ss_full/episode-91568057-replay.json,91568057,PNGN,Sixth Sense,1,other,Dragapult,15
scraped/ss_full/episode-91568985-replay.json,91568985,Sixth Sense,Kyohei,0,Dragapult,Alakazam,13
scraped/ss_full/episode-91569909-replay.json,91569909,bono,Sixth Sense,1,Alakazam,Dragapult,13
scraped/ss_full/episode-91570848-replay.json,91570848,JB Bryant,Sixth Sense,1,Grimmsnarl,Dragapult,9
scraped/ss_full/episode-91571773-replay.json,91571773,Sixth Sense,Majkel1337,1,Dragapult,M-Lucario,17
scraped/ss_full/episode-91572712-replay.json,91572712,Sixth Sense,kaba777,0,Dragapult,Dragapult,11
scraped/ss_full/episode-91580365-replay.json,91580365,Sixth Sense,ANDPAD kaggler team,1,Dragapult,Ogerpon,11
scraped/ss_full/episode-91581043-replay.json,91581043,Boss's Orders Are All You Need,Sixth Sense,1,Ogerpon,Dragapult,11
scraped/ss_full/episode-91582151-replay.json,91582151,Sixth Sense,🫣🤧,0,Dragapult,M-Starmie,17
scraped/ss_full/episode-91582908-replay.json,91582908,ONE PIECE,Sixth Sense,1,M-Lucario,Dragapult,13
scraped/ss_full/episode-91583839-replay.json,91583839,Raihan Ramadistra,Sixth Sense,0,Grimmsnarl,Dragapult,11
scraped/ss_full/episode-91584758-replay.json,91584758,Boss's Orders Are All You Need,Sixth Sense,0,Ogerpon,Dragapult,13
scraped/ss_full/episode-91585690-replay.json,91585690,Sixth Sense,AryaT,0,Dragapult,M-Lucario,9
scraped/ss_full/episode-91586760-replay.json,91586760,Sixth Sense,koucha,0,Dragapult,Alakazam,11
scraped/ss_full/episode-91587535-replay.json,91587535,sadwat,Sixth Sense,1,M-Lopunny,Dragapult,15
scraped/ss_full/episode-91588439-replay.json,91588439,xuhai xiao,Sixth Sense,1,Grimmsnarl,Dragapult,9
scraped/ss_full/episode-91589377-replay.json,91589377,李秉叡（ntumlnoob）,Sixth Sense,0,M-Lucario,Dragapult,17
scraped/ss_full/episode-91591248-replay.json,91591248,hatry,Sixth Sense,1,Grimmsnarl,Dragapult,9
scraped/ss_full/episode-91592172-replay.json,91592172,213tubo,Sixth Sense,0,Grimmsnarl,Dragapult,21
scraped/ss_full/episode-91593129-replay.json,91593129,JZ,Sixth Sense,1,Grimmsnarl,Dragapult,12
scraped/ss_full/episode-91593998-replay.json,91593998,wkonishi,Sixth Sense,1,Alakazam,Dragapult,11
scraped/ss_full/episode-91594928-replay.json,91594928,Sixth Sense,James Cox & Henry Chao,1,Dragapult,M-Kangaskhan,9
scraped/ss_full/episode-91602312-replay.json,91602312,James Cox & Henry Chao,Sixth Sense,1,M-Kangaskhan,Dragapult,15
scraped/ss_full/episode-91603279-replay.json,91603279,Sixth Sense,Arthurs Torres24,0,Dragapult,Grimmsnarl,13
scraped/ss_full/episode-91604210-replay.json,91604210,Sixth Sense,fishcat,1,Dragapult,Alakazam,11
scraped/ss_full/episode-91605135-replay.json,91605135,Sixth Sense,SHARANGARAMA,1,Dragapult,other,9
scraped/ss_full/episode-91606063-replay.json,91606063,Sixth Sense,MarineYY,0,Dragapult,M-Kangaskhan,17
scraped/ss_full/episode-91606971-replay.json,91606971,Sixth Sense,tyffee,0,Dragapult,other,3
scraped/ss_full/episode-91607906-replay.json,91607906,fujihara,Sixth Sense,1,Alakazam,Dragapult,13
scraped/ss_full/episode-91609778-replay.json,91609778,Sixth Sense,Funky,1,Dragapult,M-Lopunny,15
scraped/ss_full/episode-91595844-replay.json,91595844,wkonishi,Sixth Sense,1,Alakazam,Dragapult,11
scraped/ss_full/episode-91596779-replay.json,91596779,Sixth Sense,THIRD PTCG Club,0,Dragapult,Alakazam,15
scraped/ss_full/episode-91597603-replay.json,91597603,flg,Sixth Sense,0,Ogerpon,Dragapult,9
scraped/ss_full/episode-91598637-replay.json,91598637,mojao,Sixth Sense,1,Alakazam,Dragapult,11
scraped/ss_full/episode-91599570-replay.json,91599570,Sixth Sense,Jonathan Donham,0,Dragapult,M-Kangaskhan,13
scraped/ss_full/episode-91600490-replay.json,91600490,Sixth Sense,LumenLiquidity,1,Dragapult,Dragapult,11
scraped/ss_full/episode-91601429-replay.json,91601429,Sixth Sense,213tubo,0,Dragapult,Grimmsnarl,13
scraped/ss_full/episode-91601504-replay.json,91601504,Majkel1337,Sixth Sense,0,M-Lucario,Dragapult,13
scraped/ss_full/episode-91618155-replay.json,91618155,Sixth Sense,Oshbocker,1,Dragapult,Grimmsnarl,11
scraped/ss_full/episode-91630186-replay.json,91630186,James Cox & Henry Chao,Sixth Sense,1,M-Kangaskhan,Dragapult,11
scraped/ss_full/episode-91637314-replay.json,91637314,Sixth Sense,perrodawn,1,Dragapult,Hydrapple,9
scraped/ss_full/episode-91647512-replay.json,91647512,Sixth Sense,Dipam Chakraborty,0,Dragapult,Dudunsparce,13
scraped/ss_full/episode-91647522-replay.json,91647522,KiKi,Sixth Sense,1,Alakazam,Dragapult,12
scraped/ss_full/episode-91653181-replay.json,91653181,Sixth Sense,perrodawn,0,Dragapult,Hydrapple,9
scraped/ss_full/episode-91668763-replay.json,91668763,Ueddy,Sixth Sense,0,Alakazam,Dragapult,11
scraped/ss_full/episode-91672604-replay.json,91672604,pokemon master,Sixth Sense,1,Hydrapple,Dragapult,9
scraped/ss_full/episode-91673581-replay.json,91673581,Marshall Maximizer,Sixth Sense,1,M-Kangaskhan,Dragapult,11
scraped/ss_full/episode-91686734-replay.json,91686734,Sixth Sense,pokemon master,0,Dragapult,Hydrapple,11
scraped/ss_full/episode-91692134-replay.json,91692134,Marshall Maximizer,Sixth Sense,0,Ogerpon,Dragapult,13
scraped/ss_full/episode-91694934-replay.json,91694934,Azat Akhtyamov,Sixth Sense,0,Grimmsnarl,Dragapult,13
scraped/ss_full/episode-91698675-replay.json,91698675,Sixth Sense,Marshall Maximizer,1,Dragapult,Ogerpon,13
scraped/ss_full/episode-91698739-replay.json,91698739,Sixth Sense,PP kawada,0,Dragapult,Hydrapple,13
scraped/ss_full/episode-91709717-replay.json,91709717,Sixth Sense,James Cox & Henry Chao,0,Dragapult,M-Kangaskhan,13
scraped/ss_full/episode-91727431-replay.json,91727431,Sixth Sense,flg,1,Dragapult,Dragapult,15
scraped/ss_full/episode-91880270-replay.json,91880270,Sixth Sense,Sixth Sense,0,Dragapult,Dragapult,15
scraped/ss_full/episode-91880421-replay.json,91880421,CJython,Sixth Sense,1,M-Lucario,Dragapult,13
scraped/ss_full/episode-91881352-replay.json,91881352,Sixth Sense,DaiPh,0,Dragapult,Alakazam,15
scraped/ss_full/episode-91882189-replay.json,91882189,Sixth Sense,Sixth Sense,0,Dragapult,Dragapult,11
scraped/ss_full/episode-91882291-replay.json,91882291,Michael Krager,Sixth Sense,1,other,Dragapult,5
scraped/ss_full/episode-91882302-replay.json,91882302,Pioneer 2,Sixth Sense,1,Grimmsnarl,Dragapult,11
scraped/ss_full/episode-91883217-replay.json,91883217,Takahide Seki,Sixth Sense,1,other,Dragapult,11
scraped/ss_full/episode-91883236-replay.json,91883236,mikke9747,Sixth Sense,1,Dragapult,Dragapult,16
scraped/ss_full/episode-91884150-replay.json,91884150,Sixth Sense,Malyshev Danil,0,Dragapult,Grimmsnarl,15
scraped/ss_full/episode-91884182-replay.json,91884182,Sixth Sense,BC+,0,Dragapult,Alakazam,9
scraped/ss_full/episode-91885108-replay.json,91885108,tensorlike,Sixth Sense,0,Grimmsnarl,Dragapult,17
scraped/ss_full/episode-91885125-replay.json,91885125,Little Rascal,Sixth Sense,1,Grimmsnarl,Dragapult,11
scraped/ss_full/episode-91886044-replay.json,91886044,Sixth Sense,Francisco Stahl,0,Dragapult,Alakazam,11
scraped/ss_full/episode-91886049-replay.json,91886049,Gyoukou,Sixth Sense,0,M-Lucario,Dragapult,11
scraped/ss_full/episode-91886975-replay.json,91886975,Sixth Sense,youtube.com/@BigBugginnings,0,Dragapult,Dragapult,13
scraped/ss_full/episode-91886989-replay.json,91886989,tokimashita,Sixth Sense,1,Grimmsnarl,Dragapult,11
scraped/ss_full/episode-91887940-replay.json,91887940,PKMN Trainers L & Brando,Sixth Sense,1,Ogerpon,Dragapult,7
scraped/ss_full/episode-91887953-replay.json,91887953,Sixth Sense,哈基米南北绿豆,0,Dragapult,Grimmsnarl,13
scraped/ss_full/episode-91888891-replay.json,91888891,Sixth Sense,mitomeat823,0,Dragapult,M-Lucario,15
scraped/ss_full/episode-91889822-replay.json,91889822,iwance,Sixth Sense,0,Grimmsnarl,Dragapult,11
scraped/ss_full/episode-91889841-replay.json,91889841,Sixth Sense,低消650元任你吃啊,1,Dragapult,Grimmsnarl,10
scraped/ss_full/episode-91890744-replay.json,91890744,Sixth Sense,tyakku_k2k,0,Dragapult,Hydrapple,15
scraped/ss_full/episode-91890768-replay.json,91890768,Sixth Sense,yoshitaka agent,0,Dragapult,Grimmsnarl,15
scraped/ss_full/episode-91892633-replay.json,91892633,blue_house,Sixth Sense,0,Ogerpon,Dragapult,13
scraped/ss_full/episode-91893580-replay.json,91893580,Team,Sixth Sense,1,Alakazam,Dragapult,21
scraped/ss_full/episode-91894503-replay.json,91894503,Sixth Sense,Hiryu,0,Dragapult,M-Lucario,13
scraped/ss_full/episode-91895481-replay.json,91895481,Hungchien,Sixth Sense,0,M-Lucario,Dragapult,9
scraped/ss_full/episode-91896429-replay.json,91896429,stargazer,Sixth Sense,1,M-Lucario,Dragapult,11
scraped/ss_full/episode-91906720-replay.json,91906720,Pokemon Analysis,Sixth Sense,1,Ogerpon,Dragapult,13
scraped/ss_full/episode-91920926-replay.json,91920926,StackKnight,Sixth Sense,1,M-Lopunny,Dragapult,15
scraped/ss_full/episode-91921830-replay.json,91921830,magu1234,Sixth Sense,1,Alakazam,Dragapult,8
scraped/ss_full/episode-91992431-replay.json,91992431,Sixth Sense,Sixth Sense,1,Dragapult,Dragapult,9
scraped/ss_full/episode-91993451-replay.json,91993451,Arvind CR,Sixth Sense,1,other,Dragapult,5
scraped/ss_full/episode-91994398-replay.json,91994398,tomworks,Sixth Sense,1,Dragapult,Dragapult,11
scraped/ss_full/episode-91995327-replay.json,91995327,Sixth Sense,aporo_hirokichi,0,Dragapult,other,13
scraped/ss_full/episode-91996266-replay.json,91996266,Sixth Sense,Agent 33,0,Dragapult,M-Kangaskhan,19
scraped/ss_full/episode-91997216-replay.json,91997216,Sixth Sense,Takumu Hata,0,Dragapult,Alakazam,11
scraped/ss_full/episode-91998168-replay.json,91998168,Sixth Sense,Sailor Ren,0,Dragapult,Grimmsnarl,11
scraped/ss_full/episode-91999098-replay.json,91999098,e-toppo + kurupical,Sixth Sense,0,Dragapult,Dragapult,13
scraped/ss_full/episode-92000055-replay.json,92000055,Clement Lau,Sixth Sense,1,Grimmsnarl,Dragapult,13
scraped/ss_full/episode-92057291-replay.json,92057291,Sixth Sense,Haokai Ding,0,Dragapult,Alakazam,13
scraped/ss_full/episode-92064891-replay.json,92064891,Sixth Sense,vreamartins,0,Dragapult,Crustle,23
scraped/ss_full/episode-92075385-replay.json,92075385,hdt666,Sixth Sense,1,M-Lucario,Dragapult,11
scraped/ss_full/episode-92081065-replay.json,92081065,Sixth Sense,minfaox3,0,Dragapult,Alakazam,11
scraped/ss_full/episode-92088496-replay.json,92088496,Sixth Sense,YangjieFu,0,Dragapult,Grimmsnarl,11
scraped/ss_full/episode-92093146-replay.json,92093146,Sixth Sense,Changdao Chen,0,Dragapult,Archaludon,13
scraped/ss_full/episode-92102617-replay.json,92102617,Sixth Sense,Ryosuke Suzuki,0,Dragapult,M-Lucario,11
scraped/ss_full/episode-92104521-replay.json,92104521,Sixth Sense,Arnie Jimenez,1,Dragapult,Grimmsnarl,15
scraped/ss_full/episode-92000987-replay.json,92000987,Sixth Sense,Nekogami,0,Dragapult,other,15
scraped/ss_full/episode-92051556-replay.json,92051556,Sixth Sense,Sixth Sense,1,Dragapult,Dragapult,11
scraped/ss_full/episode-92052480-replay.json,92052480,Sixth Sense,Sixth Sense,1,Dragapult,Dragapult,15
scraped/ss_full/episode-92052569-replay.json,92052569,osugi-1,Sixth Sense,1,other,Dragapult,13
scraped/ss_full/episode-92053494-replay.json,92053494,Sixth Sense,mattsu2020,0,Dragapult,M-Lucario,13
scraped/ss_full/episode-92054447-replay.json,92054447,Sixth Sense,halup,0,Dragapult,Dragapult,11
scraped/ss_full/episode-92055404-replay.json,92055404,Sixth Sense,KentoKuri,0,Dragapult,Hydrapple,9
scraped/ss_full/episode-92056358-replay.json,92056358,ASH,Sixth Sense,1,M-Kangaskhan,Dragapult,24
scraped/ss_full/episode-92554194-replay.json,92554194,Sixth Sense,Zhu Liang,0,Alakazam,M-Kangaskhan,11
scraped/ss_full/episode-92560692-replay.json,92560692,Sixth Sense,Yaroslav,1,Dragapult,Grimmsnarl,17
scraped/ss_full/episode-92561599-replay.json,92561599,Dries @ Tufa Labs,Sixth Sense,1,Grimmsnarl,Alakazam,11
scraped/ss_full/episode-92564538-replay.json,92564538,Sixth Sense,Zhu Liang,0,Alakazam,Crustle,5
scraped/ss_full/episode-92568312-replay.json,92568312,Sixth Sense,M Sato,1,Alakazam,M-Lopunny,10
scraped/ss_full/episode-92573839-replay.json,92573839,Sixth Sense,Budew,1,Dudunsparce,Dragapult,5
scraped/ss_full/episode-92596400-replay.json,92596400,ANDPAD kaggler team,Sixth Sense,1,Ogerpon,Dragapult,13
scraped/ss_full/episode-92249858-replay.json,92249858,Sixth Sense,やる気元気ミワハルキ,1,Dragapult,Dudunsparce,11
scraped/ss_full/episode-92306593-replay.json,92306593,ANDPAD kaggler team,Sixth Sense,1,Ogerpon,Dragapult,11
scraped/ss_full/episode-92525272-replay.json,92525272,Magist,Sixth Sense,1,Grimmsnarl,Alakazam,9
scraped/ss_full/episode-92526433-replay.json,92526433,palsystem,Sixth Sense,0,Dragapult,Dragapult,13
scraped/ss_full/episode-92533609-replay.json,92533609,Sixth Sense,DavidFreelan,0,Dragapult,M-Lopunny,15
scraped/ss_full/episode-92545887-replay.json,92545887,Sixth Sense,ykhnkf,0,Alakazam,M-Kangaskhan,11
scraped/ss_full/episode-92550352-replay.json,92550352,iwatsushi,Sixth Sense,1,Ogerpon,Dragapult,11
scraped/ss_full/episode-92553449-replay.json,92553449,Sixth Sense,palsystem,1,Alakazam,Dragapult,11
scraped/ss_full/episode-92157314-replay.json,92157314,Sixth Sense,palsystem,0,Dragapult,Alakazam,11
scraped/ss_full/episode-92168262-replay.json,92168262,Sixth Sense,やる気元気ミワハルキ,0,Dragapult,Dragapult,13
scraped/ss_full/episode-92173876-replay.json,92173876,Sixth Sense,やる気元気ミワハルキ,1,Dragapult,Dudunsparce,23
scraped/ss_full/episode-92175736-replay.json,92175736,やる気元気ミワハルキ,Sixth Sense,1,Dragapult,Dragapult,13
scraped/ss_full/episode-92201079-replay.json,92201079,Sixth Sense,Majkel1337,0,Dragapult,M-Lucario,11
scraped/ss_full/episode-92230319-replay.json,92230319,Oshbocker,Sixth Sense,0,Ogerpon,Dragapult,11
scraped/ss_full/episode-92234700-replay.json,92234700,Sixth Sense,KatR,1,Dragapult,Ogerpon,11
scraped/ss_full/episode-92245159-replay.json,92245159,やる気元気ミワハルキ,Sixth Sense,1,Dudunsparce,Dragapult,9
