path,episode,p0,p1,winner,a0,a1,turns
scraped/flg_full/episode-88496880-replay.json,88496880,flg,M Sato,0,other,Alakazam,17
scraped/flg_full/episode-88497329-replay.json,88497329,stardom,flg,1,M-Starmie,other,13
scraped/flg_full/episode-88497776-replay.json,88497776,cm391,flg,0,Grimmsnarl,other,9
scraped/flg_full/episode-88497880-replay.json,88497880,Team Rot-Weiß,flg,1,Alakazam,other,21
scraped/flg_full/episode-88498231-replay.json,88498231,IPL,flg,1,other,other,3
scraped/flg_full/episode-88498629-replay.json,88498629,flg,Pokemon Siuuuu,0,other,Grimmsnarl,9
scraped/flg_full/episode-88499123-replay.json,88499123,James Cox,flg,0,M-Kangaskhan,other,11
scraped/flg_full/episode-88499565-replay.json,88499565,e-toppo + kurupical,flg,1,Grimmsnarl,other,9
scraped/flg_full/episode-88494694-replay.json,88494694,flg,Pokemon Siuuuu,1,other,Grimmsnarl,10
scraped/flg_full/episode-88495086-replay.json,88495086,Shubham Choudhary,flg,1,M-Lucario,other,15
scraped/flg_full/episode-88495117-replay.json,88495117,flg,Dominic Peel,0,other,Grimmsnarl,11
scraped/flg_full/episode-88495530-replay.json,88495530,"Matheus, Dieter, Eduardo",flg,1,other,other,11
scraped/flg_full/episode-88495565-replay.json,88495565,LiamK,flg,1,Grimmsnarl,other,9
scraped/flg_full/episode-88495981-replay.json,88495981,LumenLiquidity,flg,1,Dragapult,other,11
scraped/flg_full/episode-88496001-replay.json,88496001,Dominic Peel,flg,0,Grimmsnarl,other,13
scraped/flg_full/episode-88496438-replay.json,88496438,flg,かーーき,0,other,Archaludon,9
scraped/flg_full/episode-88481084-replay.json,88481084,uma.k42.mr,flg,1,M-Lucario,other,15
scraped/flg_full/episode-88481379-replay.json,88481379,Dominic Peel,flg,1,Grimmsnarl,other,11
scraped/flg_full/episode-88481594-replay.json,88481594,Dries @ Tufa Labs,flg,1,Grimmsnarl,other,11
scraped/flg_full/episode-88482120-replay.json,88482120,flg,szlachetny snieg,1,other,Grimmsnarl,7
scraped/flg_full/episode-88482640-replay.json,88482640,A. R. SEKKAT,flg,0,Grimmsnarl,other,11
scraped/flg_full/episode-88483152-replay.json,88483152,flg,wwwwwwwwwwwwwwwwwwwwwwwwwwwwww,0,other,Grimmsnarl,11
scraped/flg_full/episode-88483739-replay.json,88483739,flg,Dries @ Tufa Labs,1,other,Grimmsnarl,9
scraped/flg_full/episode-88484273-replay.json,88484273,flg,James Cox,0,other,M-Kangaskhan,9
scraped/flg_full/episode-88488085-replay.json,88488085,flg,Dries @ Tufa Labs,0,other,Grimmsnarl,13
scraped/flg_full/episode-88488495-replay.json,88488495,flg,Dries @ Tufa Labs,1,other,Grimmsnarl,9
scraped/flg_full/episode-88489019-replay.json,88489019,flg,cm391,1,other,Grimmsnarl,11
scraped/flg_full/episode-88489547-replay.json,88489547,flg,Dries @ Tufa Labs,1,other,Grimmsnarl,9
scraped/flg_full/episode-88490063-replay.json,88490063,flg,"Matheus, Dieter, Eduardo",1,other,other,17
scraped/flg_full/episode-88490233-replay.json,88490233,flg,LiamK,1,other,Grimmsnarl,9
scraped/flg_full/episode-88490629-replay.json,88490629,zhangshuosc,flg,0,Grimmsnarl,other,11
scraped/flg_full/episode-88491146-replay.json,88491146,flg,齐乐,0,other,Alakazam,19
scraped/flg_full/episode-88491668-replay.json,88491668,flg,LumenLiquidity,0,other,Dragapult,15
scraped/flg_full/episode-88492195-replay.json,88492195,flg,mochamocha_Y,0,other,Alakazam,13
scraped/flg_full/episode-88492708-replay.json,88492708,flg,victor,1,other,Archaludon,55
scraped/flg_full/episode-88492797-replay.json,88492797,flg,"Matheus, Dieter, Eduardo",1,other,other,11
scraped/flg_full/episode-88493239-replay.json,88493239,James Cox,flg,0,M-Kangaskhan,other,11
scraped/flg_full/episode-88493756-replay.json,88493756,flg,Luca,0,other,Grimmsnarl,11
scraped/flg_full/episode-88494199-replay.json,88494199,LumenLiquidity,flg,1,Dragapult,other,17
scraped/flg_full/episode-88494640-replay.json,88494640,flg,auaua159,0,other,Alakazam,15
scraped/flg_full/episode-88484794-replay.json,88484794,"Matheus, Dieter, Eduardo",flg,0,other,other,13
scraped/flg_full/episode-88485308-replay.json,88485308,flg,szlachetny snieg,0,other,Grimmsnarl,11
scraped/flg_full/episode-88485819-replay.json,88485819,flg,A. R. SEKKAT,0,other,Grimmsnarl,11
scraped/flg_full/episode-88485942-replay.json,88485942,flg,Dries @ Tufa Labs,0,other,Grimmsnarl,9
scraped/flg_full/episode-88486371-replay.json,88486371,懒惰的金枪鱼,flg,1,Grimmsnarl,other,11
scraped/flg_full/episode-88486866-replay.json,88486866,flg,Yushin Ito,0,other,Alakazam,21
scraped/flg_full/episode-88487400-replay.json,88487400,jiatu.l,flg,1,Grimmsnarl,other,9
scraped/flg_full/episode-88487983-replay.json,88487983,flg,A. R. SEKKAT,0,other,Grimmsnarl,9
scraped/flg_full/episode-88513216-replay.json,88513216,Dominic Peel,flg,1,Grimmsnarl,other,9
scraped/flg_full/episode-88513743-replay.json,88513743,Dries @ Tufa Labs,flg,1,Grimmsnarl,other,7
scraped/flg_full/episode-88514275-replay.json,88514275,flg,junlee789,0,other,Garchomp,9
scraped/flg_full/episode-88514803-replay.json,88514803,flg,Majkel1337,1,other,Alakazam,3
scraped/flg_full/episode-88515341-replay.json,88515341,Simon-the-sorcerer,flg,1,other,other,4
scraped/flg_full/episode-88515879-replay.json,88515879,e-toppo + kurupical,flg,0,Grimmsnarl,other,13
scraped/flg_full/episode-88516412-replay.json,88516412,flg,Luca,1,other,Grimmsnarl,3
scraped/flg_full/episode-88516434-replay.json,88516434,flg,insuperabilehart,1,other,Grimmsnarl,10
scraped/flg_full/episode-88505779-replay.json,88505779,flg,Gotem Penguin,1,other,M-Froslass,19
scraped/flg_full/episode-88506305-replay.json,88506305,Dominic Peel,flg,0,Grimmsnarl,other,9
scraped/flg_full/episode-88506310-replay.json,88506310,flg,cm391,1,other,Grimmsnarl,9
scraped/flg_full/episode-88506854-replay.json,88506854,Pokopia,flg,1,Grimmsnarl,other,9
scraped/flg_full/episode-88507386-replay.json,88507386,Hancang Mi,flg,1,Grimmsnarl,other,9
scraped/flg_full/episode-88507924-replay.json,88507924,flg,LiamK,1,other,Grimmsnarl,9
scraped/flg_full/episode-88508458-replay.json,88508458,flg,James Cox,0,other,M-Kangaskhan,11
scraped/flg_full/episode-88508989-replay.json,88508989,flg,James Cox,1,other,other,1
scraped/flg_full/episode-88499584-replay.json,88499584,szlachetny snieg,flg,1,Grimmsnarl,other,9
scraped/flg_full/episode-88500010-replay.json,88500010,bono,flg,1,Alakazam,other,11
scraped/flg_full/episode-88500459-replay.json,88500459,flg,lmaffei,0,other,M-Lopunny,17
scraped/flg_full/episode-88500482-replay.json,88500482,Dries @ Tufa Labs,flg,1,Grimmsnarl,other,11
scraped/flg_full/episode-88500909-replay.json,88500909,flg,junseo lee,0,other,Garchomp,11
scraped/flg_full/episode-88501349-replay.json,88501349,flg,e-toppo + kurupical,1,other,Grimmsnarl,9
scraped/flg_full/episode-88501376-replay.json,88501376,Dries @ Tufa Labs,flg,0,Grimmsnarl,other,11
scraped/flg_full/episode-88501874-replay.json,88501874,Dries @ Tufa Labs,flg,1,Grimmsnarl,other,11
scraped/flg_full/episode-88509519-replay.json,88509519,Dries @ Tufa Labs,flg,1,Grimmsnarl,other,11
scraped/flg_full/episode-88510042-replay.json,88510042,leocrivels,flg,1,Dudunsparce,other,25
scraped/flg_full/episode-88510568-replay.json,88510568,Dries @ Tufa Labs,flg,0,Grimmsnarl,other,9
scraped/flg_full/episode-88511088-replay.json,88511088,flg,Dries @ Tufa Labs,1,other,Grimmsnarl,12
scraped/flg_full/episode-88511624-replay.json,88511624,Majkel1337,flg,1,Alakazam,other,15
scraped/flg_full/episode-88512147-replay.json,88512147,flg,Dries @ Tufa Labs,1,other,Grimmsnarl,9
scraped/flg_full/episode-88512675-replay.json,88512675,flg,lmaffei,1,other,M-Lopunny,11
scraped/flg_full/episode-88512712-replay.json,88512712,junlee789,flg,0,Garchomp,other,15
scraped/flg_full/episode-88502470-replay.json,88502470,213tubo,flg,0,Dragapult,other,11
scraped/flg_full/episode-88503060-replay.json,88503060,flg,Dries @ Tufa Labs,1,other,Grimmsnarl,9
scraped/flg_full/episode-88503665-replay.json,88503665,Team Rot-Weiß,flg,1,Alakazam,other,33
scraped/flg_full/episode-88504188-replay.json,88504188,john jiang zhifeng,flg,1,Alakazam,other,21
scraped/flg_full/episode-88504190-replay.json,88504190,flg,Dries @ Tufa Labs,0,other,Grimmsnarl,11
scraped/flg_full/episode-88504721-replay.json,88504721,flg,jiatu.l,0,other,Grimmsnarl,13
scraped/flg_full/episode-88505241-replay.json,88505241,A. R. SEKKAT,flg,1,Grimmsnarl,other,9
scraped/flg_full/episode-88505247-replay.json,88505247,flg,LiamK,0,other,Grimmsnarl,11
scraped/flg_full/episode-88516949-replay.json,88516949,flg,__Taichicchi__,0,other,other,13
scraped/flg_full/episode-88516958-replay.json,88516958,insuperabilehart,flg,1,Grimmsnarl,other,7
scraped/flg_full/episode-88517496-replay.json,88517496,James Cox,flg,0,M-Kangaskhan,other,11
scraped/flg_full/episode-88517541-replay.json,88517541,flg,"Matheus, Dieter, Eduardo",1,other,other,13
scraped/flg_full/episode-88517543-replay.json,88517543,Dries @ Tufa Labs,flg,0,Grimmsnarl,other,13
scraped/flg_full/episode-88518070-replay.json,88518070,flg,Dominic Peel,0,other,Grimmsnarl,11
scraped/flg_full/episode-88518072-replay.json,88518072,flg,Pokemon Fan,0,other,Grimmsnarl,9
scraped/flg_full/episode-88518091-replay.json,88518091,Where is my orbit,flg,0,M-Kangaskhan,other,27
scraped/flg_full/episode-88518609-replay.json,88518609,"Matheus, Dieter, Eduardo",flg,1,other,other,13
scraped/flg_full/episode-88518615-replay.json,88518615,flg,Kelvin Lin BU,0,other,M-Kangaskhan,15
scraped/flg_full/episode-88518638-replay.json,88518638,flg,Pokopia,1,other,Grimmsnarl,9
scraped/flg_full/episode-88519147-replay.json,88519147,213tubo,flg,0,Dragapult,other,17
scraped/flg_full/episode-88519155-replay.json,88519155,flg,JZ,0,other,Grimmsnarl,11
scraped/flg_full/episode-88519687-replay.json,88519687,flg,James Cox,1,other,M-Kangaskhan,11
scraped/flg_full/episode-88520216-replay.json,88520216,flg,Iliamna,1,other,Grimmsnarl,9
scraped/flg_full/episode-88520222-replay.json,88520222,flg,Where is my orbit,0,other,M-Kangaskhan,11
scraped/flg_full/episode-88522904-replay.json,88522904,flg,Iliamna,0,other,Grimmsnarl,11
scraped/flg_full/episode-88523426-replay.json,88523426,flg,Rmy,0,other,Grimmsnarl,11
scraped/flg_full/episode-88523430-replay.json,88523430,Azat Akhtyamov,flg,0,Grimmsnarl,other,10
scraped/flg_full/episode-88523957-replay.json,88523957,flg,Pokemon Fan,1,other,Grimmsnarl,10
scraped/flg_full/episode-88523996-replay.json,88523996,flg,Pokémon Day Care,1,other,Grimmsnarl,7
scraped/flg_full/episode-88524503-replay.json,88524503,lollipop947,flg,0,Grimmsnarl,other,11
scraped/flg_full/episode-88525120-replay.json,88525120,flg,Dominic Peel,0,other,Grimmsnarl,11
scraped/flg_full/episode-88525123-replay.json,88525123,Pushu?,flg,1,Alakazam,other,19
scraped/flg_full/episode-88520743-replay.json,88520743,flg,Pokemon Fan,0,other,Grimmsnarl,9
scraped/flg_full/episode-88521277-replay.json,88521277,flg,Yushin Ito,0,other,Alakazam,27
scraped/flg_full/episode-88521303-replay.json,88521303,kashiwashira,flg,0,other,other,15
scraped/flg_full/episode-88521806-replay.json,88521806,flg,Pokopia,0,other,Grimmsnarl,11
scraped/flg_full/episode-88522351-replay.json,88522351,flg,__Taichicchi__,0,other,Grimmsnarl,9
scraped/flg_full/episode-88522352-replay.json,88522352,Xiangyu Liu,flg,1,Grimmsnarl,other,13
scraped/flg_full/episode-88522882-replay.json,88522882,Raja Biswas,flg,0,Grimmsnarl,other,11
scraped/flg_full/episode-88522888-replay.json,88522888,flg,LiamK,1,other,Grimmsnarl,7
scraped/flg_full/episode-88528783-replay.json,88528783,JZ,flg,0,Grimmsnarl,other,11
scraped/flg_full/episode-88529432-replay.json,88529432,flg,James Cox,1,other,M-Kangaskhan,11
scraped/flg_full/episode-88529450-replay.json,88529450,Pokemon Siuuuu,flg,1,Grimmsnarl,other,9
scraped/flg_full/episode-88530061-replay.json,88530061,flg,Hancang Mi,0,other,Grimmsnarl,11
scraped/flg_full/episode-88530672-replay.json,88530672,flg,roy,0,other,Crustle,3
scraped/flg_full/episode-88530696-replay.json,88530696,lmaffei,flg,0,M-Lopunny,other,13
scraped/flg_full/episode-88531267-replay.json,88531267,MamMr,flg,0,Grimmsnarl,other,13
scraped/flg_full/episode-88531286-replay.json,88531286,懒惰的金枪鱼,flg,0,Grimmsnarl,other,11
scraped/flg_full/episode-88531859-replay.json,88531859,flg,Tanupro,1,other,Grimmsnarl,9
scraped/flg_full/episode-88532463-replay.json,88532463,Marshall Maximizer,flg,0,Grimmsnarl,other,11
scraped/flg_full/episode-88542683-replay.json,88542683,flg,junseo lee,1,other,Garchomp,15
scraped/flg_full/episode-88553034-replay.json,88553034,haggle,flg,1,Grimmsnarl,other,11
scraped/flg_full/episode-88553037-replay.json,88553037,Zhenyu Zhang,flg,1,Grimmsnarl,other,11
scraped/flg_full/episode-88562016-replay.json,88562016,flg,懒惰的金枪鱼,0,other,Grimmsnarl,11
scraped/flg_full/episode-88563230-replay.json,88563230,flg,youtube.com/@BigBugginnings,0,other,Dragapult,13
scraped/flg_full/episode-88570582-replay.json,88570582,flg,Tanupro,0,other,Grimmsnarl,11
scraped/flg_full/episode-88525723-replay.json,88525723,JZ,flg,0,Grimmsnarl,other,11
scraped/flg_full/episode-88526333-replay.json,88526333,flg,Luca,0,other,Grimmsnarl,9
scraped/flg_full/episode-88526961-replay.json,88526961,flg,Numaya AI,0,other,other,17
scraped/flg_full/episode-88526984-replay.json,88526984,flg,Team Rot-Weiß,0,other,Alakazam,15
scraped/flg_full/episode-88527562-replay.json,88527562,flg,LiamK,1,other,Grimmsnarl,9
scraped/flg_full/episode-88527568-replay.json,88527568,flg,Charmander & Meowth,1,other,Grimmsnarl,9
scraped/flg_full/episode-88528161-replay.json,88528161,flg,Yushin Ito,1,other,Alakazam,23
scraped/flg_full/episode-88528774-replay.json,88528774,flg,JZ,0,other,Grimmsnarl,13
scraped/flg_full/episode-88575040-replay.json,88575040,PRASHANT SHUKLA91,flg,1,Alakazam,other,17
scraped/flg_full/episode-88581455-replay.json,88581455,flg,yoikoarmor,0,other,M-Lucario,9
scraped/flg_full/episode-88583289-replay.json,88583289,flg,Made a Beautiful Bouquet,0,other,Grimmsnarl,9
scraped/flg_full/episode-88589083-replay.json,88589083,flg,Iliamna,0,other,Hydrapple,13
scraped/flg_full/episode-88593323-replay.json,88593323,flg,Iliamna,0,other,Hydrapple,11
scraped/flg_full/episode-88595695-replay.json,88595695,flg,James Cox,0,other,M-Kangaskhan,11
scraped/flg_full/episode-88596163-replay.json,88596163,flg,A. R. SEKKAT,0,other,Grimmsnarl,9
scraped/flg_full/episode-88599983-replay.json,88599983,Dries @ Tufa Labs,flg,1,Grimmsnarl,other,15
scraped/flg_full/episode-88600707-replay.json,88600707,less,flg,0,Grimmsnarl,other,13
scraped/flg_full/episode-88604252-replay.json,88604252,Raja Biswas,flg,1,Grimmsnarl,other,9
scraped/flg_full/episode-88607100-replay.json,88607100,flg,Charmander & Meowth,0,other,Grimmsnarl,9
scraped/flg_full/episode-88608013-replay.json,88608013,flg,insuperabilehart,0,other,Grimmsnarl,13
scraped/flg_full/episode-88609592-replay.json,88609592,ei1333,flg,1,Alakazam,other,19
scraped/flg_full/episode-88609902-replay.json,88609902,flg,Dries @ Tufa Labs,0,other,Grimmsnarl,9
scraped/flg_full/episode-88610372-replay.json,88610372,Rmy,flg,0,Grimmsnarl,other,9
scraped/flg_full/episode-88610414-replay.json,88610414,James Cox,flg,0,M-Kangaskhan,other,13
scraped/flg_full/episode-88641293-replay.json,88641293,James Cox,flg,0,M-Kangaskhan,other,9
scraped/flg_full/episode-88653206-replay.json,88653206,Pokémon Day Care,flg,0,Grimmsnarl,other,9
scraped/flg_full/episode-88653987-replay.json,88653987,想要成为kaggle大师,flg,1,Grimmsnarl,other,9
scraped/flg_full/episode-88656320-replay.json,88656320,Luca,flg,0,Grimmsnarl,other,9
scraped/flg_full/episode-88658236-replay.json,88658236,flg,me and the lads,0,other,Grimmsnarl,11
scraped/flg_full/episode-88666210-replay.json,88666210,flg,Pokemon Fan,0,other,Grimmsnarl,13
scraped/flg_full/episode-88666231-replay.json,88666231,LiamK,flg,0,Grimmsnarl,other,11
scraped/flg_full/episode-88670944-replay.json,88670944,flg,insuperabilehart,0,other,Grimmsnarl,9
scraped/flg_full/episode-88675907-replay.json,88675907,flg,Yushin Ito,0,other,Alakazam,27
scraped/flg_full/episode-88676364-replay.json,88676364,ANDPAD kaggler team,flg,1,Grimmsnarl,other,11
scraped/flg_full/episode-88676699-replay.json,88676699,James Cox & Henry Chao,flg,1,M-Kangaskhan,other,11
scraped/flg_full/episode-88676835-replay.json,88676835,Thai,flg,1,Crustle,other,7
scraped/flg_full/episode-88677287-replay.json,88677287,NIWATORI,flg,1,Ogerpon,other,11
scraped/flg_full/episode-88677743-replay.json,88677743,LiamK,flg,1,other,other,11
scraped/flg_full/episode-88678202-replay.json,88678202,titako0000,flg,1,Grimmsnarl,other,11
scraped/flg_full/episode-88678674-replay.json,88678674,flg,kashiwashira,0,other,other,15
scraped/flg_full/episode-88611038-replay.json,88611038,M Sato,flg,0,Grimmsnarl,other,13
scraped/flg_full/episode-88612230-replay.json,88612230,LiamK,flg,0,Grimmsnarl,other,9
scraped/flg_full/episode-88615648-replay.json,88615648,flg,kashiwashira,0,other,other,15
scraped/flg_full/episode-88616060-replay.json,88616060,Iliamna,flg,1,Hydrapple,other,45
scraped/flg_full/episode-88617533-replay.json,88617533,LiamK,flg,0,Grimmsnarl,other,9
scraped/flg_full/episode-88622751-replay.json,88622751,flg,LiamK,0,other,Grimmsnarl,9
scraped/flg_full/episode-88628905-replay.json,88628905,flg,Tanupro,0,other,Grimmsnarl,11
scraped/flg_full/episode-88636063-replay.json,88636063,szlachetny snieg,flg,0,Grimmsnarl,other,11
scraped/flg_full/episode-88672387-replay.json,88672387,Dominic Peel,flg,1,Grimmsnarl,other,13
scraped/flg_full/episode-88673745-replay.json,88673745,flg,Dominic Peel,0,other,Grimmsnarl,11
scraped/flg_full/episode-88674115-replay.json,88674115,James Cox & Henry Chao,flg,0,M-Kangaskhan,other,9
scraped/flg_full/episode-88674227-replay.json,88674227,チーム運河,flg,1,Crustle,other,3
scraped/flg_full/episode-88674569-replay.json,88674569,flg,Dominic Peel,1,other,Grimmsnarl,10
scraped/flg_full/episode-88675041-replay.json,88675041,やる気元気ミワハルキ,flg,1,Grimmsnarl,other,9
scraped/flg_full/episode-88675457-replay.json,88675457,flg,ebisu_ya,0,other,other,13
scraped/flg_full/episode-88675906-replay.json,88675906,Yushin Ito,flg,0,Alakazam,other,41
scraped/flg_full/episode-88681480-replay.json,88681480,flg,A. R. SEKKAT,1,other,Grimmsnarl,7
scraped/flg_full/episode-88681936-replay.json,88681936,Yushin Ito,flg,1,Alakazam,other,11
scraped/flg_full/episode-88681940-replay.json,88681940,flg,"Matheus, Dieter, Eduardo",1,other,other,15
scraped/flg_full/episode-88682404-replay.json,88682404,flg,Thai,0,other,Ogerpon,15
scraped/flg_full/episode-88682859-replay.json,88682859,titako0000,flg,1,Grimmsnarl,other,10
scraped/flg_full/episode-88683314-replay.json,88683314,flg,Majkel1337,0,other,other,13
scraped/flg_full/episode-88683323-replay.json,88683323,Dries @ Tufa Labs,flg,0,Grimmsnarl,other,11
scraped/flg_full/episode-88683789-replay.json,88683789,flg,zk,0,other,M-Starmie,9
scraped/flg_full/episode-88686589-replay.json,88686589,flg,Oshbocker,0,other,M-Kangaskhan,15
scraped/flg_full/episode-88687053-replay.json,88687053,flg,unprosaiclabyrinth,0,other,other,3
scraped/flg_full/episode-88687055-replay.json,88687055,flg,Dominic Peel,1,other,Grimmsnarl,9
scraped/flg_full/episode-88687514-replay.json,88687514,ktr,flg,0,M-Kangaskhan,other,17
scraped/flg_full/episode-88687949-replay.json,88687949,wwwwwwwwwwwwwwwwwwwwwwwwwwwwww,flg,1,Grimmsnarl,other,11
scraped/flg_full/episode-88687967-replay.json,88687967,Majkel1337,flg,1,M-Kangaskhan,other,15
scraped/flg_full/episode-88687975-replay.json,88687975,EricYang03,flg,1,Garchomp,other,9
scraped/flg_full/episode-88688436-replay.json,88688436,kashiwashira,flg,1,other,other,13
scraped/flg_full/episode-88689839-replay.json,88689839,やる気元気ミワハルキ,flg,1,Grimmsnarl,other,11
scraped/flg_full/episode-88690286-replay.json,88690286,flg,amaotone,0,other,other,13
scraped/flg_full/episode-88690755-replay.json,88690755,flg,Rmy,1,other,Grimmsnarl,8
scraped/flg_full/episode-88691235-replay.json,88691235,flg,leche1153,0,other,other,7
scraped/flg_full/episode-88691707-replay.json,88691707,kashiwashira,flg,0,other,other,15
scraped/flg_full/episode-88692175-replay.json,88692175,Majkel1337,flg,0,M-Kangaskhan,other,13
scraped/flg_full/episode-88692182-replay.json,88692182,James Cox & Henry Chao,flg,0,M-Kangaskhan,other,13
scraped/flg_full/episode-88692186-replay.json,88692186,flg,A. R. SEKKAT,0,other,Grimmsnarl,11
scraped/flg_full/episode-88679132-replay.json,88679132,Pokemon Fan,flg,0,Grimmsnarl,other,11
scraped/flg_full/episode-88679597-replay.json,88679597,flg,Pokopia,1,other,Grimmsnarl,11
scraped/flg_full/episode-88679766-replay.json,88679766,Rmy,flg,0,Grimmsnarl,other,9
scraped/flg_full/episode-88680038-replay.json,88680038,flg,"Matheus, Dieter, Eduardo",0,other,Grimmsnarl,11
scraped/flg_full/episode-88680533-replay.json,88680533,Yushin Ito,flg,0,Alakazam,other,65
scraped/flg_full/episode-88680999-replay.json,88680999,flg,Zhenyu Zhang,1,other,Grimmsnarl,7
scraped/flg_full/episode-88681019-replay.json,88681019,想要成为kaggle大师,flg,0,Grimmsnarl,other,19
scraped/flg_full/episode-88681463-replay.json,88681463,flg,Oshbocker,1,other,Dragapult,11
scraped/flg_full/episode-88688895-replay.json,88688895,flg,Shreyas Chaudhary,0,other,Archaludon,11
scraped/flg_full/episode-88688900-replay.json,88688900,flg,Where is my orbit,0,other,M-Kangaskhan,15
scraped/flg_full/episode-88689357-replay.json,88689357,flg,LumenLiquidity,1,other,Dragapult,16
scraped/flg_full/episode-88689359-replay.json,88689359,JZ,flg,0,Grimmsnarl,other,11
scraped/flg_full/episode-88689379-replay.json,88689379,A. R. SEKKAT,flg,0,Grimmsnarl,other,11
scraped/flg_full/episode-88689468-replay.json,88689468,flg,ポケカ前線,0,other,Grimmsnarl,11
scraped/flg_full/episode-88689833-replay.json,88689833,flg,A. R. SEKKAT,0,other,Grimmsnarl,9
scraped/flg_full/episode-88689837-replay.json,88689837,flg,Rmy,0,other,Grimmsnarl,11
scraped/flg_full/episode-88684250-replay.json,88684250,me and the lads,flg,0,Grimmsnarl,other,11
scraped/flg_full/episode-88684708-replay.json,88684708,JZ,flg,0,Grimmsnarl,other,13
scraped/flg_full/episode-88685163-replay.json,88685163,flg,Dominic Peel,0,other,Grimmsnarl,9
scraped/flg_full/episode-88685173-replay.json,88685173,Dominic Peel,flg,1,Grimmsnarl,other,7
scraped/flg_full/episode-88685625-replay.json,88685625,wwwwwwwwwwwwwwwwwwwwwwwwwwwwww,flg,0,Grimmsnarl,other,11
scraped/flg_full/episode-88685635-replay.json,88685635,flg,Azat Akhtyamov,1,other,Grimmsnarl,9
scraped/flg_full/episode-88685637-replay.json,88685637,flg,Majkel1337,1,other,other,13
scraped/flg_full/episode-88686115-replay.json,88686115,flg,tetsu2131,1,other,Grimmsnarl,9
scraped/flg_full/episode-88695489-replay.json,88695489,__Taichicchi__,flg,1,other,other,11
scraped/flg_full/episode-88695539-replay.json,88695539,Pokopia,flg,1,Grimmsnarl,other,9
scraped/flg_full/episode-88695956-replay.json,88695956,213tubo,flg,1,Grimmsnarl,other,9
scraped/flg_full/episode-88695981-replay.json,88695981,Pokemon Siuuuu,flg,1,Grimmsnarl,other,11
scraped/flg_full/episode-88696428-replay.json,88696428,flg,Dries @ Tufa Labs,0,other,Grimmsnarl,15
scraped/flg_full/episode-88696446-replay.json,88696446,flg,想要成为kaggle大师,0,other,Grimmsnarl,9
scraped/flg_full/episode-88696895-replay.json,88696895,flg,gemelom,0,other,M-Kangaskhan,15
scraped/flg_full/episode-88696914-replay.json,88696914,flg,Yushin Ito,0,other,Alakazam,17
scraped/flg_full/episode-88692654-replay.json,88692654,想要成为kaggle大师,flg,0,Grimmsnarl,other,9
scraped/flg_full/episode-88693121-replay.json,88693121,flg,Thai,0,other,Ogerpon,9
scraped/flg_full/episode-88693131-replay.json,88693131,flg,Pokemon Siuuuu,0,other,Grimmsnarl,9
scraped/flg_full/episode-88693589-replay.json,88693589,Dries @ Tufa Labs,flg,1,Grimmsnarl,other,9
scraped/flg_full/episode-88693602-replay.json,88693602,Majkel1337,flg,1,other,other,13
scraped/flg_full/episode-88694081-replay.json,88694081,szlachetny snieg,flg,0,Grimmsnarl,other,16
scraped/flg_full/episode-88694555-replay.json,88694555,flg,RtoABC,1,other,Dragapult,11
scraped/flg_full/episode-88695027-replay.json,88695027,flg,cm391,0,other,Grimmsnarl,11
scraped/flg_full/episode-88697364-replay.json,88697364,Oshbocker,flg,1,M-Kangaskhan,other,13
scraped/flg_full/episode-88697835-replay.json,88697835,flg,想要成为kaggle大师,0,other,Grimmsnarl,13
scraped/flg_full/episode-88698323-replay.json,88698323,flg,insuperabilehart,1,other,Grimmsnarl,9
scraped/flg_full/episode-88698798-replay.json,88698798,e-toppo + kurupical,flg,0,Grimmsnarl,other,13
scraped/flg_full/episode-88698803-replay.json,88698803,wwwwwwwwwwwwwwwwwwwwwwwwwwwwww,flg,1,Grimmsnarl,other,13
scraped/flg_full/episode-88699280-replay.json,88699280,flg,Azat Akhtyamov,0,other,Grimmsnarl,11
scraped/flg_full/episode-88699302-replay.json,88699302,Dominic Peel,flg,0,Grimmsnarl,other,11
scraped/flg_full/episode-88699752-replay.json,88699752,flg,Sophie555,0,other,M-Kangaskhan,11
scraped/flg_full/episode-88699770-replay.json,88699770,flg,Iliamna,1,other,Hydrapple,13
scraped/flg_full/episode-88700220-replay.json,88700220,flg,ヌメルゴンex,0,other,Grimmsnarl,7
scraped/flg_full/episode-88700247-replay.json,88700247,flg,ANDPAD kaggler team,0,other,Grimmsnarl,11
scraped/flg_full/episode-88700703-replay.json,88700703,flg,matsurih,1,other,Alakazam,43
scraped/flg_full/episode-88701174-replay.json,88701174,Rafael,flg,1,Grimmsnarl,other,11
scraped/flg_full/episode-88701201-replay.json,88701201,flg,Zhenyu Zhang,0,other,Grimmsnarl,13
scraped/flg_full/episode-88701647-replay.json,88701647,やる気元気ミワハルキ,flg,1,Grimmsnarl,other,9
scraped/flg_full/episode-88702133-replay.json,88702133,flg,Rmy,1,other,Grimmsnarl,9
scraped/flg_full/episode-88702656-replay.json,88702656,Marshall Maximizer,flg,1,other,other,13
scraped/flg_full/episode-88703174-replay.json,88703174,flg,wani,0,other,other,15
scraped/flg_full/episode-88703655-replay.json,88703655,flg,James Cox & Henry Chao,0,other,M-Kangaskhan,11
scraped/flg_full/episode-88704145-replay.json,88704145,ANDPAD kaggler team,flg,0,Grimmsnarl,other,11
scraped/flg_full/episode-88704630-replay.json,88704630,flg,Iliamna,0,other,Hydrapple,13
scraped/flg_full/episode-88705139-replay.json,88705139,flg,Yushin Ito,0,other,Alakazam,13
scraped/flg_full/episode-88705627-replay.json,88705627,flg,XiaoYan12,0,other,M-Lucario,9
scraped/flg_full/episode-88706120-replay.json,88706120,Majkel1337,flg,1,M-Kangaskhan,other,17
scraped/flg_full/episode-88706123-replay.json,88706123,szlachetny snieg,flg,1,Grimmsnarl,other,9
scraped/flg_full/episode-88706640-replay.json,88706640,wwwwwwwwwwwwwwwwwwwwwwwwwwwwww,flg,0,Grimmsnarl,other,9
scraped/flg_full/episode-88706654-replay.json,88706654,Luca,flg,0,Grimmsnarl,other,21
scraped/flg_full/episode-88707145-replay.json,88707145,flg,Luca,1,other,Grimmsnarl,9
scraped/flg_full/episode-88718274-replay.json,88718274,flg,kashiwashira,0,other,other,13
scraped/flg_full/episode-88719655-replay.json,88719655,想要成为kaggle大师,flg,1,Grimmsnarl,other,9
scraped/flg_full/episode-88727305-replay.json,88727305,"Matheus, Dieter, Eduardo",flg,0,Grimmsnarl,other,11
scraped/flg_full/episode-88733660-replay.json,88733660,Oshbocker,flg,0,Dragapult,other,13
scraped/flg_full/episode-88739399-replay.json,88739399,flg,宝糕手,0,other,Alakazam,15
scraped/flg_full/episode-88739589-replay.json,88739589,Dominic Peel,flg,1,Grimmsnarl,other,11
scraped/flg_full/episode-88745327-replay.json,88745327,flg,☕ Psyduck Needs Coffee,0,other,Grimmsnarl,11
scraped/flg_full/episode-88748393-replay.json,88748393,宝糕手,flg,1,Alakazam,other,21
scraped/flg_full/episode-88753733-replay.json,88753733,Zhenyu Zhang,flg,0,Grimmsnarl,other,7
scraped/flg_full/episode-88759028-replay.json,88759028,James Cox & Henry Chao,flg,0,M-Kangaskhan,other,13
scraped/flg_full/episode-88760605-replay.json,88760605,flg,想要成为kaggle大师,1,other,Grimmsnarl,9
scraped/flg_full/episode-88766478-replay.json,88766478,213tubo,flg,0,Grimmsnarl,other,11
scraped/flg_full/episode-88795866-replay.json,88795866,flg,wwwwwwwwwwwwwwwwwwwwwwwwwwwwww,0,other,Grimmsnarl,9
scraped/flg_full/episode-88799058-replay.json,88799058,flg,Majkel1337,1,other,M-Kangaskhan,13
scraped/flg_full/episode-88804343-replay.json,88804343,Marshall Maximizer,flg,1,other,other,11
scraped/flg_full/episode-88809603-replay.json,88809603,flg,Zhenyu Zhang,0,other,Grimmsnarl,13
scraped/flg_full/episode-88810074-replay.json,88810074,flg,James Cox & Henry Chao,0,other,M-Kangaskhan,13
scraped/flg_full/episode-88811190-replay.json,88811190,Yushin Ito,flg,0,Alakazam,other,73
scraped/flg_full/episode-88820258-replay.json,88820258,Majkel1337,flg,0,Ogerpon,other,17
scraped/flg_full/episode-88831874-replay.json,88831874,Jack,flg,0,Grimmsnarl,other,13
scraped/flg_full/episode-88774331-replay.json,88774331,flg,Dominic Peel,0,other,Grimmsnarl,11
scraped/flg_full/episode-88774779-replay.json,88774779,flg,THIRD PTCG Club,0,other,Dragapult,11
scraped/flg_full/episode-88778455-replay.json,88778455,__Taichicchi__,flg,0,Grimmsnarl,other,9
scraped/flg_full/episode-88783272-replay.json,88783272,Raja Biswas,flg,0,Grimmsnarl,other,11
scraped/flg_full/episode-88790139-replay.json,88790139,e-toppo + kurupical,flg,0,Grimmsnarl,other,13
scraped/flg_full/episode-88790410-replay.json,88790410,대답해드리는게인지상정,flg,0,Grimmsnarl,other,11
scraped/flg_full/episode-88791038-replay.json,88791038,flg,李秉叡（ntumlnoob）,0,other,Grimmsnarl,11
scraped/flg_full/episode-88794882-replay.json,88794882,typeIIIfairy,flg,0,Grimmsnarl,other,11
scraped/flg_full/episode-88836897-replay.json,88836897,Emile Andrieu,flg,1,Grimmsnarl,other,10
scraped/flg_full/episode-88842801-replay.json,88842801,Dries @ Tufa Labs,flg,0,Grimmsnarl,other,11
scraped/flg_full/episode-88847891-replay.json,88847891,flg,やる気元気ミワハルキ,0,other,Grimmsnarl,11
scraped/flg_full/episode-88848872-replay.json,88848872,Dries @ Tufa Labs,flg,1,Grimmsnarl,other,11
scraped/flg_full/episode-88851474-replay.json,88851474,flg,e-toppo + kurupical,0,other,Grimmsnarl,13
scraped/flg_full/episode-88853957-replay.json,88853957,Raja Biswas,flg,0,Grimmsnarl,other,11
scraped/flg_full/episode-88854622-replay.json,88854622,James Cox & Henry Chao,flg,0,M-Kangaskhan,other,13
scraped/flg_full/episode-88855611-replay.json,88855611,flg,Dries @ Tufa Labs,0,other,Grimmsnarl,9
scraped/flg_full/episode-88856715-replay.json,88856715,Oleksandr_Savsunenko,flg,0,M-Kangaskhan,other,17
scraped/flg_full/episode-88857275-replay.json,88857275,flg,Jack,1,other,Grimmsnarl,9
scraped/flg_full/episode-88857810-replay.json,88857810,flg,wwwwwwwwwwwwwwwwwwwwwwwwwwwwww,0,other,Grimmsnarl,13
scraped/flg_full/episode-88858247-replay.json,88858247,Dev,flg,1,other,other,11
scraped/flg_full/episode-88858742-replay.json,88858742,typeIIIfairy,flg,0,Grimmsnarl,other,9
scraped/flg_full/episode-88859254-replay.json,88859254,palsystem,flg,1,Grimmsnarl,other,11
scraped/flg_full/episode-88859744-replay.json,88859744,RtoABC,flg,1,Dudunsparce,other,13
scraped/flg_full/episode-88859788-replay.json,88859788,LiamK,flg,0,Grimmsnarl,other,9
scraped/flg_full/episode-88860250-replay.json,88860250,Pokemon Fan,flg,0,Grimmsnarl,other,11
scraped/flg_full/episode-88860753-replay.json,88860753,Majkel1337,flg,1,M-Kangaskhan,other,15
scraped/flg_full/episode-88860777-replay.json,88860777,flg,Pokopia,0,other,Grimmsnarl,11
scraped/flg_full/episode-88861282-replay.json,88861282,flg,李秉叡（ntumlnoob）,1,other,Grimmsnarl,7
scraped/flg_full/episode-88861785-replay.json,88861785,Majkel1337,flg,1,M-Kangaskhan,other,15
scraped/flg_full/episode-88861805-replay.json,88861805,カントー地方マスター(KantoRegionMaster),flg,1,Grimmsnarl,other,11
scraped/flg_full/episode-88861812-replay.json,88861812,flg,カントー地方マスター(KantoRegionMaster),1,other,Grimmsnarl,13
scraped/flg_full/episode-88862313-replay.json,88862313,ktr,flg,0,Grimmsnarl,other,11
scraped/flg_full/episode-88862830-replay.json,88862830,Agent 33,flg,1,Alakazam,other,25
scraped/flg_full/episode-88862834-replay.json,88862834,flg,李秉叡（ntumlnoob）,1,other,Grimmsnarl,9
scraped/flg_full/episode-88863351-replay.json,88863351,flg,junlee789,0,other,Garchomp,9
scraped/flg_full/episode-88863360-replay.json,88863360,Dries @ Tufa Labs,flg,0,Grimmsnarl,other,8
scraped/flg_full/episode-88863872-replay.json,88863872,yuyutech(Genuine),flg,1,Dragapult,other,10
scraped/flg_full/episode-88864388-replay.json,88864388,flg,Oleksandr_Savsunenko,1,other,M-Kangaskhan,13
scraped/flg_full/episode-88864924-replay.json,88864924,ktr,flg,1,M-Kangaskhan,other,11
scraped/flg_full/episode-88865433-replay.json,88865433,flg,宝糕手,0,other,Alakazam,11
scraped/flg_full/episode-88868570-replay.json,88868570,haggle,flg,0,Grimmsnarl,other,15
scraped/flg_full/episode-88869073-replay.json,88869073,flg,JZ,0,other,Grimmsnarl,11
scraped/flg_full/episode-88869571-replay.json,88869571,e-toppo + kurupical,flg,0,Grimmsnarl,other,11
scraped/flg_full/episode-88869583-replay.json,88869583,junlee789,flg,0,Garchomp,other,17
scraped/flg_full/episode-88870082-replay.json,88870082,flg,MtN,0,other,Grimmsnarl,11
scraped/flg_full/episode-88870094-replay.json,88870094,Yushin Ito,flg,1,Alakazam,other,17
scraped/flg_full/episode-88870102-replay.json,88870102,flg,SQUIRTLE (prime),0,other,Grimmsnarl,9
scraped/flg_full/episode-88870606-replay.json,88870606,flg,カントー地方マスター(KantoRegionMaster),0,other,Grimmsnarl,9
scraped/flg_full/episode-88865435-replay.json,88865435,flg,Rmy,0,other,Grimmsnarl,11
scraped/flg_full/episode-88865963-replay.json,88865963,flg,Tony Li,0,other,Grimmsnarl,13
scraped/flg_full/episode-88865977-replay.json,88865977,flg,szlachetny snieg,0,other,Grimmsnarl,9
scraped/flg_full/episode-88866482-replay.json,88866482,Budew,flg,0,Garchomp,other,17
scraped/flg_full/episode-88866722-replay.json,88866722,flg,cununn,0,other,Alakazam,19
scraped/flg_full/episode-88867013-replay.json,88867013,flg,Luca,1,other,Grimmsnarl,9
scraped/flg_full/episode-88867546-replay.json,88867546,wangyuou,flg,1,Alakazam,other,31
scraped/flg_full/episode-88868058-replay.json,88868058,ヌメルゴンex,flg,0,Grimmsnarl,other,11
scraped/flg_full/episode-88871120-replay.json,88871120,typeIIIfairy,flg,0,Grimmsnarl,other,9
scraped/flg_full/episode-88871638-replay.json,88871638,flg,LiamK,0,other,Grimmsnarl,9
scraped/flg_full/episode-88872152-replay.json,88872152,Pokér-man,flg,1,Grimmsnarl,other,13
scraped/flg_full/episode-88872156-replay.json,88872156,flg,James Cox & Henry Chao,1,other,Ogerpon,1
scraped/flg_full/episode-88872159-replay.json,88872159,MtN,flg,0,Grimmsnarl,other,9
scraped/flg_full/episode-88872666-replay.json,88872666,대답해드리는게인지상정,flg,0,Grimmsnarl,other,9
scraped/flg_full/episode-88873178-replay.json,88873178,flg,Yushin Ito,0,other,Alakazam,15
scraped/flg_full/episode-88873180-replay.json,88873180,flg,"Matheus, Dieter, Eduardo",0,other,Grimmsnarl,11
scraped/flg_full/episode-88873696-replay.json,88873696,flg,213tubo,1,other,Grimmsnarl,9
scraped/flg_full/episode-88873812-replay.json,88873812,Jack,flg,1,Alakazam,other,17
scraped/flg_full/episode-88874212-replay.json,88874212,Bill Xu,flg,1,M-Kangaskhan,other,14
scraped/flg_full/episode-88874728-replay.json,88874728,flg,LiamK,0,other,Grimmsnarl,9
scraped/flg_full/episode-88874733-replay.json,88874733,flg,btk15049,0,other,Grimmsnarl,11
scraped/flg_full/episode-88875251-replay.json,88875251,flg,POKEDEMIA_ISSEI,0,other,Dragapult,11
scraped/flg_full/episode-88875371-replay.json,88875371,flg,NguyenThanhNhan,1,other,Grimmsnarl,9
scraped/flg_full/episode-88875775-replay.json,88875775,flg,Dries @ Tufa Labs,0,other,Grimmsnarl,11
scraped/flg_full/episode-88876288-replay.json,88876288,flg,[Deleted] a61d24f8-61c6-4d78-8adc-5e0e8a502481,0,other,Dudunsparce,17
scraped/flg_full/episode-88876802-replay.json,88876802,flg,LiamK,0,other,Grimmsnarl,11
scraped/flg_full/episode-88876803-replay.json,88876803,flg,Raihan Ramadistra,0,other,Grimmsnarl,11
scraped/flg_full/episode-88877328-replay.json,88877328,flg,James Cox & Henry Chao,0,other,M-Kangaskhan,11
scraped/flg_full/episode-88877373-replay.json,88877373,flg,やる気元気ミワハルキ,0,other,Grimmsnarl,11
scraped/flg_full/episode-88877844-replay.json,88877844,flg,kashiwashira,0,other,other,13
scraped/flg_full/episode-88878318-replay.json,88878318,flg,cununn,0,other,Alakazam,13
scraped/flg_full/episode-88878773-replay.json,88878773,Majkel1337,flg,0,other,other,13
scraped/flg_full/episode-88879227-replay.json,88879227,James Cox & Henry Chao,flg,0,M-Kangaskhan,other,11
scraped/flg_full/episode-88879674-replay.json,88879674,flg,"Matheus, Dieter, Eduardo",0,other,other,15
scraped/flg_full/episode-88879863-replay.json,88879863,gecogeco,flg,1,Crustle,other,9
scraped/flg_full/episode-88880118-replay.json,88880118,JZ,flg,0,Grimmsnarl,other,9
scraped/flg_full/episode-88880570-replay.json,88880570,flg,Yushin Ito,1,other,Alakazam,29
scraped/flg_full/episode-88881061-replay.json,88881061,flg,lolzpo + emonga,1,other,M-Lopunny,15
scraped/flg_full/episode-88881081-replay.json,88881081,THIRD PTCG Club,flg,1,other,other,11
scraped/flg_full/episode-88881521-replay.json,88881521,miya,flg,1,Alakazam,other,15
scraped/flg_full/episode-88885607-replay.json,88885607,flg,James Cox & Henry Chao,1,other,M-Kangaskhan,11
scraped/flg_full/episode-88885619-replay.json,88885619,Dries @ Tufa Labs,flg,0,Grimmsnarl,other,9
scraped/flg_full/episode-88886084-replay.json,88886084,Dries @ Tufa Labs,flg,0,Grimmsnarl,other,9
scraped/flg_full/episode-88886519-replay.json,88886519,James Cox & Henry Chao,flg,0,M-Kangaskhan,other,13
scraped/flg_full/episode-88886533-replay.json,88886533,insuperabilehart,flg,0,Grimmsnarl,other,9
scraped/flg_full/episode-88886539-replay.json,88886539,Octavi Grau,flg,0,Garchomp,other,13
scraped/flg_full/episode-88886543-replay.json,88886543,flg,Pokemon Siuuuu,0,other,Grimmsnarl,13
scraped/flg_full/episode-88887013-replay.json,88887013,flg,Majkel1337,0,other,other,13
scraped/flg_full/episode-88881982-replay.json,88881982,flg,less,1,other,Grimmsnarl,8
scraped/flg_full/episode-88882066-replay.json,88882066,flg,insuperabilehart,0,other,Alakazam,19
scraped/flg_full/episode-88882445-replay.json,88882445,Majkel1337,flg,0,M-Kangaskhan,other,19
scraped/flg_full/episode-88882449-replay.json,88882449,flg,Käfersammler Max,0,other,Grimmsnarl,11
scraped/flg_full/episode-88882461-replay.json,88882461,flg,A. R. SEKKAT,0,other,Grimmsnarl,9
scraped/flg_full/episode-88882896-replay.json,88882896,flg,やる気元気ミワハルキ,1,other,Grimmsnarl,11
scraped/flg_full/episode-88883348-replay.json,88883348,flg,ANDPAD kaggler team,1,other,Grimmsnarl,7
scraped/flg_full/episode-88883758-replay.json,88883758,flg,Dominic Peel,0,other,Grimmsnarl,9
scraped/flg_full/episode-88883803-replay.json,88883803,Majkel1337,flg,0,other,other,13
scraped/flg_full/episode-88883814-replay.json,88883814,flg,THIRD PTCG Club,0,other,other,13
scraped/flg_full/episode-88883868-replay.json,88883868,flg,Vadim Vasilenko,0,other,Hydrapple,13
scraped/flg_full/episode-88884261-replay.json,88884261,flg,JZ,1,other,Grimmsnarl,10
scraped/flg_full/episode-88884268-replay.json,88884268,flg,Raja Biswas,1,other,Grimmsnarl,8
scraped/flg_full/episode-88884715-replay.json,88884715,flg,대답해드리는게인지상정,0,other,Grimmsnarl,11
scraped/flg_full/episode-88884725-replay.json,88884725,flg,"Matheus, Dieter, Eduardo",1,other,other,11
scraped/flg_full/episode-88885165-replay.json,88885165,insuperabilehart,flg,1,Alakazam,other,19
scraped/flg_full/episode-88887464-replay.json,88887464,flg,MC1127,0,other,M-Lucario,11
scraped/flg_full/episode-88887938-replay.json,88887938,Dries @ Tufa Labs,flg,1,Grimmsnarl,other,11
scraped/flg_full/episode-88888444-replay.json,88888444,宝糕手,flg,1,Alakazam,other,21
scraped/flg_full/episode-88888927-replay.json,88888927,flg,Vadim Vasilenko,0,other,Hydrapple,45
scraped/flg_full/episode-88889294-replay.json,88889294,kashiwashira,flg,1,other,other,11
scraped/flg_full/episode-88889758-replay.json,88889758,LiamK,flg,1,Grimmsnarl,other,13
scraped/flg_full/episode-88889780-replay.json,88889780,James Cox & Henry Chao,flg,0,M-Kangaskhan,other,11
scraped/flg_full/episode-88889950-replay.json,88889950,flg,LiamK,1,other,Grimmsnarl,9
scraped/flg_full/episode-88890232-replay.json,88890232,flg,Zhenyu Zhang,1,other,Grimmsnarl,11
scraped/flg_full/episode-88890326-replay.json,88890326,flg,やる気元気ミワハルキ,1,other,Grimmsnarl,7
scraped/flg_full/episode-88890772-replay.json,88890772,flg,SPARSH PATEL,0,other,M-Lucario,15
scraped/flg_full/episode-88891211-replay.json,88891211,szlachetny snieg,flg,1,Grimmsnarl,other,13
scraped/flg_full/episode-88891547-replay.json,88891547,flg,{{ team_name }} 🏆,0,other,other,13
scraped/flg_full/episode-88891805-replay.json,88891805,Majkel1337,flg,0,other,other,11
scraped/flg_full/episode-88892174-replay.json,88892174,flg,やる気元気ミワハルキ,0,other,Grimmsnarl,9
scraped/flg_full/episode-88892632-replay.json,88892632,flg,☕ Psyduck Needs Coffee,0,other,Grimmsnarl,13
scraped/flg_full/episode-88895385-replay.json,88895385,Zhenyu Zhang,flg,1,Grimmsnarl,other,15
scraped/flg_full/episode-88895399-replay.json,88895399,Dries @ Tufa Labs,flg,0,Grimmsnarl,M-Kangaskhan,19
scraped/flg_full/episode-88895810-replay.json,88895810,Azat Akhtyamov,flg,1,Grimmsnarl,other,9
scraped/flg_full/episode-88895831-replay.json,88895831,flg,THIRD PTCG Club,0,Ogerpon,other,33
scraped/flg_full/episode-88895848-replay.json,88895848,LiamK,flg,1,Grimmsnarl,other,11
scraped/flg_full/episode-88896251-replay.json,88896251,Majkel1337,flg,1,M-Kangaskhan,M-Kangaskhan,33
scraped/flg_full/episode-88896314-replay.json,88896314,Majkel1337,flg,1,Ogerpon,other,7
scraped/flg_full/episode-88896337-replay.json,88896337,MtN,flg,0,Grimmsnarl,M-Kangaskhan,15
scraped/flg_full/episode-88894034-replay.json,88894034,wwwwwwwwwwwwwwwwwwwwwwwwwwwwww,flg,1,Grimmsnarl,other,11
scraped/flg_full/episode-88894462-replay.json,88894462,flg,Dries @ Tufa Labs,1,other,Grimmsnarl,9
scraped/flg_full/episode-88894524-replay.json,88894524,flg,Dries @ Tufa Labs,1,M-Kangaskhan,Grimmsnarl,21
scraped/flg_full/episode-88894890-replay.json,88894890,flg,Dries @ Tufa Labs,0,other,Grimmsnarl,11
scraped/flg_full/episode-88894893-replay.json,88894893,James Cox & Henry Chao,flg,0,M-Kangaskhan,Ogerpon,7
scraped/flg_full/episode-88894898-replay.json,88894898,flg,James Cox & Henry Chao,0,M-Kangaskhan,M-Kangaskhan,29
scraped/flg_full/episode-88894910-replay.json,88894910,flg,haggle,0,other,Grimmsnarl,9
scraped/flg_full/episode-88895151-replay.json,88895151,flg,서주영,1,other,Grimmsnarl,7
scraped/flg_full/episode-88893048-replay.json,88893048,insuperabilehart,flg,1,Grimmsnarl,Crustle,41
scraped/flg_full/episode-88893118-replay.json,88893118,Raihan Ramadistra,flg,0,Grimmsnarl,other,13
scraped/flg_full/episode-88893172-replay.json,88893172,flg,wwwwwwwwwwwwwwwwwwwwwwwwwwwwww,0,other,Grimmsnarl,11
scraped/flg_full/episode-88893508-replay.json,88893508,flg,LiamK,1,M-Kangaskhan,Grimmsnarl,13
scraped/flg_full/episode-88893526-replay.json,88893526,flg,Raja Biswas,0,other,Grimmsnarl,9
scraped/flg_full/episode-88893888-replay.json,88893888,flg,MtN,0,Ogerpon,Grimmsnarl,33
scraped/flg_full/episode-88893976-replay.json,88893976,Rmy,flg,1,Grimmsnarl,M-Kangaskhan,43
scraped/flg_full/episode-88894024-replay.json,88894024,Pokemon Fan,flg,0,Grimmsnarl,other,11
scraped/flg_full/episode-88896664-replay.json,88896664,NguyenThanhNhan,flg,0,Grimmsnarl,other,11
scraped/flg_full/episode-88896734-replay.json,88896734,Raja Biswas,flg,1,Grimmsnarl,Crustle,19
scraped/flg_full/episode-88896738-replay.json,88896738,flg,Majkel1337,0,M-Kangaskhan,M-Kangaskhan,45
scraped/flg_full/episode-88896749-replay.json,88896749,LiamK,flg,0,Grimmsnarl,Crustle,15
scraped/flg_full/episode-88897183-replay.json,88897183,flg,Majkel1337,0,M-Kangaskhan,M-Kangaskhan,33
scraped/flg_full/episode-88897185-replay.json,88897185,flg,James Cox & Henry Chao,1,M-Kangaskhan,M-Kangaskhan,9
scraped/flg_full/episode-88897209-replay.json,88897209,flg,NguyenThanhNhan,0,other,Grimmsnarl,11
scraped/flg_full/episode-88897633-replay.json,88897633,Dries @ Tufa Labs,flg,0,Grimmsnarl,M-Kangaskhan,23
scraped/flg_full/episode-88897640-replay.json,88897640,LiamK,flg,0,Grimmsnarl,M-Kangaskhan,15
scraped/flg_full/episode-88897661-replay.json,88897661,Lunariz,flg,1,M-Kangaskhan,other,13
scraped/flg_full/episode-88898131-replay.json,88898131,Pokemon Fan,flg,0,Grimmsnarl,Crustle,15
scraped/flg_full/episode-88898161-replay.json,88898161,flg,Rmy,1,other,Grimmsnarl,7
scraped/flg_full/episode-88898519-replay.json,88898519,Luca,flg,0,Grimmsnarl,M-Kangaskhan,16
scraped/flg_full/episode-88898981-replay.json,88898981,flg,やる気元気ミワハルキ,1,M-Kangaskhan,Grimmsnarl,19
scraped/flg_full/episode-88899525-replay.json,88899525,flg,James Cox & Henry Chao,1,M-Kangaskhan,M-Kangaskhan,14
scraped/flg_full/episode-88902473-replay.json,88902473,flg,Dominic Peel,1,Ogerpon,Grimmsnarl,13
scraped/flg_full/episode-88904929-replay.json,88904929,flg,insuperabilehart,1,other,Grimmsnarl,10
scraped/flg_full/episode-88905219-replay.json,88905219,flg,Dominic Peel,0,M-Kangaskhan,Grimmsnarl,21
scraped/flg_full/episode-88905349-replay.json,88905349,flg,JZ,0,other,Grimmsnarl,11
scraped/flg_full/episode-88908124-replay.json,88908124,Dries @ Tufa Labs,flg,0,Grimmsnarl,M-Kangaskhan,15
scraped/flg_full/episode-88908360-replay.json,88908360,Dominic Peel,flg,0,Grimmsnarl,other,11
scraped/flg_full/episode-88908626-replay.json,88908626,やる気元気ミワハルキ,flg,1,Grimmsnarl,other,7
scraped/flg_full/episode-88912056-replay.json,88912056,flg,カントー地方マスター(KantoRegionMaster),0,Crustle,Grimmsnarl,19
scraped/flg_full/episode-88912518-replay.json,88912518,flg,カントー地方マスター(KantoRegionMaster),0,Crustle,Grimmsnarl,33
scraped/flg_full/episode-88943532-replay.json,88943532,James Cox & Henry Chao,flg,1,M-Kangaskhan,other,11
scraped/flg_full/episode-88944556-replay.json,88944556,flg,James Cox & Henry Chao,1,Crustle,M-Kangaskhan,1
scraped/flg_full/episode-88944589-replay.json,88944589,PLReddy23,flg,1,other,Crustle,19
scraped/flg_full/episode-88947205-replay.json,88947205,James Cox & Henry Chao,flg,1,M-Kangaskhan,other,15
scraped/flg_full/episode-88950032-replay.json,88950032,tyt mogla быть vasha reklama,flg,0,Grimmsnarl,M-Kangaskhan,13
scraped/flg_full/episode-88951879-replay.json,88951879,Majkel1337,flg,1,other,other,9
scraped/flg_full/episode-88955868-replay.json,88955868,MtN,flg,0,Grimmsnarl,Crustle,11
scraped/flg_full/episode-88955903-replay.json,88955903,flg,Zhenyu Zhang,1,other,Grimmsnarl,8
scraped/flg_full/episode-88956846-replay.json,88956846,JZ,flg,1,other,other,3
scraped/flg_full/episode-88957510-replay.json,88957510,flg,"Matheus, Dieter, Eduardo",0,Ogerpon,Hydrapple,19
scraped/flg_full/episode-88960320-replay.json,88960320,lolzpo + emonga,flg,1,M-Lopunny,other,11
scraped/flg_full/episode-88960324-replay.json,88960324,flg,LiamK,1,other,Grimmsnarl,9
scraped/flg_full/episode-88962159-replay.json,88962159,wwwwwwwwwwwwwwwwwwwwwwwwwwwwww,flg,1,Grimmsnarl,other,9
scraped/flg_full/episode-88963201-replay.json,88963201,flg,Majkel1337,0,M-Kangaskhan,other,23
scraped/flg_full/episode-88963811-replay.json,88963811,insuperabilehart,flg,1,Grimmsnarl,other,9
scraped/flg_full/episode-88963975-replay.json,88963975,haggle,flg,0,Grimmsnarl,Crustle,17
scraped/flg_full/episode-88934401-replay.json,88934401,flg,齐乐,1,M-Kangaskhan,Alakazam,5
scraped/flg_full/episode-88936298-replay.json,88936298,Yushin Ito,flg,1,Alakazam,other,23
scraped/flg_full/episode-88938623-replay.json,88938623,Pokopia,flg,1,Grimmsnarl,Ogerpon,17
scraped/flg_full/episode-88939086-replay.json,88939086,flg,李秉叡（ntumlnoob）,1,other,Grimmsnarl,13
scraped/flg_full/episode-88939464-replay.json,88939464,flg,Luca,1,other,Grimmsnarl,11
scraped/flg_full/episode-88939492-replay.json,88939492,Dries @ Tufa Labs,flg,1,Grimmsnarl,other,13
scraped/flg_full/episode-88940409-replay.json,88940409,flg,Luca,0,M-Kangaskhan,Grimmsnarl,21
scraped/flg_full/episode-88941809-replay.json,88941809,Luca,flg,1,Grimmsnarl,other,11
scraped/flg_full/episode-88912720-replay.json,88912720,Dries @ Tufa Labs,flg,0,Grimmsnarl,Ogerpon,15
scraped/flg_full/episode-88915917-replay.json,88915917,flg,wwwwwwwwwwwwwwwwwwwwwwwwwwwwww,1,other,Grimmsnarl,9
scraped/flg_full/episode-88916368-replay.json,88916368,flg,Dominic Peel,1,other,Grimmsnarl,9
scraped/flg_full/episode-88916666-replay.json,88916666,flg,Dominic Peel,0,Crustle,Grimmsnarl,25
scraped/flg_full/episode-88918176-replay.json,88918176,LiamK,flg,0,Grimmsnarl,M-Kangaskhan,21
scraped/flg_full/episode-88921476-replay.json,88921476,zhangshuosc,flg,0,Grimmsnarl,M-Kangaskhan,15
scraped/flg_full/episode-88921752-replay.json,88921752,flg,LiamK,1,Ogerpon,Grimmsnarl,15
scraped/flg_full/episode-88923010-replay.json,88923010,flg,James Cox & Henry Chao,0,other,M-Kangaskhan,11
scraped/flg_full/episode-88924109-replay.json,88924109,Dominic Peel,flg,1,Grimmsnarl,M-Kangaskhan,48
scraped/flg_full/episode-88926332-replay.json,88926332,flg,Dries @ Tufa Labs,0,other,Grimmsnarl,11
scraped/flg_full/episode-88929044-replay.json,88929044,flg,Majkel1337,1,M-Kangaskhan,other,17
scraped/flg_full/episode-88930732-replay.json,88930732,Luca,flg,0,Grimmsnarl,Crustle,7
scraped/flg_full/episode-88931267-replay.json,88931267,Yushin Ito,flg,1,Alakazam,other,25
scraped/flg_full/episode-88932663-replay.json,88932663,LiamK,flg,0,Grimmsnarl,other,11
scraped/flg_full/episode-88932685-replay.json,88932685,Dries @ Tufa Labs,flg,1,Grimmsnarl,other,11
scraped/flg_full/episode-88933421-replay.json,88933421,Luca,flg,1,Grimmsnarl,other,9
scraped/flg_full/episode-88964465-replay.json,88964465,flg,insuperabilehart,0,M-Kangaskhan,Grimmsnarl,21
scraped/flg_full/episode-88965042-replay.json,88965042,flg,Pokemon Siuuuu,0,other,Grimmsnarl,13
scraped/flg_full/episode-88965406-replay.json,88965406,flg,nsytsqdtn,0,other,Grimmsnarl,13
scraped/flg_full/episode-88965853-replay.json,88965853,flg,A. R. SEKKAT,0,other,Grimmsnarl,9
scraped/flg_full/episode-88966352-replay.json,88966352,James Cox & Henry Chao,flg,0,M-Kangaskhan,M-Kangaskhan,17
scraped/flg_full/episode-88966378-replay.json,88966378,flg,"Matheus, Dieter, Eduardo",1,other,Hydrapple,11
scraped/flg_full/episode-88966757-replay.json,88966757,カントー地方マスター(KantoRegionMaster),flg,0,Grimmsnarl,other,11
scraped/flg_full/episode-88967072-replay.json,88967072,flg,Where is my orbit,0,other,M-Kangaskhan,11
scraped/flg_full/episode-88967588-replay.json,88967588,Lunariz,flg,0,Alakazam,M-Kangaskhan,11
scraped/flg_full/episode-88967649-replay.json,88967649,flg,Galza98,0,other,M-Lucario,9
scraped/flg_full/episode-88968145-replay.json,88968145,flg,JZ,0,other,Grimmsnarl,13
scraped/flg_full/episode-88968545-replay.json,88968545,Majkel1337,flg,0,M-Kangaskhan,other,15
scraped/flg_full/episode-88968982-replay.json,88968982,flg,Kota Munaoka,0,other,other,9
scraped/flg_full/episode-88969397-replay.json,88969397,flg,LiamK,0,other,Grimmsnarl,13
scraped/flg_full/episode-88969974-replay.json,88969974,flg,Pokemon Siuuuu,0,other,Grimmsnarl,11
scraped/flg_full/episode-88970022-replay.json,88970022,haggle,flg,0,Grimmsnarl,other,11
scraped/flg_full/episode-88988097-replay.json,88988097,flg,MissingNo.,0,Ogerpon,other,21
scraped/flg_full/episode-88993330-replay.json,88993330,flg,Luca,0,other,Grimmsnarl,9
scraped/flg_full/episode-88994553-replay.json,88994553,MissingNo.,flg,0,other,other,15
scraped/flg_full/episode-88996831-replay.json,88996831,MissingNo.,flg,1,other,other,9
scraped/flg_full/episode-88997739-replay.json,88997739,YuPengCao,flg,0,Grimmsnarl,other,15
scraped/flg_full/episode-88998912-replay.json,88998912,flg,黒田彩人,0,Crustle,Grimmsnarl,15
scraped/flg_full/episode-89007356-replay.json,89007356,Dominic Peel,flg,0,Grimmsnarl,other,11
scraped/flg_full/episode-89007482-replay.json,89007482,flg,MissingNo.,0,Crustle,M-Kangaskhan,21
scraped/flg_full/episode-88970445-replay.json,88970445,李秉叡（ntumlnoob）,flg,1,Grimmsnarl,other,9
scraped/flg_full/episode-88970867-replay.json,88970867,flg,カントー地方マスター(KantoRegionMaster),0,other,Grimmsnarl,11
scraped/flg_full/episode-88971285-replay.json,88971285,AdrianWang2003,flg,1,Alakazam,other,19
scraped/flg_full/episode-88971764-replay.json,88971764,flg,miya,1,M-Kangaskhan,Alakazam,13
scraped/flg_full/episode-88971893-replay.json,88971893,Dries @ Tufa Labs,flg,0,Grimmsnarl,other,11
scraped/flg_full/episode-88971910-replay.json,88971910,MissingNo.,flg,0,Hydrapple,other,33
scraped/flg_full/episode-88972109-replay.json,88972109,haggle,flg,1,Grimmsnarl,Crustle,15
scraped/flg_full/episode-88972155-replay.json,88972155,flg,Majkel1337,1,other,M-Kangaskhan,19
scraped/flg_full/episode-89008191-replay.json,89008191,JZ,flg,1,Grimmsnarl,Crustle,17
scraped/flg_full/episode-89012204-replay.json,89012204,flg,Tony Li,0,other,Grimmsnarl,9
scraped/flg_full/episode-89014244-replay.json,89014244,flg,Raja Biswas,0,Crustle,Grimmsnarl,27
scraped/flg_full/episode-89017638-replay.json,89017638,NguyenThanhNhan,flg,0,Grimmsnarl,other,11
scraped/flg_full/episode-89019518-replay.json,89019518,Tony Li,flg,1,Grimmsnarl,M-Kangaskhan,19
scraped/flg_full/episode-89020907-replay.json,89020907,Majkel1337,flg,0,M-Kangaskhan,other,17
scraped/flg_full/episode-89021555-replay.json,89021555,flg,Raja Biswas,1,other,Grimmsnarl,7
scraped/flg_full/episode-89022237-replay.json,89022237,James Cox & Henry Chao,flg,1,M-Kangaskhan,M-Kangaskhan,23
scraped/flg_full/episode-88972662-replay.json,88972662,flg,JZ,1,other,Grimmsnarl,9
scraped/flg_full/episode-88972695-replay.json,88972695,haggle,flg,0,Grimmsnarl,M-Kangaskhan,19
scraped/flg_full/episode-88973221-replay.json,88973221,Majkel1337,flg,0,other,other,11
scraped/flg_full/episode-88974620-replay.json,88974620,szlachetny snieg,flg,0,Grimmsnarl,other,11
scraped/flg_full/episode-88976295-replay.json,88976295,Octavi Grau,flg,0,Garchomp,M-Kangaskhan,19
scraped/flg_full/episode-88978185-replay.json,88978185,Raja Biswas,flg,1,Grimmsnarl,other,11
scraped/flg_full/episode-88983711-replay.json,88983711,paistieco,flg,1,other,Ogerpon,29
scraped/flg_full/episode-88983715-replay.json,88983715,flg,李秉叡（ntumlnoob）,0,other,Grimmsnarl,13
scraped/flg_full/episode-89023194-replay.json,89023194,flg,yellowleaf,0,Ogerpon,M-Lucario,29
scraped/flg_full/episode-89023318-replay.json,89023318,flg,カントー地方マスター(KantoRegionMaster),1,Crustle,Grimmsnarl,11
scraped/flg_full/episode-89023545-replay.json,89023545,flg,Majkel1337,1,other,Ogerpon,25
scraped/flg_full/episode-89023581-replay.json,89023581,flg,李秉叡（ntumlnoob）,1,M-Kangaskhan,Alakazam,7
scraped/flg_full/episode-89023646-replay.json,89023646,JZ,flg,0,Grimmsnarl,other,19
scraped/flg_full/episode-89023832-replay.json,89023832,Raja Biswas,flg,0,Grimmsnarl,M-Kangaskhan,15
scraped/flg_full/episode-89024936-replay.json,89024936,flg,junlee789,0,Ogerpon,Garchomp,29
scraped/flg_full/episode-89024971-replay.json,89024971,SQUIRTLE (prime),flg,0,Grimmsnarl,other,11
scraped/flg_full/episode-89025334-replay.json,89025334,やる気元気ミワハルキ,flg,0,Grimmsnarl,other,11
scraped/flg_full/episode-89025335-replay.json,89025335,flg,やる気元気ミワハルキ,1,Crustle,Grimmsnarl,13
scraped/flg_full/episode-89025344-replay.json,89025344,James Cox & Henry Chao,flg,1,M-Kangaskhan,Ogerpon,19
scraped/flg_full/episode-89025776-replay.json,89025776,flg,Asa-sotta ,0,M-Kangaskhan,M-Lucario,19
scraped/flg_full/episode-89026187-replay.json,89026187,Luca,flg,0,Grimmsnarl,other,12
scraped/flg_full/episode-89026264-replay.json,89026264,Rmy,flg,1,Grimmsnarl,M-Kangaskhan,31
scraped/flg_full/episode-89026339-replay.json,89026339,flg,LiamK,0,other,Grimmsnarl,13
scraped/flg_full/episode-89026638-replay.json,89026638,LiamK,flg,0,Grimmsnarl,other,11
scraped/flg_full/episode-89029374-replay.json,89029374,やる気元気ミワハルキ,flg,0,Grimmsnarl,other,9
scraped/flg_full/episode-89029377-replay.json,89029377,Pushu?,flg,0,Grimmsnarl,M-Kangaskhan,15
scraped/flg_full/episode-89029454-replay.json,89029454,flg,Lior Toledano,0,other,Grimmsnarl,9
scraped/flg_full/episode-89029845-replay.json,89029845,JZ,flg,1,Grimmsnarl,Crustle,19
scraped/flg_full/episode-89029889-replay.json,89029889,James Cox & Henry Chao,flg,1,M-Kangaskhan,Ogerpon,25
scraped/flg_full/episode-89029906-replay.json,89029906,flg,ktr,0,other,Hydrapple,13
scraped/flg_full/episode-89030205-replay.json,89030205,カントー地方マスター(KantoRegionMaster),flg,0,Grimmsnarl,M-Kangaskhan,9
scraped/flg_full/episode-89030307-replay.json,89030307,flg,Iliamna,0,M-Kangaskhan,Hydrapple,15
scraped/flg_full/episode-89028058-replay.json,89028058,flg,miya,1,M-Kangaskhan,Alakazam,9
scraped/flg_full/episode-89028136-replay.json,89028136,flg,Lunariz,0,other,Alakazam,11
scraped/flg_full/episode-89028458-replay.json,89028458,やる気元気ミワハルキ,flg,0,Grimmsnarl,other,11
scraped/flg_full/episode-89028462-replay.json,89028462,flg,Pushu?,0,Ogerpon,Grimmsnarl,33
scraped/flg_full/episode-89028522-replay.json,89028522,flg,haggle,1,other,Grimmsnarl,9
scraped/flg_full/episode-89028909-replay.json,89028909,flg,vvs,1,M-Kangaskhan,Grimmsnarl,17
scraped/flg_full/episode-89029029-replay.json,89029029,flg,probability,0,other,Ogerpon,11
scraped/flg_full/episode-89029366-replay.json,89029366,flg,Majkel1337,1,M-Kangaskhan,M-Kangaskhan,39
scraped/flg_full/episode-89026642-replay.json,89026642,Kobasun,flg,1,Dragapult,Crustle,20
scraped/flg_full/episode-89026751-replay.json,89026751,vvs,flg,0,Grimmsnarl,other,11
scraped/flg_full/episode-89027101-replay.json,89027101,flg,Majkel1337,1,M-Kangaskhan,M-Kangaskhan,31
scraped/flg_full/episode-89027103-replay.json,89027103,flg,haggle,0,Ogerpon,Grimmsnarl,23
scraped/flg_full/episode-89027215-replay.json,89027215,Dominic Peel,flg,1,Grimmsnarl,M-Kangaskhan,19
scraped/flg_full/episode-89027259-replay.json,89027259,flg,Octavi Grau,1,M-Kangaskhan,Garchomp,29
scraped/flg_full/episode-89027602-replay.json,89027602,flg,Majkel1337,1,M-Kangaskhan,M-Kangaskhan,37
scraped/flg_full/episode-89027719-replay.json,89027719,flg,LumenLiquidity,1,other,Dragapult,11
scraped/flg_full/episode-89033113-replay.json,89033113,flg,Majkel1337,0,other,other,11
scraped/flg_full/episode-89033498-replay.json,89033498,Azat Akhtyamov,flg,0,Grimmsnarl,Crustle,15
scraped/flg_full/episode-89033537-replay.json,89033537,Chua Zheng Wei Brian,flg,0,Grimmsnarl,other,11
scraped/flg_full/episode-89033960-replay.json,89033960,Team Rot-Weiß,flg,0,Alakazam,Ogerpon,3
scraped/flg_full/episode-89034014-replay.json,89034014,flg,Where is my orbit,0,other,Crustle,9
scraped/flg_full/episode-89034415-replay.json,89034415,maxwell_ml,flg,0,Archaludon,Crustle,2
scraped/flg_full/episode-89034451-replay.json,89034451,sadwat,flg,1,Alakazam,other,19
scraped/flg_full/episode-89034871-replay.json,89034871,Team Rot-Weiß,flg,0,Alakazam,M-Kangaskhan,7
scraped/flg_full/episode-89031678-replay.json,89031678,flg,Team Rot-Weiß,1,Crustle,Alakazam,4
scraped/flg_full/episode-89031819-replay.json,89031819,flg,Raja Biswas,0,other,Grimmsnarl,9
scraped/flg_full/episode-89032126-replay.json,89032126,MtN,flg,0,Grimmsnarl,M-Kangaskhan,15
scraped/flg_full/episode-89032158-replay.json,89032158,YuPengCao,flg,1,Grimmsnarl,M-Kangaskhan,21
scraped/flg_full/episode-89032232-replay.json,89032232,Dominic Peel,flg,0,M-Kangaskhan,other,33
scraped/flg_full/episode-89032600-replay.json,89032600,flg,haggle,0,M-Kangaskhan,Grimmsnarl,17
scraped/flg_full/episode-89032707-replay.json,89032707,flg,NguyenThanhNhan,0,other,Grimmsnarl,3
scraped/flg_full/episode-89033048-replay.json,89033048,flg,NorthStar,0,M-Kangaskhan,Grimmsnarl,21
scraped/flg_full/episode-89030327-replay.json,89030327,YuPengCao,flg,0,Grimmsnarl,other,13
scraped/flg_full/episode-89030775-replay.json,89030775,flg,typeIIIfairy,0,M-Kangaskhan,Grimmsnarl,17
scraped/flg_full/episode-89030805-replay.json,89030805,flxwld,flg,0,M-Kangaskhan,other,13
scraped/flg_full/episode-89031220-replay.json,89031220,flg,YuPengCao,0,M-Kangaskhan,Grimmsnarl,15
scraped/flg_full/episode-89031224-replay.json,89031224,flg,JZ,0,other,Grimmsnarl,11
scraped/flg_full/episode-89031282-replay.json,89031282,那个男人,flg,0,Grimmsnarl,other,12
scraped/flg_full/episode-89031426-replay.json,89031426,flg,Team Rot-Weiß,1,other,Alakazam,27
scraped/flg_full/episode-89031600-replay.json,89031600,カントー地方マスター(KantoRegionMaster),flg,1,Grimmsnarl,M-Kangaskhan,29
scraped/flg_full/episode-89034880-replay.json,89034880,flg,やる気元気ミワハルキ,0,other,Grimmsnarl,17
scraped/flg_full/episode-89034891-replay.json,89034891,Majkel1337,flg,1,other,other,11
scraped/flg_full/episode-89035322-replay.json,89035322,James Cox & Henry Chao,flg,1,M-Kangaskhan,M-Kangaskhan,27
scraped/flg_full/episode-89035362-replay.json,89035362,Dries @ Tufa Labs,flg,1,Grimmsnarl,other,11
scraped/flg_full/episode-89035791-replay.json,89035791,flg,Articuno0144,1,M-Kangaskhan,Grimmsnarl,19
scraped/flg_full/episode-89035799-replay.json,89035799,hinox13,flg,0,Grimmsnarl,other,11
scraped/flg_full/episode-89035807-replay.json,89035807,Dominic Peel,flg,1,Grimmsnarl,other,9
scraped/flg_full/episode-89036254-replay.json,89036254,iwashi,flg,1,Grimmsnarl,M-Kangaskhan,21
scraped/flg_full/episode-89036261-replay.json,89036261,flg,szlachetny snieg,0,other,Grimmsnarl,9
scraped/flg_full/episode-89036723-replay.json,89036723,flg,Team Rot-Weiß,1,M-Kangaskhan,Alakazam,13
scraped/flg_full/episode-89036728-replay.json,89036728,flg,Pushu?,0,other,Grimmsnarl,9
scraped/flg_full/episode-89037192-replay.json,89037192,李秉叡（ntumlnoob）,flg,1,Grimmsnarl,M-Kangaskhan,21
scraped/flg_full/episode-89037195-replay.json,89037195,Zhenyu Zhang,flg,1,Grimmsnarl,other,9
scraped/flg_full/episode-89037196-replay.json,89037196,e-toppo + kurupical,flg,1,Grimmsnarl,Ogerpon,19
scraped/flg_full/episode-89037639-replay.json,89037639,flg,LiamK,1,Crustle,Grimmsnarl,13
scraped/flg_full/episode-89037649-replay.json,89037649,flg,SQUIRTLE (prime),1,M-Kangaskhan,Grimmsnarl,15
scraped/flg_full/episode-89037650-replay.json,89037650,flg,Team Rot-Weiß,1,other,Alakazam,45
scraped/flg_full/episode-89038115-replay.json,89038115,haggle,flg,1,Grimmsnarl,M-Kangaskhan,51
scraped/flg_full/episode-89038116-replay.json,89038116,やる気元気ミワハルキ,flg,0,Grimmsnarl,M-Kangaskhan,13
scraped/flg_full/episode-89038117-replay.json,89038117,flg,Octavi Grau,0,other,Garchomp,11
scraped/flg_full/episode-89038121-replay.json,89038121,flxwld,flg,1,M-Kangaskhan,M-Kangaskhan,29
scraped/flg_full/episode-89038133-replay.json,89038133,flg,Pokemon Fan,1,other,Grimmsnarl,10
scraped/flg_full/episode-89038566-replay.json,89038566,flg,Luca,0,other,Grimmsnarl,11
scraped/flg_full/episode-89038568-replay.json,89038568,hinox13,flg,0,Grimmsnarl,Crustle,11
scraped/flg_full/episode-89041291-replay.json,89041291,flg,カントー地方マスター(KantoRegionMaster),1,Crustle,Grimmsnarl,9
scraped/flg_full/episode-89041312-replay.json,89041312,lolzpo + emonga,flg,1,M-Lopunny,other,15
scraped/flg_full/episode-89041315-replay.json,89041315,Octavi Grau,flg,1,Garchomp,Crustle,47
scraped/flg_full/episode-89041765-replay.json,89041765,flg,Octavi Grau,0,other,Garchomp,13
scraped/flg_full/episode-89041770-replay.json,89041770,Kusanagi,flg,0,Alakazam,M-Kangaskhan,17
scraped/flg_full/episode-89042205-replay.json,89042205,flg,やる気元気ミワハルキ,0,other,Grimmsnarl,9
scraped/flg_full/episode-89042210-replay.json,89042210,flg,miya,0,other,Alakazam,17
scraped/flg_full/episode-89042223-replay.json,89042223,Oshbocker,flg,1,M-Kangaskhan,Ogerpon,31
scraped/flg_full/episode-89039018-replay.json,89039018,flg,bono,0,other,other,11
scraped/flg_full/episode-89039028-replay.json,89039028,Andrej Carpenter,flg,0,Alakazam,M-Kangaskhan,13
scraped/flg_full/episode-89039463-replay.json,89039463,やる気元気ミワハルキ,flg,0,Grimmsnarl,other,9
scraped/flg_full/episode-89039472-replay.json,89039472,Azat Akhtyamov,flg,1,Grimmsnarl,other,11
scraped/flg_full/episode-89039491-replay.json,89039491,대답해드리는게인지상정,flg,1,Grimmsnarl,Ogerpon,17
scraped/flg_full/episode-89039930-replay.json,89039930,flg,vvs,0,other,Grimmsnarl,9
scraped/flg_full/episode-89039940-replay.json,89039940,flg,Raja Biswas,1,M-Kangaskhan,Grimmsnarl,15
scraped/flg_full/episode-89040273-replay.json,89040273,THIRD PTCG Club,flg,1,Dragapult,Crustle,29
scraped/flg_full/episode-89040379-replay.json,89040379,Majkel1337,flg,1,M-Kangaskhan,other,19
scraped/flg_full/episode-89040386-replay.json,89040386,flg,Iliamna,1,other,M-Kangaskhan,19
scraped/flg_full/episode-89040403-replay.json,89040403,haggle,flg,1,Grimmsnarl,Crustle,15
scraped/flg_full/episode-89040417-replay.json,89040417,flg,NguyenThanhNhan,1,other,Grimmsnarl,12
scraped/flg_full/episode-89040733-replay.json,89040733,flg,THIRD PTCG Club,0,Crustle,Dragapult,19
scraped/flg_full/episode-89040847-replay.json,89040847,flg,Kusanagi,0,other,Alakazam,13
scraped/flg_full/episode-89040857-replay.json,89040857,Kotaro OKUYAMA,flg,1,Grimmsnarl,Crustle,27
scraped/flg_full/episode-89040876-replay.json,89040876,flg,SQUIRTLE (prime),1,other,Grimmsnarl,9
scraped/flg_full/episode-89043628-replay.json,89043628,flg,LumenLiquidity,1,other,Dragapult,13
scraped/flg_full/episode-89043652-replay.json,89043652,flg,Pokemon Siuuuu,0,Crustle,Grimmsnarl,15
scraped/flg_full/episode-89044111-replay.json,89044111,flg,Majkel1337,1,other,M-Kangaskhan,17
scraped/flg_full/episode-89044117-replay.json,89044117,flg,miya,1,M-Kangaskhan,Alakazam,11
scraped/flg_full/episode-89044126-replay.json,89044126,flg,JB Bryant,0,other,Grimmsnarl,15
scraped/flg_full/episode-89044610-replay.json,89044610,JB Bryant,flg,1,Grimmsnarl,Ogerpon,19
scraped/flg_full/episode-89044611-replay.json,89044611,flg,Abdul Wahab Khan,0,other,M-Lucario,9
scraped/flg_full/episode-89045029-replay.json,89045029,flg,THIRD PTCG Club,0,Ogerpon,Dragapult,31
scraped/flg_full/episode-89046082-replay.json,89046082,LiamK,flg,0,Grimmsnarl,other,11
scraped/flg_full/episode-89046095-replay.json,89046095,flg,李秉叡（ntumlnoob）,1,M-Kangaskhan,Grimmsnarl,13
scraped/flg_full/episode-89046586-replay.json,89046586,flg,李秉叡（ntumlnoob）,1,M-Kangaskhan,Grimmsnarl,15
scraped/flg_full/episode-89046590-replay.json,89046590,nsytsqdtn,flg,0,Grimmsnarl,other,9
scraped/flg_full/episode-89046628-replay.json,89046628,masspeaks,flg,0,Alakazam,M-Kangaskhan,5
scraped/flg_full/episode-89047064-replay.json,89047064,flg,THIRD PTCG Club,1,other,Dragapult,9
scraped/flg_full/episode-89047099-replay.json,89047099,flg,カントー地方マスター(KantoRegionMaster),0,M-Kangaskhan,Grimmsnarl,21
scraped/flg_full/episode-89047601-replay.json,89047601,flg,Raja Biswas,1,other,Grimmsnarl,9
scraped/flg_full/episode-89045088-replay.json,89045088,Majkel1337,flg,0,Ogerpon,M-Kangaskhan,61
scraped/flg_full/episode-89045095-replay.json,89045095,flg,Oshbocker,1,M-Kangaskhan,M-Kangaskhan,31
scraped/flg_full/episode-89045100-replay.json,89045100,Pokopia,flg,1,Grimmsnarl,other,9
scraped/flg_full/episode-89045582-replay.json,89045582,flg,やる気元気ミワハルキ,0,other,Grimmsnarl,9
scraped/flg_full/episode-89045593-replay.json,89045593,Pushu?,flg,1,Grimmsnarl,other,13
scraped/flg_full/episode-89045594-replay.json,89045594,Majkel1337,flg,1,other,Ogerpon,23
scraped/flg_full/episode-89045597-replay.json,89045597,Dominic Peel,flg,0,Grimmsnarl,other,13
scraped/flg_full/episode-89046078-replay.json,89046078,Majkel1337,flg,0,M-Kangaskhan,other,19
scraped/flg_full/episode-89042238-replay.json,89042238,Pokemon Siuuuu,flg,1,Grimmsnarl,Crustle,21
scraped/flg_full/episode-89042659-replay.json,89042659,LiamK,flg,0,Grimmsnarl,other,9
scraped/flg_full/episode-89042667-replay.json,89042667,Raja Biswas,flg,0,Grimmsnarl,M-Kangaskhan,15
scraped/flg_full/episode-89042673-replay.json,89042673,flg,Team Rot-Weiß,1,other,Alakazam,27
scraped/flg_full/episode-89042677-replay.json,89042677,flg,THIRD PTCG Club,0,M-Kangaskhan,Dragapult,33
scraped/flg_full/episode-89043139-replay.json,89043139,Myckel Uribe,flg,1,other,M-Kangaskhan,17
scraped/flg_full/episode-89043140-replay.json,89043140,Hiroki Yamazaki,flg,1,Alakazam,other,15
scraped/flg_full/episode-89043609-replay.json,89043609,Oleksandr_Savsunenko,flg,1,Crustle,M-Kangaskhan,35
scraped/flg_full/episode-89047610-replay.json,89047610,Cook Noah,flg,1,Hydrapple,Ogerpon,23
scraped/flg_full/episode-89047617-replay.json,89047617,ANDPAD kaggler team,flg,1,Grimmsnarl,other,13
scraped/flg_full/episode-89047652-replay.json,89047652,JB Bryant,flg,1,Grimmsnarl,Crustle,19
scraped/flg_full/episode-89048165-replay.json,89048165,flg,PewPew,0,M-Kangaskhan,other,21
scraped/flg_full/episode-89048176-replay.json,89048176,JZ,flg,1,Grimmsnarl,M-Kangaskhan,25
scraped/flg_full/episode-89048177-replay.json,89048177,THIRD PTCG Club,flg,0,Dragapult,other,17
scraped/flg_full/episode-89048672-replay.json,89048672,Pokemon Siuuuu,flg,0,Grimmsnarl,M-Kangaskhan,15
scraped/flg_full/episode-89048683-replay.json,89048683,Dries @ Tufa Labs,flg,1,Grimmsnarl,other,11
scraped/flg_full/episode-89049182-replay.json,89049182,flg,SQUIRTLE (prime),1,M-Kangaskhan,Grimmsnarl,15
scraped/flg_full/episode-89049183-replay.json,89049183,junlee789,flg,1,Garchomp,other,9
scraped/flg_full/episode-89049671-replay.json,89049671,flg,Majkel1337,1,other,M-Kangaskhan,13
scraped/flg_full/episode-89049676-replay.json,89049676,flg,James Cox & Henry Chao,0,M-Kangaskhan,M-Kangaskhan,25
scraped/flg_full/episode-89049684-replay.json,89049684,Rmy,flg,0,Grimmsnarl,M-Kangaskhan,20
scraped/flg_full/episode-89049687-replay.json,89049687,flg,Haokai Ding,0,other,Grimmsnarl,11
scraped/flg_full/episode-89050176-replay.json,89050176,flg,やる気元気ミワハルキ,0,Crustle,Grimmsnarl,21
scraped/flg_full/episode-89050189-replay.json,89050189,flg,LumenLiquidity,1,Ogerpon,Dragapult,11
scraped/flg_full/episode-89050194-replay.json,89050194,Lior Toledano,flg,1,Grimmsnarl,other,13
scraped/flg_full/episode-89050217-replay.json,89050217,Dries @ Tufa Labs,flg,0,Grimmsnarl,other,13
scraped/flg_full/episode-89050698-replay.json,89050698,john jiang zhifeng,flg,0,Alakazam,M-Kangaskhan,11
scraped/flg_full/episode-89050705-replay.json,89050705,nsytsqdtn,flg,0,Grimmsnarl,other,11
scraped/flg_full/episode-89050730-replay.json,89050730,haggle,flg,0,Grimmsnarl,M-Kangaskhan,15
scraped/flg_full/episode-89051228-replay.json,89051228,Pushu?,flg,1,Grimmsnarl,Crustle,13
scraped/flg_full/episode-89051231-replay.json,89051231,flxwld,flg,1,M-Kangaskhan,other,14
scraped/flg_full/episode-89051727-replay.json,89051727,@kdcyberdude,flg,0,Grimmsnarl,M-Kangaskhan,11
scraped/flg_full/episode-89051728-replay.json,89051728,flg,MissingNo.,1,other,Ogerpon,17
scraped/flg_full/episode-89051731-replay.json,89051731,Dries @ Tufa Labs,flg,1,Grimmsnarl,M-Kangaskhan,17
scraped/flg_full/episode-89052218-replay.json,89052218,gecogeco,flg,1,M-Kangaskhan,M-Kangaskhan,31
scraped/flg_full/episode-89052229-replay.json,89052229,懒惰的金枪鱼,flg,1,Grimmsnarl,other,9
scraped/flg_full/episode-89052645-replay.json,89052645,ヌメルゴンex,flg,1,Grimmsnarl,other,9
scraped/flg_full/episode-89052713-replay.json,89052713,flg,ktr,0,Ogerpon,Hydrapple,13
scraped/flg_full/episode-89052724-replay.json,89052724,flg,me and the lads,0,other,Grimmsnarl,9
scraped/flg_full/episode-89053212-replay.json,89053212,flg,西松大祐,1,M-Kangaskhan,Grimmsnarl,15
scraped/flg_full/episode-89053222-replay.json,89053222,kashiwashira,flg,1,other,other,15
scraped/flg_full/episode-89053709-replay.json,89053709,flg,me and the lads,0,M-Kangaskhan,Grimmsnarl,17
scraped/flg_full/episode-89053711-replay.json,89053711,Octavi Grau,flg,0,Garchomp,other,13
scraped/flg_full/episode-89053715-replay.json,89053715,flg,haggle,0,other,Grimmsnarl,13
scraped/flg_full/episode-89054202-replay.json,89054202,flg,James Cox & Henry Chao,1,M-Kangaskhan,M-Kangaskhan,15
scraped/flg_full/episode-89054216-replay.json,89054216,flg,keidroid,0,Crustle,Ogerpon,31
scraped/flg_full/episode-89054219-replay.json,89054219,やる気元気ミワハルキ,flg,0,Grimmsnarl,other,11
scraped/flg_full/episode-89054220-replay.json,89054220,flg,Pokopia,1,M-Kangaskhan,Grimmsnarl,17
scraped/flg_full/episode-89055259-replay.json,89055259,junlee789,flg,1,Garchomp,other,11
scraped/flg_full/episode-89055268-replay.json,89055268,flg,Aji Samudra,0,Crustle,M-Kangaskhan,29
scraped/flg_full/episode-89055317-replay.json,89055317,flg,Dries @ Tufa Labs,1,M-Kangaskhan,Grimmsnarl,15
scraped/flg_full/episode-89055725-replay.json,89055725,flg,g-taniguchi,0,other,Dragapult,19
scraped/flg_full/episode-89055801-replay.json,89055801,palsystem,flg,1,Grimmsnarl,M-Kangaskhan,19
scraped/flg_full/episode-89056228-replay.json,89056228,李秉叡（ntumlnoob）,flg,0,Grimmsnarl,M-Kangaskhan,15
scraped/flg_full/episode-89056242-replay.json,89056242,flg,Octavi Grau,0,other,Garchomp,9
scraped/flg_full/episode-89056307-replay.json,89056307,flg,cununn,1,M-Kangaskhan,Alakazam,15
scraped/flg_full/episode-89056706-replay.json,89056706,flg,James Cox & Henry Chao,0,other,M-Kangaskhan,13
scraped/flg_full/episode-89056715-replay.json,89056715,keidroid,flg,1,Ogerpon,M-Kangaskhan,27
scraped/flg_full/episode-89056746-replay.json,89056746,Azat Akhtyamov,flg,0,Grimmsnarl,other,9
scraped/flg_full/episode-89057274-replay.json,89057274,flg,me and the lads,1,other,Grimmsnarl,11
scraped/flg_full/episode-89061986-replay.json,89061986,Jack,flg,1,Hydrapple,other,13
scraped/flg_full/episode-89065476-replay.json,89065476,Jack,flg,0,Hydrapple,other,7
scraped/flg_full/episode-89066243-replay.json,89066243,flg,Majkel1337,1,M-Kangaskhan,M-Kangaskhan,41
scraped/flg_full/episode-89067506-replay.json,89067506,flg,lolzpo + emonga,0,other,M-Lopunny,15
scraped/flg_full/episode-89054265-replay.json,89054265,flg,Cook Noah,0,other,Hydrapple,15
scraped/flg_full/episode-89054706-replay.json,89054706,THIRD PTCG Club,flg,0,Dragapult,other,17
scraped/flg_full/episode-89054722-replay.json,89054722,flg,Raja Biswas,1,M-Kangaskhan,Grimmsnarl,18
scraped/flg_full/episode-89054725-replay.json,89054725,LumenLiquidity,flg,1,Dragapult,other,11
scraped/flg_full/episode-89054726-replay.json,89054726,flg,Octavi Grau,0,Ogerpon,Garchomp,57
scraped/flg_full/episode-89054756-replay.json,89054756,Majkel1337,flg,0,M-Kangaskhan,other,19
scraped/flg_full/episode-89054803-replay.json,89054803,Dries @ Tufa Labs,flg,0,Grimmsnarl,M-Kangaskhan,17
scraped/flg_full/episode-89055207-replay.json,89055207,James Cox & Henry Chao,flg,1,M-Kangaskhan,other,11
scraped/flg_full/episode-89068881-replay.json,89068881,ZeLong Leo,flg,1,Grimmsnarl,other,9
scraped/flg_full/episode-89068887-replay.json,89068887,Jack,flg,1,Hydrapple,Ogerpon,15
scraped/flg_full/episode-89070727-replay.json,89070727,Marshall Maximizer,flg,1,Grimmsnarl,M-Kangaskhan,15
scraped/flg_full/episode-89074721-replay.json,89074721,gecogeco,flg,1,M-Kangaskhan,M-Kangaskhan,31
scraped/flg_full/episode-89076332-replay.json,89076332,flg,JB Bryant,0,M-Kangaskhan,Grimmsnarl,21
scraped/flg_full/episode-89077755-replay.json,89077755,flg,Luca,0,other,Grimmsnarl,13
scraped/flg_full/episode-89080774-replay.json,89080774,cher112,flg,0,Grimmsnarl,Crustle,11
scraped/flg_full/episode-89084992-replay.json,89084992,flg,Lunariz,0,other,Alakazam,19
scraped/flg_full/episode-89088053-replay.json,89088053,flg,想要成为kaggle大师,1,Crustle,Grimmsnarl,13
scraped/flg_full/episode-89088371-replay.json,89088371,flg,James Cox & Henry Chao,1,other,M-Kangaskhan,9
scraped/flg_full/episode-89090169-replay.json,89090169,Marshall Maximizer,flg,0,Grimmsnarl,other,11
scraped/flg_full/episode-89090521-replay.json,89090521,Iliamna,flg,1,Hydrapple,other,13
scraped/flg_full/episode-89095451-replay.json,89095451,flg,やる気元気ミワハルキ,0,Crustle,Dragapult,31
scraped/flg_full/episode-89097162-replay.json,89097162,flg,SantaClaws 🎅,0,other,M-Kangaskhan,9
scraped/flg_full/episode-89102173-replay.json,89102173,想要成为kaggle大师,flg,1,Grimmsnarl,other,9
scraped/flg_full/episode-89103799-replay.json,89103799,me and the lads,flg,0,Grimmsnarl,Ogerpon,20
scraped/flg_full/episode-89132545-replay.json,89132545,Roman Nesterov,flg,1,Garchomp,M-Kangaskhan,17
scraped/flg_full/episode-89133015-replay.json,89133015,flg,ANDPAD kaggler team,0,M-Kangaskhan,Grimmsnarl,19
scraped/flg_full/episode-89134028-replay.json,89134028,Roman Nesterov,flg,1,Garchomp,M-Kangaskhan,15
scraped/flg_full/episode-89134269-replay.json,89134269,MtN,flg,1,Grimmsnarl,other,13
scraped/flg_full/episode-89137763-replay.json,89137763,flg,Brahim,1,M-Kangaskhan,M-Lopunny,13
scraped/flg_full/episode-89139142-replay.json,89139142,vvs,flg,1,Grimmsnarl,other,9
scraped/flg_full/episode-89139240-replay.json,89139240,flg,LiamK,1,other,Grimmsnarl,7
scraped/flg_full/episode-89139258-replay.json,89139258,keidroid,flg,1,Ogerpon,M-Kangaskhan,25
scraped/flg_full/episode-89104153-replay.json,89104153,flg,想要成为kaggle大师,0,M-Kangaskhan,Grimmsnarl,29
scraped/flg_full/episode-89105028-replay.json,89105028,flg,Xiangyu Liu,1,M-Kangaskhan,Grimmsnarl,18
scraped/flg_full/episode-89109148-replay.json,89109148,flg,李秉叡（ntumlnoob）,0,other,Grimmsnarl,15
scraped/flg_full/episode-89110896-replay.json,89110896,one2ndpiece,flg,1,Grimmsnarl,Crustle,15
scraped/flg_full/episode-89111987-replay.json,89111987,flg,Xiangyu Liu,0,Ogerpon,Grimmsnarl,19
scraped/flg_full/episode-89113194-replay.json,89113194,Iliamna,flg,1,Hydrapple,Ogerpon,17
scraped/flg_full/episode-89113543-replay.json,89113543,Sixth Sense,flg,0,Grimmsnarl,other,9
scraped/flg_full/episode-89121453-replay.json,89121453,SQUIRTLE (prime),flg,0,Grimmsnarl,other,11
scraped/flg_full/episode-89122002-replay.json,89122002,flg,Luca,1,Crustle,Grimmsnarl,8
scraped/flg_full/episode-89124235-replay.json,89124235,flg,Pokopia,0,M-Kangaskhan,Grimmsnarl,17
scraped/flg_full/episode-89124800-replay.json,89124800,flg,Gijs Smit,0,other,Hydrapple,13
scraped/flg_full/episode-89126302-replay.json,89126302,Gijs Smit,flg,0,Hydrapple,other,17
scraped/flg_full/episode-89126447-replay.json,89126447,Sixth Sense,flg,1,Grimmsnarl,Crustle,25
scraped/flg_full/episode-89128580-replay.json,89128580,Roman Nesterov,flg,0,Grimmsnarl,M-Kangaskhan,15
scraped/flg_full/episode-89128652-replay.json,89128652,vvs,flg,0,Grimmsnarl,Crustle,13
scraped/flg_full/episode-89131308-replay.json,89131308,Brahim,flg,0,M-Lopunny,M-Kangaskhan,19
scraped/flg_full/episode-89144070-replay.json,89144070,flg,ANDPAD kaggler team,0,Crustle,Grimmsnarl,19
scraped/flg_full/episode-89144745-replay.json,89144745,flg,poppy457,0,other,Alakazam,23
scraped/flg_full/episode-89146217-replay.json,89146217,lolzpo+emonga,flg,0,M-Lopunny,M-Kangaskhan,11
scraped/flg_full/episode-89150299-replay.json,89150299,Kusanagi,flg,0,Grimmsnarl,other,11
scraped/flg_full/episode-89152690-replay.json,89152690,flg,ANDPAD kaggler team,1,M-Kangaskhan,Grimmsnarl,15
scraped/flg_full/episode-89156055-replay.json,89156055,flg,Thai,0,M-Kangaskhan,Dragapult,21
scraped/flg_full/episode-89156319-replay.json,89156319,Dominic Peel,flg,0,Grimmsnarl,other,9
scraped/flg_full/episode-89157864-replay.json,89157864,Brahim,flg,0,M-Lopunny,other,15
scraped/flg_full/episode-89165485-replay.json,89165485,JZ,flg,1,Grimmsnarl,other,11
scraped/flg_full/episode-89171827-replay.json,89171827,低消650元任你吃啊,flg,0,Grimmsnarl,other,9
scraped/flg_full/episode-89175150-replay.json,89175150,iwashi,flg,1,Alakazam,M-Kangaskhan,23
scraped/flg_full/episode-89178196-replay.json,89178196,カントー地方マスター(KantoRegionMaster),flg,0,Grimmsnarl,M-Kangaskhan,21
scraped/flg_full/episode-89179644-replay.json,89179644,wwwwwwwwwwwwwwwwwwwwwwwwwwwwww,flg,1,Grimmsnarl,other,13
scraped/flg_full/episode-89181212-replay.json,89181212,flg,szlachetny snieg,1,M-Kangaskhan,Grimmsnarl,15
scraped/flg_full/episode-89184557-replay.json,89184557,flg,__Taichicchi__,0,Crustle,Grimmsnarl,11
scraped/flg_full/episode-89186867-replay.json,89186867,flg,lolzpo+emonga,1,other,M-Lopunny,15
scraped/flg_full/episode-89187894-replay.json,89187894,flg,Sixth Sense,0,other,Grimmsnarl,13
scraped/flg_full/episode-89188895-replay.json,89188895,haggle,flg,0,Grimmsnarl,M-Kangaskhan,14
scraped/flg_full/episode-89189974-replay.json,89189974,@kdcyberdude,flg,0,Grimmsnarl,other,9
scraped/flg_full/episode-89192553-replay.json,89192553,miya,flg,0,Alakazam,M-Kangaskhan,7
scraped/flg_full/episode-89193018-replay.json,89193018,flg,西松大祐,0,other,M-Kangaskhan,11
scraped/flg_full/episode-89194046-replay.json,89194046,flg,Yushin Ito,1,other,Alakazam,29
scraped/flg_full/episode-89194581-replay.json,89194581,flg,Oshbocker,0,other,M-Kangaskhan,11
scraped/flg_full/episode-89194594-replay.json,89194594,やる気元気ミワハルキ,flg,1,Grimmsnarl,M-Kangaskhan,19
scraped/flg_full/episode-89195997-replay.json,89195997,flg,Majkel1337,1,other,M-Lopunny,13
scraped/flg_full/episode-89196072-replay.json,89196072,Orbit Revenge,flg,1,Alakazam,M-Kangaskhan,19
scraped/flg_full/episode-89196085-replay.json,89196085,Iliamna,flg,0,Hydrapple,other,13
scraped/flg_full/episode-89196571-replay.json,89196571,萤火2018,flg,1,Alakazam,M-Kangaskhan,18
scraped/flg_full/episode-89196594-replay.json,89196594,Iliamna,flg,1,Hydrapple,M-Kangaskhan,17
scraped/flg_full/episode-89196656-replay.json,89196656,e-toppo + kurupical,flg,0,Grimmsnarl,other,9
scraped/flg_full/episode-89197053-replay.json,89197053,Sixth Sense,flg,1,Grimmsnarl,other,13
scraped/flg_full/episode-89197079-replay.json,89197079,Dries @ Tufa Labs,flg,0,Grimmsnarl,M-Kangaskhan,15
scraped/flg_full/episode-89194632-replay.json,89194632,hinox13,flg,0,Grimmsnarl,other,13
scraped/flg_full/episode-89195038-replay.json,89195038,flg,齐乐,1,M-Kangaskhan,Alakazam,11
scraped/flg_full/episode-89195060-replay.json,89195060,flg,Andrin @ Tufa Labs,0,other,other,3
scraped/flg_full/episode-89195488-replay.json,89195488,flg,李秉叡（ntumlnoob）,0,other,Grimmsnarl,15
scraped/flg_full/episode-89195563-replay.json,89195563,flg,__Taichicchi__,1,other,M-Kangaskhan,35
scraped/flg_full/episode-89195638-replay.json,89195638,flg,typeIIIfairy,0,Ogerpon,Grimmsnarl,15
scraped/flg_full/episode-89195648-replay.json,89195648,Pokemon Siuuuu,flg,0,Grimmsnarl,other,9
scraped/flg_full/episode-89195921-replay.json,89195921,やる気元気ミワハルキ,flg,0,Grimmsnarl,other,13
scraped/flg_full/episode-89197110-replay.json,89197110,flg,LiamK,1,M-Kangaskhan,Grimmsnarl,19
scraped/flg_full/episode-89197513-replay.json,89197513,__Taichicchi__,flg,1,Grimmsnarl,other,7
scraped/flg_full/episode-89197610-replay.json,89197610,flg,zhangshuosc,0,M-Kangaskhan,Hydrapple,15
scraped/flg_full/episode-89197661-replay.json,89197661,flg,Yushin Ito,0,other,Alakazam,19
scraped/flg_full/episode-89197662-replay.json,89197662,flg,YuPengCao,0,Crustle,Grimmsnarl,17
scraped/flg_full/episode-89197705-replay.json,89197705,M Sato,flg,0,Alakazam,other,49
scraped/flg_full/episode-89198007-replay.json,89198007,やる気元気ミワハルキ,flg,1,Grimmsnarl,Crustle,19
scraped/flg_full/episode-89198095-replay.json,89198095,nonono3,flg,1,Archaludon,M-Kangaskhan,10
scraped/flg_full/episode-89198154-replay.json,89198154,Dominic Peel,flg,1,Grimmsnarl,other,9
scraped/flg_full/episode-89198547-replay.json,89198547,__Taichicchi__,flg,1,M-Kangaskhan,Ogerpon,39
scraped/flg_full/episode-89198600-replay.json,89198600,junlee789,flg,1,Garchomp,M-Kangaskhan,59
scraped/flg_full/episode-89198627-replay.json,89198627,JZ,flg,1,Grimmsnarl,other,13
scraped/flg_full/episode-89198731-replay.json,89198731,hinox13,flg,1,Grimmsnarl,other,9
scraped/flg_full/episode-89199088-replay.json,89199088,flg,Majkel1337,1,M-Kangaskhan,M-Lopunny,13
scraped/flg_full/episode-89199117-replay.json,89199117,flg,Majkel1337,1,other,Alakazam,33
scraped/flg_full/episode-89199118-replay.json,89199118,flg,Pokopia,1,M-Kangaskhan,Grimmsnarl,13
scraped/flg_full/episode-89199631-replay.json,89199631,flg,ktr,0,M-Kangaskhan,Hydrapple,13
scraped/flg_full/episode-89199637-replay.json,89199637,flg,ktr,0,other,Hydrapple,13
scraped/flg_full/episode-89200088-replay.json,89200088,flg,wwwwwwwwwwwwwwwwwwwwwwwwwwwwww,0,M-Kangaskhan,Grimmsnarl,15
scraped/flg_full/episode-89200091-replay.json,89200091,Majkel1337,flg,0,M-Lopunny,other,13
scraped/flg_full/episode-89200648-replay.json,89200648,Dominic Peel,flg,0,Grimmsnarl,M-Kangaskhan,19
scraped/flg_full/episode-89200654-replay.json,89200654,kashiwashira,flg,1,other,other,11
scraped/flg_full/episode-89201238-replay.json,89201238,flg,miya,0,other,Alakazam,13
scraped/flg_full/episode-89201663-replay.json,89201663,flg,Pokemon Fan,0,Crustle,Grimmsnarl,33
scraped/flg_full/episode-89204110-replay.json,89204110,flg,대답해드리는게인지상정,0,other,Grimmsnarl,13
scraped/flg_full/episode-89204326-replay.json,89204326,lolzpo+emonga,flg,0,M-Lopunny,M-Kangaskhan,13
scraped/flg_full/episode-89204682-replay.json,89204682,me and the lads,flg,0,Grimmsnarl,other,9
scraped/flg_full/episode-89204691-replay.json,89204691,MissingNo.,flg,1,M-Kangaskhan,Ogerpon,39
scraped/flg_full/episode-89204783-replay.json,89204783,flg,__Taichicchi__,1,other,M-Kangaskhan,25
scraped/flg_full/episode-89205137-replay.json,89205137,Rmy,flg,1,Ogerpon,M-Kangaskhan,21
scraped/flg_full/episode-89205165-replay.json,89205165,Sixth Sense,flg,0,Grimmsnarl,other,9
scraped/flg_full/episode-89205192-replay.json,89205192,flg,perrodawn,0,M-Kangaskhan,M-Kangaskhan,29
scraped/flg_full/episode-89202765-replay.json,89202765,flg,hinox13,0,other,Grimmsnarl,9
scraped/flg_full/episode-89203175-replay.json,89203175,poppy457,flg,0,Alakazam,M-Kangaskhan,13
scraped/flg_full/episode-89203188-replay.json,89203188,flg,szlachetny snieg,0,other,Grimmsnarl,9
scraped/flg_full/episode-89203191-replay.json,89203191,vvs,flg,1,Grimmsnarl,Crustle,15
scraped/flg_full/episode-89203659-replay.json,89203659,keidroid,flg,0,Ogerpon,other,15
scraped/flg_full/episode-89203676-replay.json,89203676,flg,LiamK,1,Crustle,Grimmsnarl,13
scraped/flg_full/episode-89203677-replay.json,89203677,flg,@kdcyberdude,1,M-Kangaskhan,Grimmsnarl,19
scraped/flg_full/episode-89204099-replay.json,89204099,Dominic Peel,flg,0,Grimmsnarl,M-Kangaskhan,17
scraped/flg_full/episode-89201667-replay.json,89201667,nsytsqdtn,flg,0,Grimmsnarl,other,13
scraped/flg_full/episode-89201685-replay.json,89201685,James Cox & Henry Chao,flg,1,M-Kangaskhan,M-Kangaskhan,24
scraped/flg_full/episode-89201699-replay.json,89201699,ANDPAD kaggler team,flg,1,Grimmsnarl,other,11
scraped/flg_full/episode-89202168-replay.json,89202168,カントー地方マスター(KantoRegionMaster),flg,1,Grimmsnarl,M-Kangaskhan,17
scraped/flg_full/episode-89202179-replay.json,89202179,カントー地方マスター(KantoRegionMaster),flg,0,Grimmsnarl,other,11
scraped/flg_full/episode-89202672-replay.json,89202672,JZ,flg,0,Grimmsnarl,Ogerpon,17
scraped/flg_full/episode-89202691-replay.json,89202691,flg,hinox13,1,other,Grimmsnarl,9
scraped/flg_full/episode-89202695-replay.json,89202695,flg,Luca,1,M-Kangaskhan,Grimmsnarl,21
scraped/flg_full/episode-89205193-replay.json,89205193,James Cox & Henry Chao,flg,0,M-Kangaskhan,M-Kangaskhan,11
scraped/flg_full/episode-89205194-replay.json,89205194,flg,szlachetny snieg,0,other,Grimmsnarl,9
scraped/flg_full/episode-89205213-replay.json,89205213,ANDPAD kaggler team,flg,1,Grimmsnarl,other,11
scraped/flg_full/episode-89205690-replay.json,89205690,flg,A. R. SEKKAT,0,Crustle,Grimmsnarl,25
scraped/flg_full/episode-89205691-replay.json,89205691,LumenLiquidity,flg,0,Dragapult,other,15
scraped/flg_full/episode-89206167-replay.json,89206167,Sixth Sense,flg,0,Grimmsnarl,other,11
scraped/flg_full/episode-89206185-replay.json,89206185,flg,typeIIIfairy,0,Crustle,Grimmsnarl,15
scraped/flg_full/episode-89206202-replay.json,89206202,Xiangyu Liu,flg,1,M-Kangaskhan,other,15
scraped/flg_full/episode-89206679-replay.json,89206679,ANDPAD kaggler team,flg,1,Grimmsnarl,M-Kangaskhan,28
scraped/flg_full/episode-89206688-replay.json,89206688,flg,Raihan Ramadistra,1,M-Kangaskhan,Grimmsnarl,19
scraped/flg_full/episode-89206690-replay.json,89206690,NIWATORI,flg,1,Ogerpon,other,15
scraped/flg_full/episode-89207163-replay.json,89207163,flg,Rmy,0,Crustle,Ogerpon,29
scraped/flg_full/episode-89207192-replay.json,89207192,Sushi Party,flg,1,other,Crustle,15
scraped/flg_full/episode-89207202-replay.json,89207202,flg,cm391,0,other,Grimmsnarl,13
scraped/flg_full/episode-89207690-replay.json,89207690,flg,LiamK,0,M-Kangaskhan,Grimmsnarl,15
scraped/flg_full/episode-89207698-replay.json,89207698,flg,gecogeco,0,other,Ogerpon,37
scraped/flg_full/episode-89208187-replay.json,89208187,flg,syuuuuu,1,M-Kangaskhan,Alakazam,7
scraped/flg_full/episode-89208196-replay.json,89208196,NguyenThanhNhan,flg,0,Grimmsnarl,other,13
scraped/flg_full/episode-89208685-replay.json,89208685,flg,miya,1,M-Kangaskhan,Alakazam,11
scraped/flg_full/episode-89208697-replay.json,89208697,uttc,flg,1,M-Lucario,other,7
scraped/flg_full/episode-89209181-replay.json,89209181,LiamK,flg,0,Grimmsnarl,M-Kangaskhan,17
scraped/flg_full/episode-89209188-replay.json,89209188,flg,Eldwin Sianto,0,Crustle,M-Kangaskhan,19
scraped/flg_full/episode-89209189-replay.json,89209189,Mehul Mathodia,flg,0,Archaludon,other,22
scraped/flg_full/episode-89209546-replay.json,89209546,flg,JB Bryant,1,other,Grimmsnarl,10
scraped/flg_full/episode-89210568-replay.json,89210568,flg,JB Bryant,0,other,Grimmsnarl,9
scraped/flg_full/episode-89210701-replay.json,89210701,flg,Pokemon Siuuuu,0,M-Kangaskhan,Grimmsnarl,15
scraped/flg_full/episode-89210720-replay.json,89210720,Pokemon Siuuuu,flg,1,Grimmsnarl,M-Kangaskhan,29
scraped/flg_full/episode-89210723-replay.json,89210723,Kh0a,flg,0,Grimmsnarl,other,9
scraped/flg_full/episode-89211203-replay.json,89211203,flg,bono,1,M-Kangaskhan,other,17
scraped/flg_full/episode-89211221-replay.json,89211221,flg,zhangshuosc,1,other,Grimmsnarl,9
scraped/flg_full/episode-89211701-replay.json,89211701,haggle,flg,1,Grimmsnarl,other,9
scraped/flg_full/episode-89211705-replay.json,89211705,flg,Oshbocker,1,M-Kangaskhan,M-Kangaskhan,24
scraped/flg_full/episode-89211728-replay.json,89211728,flg,junlee789,0,other,Garchomp,13
scraped/flg_full/episode-89211865-replay.json,89211865,flg,NguyenThanhNhan,0,M-Kangaskhan,Grimmsnarl,21
scraped/flg_full/episode-89212187-replay.json,89212187,flg,Dries @ Tufa Labs,0,other,Grimmsnarl,11
scraped/flg_full/episode-89212193-replay.json,89212193,flg,Azat Akhtyamov,0,Crustle,Grimmsnarl,25
scraped/flg_full/episode-89212218-replay.json,89212218,flg,me and the lads,1,other,Grimmsnarl,11
scraped/flg_full/episode-89212281-replay.json,89212281,M Sato,flg,0,Grimmsnarl,Crustle,9
scraped/flg_full/episode-89212709-replay.json,89212709,Oshbocker,flg,0,M-Kangaskhan,Ogerpon,17
scraped/flg_full/episode-89212730-replay.json,89212730,bono,flg,1,other,other,13
scraped/flg_full/episode-89209685-replay.json,89209685,Dries @ Tufa Labs,flg,0,Grimmsnarl,other,13
scraped/flg_full/episode-89209695-replay.json,89209695,flg,JZ,0,Crustle,Grimmsnarl,41
scraped/flg_full/episode-89209707-replay.json,89209707,cununn,flg,1,Alakazam,other,13
scraped/flg_full/episode-89210175-replay.json,89210175,Majkel1337,flg,0,M-Lopunny,M-Kangaskhan,13
scraped/flg_full/episode-89210198-replay.json,89210198,Pokemon Fan,flg,1,Grimmsnarl,M-Kangaskhan,23
scraped/flg_full/episode-89210200-replay.json,89210200,flg,カントー地方マスター(KantoRegionMaster),1,other,Grimmsnarl,11
scraped/flg_full/episode-89210214-replay.json,89210214,flg,Kazama Yusuke,0,other,Grimmsnarl,9
scraped/flg_full/episode-89210219-replay.json,89210219,flg,bono,0,M-Kangaskhan,other,17
scraped/flg_full/episode-89212735-replay.json,89212735,JZ,flg,1,Grimmsnarl,other,15
scraped/flg_full/episode-89213283-replay.json,89213283,flg,gecogeco,0,M-Kangaskhan,M-Kangaskhan,21
scraped/flg_full/episode-89213305-replay.json,89213305,flg,monao462,0,other,Alakazam,15
scraped/flg_full/episode-89213604-replay.json,89213604,flg,Oleksandr_Savsunenko,1,other,Grimmsnarl,10
scraped/flg_full/episode-89213708-replay.json,89213708,flg,Xiangyu Liu,0,Crustle,Grimmsnarl,47
scraped/flg_full/episode-89213709-replay.json,89213709,flg,ktr,0,M-Kangaskhan,Hydrapple,15
scraped/flg_full/episode-89213730-replay.json,89213730,flg,junlee789,0,other,Garchomp,11
scraped/flg_full/episode-89214190-replay.json,89214190,flg,Majkel1337,1,M-Kangaskhan,M-Lopunny,13
scraped/flg_full/episode-89215230-replay.json,89215230,e-toppo + kurupical,flg,0,Grimmsnarl,other,9
scraped/flg_full/episode-89215255-replay.json,89215255,flg,Oshbocker,0,other,Crustle,3
scraped/flg_full/episode-89215699-replay.json,89215699,flg,keidroid,0,Crustle,Ogerpon,27
scraped/flg_full/episode-89215718-replay.json,89215718,flg,matsurih,0,Ogerpon,Grimmsnarl,17
scraped/flg_full/episode-89215740-replay.json,89215740,flg,NorthStar,0,other,Grimmsnarl,9
scraped/flg_full/episode-89215747-replay.json,89215747,flg,ANDPAD kaggler team,1,M-Kangaskhan,Grimmsnarl,17
scraped/flg_full/episode-89216217-replay.json,89216217,sadwat,flg,1,Grimmsnarl,M-Kangaskhan,47
scraped/flg_full/episode-89216218-replay.json,89216218,flg,想要成为kaggle大师,1,M-Kangaskhan,Grimmsnarl,13
scraped/flg_full/episode-89214209-replay.json,89214209,LiamK,flg,1,Grimmsnarl,M-Kangaskhan,21
scraped/flg_full/episode-89214212-replay.json,89214212,Oshbocker,flg,0,Crustle,M-Kangaskhan,31
scraped/flg_full/episode-89214231-replay.json,89214231,Sixth Sense,flg,0,Grimmsnarl,other,9
scraped/flg_full/episode-89214715-replay.json,89214715,ANDPAD kaggler team,flg,0,Grimmsnarl,M-Kangaskhan,13
scraped/flg_full/episode-89214736-replay.json,89214736,THIRD PTCG Club,flg,1,Grimmsnarl,other,9
scraped/flg_full/episode-89215190-replay.json,89215190,flg,Brahim,1,other,M-Lopunny,13
scraped/flg_full/episode-89215220-replay.json,89215220,Luca,flg,1,Grimmsnarl,Crustle,15
scraped/flg_full/episode-89215221-replay.json,89215221,李秉叡（ntumlnoob）,flg,1,Grimmsnarl,Crustle,37
scraped/flg_full/episode-89218731-replay.json,89218731,flg,James Cox & Henry Chao,0,other,M-Kangaskhan,11
scraped/flg_full/episode-89219208-replay.json,89219208,Sixth Sense,flg,1,other,other,3
scraped/flg_full/episode-89219220-replay.json,89219220,flg,Pokemon Siuuuu,0,M-Kangaskhan,Grimmsnarl,19
scraped/flg_full/episode-89219232-replay.json,89219232,flg,Raihan Ramadistra,1,other,Grimmsnarl,9
scraped/flg_full/episode-89219713-replay.json,89219713,Yushin Ito,flg,0,Alakazam,M-Kangaskhan,17
scraped/flg_full/episode-89219720-replay.json,89219720,flg,Jake Palanca,0,other,M-Starmie,11
scraped/flg_full/episode-89219802-replay.json,89219802,flg,lolzpo+emonga,0,M-Kangaskhan,M-Lopunny,19
scraped/flg_full/episode-89220241-replay.json,89220241,flg,miya,0,M-Kangaskhan,Alakazam,27
scraped/flg_full/episode-89217720-replay.json,89217720,flg,LiamK,1,M-Kangaskhan,Grimmsnarl,17
scraped/flg_full/episode-89217742-replay.json,89217742,flg,[Deleted] 9fd16867-38ea-430d,0,other,other,3
scraped/flg_full/episode-89218196-replay.json,89218196,flg,Brahim,1,M-Kangaskhan,M-Lopunny,11
scraped/flg_full/episode-89218207-replay.json,89218207,Sixth Sense,flg,1,Grimmsnarl,M-Kangaskhan,15
scraped/flg_full/episode-89218219-replay.json,89218219,LumenLiquidity,flg,1,Dragapult,Crustle,31
scraped/flg_full/episode-89218221-replay.json,89218221,JZ,flg,1,Grimmsnarl,other,11
scraped/flg_full/episode-89218244-replay.json,89218244,flg,e-toppo + kurupical,0,other,Grimmsnarl,11
scraped/flg_full/episode-89218717-replay.json,89218717,flg,M Sato,0,M-Kangaskhan,Alakazam,19
scraped/flg_full/episode-89216237-replay.json,89216237,Majkel1337,flg,0,Ogerpon,other,13
scraped/flg_full/episode-89216396-replay.json,89216396,Oshbocker,flg,1,M-Kangaskhan,Ogerpon,43
scraped/flg_full/episode-89216716-replay.json,89216716,M Sato,flg,0,Grimmsnarl,Crustle,11
scraped/flg_full/episode-89216744-replay.json,89216744,ShumpeiNomura,flg,1,M-Kangaskhan,other,11
scraped/flg_full/episode-89217216-replay.json,89217216,Sahaj Deep Singh,flg,1,other,Crustle,12
scraped/flg_full/episode-89217221-replay.json,89217221,e-toppo + kurupical,flg,1,Grimmsnarl,Crustle,45
scraped/flg_full/episode-89217242-replay.json,89217242,flg,Mega Regigigas Ex Vmax,1,other,Grimmsnarl,11
scraped/flg_full/episode-89217250-replay.json,89217250,flg,wwwwwwwwwwwwwwwwwwwwwwwwwwwwww,0,other,Grimmsnarl,9
scraped/flg_full/episode-89220254-replay.json,89220254,カントー地方マスター(KantoRegionMaster),flg,0,Grimmsnarl,other,9
scraped/flg_full/episode-89220276-replay.json,89220276,flg,wwwwwwwwwwwwwwwwwwwwwwwwwwwwww,1,Crustle,Grimmsnarl,11
scraped/flg_full/episode-89220734-replay.json,89220734,palsystem,flg,0,Grimmsnarl,Ogerpon,19
scraped/flg_full/episode-89220743-replay.json,89220743,sadwat,flg,0,Grimmsnarl,other,11
scraped/flg_full/episode-89220753-replay.json,89220753,M Sato,flg,1,Grimmsnarl,other,11
scraped/flg_full/episode-89221244-replay.json,89221244,flg,@kdcyberdude,1,M-Kangaskhan,Grimmsnarl,20
scraped/flg_full/episode-89221259-replay.json,89221259,flg,LiamK,1,other,Grimmsnarl,9
scraped/flg_full/episode-89221758-replay.json,89221758,flg,palsystem,0,M-Kangaskhan,Grimmsnarl,15
scraped/flg_full/episode-89221771-replay.json,89221771,saku_tohoku,flg,1,other,other,4
scraped/flg_full/episode-89222243-replay.json,89222243,sadwat,flg,1,Grimmsnarl,M-Kangaskhan,29
scraped/flg_full/episode-89222270-replay.json,89222270,flg,Octavi Grau,1,M-Kangaskhan,Garchomp,33
scraped/flg_full/episode-89222302-replay.json,89222302,six seven,flg,0,M-Kangaskhan,other,15
scraped/flg_full/episode-89222763-replay.json,89222763,keidroid,flg,1,Ogerpon,M-Kangaskhan,21
scraped/flg_full/episode-89222767-replay.json,89222767,flg,Raihan Ramadistra,1,other,Grimmsnarl,9
scraped/flg_full/episode-89222771-replay.json,89222771,wwwwwwwwwwwwwwwwwwwwwwwwwwwwww,flg,1,Grimmsnarl,other,11
scraped/flg_full/episode-89222776-replay.json,89222776,flg,やる気元気ミワハルキ,1,other,Grimmsnarl,9
scraped/flg_full/episode-89223255-replay.json,89223255,lollipop947,flg,1,Grimmsnarl,Crustle,17
scraped/flg_full/episode-89223275-replay.json,89223275,flg,lolzpo+emonga,0,other,M-Lopunny,17
scraped/flg_full/episode-89223349-replay.json,89223349,flg,lolzpo+emonga,0,M-Kangaskhan,M-Lopunny,17
scraped/flg_full/episode-89223756-replay.json,89223756,Keita Yanome,flg,1,Alakazam,M-Kangaskhan,18
scraped/flg_full/episode-89223768-replay.json,89223768,flg,カントー地方マスター(KantoRegionMaster),0,other,Grimmsnarl,9
scraped/flg_full/episode-89223778-replay.json,89223778,flg,Deng mengcan,0,other,M-Lucario,9
scraped/flg_full/episode-89224257-replay.json,89224257,Dominic Peel,flg,1,Grimmsnarl,M-Kangaskhan,27
scraped/flg_full/episode-89224274-replay.json,89224274,flg,Breno Mazza,0,other,other,9
scraped/flg_full/episode-89224285-replay.json,89224285,Pokemon Siuuuu,flg,0,Grimmsnarl,other,7
scraped/flg_full/episode-89224754-replay.json,89224754,JZ,flg,0,Grimmsnarl,M-Kangaskhan,17
scraped/flg_full/episode-89224777-replay.json,89224777,flg,やる気元気ミワハルキ,1,other,Grimmsnarl,9
scraped/flg_full/episode-89224785-replay.json,89224785,flg,カントー地方マスター(KantoRegionMaster),1,other,Hydrapple,15
scraped/flg_full/episode-89225263-replay.json,89225263,keidroid,flg,1,Ogerpon,M-Kangaskhan,39
scraped/flg_full/episode-89225274-replay.json,89225274,Luca,flg,0,Grimmsnarl,other,11
scraped/flg_full/episode-89225282-replay.json,89225282,flg,Pokemon Siuuuu,0,other,Grimmsnarl,9
scraped/flg_full/episode-89225293-replay.json,89225293,flg,Luca,1,M-Kangaskhan,Grimmsnarl,15
scraped/flg_full/episode-89226819-replay.json,89226819,flg,Brahim,0,other,other,15
scraped/flg_full/episode-89227216-replay.json,89227216,flg,Majkel1337,0,M-Kangaskhan,Ogerpon,25
scraped/flg_full/episode-89227284-replay.json,89227284,Octavi Grau,flg,1,Garchomp,Ogerpon,27
scraped/flg_full/episode-89227292-replay.json,89227292,flg,keidroid,0,Crustle,Ogerpon,29
scraped/flg_full/episode-89227305-replay.json,89227305,LumenLiquidity,flg,1,Dragapult,Crustle,21
scraped/flg_full/episode-89227320-replay.json,89227320,flg,ANDPAD kaggler team,1,other,Grimmsnarl,9
scraped/flg_full/episode-89227322-replay.json,89227322,flg,Pokémon Day Care,1,other,Grimmsnarl,11
scraped/flg_full/episode-89227783-replay.json,89227783,junlee789,flg,1,Garchomp,Crustle,39
scraped/flg_full/episode-89229428-replay.json,89229428,Pokopia,flg,0,Grimmsnarl,other,11
scraped/flg_full/episode-89229901-replay.json,89229901,Brahim,flg,0,M-Lopunny,M-Kangaskhan,17
scraped/flg_full/episode-89229916-replay.json,89229916,LiamK,flg,0,Grimmsnarl,M-Kangaskhan,13
scraped/flg_full/episode-89229927-replay.json,89229927,flg,e-toppo + kurupical,0,Crustle,Grimmsnarl,17
scraped/flg_full/episode-89229977-replay.json,89229977,TTT Is All You Need,flg,1,Grimmsnarl,other,11
scraped/flg_full/episode-89230427-replay.json,89230427,やる気元気ミワハルキ,flg,0,Grimmsnarl,M-Kangaskhan,15
scraped/flg_full/episode-89230434-replay.json,89230434,Sixth Sense,flg,0,Grimmsnarl,M-Kangaskhan,17
scraped/flg_full/episode-89230492-replay.json,89230492,Unreal Drip,flg,1,Garchomp,other,11
scraped/flg_full/episode-89225758-replay.json,89225758,flg,odakazu,0,Ogerpon,other,31
scraped/flg_full/episode-89225787-replay.json,89225787,Luca,flg,0,Grimmsnarl,other,11
scraped/flg_full/episode-89225791-replay.json,89225791,Pokemon Siuuuu,flg,0,Grimmsnarl,M-Kangaskhan,17
scraped/flg_full/episode-89226219-replay.json,89226219,やる気元気ミワハルキ,flg,1,Grimmsnarl,Crustle,23
scraped/flg_full/episode-89226232-replay.json,89226232,やる気元気ミワハルキ,flg,1,Grimmsnarl,M-Kangaskhan,21
scraped/flg_full/episode-89226247-replay.json,89226247,flg,nsytsqdtn,1,other,Grimmsnarl,13
scraped/flg_full/episode-89226782-replay.json,89226782,flg,李秉叡（ntumlnoob）,0,M-Kangaskhan,Grimmsnarl,21
scraped/flg_full/episode-89226792-replay.json,89226792,flg,e-toppo + kurupical,1,M-Kangaskhan,Grimmsnarl,23
scraped/flg_full/episode-89227787-replay.json,89227787,JZ,flg,1,Grimmsnarl,M-Kangaskhan,37
scraped/flg_full/episode-89227829-replay.json,89227829,flg,Lunariz,0,other,Alakazam,19
scraped/flg_full/episode-89228301-replay.json,89228301,flg,Majkel1337,1,M-Kangaskhan,M-Lopunny,9
scraped/flg_full/episode-89228311-replay.json,89228311,李秉叡（ntumlnoob）,flg,1,Grimmsnarl,M-Kangaskhan,63
scraped/flg_full/episode-89228357-replay.json,89228357,Pokemon Fan,flg,1,Grimmsnarl,other,15
scraped/flg_full/episode-89228858-replay.json,89228858,flg,Oshbocker,0,M-Kangaskhan,M-Kangaskhan,31
scraped/flg_full/episode-89228884-replay.json,89228884,ANDPAD kaggler team,flg,0,Grimmsnarl,other,11
scraped/flg_full/episode-89229384-replay.json,89229384,flg,Octavi Grau,0,Crustle,Garchomp,25
scraped/flg_full/episode-89230932-replay.json,89230932,JZ,flg,1,Grimmsnarl,Ogerpon,22
scraped/flg_full/episode-89231008-replay.json,89231008,flg,宝糕手,1,other,Dragapult,13
scraped/flg_full/episode-89231450-replay.json,89231450,flg,vvs,0,Crustle,Grimmsnarl,17
scraped/flg_full/episode-89231962-replay.json,89231962,flg,LiamK,1,M-Kangaskhan,Grimmsnarl,16
scraped/flg_full/episode-89232452-replay.json,89232452,wwwwwwwwwwwwwwwwwwwwwwwwwwwwww,flg,1,Grimmsnarl,M-Kangaskhan,17
scraped/flg_full/episode-89232486-replay.json,89232486,Raihan Ramadistra,flg,0,Grimmsnarl,other,10
scraped/flg_full/episode-89233000-replay.json,89233000,flg,LumenLiquidity,1,M-Kangaskhan,Dragapult,19
scraped/flg_full/episode-89233018-replay.json,89233018,JZ,flg,1,Grimmsnarl,M-Kangaskhan,19
scraped/flg_full/episode-89235055-replay.json,89235055,flg,keidroid,0,M-Kangaskhan,Ogerpon,13
scraped/flg_full/episode-89235062-replay.json,89235062,flg,Sixth Sense,1,M-Kangaskhan,Grimmsnarl,16
scraped/flg_full/episode-89235074-replay.json,89235074,LiamK,flg,0,Grimmsnarl,other,11
scraped/flg_full/episode-89235566-replay.json,89235566,flg,やる気元気ミワハルキ,0,M-Kangaskhan,Grimmsnarl,19
scraped/flg_full/episode-89236098-replay.json,89236098,flg,Pokopia,1,M-Kangaskhan,Grimmsnarl,17
scraped/flg_full/episode-89236534-replay.json,89236534,ヌメルゴンex,flg,1,Grimmsnarl,M-Kangaskhan,12
scraped/flg_full/episode-89236622-replay.json,89236622,Gijs Smit,flg,1,Hydrapple,M-Kangaskhan,15
scraped/flg_full/episode-89237134-replay.json,89237134,flg,RtoABC,0,M-Kangaskhan,Dragapult,29
scraped/flg_full/episode-89239675-replay.json,89239675,flg,James Cox & Henry Chao,1,Crustle,other,1
scraped/flg_full/episode-89240201-replay.json,89240201,flg,haggle,0,other,Grimmsnarl,11
scraped/flg_full/episode-89240204-replay.json,89240204,flg,keidroid,0,M-Kangaskhan,Ogerpon,25
scraped/flg_full/episode-89240210-replay.json,89240210,insuperabilehart,flg,1,Grimmsnarl,Ogerpon,21
scraped/flg_full/episode-89240717-replay.json,89240717,Octavi Grau,flg,1,Garchomp,Crustle,33
scraped/flg_full/episode-89241193-replay.json,89241193,Majkel1337,flg,0,M-Lopunny,M-Kangaskhan,11
scraped/flg_full/episode-89241207-replay.json,89241207,Rmy,flg,1,Ogerpon,Crustle,19
scraped/flg_full/episode-89241209-replay.json,89241209,flg,Brahim,1,M-Kangaskhan,M-Lopunny,17
scraped/flg_full/episode-89237223-replay.json,89237223,flg,やる気元気ミワハルキ,0,other,Grimmsnarl,11
scraped/flg_full/episode-89237630-replay.json,89237630,flg,Brahim,1,M-Kangaskhan,M-Lopunny,13
scraped/flg_full/episode-89237646-replay.json,89237646,flg,Luca,1,Crustle,Grimmsnarl,9
scraped/flg_full/episode-89238154-replay.json,89238154,leche1153,flg,1,other,Crustle,19
scraped/flg_full/episode-89238662-replay.json,89238662,@kdcyberdude,flg,1,Grimmsnarl,M-Kangaskhan,23
scraped/flg_full/episode-89239157-replay.json,89239157,Majkel1337,flg,1,Ogerpon,M-Kangaskhan,21
scraped/flg_full/episode-89239163-replay.json,89239163,Rmy,flg,1,Ogerpon,M-Kangaskhan,21
scraped/flg_full/episode-89239173-replay.json,89239173,カントー地方マスター(KantoRegionMaster),flg,1,Hydrapple,M-Kangaskhan,21
scraped/flg_full/episode-89233506-replay.json,89233506,suzu10,flg,1,Alakazam,M-Kangaskhan,20
scraped/flg_full/episode-89233522-replay.json,89233522,flg,JZ,1,M-Kangaskhan,Grimmsnarl,37
scraped/flg_full/episode-89233531-replay.json,89233531,やる気元気ミワハルキ,flg,1,Grimmsnarl,other,11
scraped/flg_full/episode-89233954-replay.json,89233954,flg,Majkel1337,1,M-Kangaskhan,M-Lopunny,15
scraped/flg_full/episode-89233975-replay.json,89233975,やる気元気ミワハルキ,flg,1,Grimmsnarl,M-Kangaskhan,21
scraped/flg_full/episode-89234004-replay.json,89234004,flg,やる気元気ミワハルキ,1,other,Grimmsnarl,8
scraped/flg_full/episode-89234551-replay.json,89234551,flg,ANDPAD kaggler team,0,M-Kangaskhan,Grimmsnarl,49
scraped/flg_full/episode-89235042-replay.json,89235042,flg,Majkel1337,1,M-Kangaskhan,M-Lopunny,19
scraped/flg_full/episode-89243794-replay.json,89243794,flg,Rmy,0,M-Kangaskhan,Ogerpon,21
scraped/flg_full/episode-89243815-replay.json,89243815,flg,Rmy,0,M-Kangaskhan,Ogerpon,51
scraped/flg_full/episode-89244308-replay.json,89244308,Dries @ Tufa Labs,flg,1,Grimmsnarl,Crustle,15
scraped/flg_full/episode-89244814-replay.json,89244814,keidroid,flg,1,Ogerpon,Crustle,15
scraped/flg_full/episode-89244815-replay.json,89244815,flg,James Cox & Henry Chao,1,Crustle,Ogerpon,1
scraped/flg_full/episode-89245346-replay.json,89245346,flg,keidroid,0,M-Kangaskhan,Ogerpon,11
scraped/flg_full/episode-89245871-replay.json,89245871,flg,keidroid,0,M-Kangaskhan,Ogerpon,25
scraped/flg_full/episode-89245915-replay.json,89245915,flg,Majkel1337,0,Crustle,Ogerpon,29
scraped/flg_full/episode-89241768-replay.json,89241768,Rmy,flg,1,Ogerpon,M-Kangaskhan,21
scraped/flg_full/episode-89242241-replay.json,89242241,flg,e-toppo + kurupical,0,M-Kangaskhan,Grimmsnarl,21
scraped/flg_full/episode-89242738-replay.json,89242738,flg,Brahim,1,M-Kangaskhan,M-Lopunny,17
scraped/flg_full/episode-89242753-replay.json,89242753,flg,Raihan Ramadistra,0,Crustle,Grimmsnarl,21
scraped/flg_full/episode-89243257-replay.json,89243257,flg,Brahim,1,M-Kangaskhan,M-Lopunny,11
scraped/flg_full/episode-89243271-replay.json,89243271,keidroid,flg,1,Ogerpon,M-Kangaskhan,27
scraped/flg_full/episode-89243272-replay.json,89243272,flg,Majkel1337,0,Ogerpon,Ogerpon,59
scraped/flg_full/episode-89243545-replay.json,89243545,flg,Mafaalu,0,M-Kangaskhan,M-Lopunny,15
scraped/flg_full/episode-89246414-replay.json,89246414,wwwwwwwwwwwwwwwwwwwwwwwwwwwwww,flg,1,Grimmsnarl,Crustle,15
scraped/flg_full/episode-89246895-replay.json,89246895,flg,LumenLiquidity,0,M-Kangaskhan,Dragapult,31
scraped/flg_full/episode-89247388-replay.json,89247388,flg,Brahim,1,Crustle,M-Lopunny,13
scraped/flg_full/episode-89247409-replay.json,89247409,Majkel1337,flg,1,Ogerpon,M-Kangaskhan,27
scraped/flg_full/episode-89247849-replay.json,89247849,flg,Majkel1337,1,Crustle,Ogerpon,1
scraped/flg_full/episode-89248911-replay.json,89248911,Brahim,flg,1,M-Lopunny,M-Kangaskhan,11
scraped/flg_full/episode-89250965-replay.json,89250965,Majkel1337,flg,0,M-Lopunny,M-Kangaskhan,13
scraped/flg_full/episode-89251478-replay.json,89251478,Brahim,flg,0,M-Lopunny,M-Kangaskhan,13
scraped/flg_full/episode-89251544-replay.json,89251544,flg,Rmy,1,other,Ogerpon,13
scraped/flg_full/episode-89252489-replay.json,89252489,Brahim,flg,1,M-Lopunny,M-Kangaskhan,13
scraped/flg_full/episode-89252832-replay.json,89252832,カントー地方マスター(KantoRegionMaster),flg,1,Grimmsnarl,other,13
scraped/flg_full/episode-89253002-replay.json,89253002,Majkel1337,flg,0,M-Lopunny,Crustle,3
scraped/flg_full/episode-89253985-replay.json,89253985,Brahim,flg,0,M-Lopunny,M-Kangaskhan,15
scraped/flg_full/episode-89254018-replay.json,89254018,flg,Majkel1337,1,M-Kangaskhan,M-Lopunny,15
scraped/flg_full/episode-89256021-replay.json,89256021,flg,Majkel1337,1,M-Kangaskhan,M-Lopunny,13
scraped/flg_full/episode-89256023-replay.json,89256023,Brahim,flg,0,M-Lopunny,M-Kangaskhan,13
scraped/flg_full/episode-89262264-replay.json,89262264,カントー地方マスター(KantoRegionMaster),flg,1,Grimmsnarl,M-Kangaskhan,15
scraped/flg_full/episode-89262313-replay.json,89262313,flg,Marshall Maximizer,0,other,M-Kangaskhan,15
scraped/flg_full/episode-89262737-replay.json,89262737,flg,NaNomin,0,Ogerpon,M-Lucario,21
scraped/flg_full/episode-89263254-replay.json,89263254,Dominic Peel,flg,1,Grimmsnarl,Crustle,21
scraped/flg_full/episode-89263756-replay.json,89263756,Yushin Ito,flg,0,Alakazam,M-Kangaskhan,11
scraped/flg_full/episode-89264249-replay.json,89264249,Majkel1337,flg,0,M-Lopunny,M-Kangaskhan,9
scraped/flg_full/episode-89264271-replay.json,89264271,flg,LiamK,1,M-Kangaskhan,Grimmsnarl,11
scraped/flg_full/episode-89264669-replay.json,89264669,Majkel1337,flg,0,M-Lopunny,M-Kangaskhan,15
scraped/flg_full/episode-89257546-replay.json,89257546,flg,Majkel1337,0,M-Kangaskhan,M-Lopunny,25
scraped/flg_full/episode-89259102-replay.json,89259102,flg,Majkel1337,1,M-Kangaskhan,M-Lopunny,13
scraped/flg_full/episode-89259153-replay.json,89259153,e-toppo + kurupical,flg,1,Grimmsnarl,Crustle,19
scraped/flg_full/episode-89259615-replay.json,89259615,flg,Brahim,1,M-Kangaskhan,M-Lopunny,11
scraped/flg_full/episode-89259716-replay.json,89259716,flg,Dries @ Tufa Labs,1,Crustle,Grimmsnarl,12
scraped/flg_full/episode-89260632-replay.json,89260632,flg,Majkel1337,1,Ogerpon,other,3
scraped/flg_full/episode-89261598-replay.json,89261598,Majkel1337,flg,1,Ogerpon,M-Kangaskhan,27
scraped/flg_full/episode-89262238-replay.json,89262238,flg,Majkel1337,0,M-Kangaskhan,Ogerpon,29
scraped/flg_full/episode-89265321-replay.json,89265321,flg,やる気元気ミワハルキ,0,Crustle,Grimmsnarl,19
scraped/flg_full/episode-89265686-replay.json,89265686,Brahim,flg,0,M-Lopunny,M-Kangaskhan,9
scraped/flg_full/episode-89265694-replay.json,89265694,Majkel1337,flg,1,Ogerpon,M-Kangaskhan,43
scraped/flg_full/episode-89265756-replay.json,89265756,flg,想要成为kaggle大师,0,Crustle,Grimmsnarl,35
scraped/flg_full/episode-89266324-replay.json,89266324,flg,やる気元気ミワハルキ,1,M-Kangaskhan,Grimmsnarl,11
scraped/flg_full/episode-89266741-replay.json,89266741,Majkel1337,flg,0,M-Lopunny,M-Kangaskhan,13
scraped/flg_full/episode-89266888-replay.json,89266888,James Cox & Henry Chao,flg,0,M-Kangaskhan,M-Kangaskhan,13
scraped/flg_full/episode-89267312-replay.json,89267312,想要成为kaggle大师,flg,0,Grimmsnarl,M-Kangaskhan,17
scraped/flg_full/episode-89267367-replay.json,89267367,flg,Dries @ Tufa Labs,0,Crustle,Grimmsnarl,23
scraped/flg_full/episode-89267875-replay.json,89267875,Sixth Sense,flg,1,Grimmsnarl,Crustle,15
scraped/flg_full/episode-89268366-replay.json,89268366,flg,masspeaks,0,M-Kangaskhan,Grimmsnarl,17
scraped/flg_full/episode-89268859-replay.json,89268859,Brahim,flg,0,M-Lopunny,M-Kangaskhan,9
scraped/flg_full/episode-89268864-replay.json,89268864,Benarg,flg,0,Grimmsnarl,other,7
scraped/flg_full/episode-89268870-replay.json,89268870,flg,Dominic Peel,1,M-Kangaskhan,Grimmsnarl,21
scraped/flg_full/episode-89269378-replay.json,89269378,flg,Iliamna,0,M-Kangaskhan,Hydrapple,15
scraped/flg_full/episode-89270411-replay.json,89270411,Yushin Ito,flg,1,Alakazam,M-Kangaskhan,21
scraped/flg_full/episode-89270488-replay.json,89270488,Octavi Grau,flg,1,Garchomp,M-Kangaskhan,53
scraped/flg_full/episode-89270895-replay.json,89270895,Octavi Grau,flg,1,Garchomp,M-Kangaskhan,23
scraped/flg_full/episode-89271226-replay.json,89271226,flg,xnx,1,other,Grimmsnarl,7
scraped/flg_full/episode-89271424-replay.json,89271424,flg,James Cox & Henry Chao,0,M-Kangaskhan,M-Kangaskhan,17
scraped/flg_full/episode-89272287-replay.json,89272287,flg,SQUIRTLE (prime),1,Crustle,Grimmsnarl,14
scraped/flg_full/episode-89272445-replay.json,89272445,xnx,flg,0,Grimmsnarl,other,11
scraped/flg_full/episode-89272533-replay.json,89272533,Rmy,flg,1,Ogerpon,M-Kangaskhan,25
scraped/flg_full/episode-89272977-replay.json,89272977,XtraLearning,flg,1,M-Kangaskhan,M-Kangaskhan,35
scraped/flg_full/episode-89276116-replay.json,89276116,Kazama Yusuke,flg,1,Ogerpon,Crustle,47
scraped/flg_full/episode-89276178-replay.json,89276178,LumenLiquidity,flg,1,Dragapult,other,13
scraped/flg_full/episode-89276606-replay.json,89276606,Majkel1337,flg,0,M-Lopunny,Crustle,7
scraped/flg_full/episode-89276632-replay.json,89276632,flg,Majkel1337,0,Crustle,Ogerpon,23
scraped/flg_full/episode-89277029-replay.json,89277029,flg,Rmy,0,Crustle,Ogerpon,33
scraped/flg_full/episode-89277244-replay.json,89277244,flg,lolzpo+emonga,1,other,M-Lopunny,15
scraped/flg_full/episode-89277651-replay.json,89277651,flg,Majkel1337,1,M-Kangaskhan,M-Lopunny,11
scraped/flg_full/episode-89277670-replay.json,89277670,flg,Anuj Saha,0,Ogerpon,other,15
scraped/flg_full/episode-89273497-replay.json,89273497,flg,YutoRagi,0,M-Kangaskhan,Dudunsparce,21
scraped/flg_full/episode-89273536-replay.json,89273536,LumenLiquidity,flg,0,Dragapult,other,13
scraped/flg_full/episode-89273795-replay.json,89273795,flg,Kosmostars,1,other,Grimmsnarl,9
scraped/flg_full/episode-89274001-replay.json,89274001,haggle,flg,0,Grimmsnarl,Ogerpon,20
scraped/flg_full/episode-89274578-replay.json,89274578,flg,ANDPAD kaggler team,0,M-Kangaskhan,Grimmsnarl,31
scraped/flg_full/episode-89275046-replay.json,89275046,James Cox & Henry Chao,flg,1,M-Kangaskhan,Ogerpon,24
scraped/flg_full/episode-89275557-replay.json,89275557,flg,Majkel1337,1,M-Kangaskhan,M-Lopunny,15
scraped/flg_full/episode-89275586-replay.json,89275586,flg,Octavi Grau,1,M-Kangaskhan,Garchomp,13
scraped/flg_full/episode-89278193-replay.json,89278193,LumenLiquidity,flg,1,Dragapult,M-Kangaskhan,41
scraped/flg_full/episode-89278724-replay.json,89278724,flg,黒田彩人,0,M-Kangaskhan,Grimmsnarl,15
scraped/flg_full/episode-89279222-replay.json,89279222,flg,sadwat,0,Ogerpon,Grimmsnarl,17
scraped/flg_full/episode-89279776-replay.json,89279776,flg,Octavi Grau,1,M-Kangaskhan,Garchomp,23
scraped/flg_full/episode-89280192-replay.json,89280192,palsystem,flg,0,Grimmsnarl,M-Kangaskhan,11
scraped/flg_full/episode-89280828-replay.json,89280828,flg,やる気元気ミワハルキ,0,M-Kangaskhan,Grimmsnarl,17
scraped/flg_full/episode-89281370-replay.json,89281370,Cook Noah,flg,1,Hydrapple,M-Kangaskhan,32
scraped/flg_full/episode-89281896-replay.json,89281896,flg,Locomorange,0,M-Kangaskhan,Alakazam,21
scraped/flg_full/episode-89282360-replay.json,89282360,flg,KKasai,0,M-Kangaskhan,Alakazam,25
scraped/flg_full/episode-89282957-replay.json,89282957,Brahim,flg,0,M-Lopunny,M-Kangaskhan,17
scraped/flg_full/episode-89283507-replay.json,89283507,flg,Pokemon Siuuuu,0,Crustle,Grimmsnarl,15
scraped/flg_full/episode-89284030-replay.json,89284030,Majkel1337,flg,1,Ogerpon,Crustle,51
scraped/flg_full/episode-89284557-replay.json,89284557,bono,flg,1,other,M-Kangaskhan,21
scraped/flg_full/episode-89285091-replay.json,89285091,flg,やる気元気ミワハルキ,0,Ogerpon,Grimmsnarl,25
scraped/flg_full/episode-89285133-replay.json,89285133,Dũng Đỗ,flg,1,M-Kangaskhan,other,13
scraped/flg_full/episode-89285618-replay.json,89285618,flg,NinjaAviral,0,M-Kangaskhan,other,9
scraped/flg_full/episode-89286183-replay.json,89286183,flg,Octavi Grau,0,M-Kangaskhan,Garchomp,47
scraped/flg_full/episode-89286687-replay.json,89286687,flg,LiamK,0,Crustle,Grimmsnarl,19
scraped/flg_full/episode-89287070-replay.json,89287070,tokk,flg,1,Alakazam,other,21
scraped/flg_full/episode-89287790-replay.json,89287790,flg,Sixth Sense,1,M-Kangaskhan,Grimmsnarl,13
scraped/flg_full/episode-89288352-replay.json,89288352,Liesvy Valladares,flg,1,Grimmsnarl,Crustle,16
scraped/flg_full/episode-89289446-replay.json,89289446,keidroid,flg,1,Ogerpon,M-Kangaskhan,51
scraped/flg_full/episode-89289799-replay.json,89289799,flg,tokk,1,other,Alakazam,7
scraped/flg_full/episode-89289985-replay.json,89289985,szlachetny snieg,flg,1,Grimmsnarl,M-Kangaskhan,21
scraped/flg_full/episode-89290268-replay.json,89290268,NguyenThanhNhan,flg,0,Grimmsnarl,M-Kangaskhan,11
scraped/flg_full/episode-89290520-replay.json,89290520,flg,想要成为kaggle大师,0,M-Kangaskhan,Grimmsnarl,31
scraped/flg_full/episode-89291010-replay.json,89291010,Majkel1337,flg,0,M-Lopunny,M-Kangaskhan,11
scraped/flg_full/episode-89291098-replay.json,89291098,flg,Majkel1337,0,Crustle,Ogerpon,57
scraped/flg_full/episode-89291578-replay.json,89291578,Pokér-man,flg,0,Alakazam,other,49
scraped/flg_full/episode-89293640-replay.json,89293640,Majkel1337,flg,0,M-Lopunny,M-Kangaskhan,15
scraped/flg_full/episode-89296188-replay.json,89296188,flg,NguyenThanhNhan,1,Ogerpon,Grimmsnarl,15
scraped/flg_full/episode-89301473-replay.json,89301473,lolzpo+emonga,flg,0,M-Lopunny,other,13
scraped/flg_full/episode-89313354-replay.json,89313354,Majkel1337,flg,0,M-Lopunny,M-Kangaskhan,9
scraped/flg_full/episode-89313412-replay.json,89313412,那个男人,flg,1,Grimmsnarl,M-Kangaskhan,17
scraped/flg_full/episode-89313872-replay.json,89313872,flg,LiamK,1,Ogerpon,Grimmsnarl,9
scraped/flg_full/episode-89314492-replay.json,89314492,LagrangianLocomotive,flg,1,M-Starmie,M-Kangaskhan,13
scraped/flg_full/episode-89315011-replay.json,89315011,@kdcyberdude,flg,1,Grimmsnarl,Ogerpon,39
scraped/flg_full/episode-89315524-replay.json,89315524,keidroid,flg,1,Ogerpon,M-Kangaskhan,37
scraped/flg_full/episode-89316033-replay.json,89316033,flg,lolzpo+emonga,1,M-Kangaskhan,M-Lopunny,23
scraped/flg_full/episode-89316539-replay.json,89316539,Majkel1337,flg,1,M-Lopunny,M-Kangaskhan,11
scraped/flg_full/episode-89302240-replay.json,89302240,szlachetny snieg,flg,1,Grimmsnarl,M-Kangaskhan,21
scraped/flg_full/episode-89308051-replay.json,89308051,Majkel1337,flg,0,M-Lopunny,M-Kangaskhan,11
scraped/flg_full/episode-89308156-replay.json,89308156,flg,Where is my orbit,1,M-Kangaskhan,M-Kangaskhan,20
scraped/flg_full/episode-89309037-replay.json,89309037,flg,pokemon master,0,other,Grimmsnarl,11
scraped/flg_full/episode-89309561-replay.json,89309561,wwwwwwwwwwwwwwwwwwwwwwwwwwwwww,flg,0,Grimmsnarl,other,11
scraped/flg_full/episode-89311334-replay.json,89311334,flg,szlachetny snieg,0,Crustle,Grimmsnarl,29
scraped/flg_full/episode-89312108-replay.json,89312108,Majkel1337,flg,1,M-Lopunny,M-Kangaskhan,13
scraped/flg_full/episode-89312909-replay.json,89312909,flg,대답해드리는게인지상정,0,M-Kangaskhan,Grimmsnarl,15
scraped/flg_full/episode-89320247-replay.json,89320247,flg,Majkel1337,0,M-Kangaskhan,M-Lopunny,19
scraped/flg_full/episode-89320260-replay.json,89320260,flg,NguyenThanhNhan,1,M-Kangaskhan,Grimmsnarl,18
scraped/flg_full/episode-89320732-replay.json,89320732,flg,Majkel1337,1,M-Kangaskhan,M-Lopunny,17
scraped/flg_full/episode-89320741-replay.json,89320741,Yuya Fujiwara,flg,1,Dragapult,M-Kangaskhan,24
scraped/flg_full/episode-89321267-replay.json,89321267,想要成为kaggle大师,flg,0,Grimmsnarl,M-Kangaskhan,15
scraped/flg_full/episode-89321823-replay.json,89321823,Majkel1337,flg,0,M-Lopunny,M-Kangaskhan,17
scraped/flg_full/episode-89321850-replay.json,89321850,flg,keidroid,0,M-Kangaskhan,Ogerpon,55
scraped/flg_full/episode-89322317-replay.json,89322317,flg,keidroid,0,Crustle,Ogerpon,35
scraped/flg_full/episode-89322864-replay.json,89322864,flg,NguyenThanhNhan,1,M-Kangaskhan,Grimmsnarl,21
scraped/flg_full/episode-89323383-replay.json,89323383,keidroid,flg,1,Ogerpon,M-Kangaskhan,33
scraped/flg_full/episode-89323917-replay.json,89323917,flg,Pokemon Siuuuu,0,Crustle,Grimmsnarl,25
scraped/flg_full/episode-89324439-replay.json,89324439,NguyenThanhNhan,flg,0,Grimmsnarl,Crustle,13
scraped/flg_full/episode-89324507-replay.json,89324507,Rmy,flg,1,Ogerpon,other,9
scraped/flg_full/episode-89324967-replay.json,89324967,flg,Where is my orbit,0,M-Kangaskhan,M-Kangaskhan,23
scraped/flg_full/episode-89325512-replay.json,89325512,flg,Luca,1,M-Kangaskhan,Grimmsnarl,31
scraped/flg_full/episode-89326015-replay.json,89326015,flg,Majkel1337,0,M-Kangaskhan,M-Lopunny,7
scraped/flg_full/episode-89316566-replay.json,89316566,haggle,flg,1,Grimmsnarl,Crustle,17
scraped/flg_full/episode-89317066-replay.json,89317066,GuerillaMoon,flg,0,Grimmsnarl,other,11
scraped/flg_full/episode-89317083-replay.json,89317083,flg,Luca,0,M-Kangaskhan,Grimmsnarl,25
scraped/flg_full/episode-89317609-replay.json,89317609,flg,やる気元気ミワハルキ,0,Ogerpon,Grimmsnarl,45
scraped/flg_full/episode-89318124-replay.json,89318124,e-toppo + kurupical,flg,0,Grimmsnarl,M-Kangaskhan,21
scraped/flg_full/episode-89318659-replay.json,89318659,ShadowCoder,flg,1,Grimmsnarl,M-Kangaskhan,19
scraped/flg_full/episode-89319192-replay.json,89319192,flg,takahia,0,M-Kangaskhan,M-Lucario,19
scraped/flg_full/episode-89319703-replay.json,89319703,대답해드리는게인지상정,flg,1,Grimmsnarl,M-Kangaskhan,15
scraped/flg_full/episode-89332420-replay.json,89332420,flg,nakanoData,0,Crustle,Crustle,19
scraped/flg_full/episode-89332979-replay.json,89332979,flg,想要成为kaggle大师,0,M-Kangaskhan,Grimmsnarl,17
scraped/flg_full/episode-89333508-replay.json,89333508,flg,haggle,1,M-Kangaskhan,Grimmsnarl,15
scraped/flg_full/episode-89334495-replay.json,89334495,Majkel1337,flg,0,M-Lopunny,M-Kangaskhan,18
scraped/flg_full/episode-89335034-replay.json,89335034,Majkel1337,flg,0,M-Lopunny,M-Kangaskhan,13
scraped/flg_full/episode-89337129-replay.json,89337129,flg,Majkel1337,1,M-Kangaskhan,M-Lopunny,15
scraped/flg_full/episode-89338099-replay.json,89338099,かーーき,flg,1,Archaludon,M-Kangaskhan,16
scraped/flg_full/episode-89338181-replay.json,89338181,flg,Majkel1337,1,M-Kangaskhan,M-Lopunny,17
scraped/flg_full/episode-89326036-replay.json,89326036,flg,Iliamna,0,Ogerpon,Hydrapple,21
scraped/flg_full/episode-89326561-replay.json,89326561,flg,szlachetny snieg,1,M-Kangaskhan,Grimmsnarl,18
scraped/flg_full/episode-89327101-replay.json,89327101,flg,Majkel1337,0,Crustle,Ogerpon,43
scraped/flg_full/episode-89327618-replay.json,89327618,flg,insuperabilehart,0,Ogerpon,Grimmsnarl,19
scraped/flg_full/episode-89328083-replay.json,89328083,flg,Koshiro Yasuyama,0,M-Kangaskhan,Crustle,7
scraped/flg_full/episode-89328592-replay.json,89328592,flg,Thai,0,other,Hydrapple,19
scraped/flg_full/episode-89328686-replay.json,89328686,flg,대답해드리는게인지상정,0,M-Kangaskhan,Grimmsnarl,17
scraped/flg_full/episode-89329196-replay.json,89329196,Majkel1337,flg,0,M-Lopunny,M-Kangaskhan,13
scraped/flg_full/episode-89329206-replay.json,89329206,flg,Iliamna,0,M-Kangaskhan,Hydrapple,19
scraped/flg_full/episode-89329474-replay.json,89329474,yuya,flg,1,Grimmsnarl,Crustle,17
scraped/flg_full/episode-89329732-replay.json,89329732,@kdcyberdude,flg,1,Grimmsnarl,M-Kangaskhan,35
scraped/flg_full/episode-89330259-replay.json,89330259,Pokemon Siuuuu,flg,0,Grimmsnarl,Crustle,15
scraped/flg_full/episode-89330717-replay.json,89330717,sadwat,flg,1,Grimmsnarl,other,13
scraped/flg_full/episode-89330811-replay.json,89330811,flg,suzu10,0,M-Kangaskhan,Alakazam,27
scraped/flg_full/episode-89331333-replay.json,89331333,flg,NguyenThanhNhan,0,M-Kangaskhan,Grimmsnarl,18
scraped/flg_full/episode-89331873-replay.json,89331873,flg,Dries @ Tufa Labs,1,Crustle,Grimmsnarl,8
scraped/flg_full/episode-89371002-replay.json,89371002,flg,Majkel1337,1,M-Kangaskhan,M-Lopunny,12
scraped/flg_full/episode-89373529-replay.json,89373529,RtoABC,flg,1,Dragapult,other,11
scraped/flg_full/episode-89374186-replay.json,89374186,flg,Majkel1337,1,Crustle,M-Lopunny,6
scraped/flg_full/episode-89375258-replay.json,89375258,flg,Majkel1337,1,M-Kangaskhan,M-Lopunny,11
scraped/flg_full/episode-89376167-replay.json,89376167,flg,やる気元気ミワハルキ,0,Crustle,Grimmsnarl,15
scraped/flg_full/episode-89379962-replay.json,89379962,flg,Majkel1337,1,M-Kangaskhan,M-Lopunny,11
scraped/flg_full/episode-89380092-replay.json,89380092,flg,Rmy,0,Crustle,Ogerpon,21
scraped/flg_full/episode-89381190-replay.json,89381190,flg,cm391,0,Ogerpon,Grimmsnarl,41
scraped/flg_full/episode-89339118-replay.json,89339118,flg,Team Rot-Weiß,0,other,Garchomp,11
scraped/flg_full/episode-89343234-replay.json,89343234,flg,zhangshuosc,0,other,Grimmsnarl,11
scraped/flg_full/episode-89344276-replay.json,89344276,MissingNo.,flg,1,M-Kangaskhan,M-Kangaskhan,35
scraped/flg_full/episode-89345578-replay.json,89345578,Majkel1337,flg,0,M-Lopunny,M-Kangaskhan,11
scraped/flg_full/episode-89346160-replay.json,89346160,flg,Majkel1337,1,M-Kangaskhan,M-Lopunny,7
scraped/flg_full/episode-89346659-replay.json,89346659,flg,Majkel1337,1,M-Kangaskhan,M-Lopunny,21
scraped/flg_full/episode-89347695-replay.json,89347695,flg,Majkel1337,1,M-Kangaskhan,M-Lopunny,21
scraped/flg_full/episode-89356757-replay.json,89356757,miya,flg,0,Grimmsnarl,other,13
scraped/flg_full/episode-89356796-replay.json,89356796,flg,Majkel1337,1,M-Kangaskhan,M-Lopunny,15
scraped/flg_full/episode-89357292-replay.json,89357292,flg,Majkel1337,1,Crustle,M-Lopunny,9
scraped/flg_full/episode-89359169-replay.json,89359169,kami,flg,0,other,other,13
scraped/flg_full/episode-89359289-replay.json,89359289,junlee789,flg,1,Garchomp,Crustle,45
scraped/flg_full/episode-89359753-replay.json,89359753,flg,junlee789,0,M-Kangaskhan,Garchomp,49
scraped/flg_full/episode-89363509-replay.json,89363509,flg,YuPengCao,1,other,Grimmsnarl,9
scraped/flg_full/episode-89368873-replay.json,89368873,flg,junlee789,1,other,Garchomp,13
scraped/flg_full/episode-89368963-replay.json,89368963,flg,ANDPAD kaggler team,0,Crustle,Grimmsnarl,33
scraped/flg_full/episode-89383730-replay.json,89383730,flg,やる気元気ミワハルキ,0,other,Grimmsnarl,9
scraped/flg_full/episode-89384016-replay.json,89384016,Oscarmoon09,flg,1,Hydrapple,other,5
scraped/flg_full/episode-89384200-replay.json,89384200,Tatsuya Kayama,flg,1,Ogerpon,Ogerpon,13
scraped/flg_full/episode-89384526-replay.json,89384526,KatR,flg,1,Dragapult,other,13
scraped/flg_full/episode-89384671-replay.json,89384671,Majkel1337,flg,0,M-Lopunny,M-Kangaskhan,11
scraped/flg_full/episode-89384822-replay.json,89384822,flg,copasta,1,Crustle,M-Lucario,13
scraped/flg_full/episode-89385279-replay.json,89385279,flg,Octavi Grau,0,Ogerpon,Garchomp,53
scraped/flg_full/episode-89385817-replay.json,89385817,flg,Oshbocker,1,M-Kangaskhan,M-Kangaskhan,23
scraped/flg_full/episode-89381658-replay.json,89381658,flg,Luca,0,Crustle,Grimmsnarl,33
scraped/flg_full/episode-89382010-replay.json,89382010,flg,やる気元気ミワハルキ,1,Crustle,Grimmsnarl,11
scraped/flg_full/episode-89382147-replay.json,89382147,flg,Yushin Ito,1,M-Kangaskhan,Alakazam,15
scraped/flg_full/episode-89382655-replay.json,89382655,flg,KUSHAGRA MATHUR,0,Crustle,M-Lucario,23
scraped/flg_full/episode-89382769-replay.json,89382769,MissingNo.,flg,0,Grimmsnarl,other,11
scraped/flg_full/episode-89382964-replay.json,89382964,flg,Luca,1,Ogerpon,M-Lopunny,11
scraped/flg_full/episode-89383199-replay.json,89383199,flg,junlee789,0,M-Kangaskhan,Garchomp,53
scraped/flg_full/episode-89383686-replay.json,89383686,flg,Majkel1337,0,Crustle,Ogerpon,55
scraped/flg_full/episode-89385851-replay.json,89385851,flg,James Cox & Henry Chao,0,Crustle,M-Kangaskhan,19
scraped/flg_full/episode-89386300-replay.json,89386300,山上海賊団,flg,1,Grimmsnarl,Crustle,31
scraped/flg_full/episode-89386884-replay.json,89386884,flg,Oshbocker,0,M-Kangaskhan,M-Kangaskhan,21
scraped/flg_full/episode-89387349-replay.json,89387349,jarrett blumenschein,flg,1,Dragapult,M-Kangaskhan,28
scraped/flg_full/episode-89387751-replay.json,89387751,flg,Luca,1,M-Kangaskhan,M-Lopunny,17
scraped/flg_full/episode-89387850-replay.json,89387850,Yushin Ito,flg,0,Alakazam,M-Kangaskhan,9
scraped/flg_full/episode-89388928-replay.json,89388928,Yuma Eto,flg,1,M-Lucario,Crustle,13
scraped/flg_full/episode-89389457-replay.json,89389457,viss,flg,1,Dudunsparce,M-Kangaskhan,15
scraped/flg_full/episode-89393108-replay.json,89393108,bono,flg,1,other,M-Kangaskhan,19
scraped/flg_full/episode-89393631-replay.json,89393631,flg,gecogeco,0,M-Kangaskhan,Ogerpon,7
scraped/flg_full/episode-89394147-replay.json,89394147,flg,やる気元気ミワハルキ,1,M-Kangaskhan,Grimmsnarl,14
scraped/flg_full/episode-89394162-replay.json,89394162,Kazama Yusuke,flg,1,Ogerpon,M-Kangaskhan,33
scraped/flg_full/episode-89394167-replay.json,89394167,flg,Dries @ Tufa Labs,1,M-Kangaskhan,Grimmsnarl,17
scraped/flg_full/episode-89394685-replay.json,89394685,Dries @ Tufa Labs,flg,0,Grimmsnarl,M-Kangaskhan,15
scraped/flg_full/episode-89394688-replay.json,89394688,flg,bono,1,Ogerpon,other,15
scraped/flg_full/episode-89394692-replay.json,89394692,flg,M Sato,1,M-Kangaskhan,Alakazam,11
scraped/flg_full/episode-89389932-replay.json,89389932,flg,MtN,1,M-Kangaskhan,Grimmsnarl,12
scraped/flg_full/episode-89390503-replay.json,89390503,flg,"kenkoooo @ estie, inc.",0,M-Kangaskhan,Alakazam,19
scraped/flg_full/episode-89390540-replay.json,89390540,junlee789,flg,0,Garchomp,other,13
scraped/flg_full/episode-89390593-replay.json,89390593,miya,flg,0,Alakazam,other,39
scraped/flg_full/episode-89391025-replay.json,89391025,flg,haggle,1,M-Kangaskhan,Grimmsnarl,13
scraped/flg_full/episode-89391550-replay.json,89391550,junlee789,flg,1,Garchomp,M-Kangaskhan,67
scraped/flg_full/episode-89392064-replay.json,89392064,flg,Octavi Grau,1,Ogerpon,Garchomp,26
scraped/flg_full/episode-89392590-replay.json,89392590,sadwat,flg,0,Grimmsnarl,M-Kangaskhan,13
scraped/flg_full/episode-89395218-replay.json,89395218,flg,ktr,0,Ogerpon,Hydrapple,19
scraped/flg_full/episode-89395227-replay.json,89395227,LiamK,flg,0,Grimmsnarl,other,9
scraped/flg_full/episode-89395330-replay.json,89395330,flg,Hiroki Yamazaki,1,other,Grimmsnarl,7
scraped/flg_full/episode-89395743-replay.json,89395743,kashiwashira,flg,1,other,Ogerpon,15
scraped/flg_full/episode-89396261-replay.json,89396261,flg,Iliamna,0,M-Kangaskhan,Hydrapple,13
scraped/flg_full/episode-89396268-replay.json,89396268,flg,RtoABC,0,Crustle,Dudunsparce,39
scraped/flg_full/episode-89396279-replay.json,89396279,ktr,flg,1,Hydrapple,M-Kangaskhan,15
scraped/flg_full/episode-89396296-replay.json,89396296,sadwat,flg,1,Grimmsnarl,other,9
scraped/flg_full/episode-89396803-replay.json,89396803,keidroid,flg,1,Ogerpon,M-Kangaskhan,23
scraped/flg_full/episode-89397318-replay.json,89397318,flg,Hiroaki Inokuchi,0,M-Kangaskhan,Alakazam,17
scraped/flg_full/episode-89397856-replay.json,89397856,タニシ,flg,1,M-Lopunny,Crustle,15
scraped/flg_full/episode-89397887-replay.json,89397887,ANDPAD kaggler team,flg,0,Grimmsnarl,other,9
scraped/flg_full/episode-89398395-replay.json,89398395,szlachetny snieg,flg,1,Grimmsnarl,M-Kangaskhan,33
scraped/flg_full/episode-89398430-replay.json,89398430,flg,sadwat,0,other,Grimmsnarl,9
scraped/flg_full/episode-89398917-replay.json,89398917,flg,masspeaks,1,Crustle,Grimmsnarl,12
scraped/flg_full/episode-89398946-replay.json,89398946,flg,ktr,0,other,Hydrapple,13
scraped/flg_full/episode-89402086-replay.json,89402086,Oshbocker,flg,1,M-Kangaskhan,M-Kangaskhan,21
scraped/flg_full/episode-89402609-replay.json,89402609,MissingNo.,flg,1,M-Kangaskhan,Crustle,23
scraped/flg_full/episode-89402785-replay.json,89402785,THIRD PTCG Club,flg,1,other,other,11
scraped/flg_full/episode-89403131-replay.json,89403131,那个男人,flg,1,Grimmsnarl,Ogerpon,17
scraped/flg_full/episode-89403159-replay.json,89403159,bono,flg,1,other,other,13
scraped/flg_full/episode-89403162-replay.json,89403162,Octavi Grau,flg,1,Garchomp,Crustle,25
scraped/flg_full/episode-89403324-replay.json,89403324,john jiang zhifeng,flg,1,Alakazam,other,17
scraped/flg_full/episode-89403653-replay.json,89403653,flg,Tony Li,0,M-Kangaskhan,Grimmsnarl,15
scraped/flg_full/episode-89399396-replay.json,89399396,flg,SQUIRTLE (prime),1,Crustle,Grimmsnarl,17
scraped/flg_full/episode-89399414-replay.json,89399414,szlachetny snieg,flg,0,Grimmsnarl,other,9
scraped/flg_full/episode-89399971-replay.json,89399971,RtoABC,flg,1,Dudunsparce,M-Kangaskhan,29
scraped/flg_full/episode-89399972-replay.json,89399972,flg,keidroid,1,other,Ogerpon,17
scraped/flg_full/episode-89399993-replay.json,89399993,flg,ANDPAD kaggler team,0,Ogerpon,Grimmsnarl,29
scraped/flg_full/episode-89400495-replay.json,89400495,flg,LiamK,1,M-Kangaskhan,Grimmsnarl,13
scraped/flg_full/episode-89401019-replay.json,89401019,bono,flg,0,other,M-Kangaskhan,19
scraped/flg_full/episode-89401550-replay.json,89401550,Kazama Yusuke,flg,1,Ogerpon,M-Kangaskhan,23
scraped/flg_full/episode-89403746-replay.json,89403746,THIRD PTCG Club,flg,0,other,other,11
scraped/flg_full/episode-89404178-replay.json,89404178,ANDPAD kaggler team,flg,0,Grimmsnarl,M-Kangaskhan,15
scraped/flg_full/episode-89404341-replay.json,89404341,szlachetny snieg,flg,1,Grimmsnarl,other,9
scraped/flg_full/episode-89404719-replay.json,89404719,Dominic Peel,flg,0,Grimmsnarl,Ogerpon,13
scraped/flg_full/episode-89404819-replay.json,89404819,Xiangyu Liu,flg,0,Dragapult,other,13
scraped/flg_full/episode-89405246-replay.json,89405246,flg,haggle,1,Crustle,Grimmsnarl,14
scraped/flg_full/episode-89405279-replay.json,89405279,Octavi Grau,flg,0,Garchomp,M-Kangaskhan,19
scraped/flg_full/episode-89405389-replay.json,89405389,flg,EricYang03,0,other,Garchomp,9
scraped/flg_full/episode-89406812-replay.json,89406812,flg,Yushin Ito,0,M-Kangaskhan,Alakazam,29
scraped/flg_full/episode-89407330-replay.json,89407330,Dominic Peel,flg,1,Grimmsnarl,Ogerpon,15
scraped/flg_full/episode-89407336-replay.json,89407336,Luca,flg,1,Grimmsnarl,other,11
scraped/flg_full/episode-89407480-replay.json,89407480,bono,flg,1,other,other,11
scraped/flg_full/episode-89407530-replay.json,89407530,flg,すずき,0,other,M-Lucario,13
scraped/flg_full/episode-89407856-replay.json,89407856,flg,lolzpo+ emonga,1,M-Kangaskhan,M-Lopunny,14
scraped/flg_full/episode-89407920-replay.json,89407920,flg,junlee789,0,other,Grimmsnarl,11
scraped/flg_full/episode-89407978-replay.json,89407978,flg,bono,0,other,other,11
scraped/flg_full/episode-89405773-replay.json,89405773,hyonu0620,flg,1,Grimmsnarl,M-Kangaskhan,23
scraped/flg_full/episode-89405904-replay.json,89405904,Jack,flg,0,Dragapult,other,11
scraped/flg_full/episode-89406283-replay.json,89406283,keidroid,flg,1,Ogerpon,Crustle,27
scraped/flg_full/episode-89406288-replay.json,89406288,flg,Rmy,0,M-Kangaskhan,Ogerpon,17
scraped/flg_full/episode-89406291-replay.json,89406291,Azat Akhtyamov,flg,0,Grimmsnarl,M-Kangaskhan,15
scraped/flg_full/episode-89406299-replay.json,89406299,Dominic Peel,flg,1,Grimmsnarl,M-Kangaskhan,24
scraped/flg_full/episode-89406446-replay.json,89406446,flg,Gijs Smit,1,other,Grimmsnarl,9
scraped/flg_full/episode-89406745-replay.json,89406745,flg,Pokémon Day Care,0,other,Grimmsnarl,11
scraped/flg_full/episode-89409954-replay.json,89409954,flg,Dries @ Tufa Labs,1,other,Grimmsnarl,13
scraped/flg_full/episode-89409994-replay.json,89409994,想要成为kaggle大师,flg,0,Grimmsnarl,other,10
scraped/flg_full/episode-89410105-replay.json,89410105,matsurih,flg,1,Grimmsnarl,other,11
scraped/flg_full/episode-89410475-replay.json,89410475,Rmy,flg,1,Ogerpon,Crustle,17
scraped/flg_full/episode-89410512-replay.json,89410512,szlachetny snieg,flg,0,Grimmsnarl,other,11
scraped/flg_full/episode-89410535-replay.json,89410535,flg,masspeaks,0,other,Grimmsnarl,13
scraped/flg_full/episode-89410647-replay.json,89410647,flg,kashiwashira,0,M-Kangaskhan,other,21
scraped/flg_full/episode-89410986-replay.json,89410986,やる気元気ミワハルキ,flg,0,Grimmsnarl,Crustle,13
scraped/flg_full/episode-89408386-replay.json,89408386,tonakaiiii,flg,1,M-Kangaskhan,Crustle,29
scraped/flg_full/episode-89408420-replay.json,89408420,Where is my orbit,flg,1,M-Kangaskhan,other,15
scraped/flg_full/episode-89408911-replay.json,89408911,flg,LiamK,0,M-Kangaskhan,Grimmsnarl,17
scraped/flg_full/episode-89408944-replay.json,89408944,NIWATORI,flg,1,Grimmsnarl,other,9
scraped/flg_full/episode-89409434-replay.json,89409434,flg,pikachu,0,M-Kangaskhan,Hydrapple,17
scraped/flg_full/episode-89409448-replay.json,89409448,flg,lolzpo+ emonga,0,M-Kangaskhan,M-Lopunny,19
scraped/flg_full/episode-89409473-replay.json,89409473,Team KASA.,flg,0,Garchomp,other,15
scraped/flg_full/episode-89409953-replay.json,89409953,低消650元任你吃啊,flg,1,Grimmsnarl,M-Kangaskhan,17
scraped/flg_full/episode-89411003-replay.json,89411003,flg,Majkel1337,1,M-Kangaskhan,M-Lopunny,11
scraped/flg_full/episode-89411054-replay.json,89411054,vvs,flg,0,Grimmsnarl,other,9
scraped/flg_full/episode-89411059-replay.json,89411059,flg,JZ,1,other,Grimmsnarl,11
scraped/flg_full/episode-89411530-replay.json,89411530,Suzuki Mari,flg,1,Dragapult,Crustle,22
scraped/flg_full/episode-89411602-replay.json,89411602,低消650元任你吃啊,flg,1,Grimmsnarl,other,9
scraped/flg_full/episode-89412049-replay.json,89412049,flg,Majkel1337,0,M-Kangaskhan,Ogerpon,23
scraped/flg_full/episode-89412061-replay.json,89412061,213tubo,flg,0,Grimmsnarl,M-Kangaskhan,17
scraped/flg_full/episode-89412101-replay.json,89412101,Octavi Grau,flg,1,Garchomp,other,9
scraped/flg_full/episode-89412105-replay.json,89412105,flg,☕ Psyduck Needs Coffee,0,other,Grimmsnarl,11
scraped/flg_full/episode-89412593-replay.json,89412593,Shake912,flg,0,Alakazam,M-Kangaskhan,15
scraped/flg_full/episode-89412630-replay.json,89412630,Octavi Grau,flg,1,Garchomp,other,9
scraped/flg_full/episode-89412635-replay.json,89412635,flg,iwashi,1,other,Grimmsnarl,10
scraped/flg_full/episode-89413120-replay.json,89413120,miya,flg,0,Alakazam,Crustle,11
scraped/flg_full/episode-89413153-replay.json,89413153,flg,insuperabilehart,1,other,M-Lopunny,13
scraped/flg_full/episode-89413657-replay.json,89413657,masaume,flg,1,M-Starmie,M-Kangaskhan,21
scraped/flg_full/episode-89413693-replay.json,89413693,ktr,flg,0,Grimmsnarl,other,13
scraped/flg_full/episode-89415244-replay.json,89415244,Dries @ Tufa Labs,flg,0,Grimmsnarl,M-Kangaskhan,21
scraped/flg_full/episode-89415303-replay.json,89415303,Jack,flg,0,Dragapult,other,9
scraped/flg_full/episode-89415761-replay.json,89415761,flg,keidroid,0,Crustle,Ogerpon,29
scraped/flg_full/episode-89415769-replay.json,89415769,Raihan Ramadistra,flg,0,Grimmsnarl,M-Kangaskhan,19
scraped/flg_full/episode-89415854-replay.json,89415854,Haoming Chen 06,flg,1,Alakazam,other,19
scraped/flg_full/episode-89416310-replay.json,89416310,Brahim,flg,1,other,M-Kangaskhan,17
scraped/flg_full/episode-89416312-replay.json,89416312,tonakaiiii,flg,0,M-Kangaskhan,Crustle,11
scraped/flg_full/episode-89416364-replay.json,89416364,zhan renyi,flg,0,Grimmsnarl,other,11
scraped/flg_full/episode-89414179-replay.json,89414179,Yushin Ito,flg,0,Alakazam,M-Kangaskhan,11
scraped/flg_full/episode-89414188-replay.json,89414188,ktr,flg,1,Hydrapple,M-Kangaskhan,11
scraped/flg_full/episode-89414189-replay.json,89414189,lmaffei,flg,0,M-Lopunny,Ogerpon,9
scraped/flg_full/episode-89414239-replay.json,89414239,ヌメルゴンex,flg,0,Grimmsnarl,other,11
scraped/flg_full/episode-89414718-replay.json,89414718,LumenLiquidity,flg,0,Dragapult,Ogerpon,27
scraped/flg_full/episode-89414723-replay.json,89414723,ANDPAD kaggler team,flg,1,Grimmsnarl,M-Kangaskhan,25
scraped/flg_full/episode-89414789-replay.json,89414789,flg,Lunariz,0,other,Alakazam,17
scraped/flg_full/episode-89415236-replay.json,89415236,Luca,flg,0,Grimmsnarl,M-Kangaskhan,11
scraped/flg_full/episode-89416854-replay.json,89416854,flg,szlachetny snieg,0,M-Kangaskhan,Grimmsnarl,29
scraped/flg_full/episode-89416936-replay.json,89416936,flg,213tubo,1,other,Grimmsnarl,11
scraped/flg_full/episode-89417419-replay.json,89417419,flg,szlachetny snieg,1,M-Kangaskhan,Grimmsnarl,9
scraped/flg_full/episode-89417529-replay.json,89417529,flg,やる気元気ミワハルキ,1,other,Grimmsnarl,9
scraped/flg_full/episode-89417982-replay.json,89417982,flg,Majkel1337,0,M-Kangaskhan,M-Lopunny,31
scraped/flg_full/episode-89417999-replay.json,89417999,tonakaiiii,flg,1,Ogerpon,Ogerpon,27
scraped/flg_full/episode-89418003-replay.json,89418003,Bryson Tang,flg,1,other,M-Kangaskhan,8
scraped/flg_full/episode-89418526-replay.json,89418526,flg,pokemon master,0,Crustle,Grimmsnarl,15
scraped/flg_full/episode-89418569-replay.json,89418569,Tatsuya Kayama,flg,1,Ogerpon,M-Kangaskhan,19
scraped/flg_full/episode-89419071-replay.json,89419071,flg,ヌメルゴンex,0,Crustle,Grimmsnarl,17
scraped/flg_full/episode-89419610-replay.json,89419610,lmaffei,flg,1,M-Lopunny,M-Kangaskhan,15
scraped/flg_full/episode-89419639-replay.json,89419639,JZ,flg,0,Grimmsnarl,other,9
scraped/flg_full/episode-89420147-replay.json,89420147,flg,MoriTeruto,0,M-Kangaskhan,Dragapult,27
scraped/flg_full/episode-89420690-replay.json,89420690,flg,keidroid,0,Crustle,Ogerpon,27
scraped/flg_full/episode-89420697-replay.json,89420697,lmaffei,flg,0,M-Lopunny,M-Kangaskhan,11
scraped/flg_full/episode-89421237-replay.json,89421237,flg,sadwat,0,M-Kangaskhan,Grimmsnarl,23
scraped/flg_full/episode-89421786-replay.json,89421786,ANDPAD kaggler team,flg,0,Grimmsnarl,Ogerpon,17
scraped/flg_full/episode-89422323-replay.json,89422323,flg,Dominic Peel,0,M-Kangaskhan,Grimmsnarl,19
scraped/flg_full/episode-89422858-replay.json,89422858,IPL,flg,1,Garchomp,M-Kangaskhan,39
scraped/flg_full/episode-89423398-replay.json,89423398,Raihan Ramadistra,flg,1,Grimmsnarl,Crustle,17
scraped/flg_full/episode-89423925-replay.json,89423925,LiamK,flg,0,Grimmsnarl,Crustle,11
scraped/flg_full/episode-89424471-replay.json,89424471,やる気元気ミワハルキ,flg,1,Grimmsnarl,M-Kangaskhan,25
scraped/flg_full/episode-89424490-replay.json,89424490,flg,@kdcyberdude,1,Crustle,Grimmsnarl,16
scraped/flg_full/episode-89424552-replay.json,89424552,Xiangyu Liu,flg,1,Dragapult,M-Kangaskhan,45
scraped/flg_full/episode-89425025-replay.json,89425025,flg,LiamK,1,Crustle,Grimmsnarl,11
scraped/flg_full/episode-89425452-replay.json,89425452,flg,wwwwwwwwwwwwwwwwwwwwwwwwwwwwww,1,M-Kangaskhan,M-Lopunny,11
scraped/flg_full/episode-89425557-replay.json,89425557,@kdcyberdude,flg,0,Grimmsnarl,Crustle,17
scraped/flg_full/episode-89425628-replay.json,89425628,JZ,flg,1,Grimmsnarl,M-Kangaskhan,33
scraped/flg_full/episode-89425987-replay.json,89425987,wwwwwwwwwwwwwwwwwwwwwwwwwwwwww,flg,0,M-Lopunny,M-Kangaskhan,15
scraped/flg_full/episode-89426100-replay.json,89426100,flg,M Sato,0,Crustle,Grimmsnarl,17
scraped/flg_full/episode-89426204-replay.json,89426204,lmaffei,flg,0,M-Lopunny,other,17
scraped/flg_full/episode-89426636-replay.json,89426636,flg,Jose Coronel,0,Ogerpon,Ogerpon,35
scraped/flg_full/episode-89429879-replay.json,89429879,flg,Raihan Ramadistra,1,Crustle,Grimmsnarl,14
scraped/flg_full/episode-89430405-replay.json,89430405,Majkel1337,flg,0,M-Lopunny,M-Kangaskhan,11
scraped/flg_full/episode-89430409-replay.json,89430409,lolzpo+ emonga,flg,0,M-Lopunny,M-Kangaskhan,21
scraped/flg_full/episode-89430946-replay.json,89430946,flg,Raihan Ramadistra,1,M-Kangaskhan,Grimmsnarl,11
scraped/flg_full/episode-89430954-replay.json,89430954,flg,LiamK,0,M-Kangaskhan,Grimmsnarl,15
scraped/flg_full/episode-89431509-replay.json,89431509,flg,@kdcyberdude,1,M-Kangaskhan,Grimmsnarl,15
scraped/flg_full/episode-89432015-replay.json,89432015,Raihan Ramadistra,flg,1,Grimmsnarl,Ogerpon,25
scraped/flg_full/episode-89432097-replay.json,89432097,perrodawn,flg,1,Hydrapple,Ogerpon,21
scraped/flg_full/episode-89432606-replay.json,89432606,Sameeigaman,flg,1,M-Lucario,Crustle,17
scraped/flg_full/episode-89433637-replay.json,89433637,Majkel1337,flg,-1,M-Lopunny,M-Kangaskhan,19
scraped/flg_full/episode-89434221-replay.json,89434221,flg,Oshbocker,1,M-Kangaskhan,M-Kangaskhan,27
scraped/flg_full/episode-89434658-replay.json,89434658,wwwwwwwwwwwwwwwwwwwwwwwwwwwwww,flg,0,M-Lopunny,M-Kangaskhan,19
scraped/flg_full/episode-89434713-replay.json,89434713,やる気元気ミワハルキ,flg,0,Grimmsnarl,M-Kangaskhan,17
scraped/flg_full/episode-89436833-replay.json,89436833,flg,やる気元気ミワハルキ,1,Crustle,Grimmsnarl,9
scraped/flg_full/episode-89437982-replay.json,89437982,insuperabilehart,flg,0,Grimmsnarl,other,11
scraped/flg_full/episode-89442787-replay.json,89442787,flg,Majkel1337,1,M-Kangaskhan,M-Lopunny,9
scraped/flg_full/episode-89444925-replay.json,89444925,Oshbocker,flg,1,M-Kangaskhan,other,13
scraped/flg_full/episode-89445859-replay.json,89445859,M Sato,flg,0,M-Kangaskhan,other,17
scraped/flg_full/episode-89454476-replay.json,89454476,flg,palsystem,1,other,Grimmsnarl,9
scraped/flg_full/episode-89455230-replay.json,89455230,Where is my orbit,flg,0,M-Kangaskhan,M-Kangaskhan,25
scraped/flg_full/episode-89456810-replay.json,89456810,flg,想要成为kaggle大师,1,other,Grimmsnarl,15
scraped/flg_full/episode-89457339-replay.json,89457339,flg,bono,0,other,other,13
scraped/flg_full/episode-89458153-replay.json,89458153,flg,대답해드리는게인지상정,0,other,Grimmsnarl,13
scraped/flg_full/episode-89462202-replay.json,89462202,flg,YangQinwei,0,M-Kangaskhan,other,17
scraped/flg_full/episode-89427173-replay.json,89427173,flg,ANDPAD kaggler team,0,M-Kangaskhan,Grimmsnarl,25
scraped/flg_full/episode-89427722-replay.json,89427722,Dries @ Tufa Labs,flg,1,Grimmsnarl,Crustle,27
scraped/flg_full/episode-89428249-replay.json,89428249,Luca,flg,0,Grimmsnarl,M-Kangaskhan,15
scraped/flg_full/episode-89428791-replay.json,89428791,flg,やる気元気ミワハルキ,0,Ogerpon,Grimmsnarl,41
scraped/flg_full/episode-89429317-replay.json,89429317,flg,やる気元気ミワハルキ,0,M-Kangaskhan,Grimmsnarl,35
scraped/flg_full/episode-89429325-replay.json,89429325,flg,Majkel1337,0,Crustle,Ogerpon,35
scraped/flg_full/episode-89429333-replay.json,89429333,Dominic Peel,flg,1,Grimmsnarl,M-Kangaskhan,31
scraped/flg_full/episode-89429864-replay.json,89429864,flg,やる気元気ミワハルキ,0,M-Kangaskhan,Grimmsnarl,21
scraped/flg_full/episode-89464320-replay.json,89464320,flg,やる気元気ミワハルキ,0,M-Kangaskhan,Grimmsnarl,15
scraped/flg_full/episode-89465933-replay.json,89465933,flg,やる気元気ミワハルキ,1,M-Kangaskhan,Grimmsnarl,13
scraped/flg_full/episode-89468084-replay.json,89468084,flg,Iliamna,0,other,Hydrapple,13
scraped/flg_full/episode-89469071-replay.json,89469071,懒惰的金枪鱼,flg,0,Grimmsnarl,other,11
scraped/flg_full/episode-89472873-replay.json,89472873,flg,lolzpo + emonga,1,M-Kangaskhan,M-Lopunny,13
scraped/flg_full/episode-89481118-replay.json,89481118,lolzpo + emonga,flg,0,M-Lopunny,M-Kangaskhan,11
scraped/flg_full/episode-89481526-replay.json,89481526,__Taichicchi__,flg,1,Hydrapple,other,11
scraped/flg_full/episode-89483107-replay.json,89483107,Thai,flg,0,Garchomp,Crustle,25
scraped/flg_full/episode-89490880-replay.json,89490880,NguyenThanhNhan,flg,0,Grimmsnarl,M-Kangaskhan,13
scraped/flg_full/episode-89491989-replay.json,89491989,flg,やる気元気ミワハルキ,1,M-Kangaskhan,Grimmsnarl,19
scraped/flg_full/episode-89493613-replay.json,89493613,Tony Li,flg,0,Grimmsnarl,other,9
scraped/flg_full/episode-89500696-replay.json,89500696,flg,Dominic Peel,1,M-Kangaskhan,Grimmsnarl,15
scraped/flg_full/episode-89503219-replay.json,89503219,flg,msd0110,0,other,Grimmsnarl,5
scraped/flg_full/episode-89506644-replay.json,89506644,flg,JB Bryant,0,M-Kangaskhan,Grimmsnarl,37
scraped/flg_full/episode-89515090-replay.json,89515090,flg,李秉叡（ntumlnoob）,1,M-Kangaskhan,M-Lopunny,9
scraped/flg_full/episode-89516863-replay.json,89516863,flg,hoshippi,0,other,Grimmsnarl,13
scraped/flg_full/episode-89517910-replay.json,89517910,@kdcyberdude,flg,1,Grimmsnarl,other,11
scraped/flg_full/episode-89518930-replay.json,89518930,李秉叡（ntumlnoob）,flg,0,M-Lopunny,Ogerpon,15
scraped/flg_full/episode-89523438-replay.json,89523438,flg,gecogeco,1,other,M-Kangaskhan,21
scraped/flg_full/episode-89526283-replay.json,89526283,ANDPAD kaggler team,flg,0,Grimmsnarl,other,9
scraped/flg_full/episode-89530151-replay.json,89530151,flg,Team KASA.,1,Crustle,Alakazam,7
scraped/flg_full/episode-89533746-replay.json,89533746,flg,MPGaming,1,other,M-Kangaskhan,17
scraped/flg_full/episode-89536708-replay.json,89536708,李秉叡（ntumlnoob）,flg,0,M-Lopunny,M-Kangaskhan,15
scraped/flg_full/episode-89538457-replay.json,89538457,Tony Li,flg,1,Grimmsnarl,Crustle,13
scraped/flg_full/episode-89539282-replay.json,89539282,sadwat,flg,0,Grimmsnarl,Crustle,13
scraped/flg_full/episode-89541690-replay.json,89541690,tonakaiiii,flg,1,Ogerpon,Crustle,21
scraped/flg_full/episode-89543952-replay.json,89543952,ShumpeiNomura,flg,0,M-Kangaskhan,other,17
scraped/flg_full/episode-89545442-replay.json,89545442,flg,sadwat,1,M-Kangaskhan,Grimmsnarl,10
scraped/flg_full/episode-89545897-replay.json,89545897,mitomeat823,flg,1,M-Lucario,other,9
scraped/flg_full/episode-89549438-replay.json,89549438,LumenLiquidity,flg,1,Dragapult,M-Kangaskhan,19
scraped/flg_full/episode-89552816-replay.json,89552816,Pascal Pfeiffer,flg,1,M-Kangaskhan,M-Kangaskhan,27
scraped/flg_full/episode-89560350-replay.json,89560350,Dipam Chakraborty,flg,1,other,other,13
scraped/flg_full/episode-89565387-replay.json,89565387,flg,fishcat,1,M-Kangaskhan,Alakazam,13
scraped/flg_full/episode-89573072-replay.json,89573072,flg,Roy Pidril,0,other,Grimmsnarl,13
scraped/flg_full/episode-89573594-replay.json,89573594,palsystem,flg,0,Grimmsnarl,other,11
scraped/flg_full/episode-89573980-replay.json,89573980,flg,Kazama Yusuke,0,other,Ogerpon,11
scraped/flg_full/episode-89574706-replay.json,89574706,zhan renyi,flg,0,Grimmsnarl,M-Kangaskhan,15
scraped/flg_full/episode-89575865-replay.json,89575865,flg,Raihan Ramadistra,1,other,Grimmsnarl,11
scraped/flg_full/episode-89576691-replay.json,89576691,flg,MR.h,0,M-Kangaskhan,Alakazam,17
scraped/flg_full/episode-89577369-replay.json,89577369,yomogii,flg,1,Grimmsnarl,Ogerpon,15
scraped/flg_full/episode-89577805-replay.json,89577805,Made a Beautiful Bouquet,flg,1,Grimmsnarl,M-Kangaskhan,15
scraped/flg_full/episode-89577814-replay.json,89577814,fle3n,flg,0,M-Lopunny,other,13
scraped/flg_full/episode-89579454-replay.json,89579454,Gemini ch.,flg,1,Grimmsnarl,other,7
scraped/flg_full/episode-89580042-replay.json,89580042,MtN,flg,1,Grimmsnarl,other,9
scraped/flg_full/episode-89580234-replay.json,89580234,keidroid,flg,1,Ogerpon,Crustle,33
scraped/flg_full/episode-89581648-replay.json,89581648,PP kawada,flg,1,Hydrapple,Ogerpon,17
scraped/flg_full/episode-89582341-replay.json,89582341,Raihan Ramadistra,flg,0,Grimmsnarl,M-Kangaskhan,17
scraped/flg_full/episode-89585166-replay.json,89585166,flg,MarineYY,0,M-Kangaskhan,Alakazam,19
scraped/flg_full/episode-89591626-replay.json,89591626,flg,Devesh Dua,0,Crustle,other,5
scraped/flg_full/episode-89592159-replay.json,89592159,flg,Raihan Ramadistra,1,Crustle,Grimmsnarl,12
scraped/flg_full/episode-89592171-replay.json,89592171,Tatsuya Kayama,flg,1,Ogerpon,M-Kangaskhan,19
scraped/flg_full/episode-89592732-replay.json,89592732,flg,Iliamna,0,Ogerpon,Hydrapple,15
scraped/flg_full/episode-89592890-replay.json,89592890,flg,LumenLiquidity,1,Crustle,Dragapult,13
scraped/flg_full/episode-89593286-replay.json,89593286,Iolzpo + emonga,flg,1,M-Lopunny,M-Kangaskhan,19
scraped/flg_full/episode-89593309-replay.json,89593309,flg,lmaffei,1,other,M-Lopunny,15
scraped/flg_full/episode-89593354-replay.json,89593354,flg,Team KASA.,1,M-Kangaskhan,Alakazam,7
scraped/flg_full/episode-89585734-replay.json,89585734,flg,カントー地方マスター(KantoRegionMaster),1,Crustle,Grimmsnarl,16
scraped/flg_full/episode-89586186-replay.json,89586186,flg,Dries @ Tufa Labs,0,M-Kangaskhan,Grimmsnarl,21
scraped/flg_full/episode-89586315-replay.json,89586315,flg,matsurih,1,M-Kangaskhan,Grimmsnarl,15
scraped/flg_full/episode-89586765-replay.json,89586765,tonakaiiii,flg,1,M-Kangaskhan,M-Kangaskhan,21
scraped/flg_full/episode-89587244-replay.json,89587244,Majkel1337,flg,1,Ogerpon,Crustle,36
scraped/flg_full/episode-89587268-replay.json,89587268,flg,MissingNo.,0,Crustle,M-Kangaskhan,25
scraped/flg_full/episode-89587426-replay.json,89587426,flg,LumenLiquidity,1,other,Dragapult,11
scraped/flg_full/episode-89587780-replay.json,89587780,flg,Octavi Grau,1,M-Kangaskhan,Garchomp,15
scraped/flg_full/episode-89588337-replay.json,89588337,flg,Oz Kilic,0,M-Kangaskhan,Crustle,25
scraped/flg_full/episode-89588880-replay.json,89588880,six seven,flg,1,M-Kangaskhan,M-Kangaskhan,31
scraped/flg_full/episode-89589425-replay.json,89589425,flg,tedo,0,M-Kangaskhan,Grimmsnarl,17
scraped/flg_full/episode-89589491-replay.json,89589491,LiamK,flg,0,Grimmsnarl,M-Kangaskhan,17
scraped/flg_full/episode-89589986-replay.json,89589986,palsystem,flg,1,Hydrapple,Ogerpon,13
scraped/flg_full/episode-89590535-replay.json,89590535,Majkel1337,flg,1,Ogerpon,M-Kangaskhan,59
scraped/flg_full/episode-89591085-replay.json,89591085,miya,flg,0,Grimmsnarl,M-Kangaskhan,15
scraped/flg_full/episode-89591256-replay.json,89591256,Octavi Grau,flg,1,Garchomp,other,13
scraped/flg_full/episode-89593827-replay.json,89593827,tonakaiiii,flg,1,M-Kangaskhan,M-Kangaskhan,25
scraped/flg_full/episode-89594377-replay.json,89594377,flg,JZ,0,M-Kangaskhan,Grimmsnarl,27
scraped/flg_full/episode-89594905-replay.json,89594905,李秉叡（ntumlnoob）,flg,1,M-Lopunny,M-Kangaskhan,17
scraped/flg_full/episode-89594925-replay.json,89594925,ShumpeiNomura,flg,0,M-Kangaskhan,Crustle,3
scraped/flg_full/episode-89595106-replay.json,89595106,flg,Oshbocker,1,other,M-Kangaskhan,20
scraped/flg_full/episode-89595480-replay.json,89595480,@kdcyberdude,flg,0,Grimmsnarl,M-Kangaskhan,33
scraped/flg_full/episode-89596017-replay.json,89596017,Rafael,flg,1,Grimmsnarl,Crustle,15
scraped/flg_full/episode-89596565-replay.json,89596565,flg,tonakaiiii,0,M-Kangaskhan,Ogerpon,27
scraped/flg_full/episode-89597111-replay.json,89597111,flg,Raihan Ramadistra,0,Crustle,Grimmsnarl,17
scraped/flg_full/episode-89597118-replay.json,89597118,Octavi Grau,flg,0,Garchomp,M-Kangaskhan,31
scraped/flg_full/episode-89597122-replay.json,89597122,LiamK,flg,0,Grimmsnarl,other,9
scraped/flg_full/episode-89597658-replay.json,89597658,LumenLiquidity,flg,0,Dragapult,M-Kangaskhan,17
scraped/flg_full/episode-89598209-replay.json,89598209,flg,RtoABC,0,Crustle,Dudunsparce,23
scraped/flg_full/episode-89598757-replay.json,89598757,flg,honjousetuna,0,Ogerpon,Archaludon,27
scraped/flg_full/episode-89598761-replay.json,89598761,flg,Octavi Grau,0,M-Kangaskhan,Garchomp,51
scraped/flg_full/episode-89599292-replay.json,89599292,李秉叡（ntumlnoob）,flg,0,M-Lopunny,M-Kangaskhan,15
scraped/flg_full/episode-89599311-replay.json,89599311,@kdcyberdude,flg,0,Grimmsnarl,M-Kangaskhan,25
scraped/flg_full/episode-89599326-replay.json,89599326,flg,Where is my orbit,0,M-Kangaskhan,Crustle,7
scraped/flg_full/episode-89599494-replay.json,89599494,Jose Coronel,flg,0,Ogerpon,other,12
scraped/flg_full/episode-89599835-replay.json,89599835,李秉叡（ntumlnoob）,flg,1,M-Lopunny,M-Kangaskhan,23
scraped/flg_full/episode-89599852-replay.json,89599852,flg,@kdcyberdude,1,other,Grimmsnarl,9
scraped/flg_full/episode-89599864-replay.json,89599864,flg,Jack,0,M-Kangaskhan,Dragapult,43
scraped/flg_full/episode-89599888-replay.json,89599888,THIRD PTCG Club,flg,1,Dragapult,Ogerpon,43
scraped/flg_full/episode-89599993-replay.json,89599993,A. R. SEKKAT,flg,0,Grimmsnarl,other,10
scraped/flg_full/episode-89600392-replay.json,89600392,flg,Yushin Ito,1,M-Kangaskhan,Alakazam,13
scraped/flg_full/episode-89600408-replay.json,89600408,JZ,flg,1,Grimmsnarl,Crustle,17
scraped/flg_full/episode-89600415-replay.json,89600415,flg,Iolzpo + emonga,1,M-Kangaskhan,M-Lopunny,18
scraped/flg_full/episode-89600446-replay.json,89600446,LumenLiquidity,flg,0,Dragapult,other,11
scraped/flg_full/episode-89600964-replay.json,89600964,Iolzpo + emonga,flg,0,M-Lopunny,M-Kangaskhan,9
scraped/flg_full/episode-89601524-replay.json,89601524,flg,那个男人,0,M-Kangaskhan,Grimmsnarl,17
scraped/flg_full/episode-89602080-replay.json,89602080,flg,Jack,0,Crustle,Dragapult,43
scraped/flg_full/episode-89602625-replay.json,89602625,Thai,flg,1,Hydrapple,M-Kangaskhan,13
scraped/flg_full/episode-89605939-replay.json,89605939,Dominic Peel,flg,1,Grimmsnarl,M-Kangaskhan,15
scraped/flg_full/episode-89605952-replay.json,89605952,flg,Majkel1337,0,M-Kangaskhan,Ogerpon,21
scraped/flg_full/episode-89605960-replay.json,89605960,flg,JZ,1,M-Kangaskhan,Grimmsnarl,15
scraped/flg_full/episode-89606358-replay.json,89606358,LiamK,flg,0,Ogerpon,M-Kangaskhan,29
scraped/flg_full/episode-89606498-replay.json,89606498,Oshbocker,flg,0,M-Kangaskhan,M-Kangaskhan,33
scraped/flg_full/episode-89607045-replay.json,89607045,Thai,flg,1,Hydrapple,M-Kangaskhan,22
scraped/flg_full/episode-89607059-replay.json,89607059,Octavi Grau,flg,0,Garchomp,Ogerpon,19
scraped/flg_full/episode-89607109-replay.json,89607109,szlachetny snieg,flg,0,Grimmsnarl,other,11
scraped/flg_full/episode-89602628-replay.json,89602628,flg,Majkel1337,1,other,Ogerpon,11
scraped/flg_full/episode-89603180-replay.json,89603180,Rmy,flg,1,Ogerpon,M-Kangaskhan,39
scraped/flg_full/episode-89603723-replay.json,89603723,miya,flg,1,Grimmsnarl,M-Kangaskhan,15
scraped/flg_full/episode-89604264-replay.json,89604264,Yushin Ito,flg,1,Alakazam,M-Kangaskhan,31
scraped/flg_full/episode-89604269-replay.json,89604269,flg,カントー地方マスター(KantoRegionMaster),1,M-Kangaskhan,Grimmsnarl,15
scraped/flg_full/episode-89604829-replay.json,89604829,flg,Tatsuya Kayama,0,Ogerpon,Ogerpon,19
scraped/flg_full/episode-89605381-replay.json,89605381,flg,szlachetny snieg,1,M-Kangaskhan,Grimmsnarl,13
scraped/flg_full/episode-89605382-replay.json,89605382,flg,@kdcyberdude,1,M-Kangaskhan,Grimmsnarl,17
scraped/flg_full/episode-89607596-replay.json,89607596,@kdcyberdude,flg,0,Grimmsnarl,M-Kangaskhan,21
scraped/flg_full/episode-89608154-replay.json,89608154,flg,Iolzpo + emonga,0,M-Kangaskhan,M-Lopunny,23
scraped/flg_full/episode-89608696-replay.json,89608696,flg,Yushin Ito,1,Crustle,Alakazam,3
scraped/flg_full/episode-89608711-replay.json,89608711,aaa,flg,1,Dragapult,Crustle,37
scraped/flg_full/episode-89609276-replay.json,89609276,flg,RtoABC,0,Ogerpon,Dragapult,35
scraped/flg_full/episode-89609414-replay.json,89609414,Tatsuya Kayama,flg,1,Ogerpon,other,11
scraped/flg_full/episode-89609831-replay.json,89609831,flg,Krasnov Daniil,0,M-Kangaskhan,Archaludon,11
scraped/flg_full/episode-89610368-replay.json,89610368,flg,Yushin Ito,1,M-Kangaskhan,Alakazam,7
scraped/flg_full/episode-89616080-replay.json,89616080,Shanghai,flg,1,other,Ogerpon,9
scraped/flg_full/episode-89616650-replay.json,89616650,flg,perrodawn,0,M-Kangaskhan,Grimmsnarl,31
scraped/flg_full/episode-89617212-replay.json,89617212,flg,カントー地方マスター(KantoRegionMaster),0,M-Kangaskhan,Grimmsnarl,19
scraped/flg_full/episode-89617235-replay.json,89617235,flg,ANDPAD kaggler team,0,Ogerpon,Grimmsnarl,21
scraped/flg_full/episode-89617783-replay.json,89617783,Rmy,flg,1,Ogerpon,Ogerpon,23
scraped/flg_full/episode-89618344-replay.json,89618344,Yushin Ito,flg,0,Alakazam,M-Kangaskhan,7
scraped/flg_full/episode-89618349-replay.json,89618349,flg,Octavi Grau,1,M-Kangaskhan,Garchomp,25
scraped/flg_full/episode-89618903-replay.json,89618903,palsystem,flg,0,Grimmsnarl,M-Kangaskhan,17
scraped/flg_full/episode-89610384-replay.json,89610384,flg,Raihan Ramadistra,0,M-Kangaskhan,Grimmsnarl,39
scraped/flg_full/episode-89610935-replay.json,89610935,"Bart, Edwyn",flg,1,Alakazam,M-Kangaskhan,53
scraped/flg_full/episode-89611483-replay.json,89611483,flg,"Bart, Edwyn",0,M-Kangaskhan,Alakazam,25
scraped/flg_full/episode-89611511-replay.json,89611511,flg,Iliamna,0,Ogerpon,Hydrapple,15
scraped/flg_full/episode-89612041-replay.json,89612041,Tatsuya Kayama,flg,1,Ogerpon,Crustle,17
scraped/flg_full/episode-89612583-replay.json,89612583,flg,lmaffei,0,M-Kangaskhan,M-Lopunny,16
scraped/flg_full/episode-89613050-replay.json,89613050,LiamK,flg,0,Crustle,M-Kangaskhan,31
scraped/flg_full/episode-89613144-replay.json,89613144,Rmy,flg,1,Ogerpon,M-Kangaskhan,29
scraped/flg_full/episode-89613648-replay.json,89613648,flg,Julian,0,other,Grimmsnarl,15
scraped/flg_full/episode-89613742-replay.json,89613742,flg,James Cox & Henry Chao,0,Crustle,M-Kangaskhan,17
scraped/flg_full/episode-89613757-replay.json,89613757,ANDPAD kaggler team,flg,0,Grimmsnarl,M-Kangaskhan,13
scraped/flg_full/episode-89614348-replay.json,89614348,@kdcyberdude,flg,0,Grimmsnarl,M-Kangaskhan,15
scraped/flg_full/episode-89614951-replay.json,89614951,カントー地方マスター(KantoRegionMaster),flg,0,Grimmsnarl,M-Kangaskhan,11
scraped/flg_full/episode-89614958-replay.json,89614958,palsystem,flg,0,Grimmsnarl,M-Kangaskhan,15
scraped/flg_full/episode-89615521-replay.json,89615521,RtoABC,flg,1,Dudunsparce,M-Kangaskhan,29
scraped/flg_full/episode-89615530-replay.json,89615530,palsystem,flg,0,Grimmsnarl,M-Kangaskhan,21
scraped/flg_full/episode-89619466-replay.json,89619466,flg,James Cox & Henry Chao,1,M-Kangaskhan,M-Kangaskhan,14
scraped/flg_full/episode-89619976-replay.json,89619976,flg,LiamK,0,Ogerpon,M-Kangaskhan,25
scraped/flg_full/episode-89623838-replay.json,89623838,flg,Vibe_Moon,0,other,M-Kangaskhan,11
scraped/flg_full/episode-89627760-replay.json,89627760,hatry,flg,0,Grimmsnarl,other,9
scraped/flg_full/episode-89627769-replay.json,89627769,THIRD PTCG Club,flg,1,Alakazam,other,13
scraped/flg_full/episode-89629943-replay.json,89629943,Where is my orbit,flg,0,M-Kangaskhan,M-Kangaskhan,37
scraped/flg_full/episode-89633219-replay.json,89633219,denden12,flg,1,Garchomp,other,13
scraped/flg_full/episode-89637190-replay.json,89637190,kwa,flg,1,Alakazam,other,19
scraped/flg_full/episode-89637646-replay.json,89637646,Thai,flg,1,Hydrapple,other,13
scraped/flg_full/episode-89637719-replay.json,89637719,flg,__Taichicchi__,0,M-Kangaskhan,Hydrapple,15
scraped/flg_full/episode-89638854-replay.json,89638854,M Sato,flg,1,Alakazam,other,15
scraped/flg_full/episode-89642628-replay.json,89642628,懒惰的金枪鱼,flg,1,Grimmsnarl,Crustle,15
scraped/flg_full/episode-89643292-replay.json,89643292,seven,flg,1,M-Lucario,other,9
scraped/flg_full/episode-89646229-replay.json,89646229,__Taichicchi__,flg,1,Hydrapple,M-Kangaskhan,19
scraped/flg_full/episode-89647917-replay.json,89647917,flg,__Taichicchi__,0,M-Kangaskhan,Hydrapple,19
scraped/flg_full/episode-89647964-replay.json,89647964,James Cox & Henry Chao,flg,1,M-Kangaskhan,Crustle,26
scraped/flg_full/episode-89649569-replay.json,89649569,flg,Thai,1,other,Hydrapple,13
scraped/flg_full/episode-89652491-replay.json,89652491,flg,__Taichicchi__,1,other,Hydrapple,15
scraped/flg_full/episode-89656345-replay.json,89656345,flg,miya,0,Ogerpon,Alakazam,19
scraped/flg_full/episode-89656711-replay.json,89656711,flg,MarineYY,0,other,Alakazam,15
scraped/flg_full/episode-89658677-replay.json,89658677,qb,flg,0,Grimmsnarl,other,12
scraped/flg_full/episode-89660084-replay.json,89660084,flg,less,1,other,Grimmsnarl,8
scraped/flg_full/episode-89660709-replay.json,89660709,flg,OceanMix,0,other,M-Lucario,13
scraped/flg_full/episode-89661844-replay.json,89661844,M Sato,flg,1,M-Kangaskhan,Crustle,31
scraped/flg_full/episode-89663514-replay.json,89663514,flg,やる気元気ミワハルキ,1,other,Dudunsparce,11
scraped/flg_full/episode-89667066-replay.json,89667066,flg,Majkel1337,0,Crustle,M-Lucario,35
scraped/flg_full/episode-89668240-replay.json,89668240,flg,Yushin Ito,1,M-Kangaskhan,Alakazam,7
scraped/flg_full/episode-89672271-replay.json,89672271,Where is my orbit,flg,0,M-Kangaskhan,M-Kangaskhan,47
scraped/flg_full/episode-89675117-replay.json,89675117,ei1333,flg,1,Alakazam,other,17
scraped/flg_full/episode-89675664-replay.json,89675664,flg,M Sato,0,Crustle,Ogerpon,23
scraped/flg_full/episode-89677219-replay.json,89677219,やる気元気ミワハルキ,flg,1,Dragapult,Crustle,21
scraped/flg_full/episode-89677312-replay.json,89677312,flg,Yushin Ito,0,M-Kangaskhan,Alakazam,19
scraped/flg_full/episode-89677383-replay.json,89677383,"kenkoooo @ estie, inc.",flg,0,Alakazam,M-Kangaskhan,21
scraped/flg_full/episode-89677895-replay.json,89677895,flg,__Taichicchi__,0,Crustle,Grimmsnarl,21
scraped/flg_full/episode-89678493-replay.json,89678493,flg,oisho,0,M-Kangaskhan,Alakazam,15
scraped/flg_full/episode-89678763-replay.json,89678763,Dragon Ball Z,flg,1,other,other,11
scraped/flg_full/episode-89679058-replay.json,89679058,Lior Toledano,flg,1,Ogerpon,Crustle,31
scraped/flg_full/episode-89680101-replay.json,89680101,Raihan Ramadistra,flg,0,Grimmsnarl,M-Kangaskhan,13
scraped/flg_full/episode-89680669-replay.json,89680669,Raihan Ramadistra,flg,0,Grimmsnarl,M-Kangaskhan,11
scraped/flg_full/episode-89683219-replay.json,89683219,onick_man,flg,1,Alakazam,M-Kangaskhan,23
scraped/flg_full/episode-89685779-replay.json,89685779,flg,Raihan Ramadistra,1,M-Kangaskhan,Grimmsnarl,12
scraped/flg_full/episode-89689186-replay.json,89689186,flg,Raihan Ramadistra,1,Ogerpon,Grimmsnarl,15
scraped/flg_full/episode-89690384-replay.json,89690384,flg,JZ,0,other,Grimmsnarl,11
scraped/flg_full/episode-89690839-replay.json,89690839,flg,Articuno0144,0,Crustle,Ogerpon,25
scraped/flg_full/episode-89691452-replay.json,89691452,Majkel1337,flg,0,M-Lucario,M-Kangaskhan,13
scraped/flg_full/episode-89692010-replay.json,89692010,Majkel1337,flg,0,M-Lucario,M-Kangaskhan,15
scraped/flg_full/episode-89693138-replay.json,89693138,Majkel1337,flg,0,M-Lucario,Ogerpon,21
scraped/flg_full/episode-89700060-replay.json,89700060,flg,カントー地方マスター(KantoRegionMaster),1,M-Kangaskhan,Grimmsnarl,12
scraped/flg_full/episode-89700462-replay.json,89700462,flg,junseo lee,1,M-Kangaskhan,Garchomp,19
scraped/flg_full/episode-89702824-replay.json,89702824,Pokemon Siuuuu,flg,0,Grimmsnarl,other,9
scraped/flg_full/episode-89703814-replay.json,89703814,flg,junlee789,1,other,Garchomp,13
scraped/flg_full/episode-89707985-replay.json,89707985,flg,palsystem,1,M-Kangaskhan,Grimmsnarl,23
scraped/flg_full/episode-89709934-replay.json,89709934,213tubo,flg,0,Dragapult,other,15
scraped/flg_full/episode-89711884-replay.json,89711884,flg,perrodawn,0,M-Kangaskhan,M-Kangaskhan,29
scraped/flg_full/episode-89713367-replay.json,89713367,flg,szlachetny snieg,0,other,Grimmsnarl,11
scraped/flg_full/episode-89715291-replay.json,89715291,やる気元気ミワハルキ,flg,0,M-Lopunny,M-Kangaskhan,11
scraped/flg_full/episode-89716384-replay.json,89716384,flg,爆爆盛焼脂油麺,1,other,Alakazam,43
scraped/flg_full/episode-89724015-replay.json,89724015,JZ,flg,0,Grimmsnarl,M-Kangaskhan,21
scraped/flg_full/episode-89731447-replay.json,89731447,flg,☕ Psyduck Needs Coffee,0,other,Alakazam,21
scraped/flg_full/episode-89734786-replay.json,89734786,flg,キーウィ,1,other,Grimmsnarl,9
scraped/flg_full/episode-89737710-replay.json,89737710,flg,TTT Is All You Need,0,other,Grimmsnarl,11
scraped/flg_full/episode-89738201-replay.json,89738201,ANDPAD kaggler team,flg,1,Grimmsnarl,M-Kangaskhan,21
scraped/flg_full/episode-89739476-replay.json,89739476,HCRL,flg,0,M-Lopunny,other,13
scraped/flg_full/episode-89746473-replay.json,89746473,flg,Majkel1337,0,M-Kangaskhan,Ogerpon,29
scraped/flg_full/episode-89757835-replay.json,89757835,b13902103_yuhung94,flg,1,Grimmsnarl,M-Kangaskhan,27
scraped/flg_full/episode-89760660-replay.json,89760660,yoshitaka agent,flg,1,Grimmsnarl,other,9
scraped/flg_full/episode-89761464-replay.json,89761464,flg,__Taichicchi__,0,M-Kangaskhan,Grimmsnarl,19
scraped/flg_full/episode-89763251-replay.json,89763251,ANDPAD kaggler team,flg,1,Grimmsnarl,M-Kangaskhan,18
scraped/flg_full/episode-89767625-replay.json,89767625,ろう39,flg,1,Alakazam,other,21
scraped/flg_full/episode-89769571-replay.json,89769571,Octavi Grau,flg,0,Garchomp,M-Kangaskhan,15
scraped/flg_full/episode-89772689-replay.json,89772689,ANDPAD kaggler team,flg,0,Grimmsnarl,Crustle,11
scraped/flg_full/episode-89780761-replay.json,89780761,M Sato,flg,0,M-Kangaskhan,Ogerpon,25
scraped/flg_full/episode-89797123-replay.json,89797123,tw_shin,flg,1,Ogerpon,Ogerpon,17
scraped/flg_full/episode-89797164-replay.json,89797164,flg,宝糕手,0,other,Alakazam,19
scraped/flg_full/episode-89797626-replay.json,89797626,flg,Raihan Ramadistra,0,Crustle,Grimmsnarl,20
scraped/flg_full/episode-89797689-replay.json,89797689,flg,James Cox & Henry Chao,0,Crustle,other,5
scraped/flg_full/episode-89798236-replay.json,89798236,那个男人,flg,0,Grimmsnarl,M-Kangaskhan,11
scraped/flg_full/episode-89798771-replay.json,89798771,213tubo,flg,1,Dragapult,M-Kangaskhan,29
scraped/flg_full/episode-89798843-replay.json,89798843,flg,MissingNo.,0,Crustle,Ogerpon,17
scraped/flg_full/episode-89799428-replay.json,89799428,flg,MissingNo.,0,Ogerpon,Grimmsnarl,35
scraped/flg_full/episode-89789709-replay.json,89789709,カントー地方マスター(KantoRegionMaster),flg,0,Grimmsnarl,M-Kangaskhan,11
scraped/flg_full/episode-89790299-replay.json,89790299,Raihan Ramadistra,flg,1,Grimmsnarl,Crustle,29
scraped/flg_full/episode-89792314-replay.json,89792314,flg,カントー地方マスター(KantoRegionMaster),1,M-Kangaskhan,Grimmsnarl,14
scraped/flg_full/episode-89793535-replay.json,89793535,James Cox & Henry Chao,flg,1,M-Kangaskhan,M-Kangaskhan,27
scraped/flg_full/episode-89794099-replay.json,89794099,flg,Octavi Grau,1,M-Kangaskhan,Garchomp,26
scraped/flg_full/episode-89794736-replay.json,89794736,RtoABC,flg,1,Dudunsparce,Crustle,47
scraped/flg_full/episode-89795331-replay.json,89795331,AlphaStarmie,flg,0,Alakazam,Crustle,3
scraped/flg_full/episode-89796566-replay.json,89796566,Ketchum Alt,flg,1,Ogerpon,M-Kangaskhan,22
scraped/flg_full/episode-89782525-replay.json,89782525,Tatsuya Kayama,flg,1,Ogerpon,other,9
scraped/flg_full/episode-89785006-replay.json,89785006,flg,Raihan Ramadistra,0,M-Kangaskhan,Grimmsnarl,19
scraped/flg_full/episode-89785013-replay.json,89785013,Made a Beautiful Bouquet,flg,0,Grimmsnarl,other,11
scraped/flg_full/episode-89785379-replay.json,89785379,S. B.,flg,1,Grimmsnarl,M-Kangaskhan,35
scraped/flg_full/episode-89786509-replay.json,89786509,213tubo,flg,0,Dragapult,other,13
scraped/flg_full/episode-89786723-replay.json,89786723,flg,JZ,0,other,Grimmsnarl,11
scraped/flg_full/episode-89787083-replay.json,89787083,flg,Ketchum Alt,0,Crustle,Ogerpon,33
scraped/flg_full/episode-89787825-replay.json,89787825,flg,Haumea,0,other,Grimmsnarl,9
scraped/flg_full/episode-89799999-replay.json,89799999,flg,Majkel1337,1,M-Kangaskhan,M-Lucario,10
scraped/flg_full/episode-89800035-replay.json,89800035,flg,Gemini ch.,0,Crustle,Grimmsnarl,17
scraped/flg_full/episode-89800211-replay.json,89800211,James Cox & Henry Chao,flg,0,M-Kangaskhan,M-Kangaskhan,9
scraped/flg_full/episode-89800641-replay.json,89800641,MtN,flg,0,Grimmsnarl,M-Kangaskhan,17
scraped/flg_full/episode-89801264-replay.json,89801264,flg,Azat Akhtyamov,1,Ogerpon,Grimmsnarl,19
scraped/flg_full/episode-89801843-replay.json,89801843,flg,Lunariz,1,M-Kangaskhan,Alakazam,11
scraped/flg_full/episode-89802034-replay.json,89802034,Octavi Grau,flg,0,Garchomp,other,13
scraped/flg_full/episode-89802448-replay.json,89802448,Jack,flg,1,Dudunsparce,other,5
scraped/flg_full/episode-89802490-replay.json,89802490,S. B.,flg,0,Grimmsnarl,M-Kangaskhan,14
scraped/flg_full/episode-89803193-replay.json,89803193,flg,Gemini ch.,0,Crustle,Grimmsnarl,25
scraped/flg_full/episode-89803198-replay.json,89803198,flg,Raihan Ramadistra,1,M-Kangaskhan,Grimmsnarl,11
scraped/flg_full/episode-89803716-replay.json,89803716,Jaime Fernandez Diaz,flg,1,Hydrapple,Ogerpon,15
scraped/flg_full/episode-89804297-replay.json,89804297,Octavi Grau,flg,0,Garchomp,M-Kangaskhan,19
scraped/flg_full/episode-89804920-replay.json,89804920,ShumpeiNomura,flg,0,M-Kangaskhan,Ogerpon,15
scraped/flg_full/episode-89805481-replay.json,89805481,やる気元気ミワハルキ,flg,0,M-Lopunny,Ogerpon,15
scraped/flg_full/episode-89805482-replay.json,89805482,AlphaStarmie,flg,1,Alakazam,other,17
scraped/flg_full/episode-89814105-replay.json,89814105,flg,Where is my orbit,1,M-Kangaskhan,M-Kangaskhan,33
scraped/flg_full/episode-89814767-replay.json,89814767,flg,PxlPau,0,Crustle,Archaludon,41
scraped/flg_full/episode-89814842-replay.json,89814842,flg,Team KASA.,1,M-Kangaskhan,Alakazam,9
scraped/flg_full/episode-89814875-replay.json,89814875,黒田彩人,flg,1,Grimmsnarl,other,11
scraped/flg_full/episode-89815416-replay.json,89815416,flg,Niche,0,Crustle,Dragapult,9
scraped/flg_full/episode-89815747-replay.json,89815747,flg,THIRD PTCG Club,0,other,Alakazam,13
scraped/flg_full/episode-89816015-replay.json,89816015,cm391,flg,1,Ogerpon,Ogerpon,35
scraped/flg_full/episode-89816602-replay.json,89816602,flg,Gururaj Krishna Sharma,0,Ogerpon,other,21
scraped/flg_full/episode-89817162-replay.json,89817162,🐱KittenLeague🐱,flg,1,M-Starmie,M-Kangaskhan,31
scraped/flg_full/episode-89817248-replay.json,89817248,flg,Raihan Ramadistra,0,M-Kangaskhan,Grimmsnarl,19
scraped/flg_full/episode-89817740-replay.json,89817740,flg,AlphaStarmie,1,M-Kangaskhan,Alakazam,7
scraped/flg_full/episode-89818298-replay.json,89818298,flg,Raihan Ramadistra,1,M-Kangaskhan,Grimmsnarl,11
scraped/flg_full/episode-89818335-replay.json,89818335,李秉叡（ntumlnoob）,flg,0,M-Lopunny,M-Kangaskhan,15
scraped/flg_full/episode-89818352-replay.json,89818352,Dominic Peel,flg,0,Hydrapple,Crustle,5
scraped/flg_full/episode-89818975-replay.json,89818975,flg,Emre Cirak,0,Crustle,Grimmsnarl,23
scraped/flg_full/episode-89819479-replay.json,89819479,flg,カントー地方マスター(KantoRegionMaster),0,M-Kangaskhan,Grimmsnarl,17
scraped/flg_full/episode-89805541-replay.json,89805541,Shibungi,flg,0,Grimmsnarl,M-Kangaskhan,21
scraped/flg_full/episode-89806646-replay.json,89806646,Majkel1337,flg,0,M-Lucario,M-Kangaskhan,13
scraped/flg_full/episode-89806753-replay.json,89806753,Where is my orbit,flg,1,M-Kangaskhan,M-Kangaskhan,27
scraped/flg_full/episode-89806827-replay.json,89806827,flg,Ayanokoji Fan Club,0,M-Kangaskhan,Grimmsnarl,19
scraped/flg_full/episode-89807345-replay.json,89807345,lmaffei,flg,1,M-Lopunny,M-Kangaskhan,17
scraped/flg_full/episode-89807907-replay.json,89807907,flg,@kdcyberdude,0,M-Kangaskhan,Grimmsnarl,17
scraped/flg_full/episode-89808016-replay.json,89808016,Octavi Grau,flg,0,Garchomp,other,13
scraped/flg_full/episode-89808428-replay.json,89808428,flg,Brahim,1,M-Kangaskhan,Garchomp,26
scraped/flg_full/episode-89809116-replay.json,89809116,flg,M Sato,1,M-Kangaskhan,M-Kangaskhan,21
scraped/flg_full/episode-89809765-replay.json,89809765,palsystem,flg,1,Grimmsnarl,M-Kangaskhan,19
scraped/flg_full/episode-89810261-replay.json,89810261,flg,zhangshuosc,1,M-Kangaskhan,Grimmsnarl,25
scraped/flg_full/episode-89811009-replay.json,89811009,서주영,flg,1,Ogerpon,Ogerpon,37
scraped/flg_full/episode-89811622-replay.json,89811622,__Taichicchi__,flg,0,Grimmsnarl,M-Kangaskhan,13
scraped/flg_full/episode-89812318-replay.json,89812318,flg,Iolzpo + emonga,1,Ogerpon,M-Lopunny,17
scraped/flg_full/episode-89812917-replay.json,89812917,Lunariz,flg,1,Alakazam,Crustle,31
scraped/flg_full/episode-89813517-replay.json,89813517,S. B.,flg,1,Grimmsnarl,M-Kangaskhan,15
scraped/flg_full/episode-89819484-replay.json,89819484,flg,keidroid,1,other,Ogerpon,17
scraped/flg_full/episode-89819529-replay.json,89819529,那个男人,flg,0,Grimmsnarl,M-Kangaskhan,13
scraped/flg_full/episode-89820122-replay.json,89820122,李秉叡（ntumlnoob）,flg,0,M-Lopunny,M-Kangaskhan,19
scraped/flg_full/episode-89820185-replay.json,89820185,flg,Raihan Ramadistra,0,M-Kangaskhan,Grimmsnarl,19
scraped/flg_full/episode-89820794-replay.json,89820794,flg,Raihan Ramadistra,1,M-Kangaskhan,Grimmsnarl,17
scraped/flg_full/episode-89821192-replay.json,89821192,flg,Iolzpo + emonga,0,M-Kangaskhan,M-Lopunny,13
scraped/flg_full/episode-89821435-replay.json,89821435,flg,LumenLiquidity,0,Crustle,Dragapult,33
scraped/flg_full/episode-89822004-replay.json,89822004,flg,M Sato,1,M-Kangaskhan,Ogerpon,35
scraped/flg_full/episode-89826603-replay.json,89826603,flg,やる気元気ミワハルキ,1,M-Kangaskhan,M-Lopunny,25
scraped/flg_full/episode-89827835-replay.json,89827835,flg,やる気元気ミワハルキ,1,M-Kangaskhan,M-Lopunny,12
scraped/flg_full/episode-89833062-replay.json,89833062,Kosmostars,flg,1,Grimmsnarl,other,11
scraped/flg_full/episode-89843816-replay.json,89843816,flg,Iliamna,0,Ogerpon,Hydrapple,13
scraped/flg_full/episode-89849823-replay.json,89849823,Brianhk,flg,1,M-Lucario,other,11
scraped/flg_full/episode-89851539-replay.json,89851539,flg,Iliamna,0,other,Hydrapple,13
scraped/flg_full/episode-89855656-replay.json,89855656,MTADA,flg,1,Dragapult,other,15
scraped/flg_full/episode-89856951-replay.json,89856951,想要成为kaggle大师,flg,1,M-Lopunny,other,15
scraped/flg_full/episode-89857420-replay.json,89857420,Marshall Maximizer,flg,0,M-Lopunny,M-Kangaskhan,13
scraped/flg_full/episode-89857499-replay.json,89857499,Articuno0144,flg,1,Ogerpon,Crustle,21
scraped/flg_full/episode-89859923-replay.json,89859923,flg,AlphaStarmie,0,other,Alakazam,23
scraped/flg_full/episode-89869419-replay.json,89869419,HCRL,flg,0,M-Lopunny,M-Kangaskhan,13
scraped/flg_full/episode-89871201-replay.json,89871201,やる気元気ミワハルキ,flg,0,M-Lopunny,M-Kangaskhan,11
scraped/flg_full/episode-89872358-replay.json,89872358,M Sato,flg,1,M-Kangaskhan,other,21
scraped/flg_full/episode-89877217-replay.json,89877217,flg,Raihan Ramadistra,1,M-Kangaskhan,Grimmsnarl,10
scraped/flg_full/episode-89878412-replay.json,89878412,Marshall Maximizer,flg,1,M-Lopunny,M-Kangaskhan,11
scraped/flg_full/episode-89878652-replay.json,89878652,flg,cununn,1,Crustle,Alakazam,3
scraped/flg_full/episode-89880478-replay.json,89880478,flg,cyrus,0,Crustle,Grimmsnarl,13
scraped/flg_full/episode-89883132-replay.json,89883132,tedo,flg,1,Grimmsnarl,other,12
scraped/flg_full/episode-89884967-replay.json,89884967,flg,Raihan Ramadistra,1,other,Grimmsnarl,11
scraped/flg_full/episode-89885536-replay.json,89885536,flg,Raihan Ramadistra,1,other,Grimmsnarl,9
scraped/flg_full/episode-89886797-replay.json,89886797,flg,Brahim,1,M-Kangaskhan,Garchomp,56
scraped/flg_full/episode-89892037-replay.json,89892037,flg,cununn,0,other,Alakazam,13
scraped/flg_full/episode-89894611-replay.json,89894611,flg,やる気元気ミワハルキ,1,other,M-Lopunny,15
scraped/flg_full/episode-89897100-replay.json,89897100,clora,flg,1,Grimmsnarl,M-Kangaskhan,17
scraped/flg_full/episode-89897549-replay.json,89897549,flg,cununn,1,Ogerpon,Alakazam,13
scraped/flg_full/episode-89902328-replay.json,89902328,Xunden,flg,1,Archaludon,Ogerpon,22
scraped/flg_full/episode-89907571-replay.json,89907571,flg,李秉叡（ntumlnoob）,1,other,M-Lopunny,15
scraped/flg_full/episode-89909377-replay.json,89909377,flg,Iolzpo + emonga,0,other,M-Lopunny,17
scraped/flg_full/episode-89910335-replay.json,89910335,flg,Zhu Liang,0,other,Alakazam,15
scraped/flg_full/episode-89916752-replay.json,89916752,flg,haggle,0,M-Kangaskhan,Alakazam,17
scraped/flg_full/episode-89926145-replay.json,89926145,mojyaP,flg,1,Crustle,other,7
scraped/flg_full/episode-89930166-replay.json,89930166,flg,Changyuan Chen,0,other,Ogerpon,11
scraped/flg_full/episode-89931799-replay.json,89931799,flg,Oshbocker,0,M-Kangaskhan,M-Kangaskhan,31
scraped/flg_full/episode-89944273-replay.json,89944273,flg,keidroid,0,Crustle,Ogerpon,29
scraped/flg_full/episode-89944924-replay.json,89944924,flg,vvs,1,other,Grimmsnarl,9
scraped/flg_full/episode-89963022-replay.json,89963022,flg,213tubo,0,Ogerpon,Ogerpon,23
scraped/flg_full/episode-89964297-replay.json,89964297,wwwwwwwwwwwwwwwwwwwwwwwwwwwwww,flg,0,M-Lopunny,other,15
scraped/flg_full/episode-89967946-replay.json,89967946,flg,THIRD PTCG Club,0,Ogerpon,Dragapult,35
scraped/flg_full/episode-89968643-replay.json,89968643,Canon,flg,0,Grimmsnarl,other,9
scraped/flg_full/episode-89980218-replay.json,89980218,THIRD PTCG Club,flg,0,Dragapult,other,19
scraped/flg_full/episode-89983532-replay.json,89983532,flg,@kdcyberdude,1,Ogerpon,Grimmsnarl,19
scraped/flg_full/episode-89984723-replay.json,89984723,flg,MR.h,0,other,Alakazam,17
scraped/flg_full/episode-89993841-replay.json,89993841,Marshall Maximizer,flg,0,M-Lopunny,other,13
scraped/flg_full/episode-89995126-replay.json,89995126,AlphaStarmie,flg,0,Alakazam,M-Kangaskhan,7
scraped/flg_full/episode-89995704-replay.json,89995704,flg,Emre Cirak,1,M-Kangaskhan,Alakazam,9
scraped/flg_full/episode-89996843-replay.json,89996843,KawattaTaido,flg,1,Grimmsnarl,other,12
scraped/flg_full/episode-89997429-replay.json,89997429,flg,Seho.Connect,0,Ogerpon,Garchomp,23
scraped/flg_full/episode-89998093-replay.json,89998093,flg,齐乐,0,other,other,3
scraped/flg_full/episode-90002825-replay.json,90002825,Battle Data Base,flg,1,Ogerpon,other,11
scraped/flg_full/episode-90004721-replay.json,90004721,KawattaTaido,flg,0,Grimmsnarl,other,11
scraped/flg_full/episode-90006127-replay.json,90006127,flg,やる気元気ミワハルキ,1,M-Kangaskhan,M-Lopunny,11
scraped/flg_full/episode-90006152-replay.json,90006152,flg,goonew,1,M-Kangaskhan,Alakazam,11
scraped/flg_full/episode-90007959-replay.json,90007959,MtN,flg,0,Grimmsnarl,M-Kangaskhan,15
scraped/flg_full/episode-90007993-replay.json,90007993,flg,LumenLiquidity,0,M-Kangaskhan,Dragapult,29
scraped/flg_full/episode-90009271-replay.json,90009271,やる気元気ミワハルキ,flg,0,M-Lopunny,other,21
scraped/flg_full/episode-90019594-replay.json,90019594,flg,James Cox & Henry Chao,0,Crustle,M-Kangaskhan,23
scraped/flg_full/episode-90020254-replay.json,90020254,flg,齐乐,0,other,Alakazam,17
scraped/flg_full/episode-90020780-replay.json,90020780,flg,less,1,Crustle,Grimmsnarl,12
scraped/flg_full/episode-90020933-replay.json,90020933,flg,James Cox & Henry Chao,1,other,other,1
scraped/flg_full/episode-90021653-replay.json,90021653,flg,cununn,1,M-Kangaskhan,Alakazam,7
scraped/flg_full/episode-90023711-replay.json,90023711,flg,wakama1994,0,other,M-Lucario,5
scraped/flg_full/episode-90024876-replay.json,90024876,wwwwwwwwwwwwwwwwwwwwwwwwwwwwww,flg,0,M-Lopunny,M-Kangaskhan,13
scraped/flg_full/episode-90024899-replay.json,90024899,flg,ShumpeiNomura,0,other,M-Kangaskhan,11
scraped/flg_full/episode-90010599-replay.json,90010599,AlphaStarmie,flg,0,Alakazam,Ogerpon,5
scraped/flg_full/episode-90011284-replay.json,90011284,flg,Team Rot-Weiß,1,M-Kangaskhan,Alakazam,5
scraped/flg_full/episode-90011840-replay.json,90011840,flg,Battle Data Base,1,other,Ogerpon,17
scraped/flg_full/episode-90013236-replay.json,90013236,Iolzpo + emonga,flg,1,M-Lopunny,other,15
scraped/flg_full/episode-90017007-replay.json,90017007,Raihan Ramadistra,flg,0,Grimmsnarl,M-Kangaskhan,17
scraped/flg_full/episode-90017137-replay.json,90017137,flg,Aurora wy,1,M-Kangaskhan,Grimmsnarl,23
scraped/flg_full/episode-90018958-replay.json,90018958,齐乐,flg,0,Alakazam,other,43
scraped/flg_full/episode-90019082-replay.json,90019082,JB Bryant,flg,1,Grimmsnarl,other,9
scraped/flg_full/episode-90025683-replay.json,90025683,flg,カントー地方マスター(KantoRegionMaster),1,other,Grimmsnarl,9
scraped/flg_full/episode-90027105-replay.json,90027105,poppy457,flg,1,Ogerpon,other,11
scraped/flg_full/episode-90027737-replay.json,90027737,flg,Jeffrey Saelee,0,other,M-Kangaskhan,19
scraped/flg_full/episode-90027747-replay.json,90027747,flg,nsytsqdtn,0,other,Grimmsnarl,11
scraped/flg_full/episode-90028378-replay.json,90028378,Pokemon Siuuuu,flg,1,Grimmsnarl,other,9
scraped/flg_full/episode-90029034-replay.json,90029034,カントー地方マスター(KantoRegionMaster),flg,1,Grimmsnarl,other,11
scraped/flg_full/episode-90029104-replay.json,90029104,Roman Nesterov,flg,1,Garchomp,M-Kangaskhan,27
scraped/flg_full/episode-90029140-replay.json,90029140,flg,李秉叡（ntumlnoob）,1,M-Kangaskhan,M-Lopunny,23
scraped/flg_full/episode-90029672-replay.json,90029672,flg,Raihan Ramadistra,1,other,Grimmsnarl,7
scraped/flg_full/episode-90029687-replay.json,90029687,Raihan Ramadistra,flg,0,Grimmsnarl,other,11
scraped/flg_full/episode-90030399-replay.json,90030399,Where is my orbit,flg,0,M-Kangaskhan,M-Kangaskhan,25
scraped/flg_full/episode-90030418-replay.json,90030418,flg,Iolzpo + emonga,1,other,M-Lopunny,17
scraped/flg_full/episode-90030869-replay.json,90030869,flg,suguuuuu & hiehie,1,M-Kangaskhan,Crustle,31
scraped/flg_full/episode-90031138-replay.json,90031138,flg,RyoK,0,other,M-Lucario,13
scraped/flg_full/episode-90031885-replay.json,90031885,arai9953,flg,1,Alakazam,other,17
scraped/flg_full/episode-90032417-replay.json,90032417,flg,THIRD PTCG Club,0,M-Kangaskhan,Dragapult,27
scraped/flg_full/episode-90032474-replay.json,90032474,Brahim,flg,1,Garchomp,other,9
scraped/flg_full/episode-90033133-replay.json,90033133,sadwat,flg,0,M-Lopunny,other,19
scraped/flg_full/episode-90033849-replay.json,90033849,flg,fernandezppablo,0,other,Grimmsnarl,13
scraped/flg_full/episode-90034528-replay.json,90034528,flg,akzw,0,other,Crustle,11
scraped/flg_full/episode-90035202-replay.json,90035202,flg,kentaro_kato,0,other,M-Kangaskhan,11
scraped/flg_full/episode-90035863-replay.json,90035863,齐乐,flg,1,Alakazam,other,13
scraped/flg_full/episode-90036498-replay.json,90036498,LumenLiquidity,flg,1,other,other,1
scraped/flg_full/episode-90036520-replay.json,90036520,NorthStar,flg,1,Grimmsnarl,other,11
scraped/flg_full/episode-90057820-replay.json,90057820,flg,ANDPAD kaggler team,0,other,M-Kangaskhan,11
scraped/flg_full/episode-90061780-replay.json,90061780,Ketchum Alt,flg,1,Ogerpon,Ogerpon,31
scraped/flg_full/episode-90065379-replay.json,90065379,flg,Boss's Orders Are All You Need,0,Crustle,Dragapult,47
scraped/flg_full/episode-90070706-replay.json,90070706,flg,Rmy,1,other,M-Lopunny,17
scraped/flg_full/episode-90073890-replay.json,90073890,xnx,flg,1,M-Lopunny,M-Kangaskhan,12
scraped/flg_full/episode-90086982-replay.json,90086982,Chua Zheng Wei Brian,flg,1,Grimmsnarl,other,11
scraped/flg_full/episode-90090395-replay.json,90090395,flg,Articuno0144,0,M-Kangaskhan,Ogerpon,23
scraped/flg_full/episode-90099761-replay.json,90099761,flg,想要成为kaggle大师,0,other,M-Lopunny,13
scraped/flg_full/episode-90043320-replay.json,90043320,Raihan Ramadistra,flg,1,Grimmsnarl,other,9
scraped/flg_full/episode-90043964-replay.json,90043964,flg,less,0,Crustle,Grimmsnarl,21
scraped/flg_full/episode-90047610-replay.json,90047610,LiamK,flg,0,M-Lopunny,other,11
scraped/flg_full/episode-90048780-replay.json,90048780,flg,K-Iwa_777,0,M-Kangaskhan,M-Lucario,23
scraped/flg_full/episode-90048800-replay.json,90048800,vvs,flg,0,Alakazam,Ogerpon,9
scraped/flg_full/episode-90050280-replay.json,90050280,flg,vvs,1,M-Kangaskhan,Alakazam,11
scraped/flg_full/episode-90052160-replay.json,90052160,flg,Jie Orkarin,0,other,Hydrapple,17
scraped/flg_full/episode-90054375-replay.json,90054375,flg,Boss's Orders Are All You Need,0,M-Kangaskhan,Dragapult,59
scraped/flg_full/episode-90036599-replay.json,90036599,Where is my orbit,flg,1,M-Kangaskhan,M-Kangaskhan,30
scraped/flg_full/episode-90037176-replay.json,90037176,flg,matsurih,1,other,M-Lopunny,15
scraped/flg_full/episode-90037845-replay.json,90037845,李秉叡（ntumlnoob）,flg,0,M-Lopunny,other,13
scraped/flg_full/episode-90037877-replay.json,90037877,flg,Iolzpo + emonga,1,other,M-Lopunny,17
scraped/flg_full/episode-90038616-replay.json,90038616,szlachetny snieg,flg,0,Grimmsnarl,other,7
scraped/flg_full/episode-90039363-replay.json,90039363,flg,palsystem,0,other,Hydrapple,13
scraped/flg_full/episode-90039983-replay.json,90039983,Iolzpo + emonga,flg,0,M-Lopunny,other,15
scraped/flg_full/episode-90041269-replay.json,90041269,flg,ShumpeiNomura,1,Ogerpon,M-Kangaskhan,5
scraped/flg_full/episode-90099953-replay.json,90099953,gecogeco,flg,1,Ogerpon,other,15
scraped/flg_full/episode-90103405-replay.json,90103405,flg,TTT Is All You Need,1,Crustle,Grimmsnarl,23
scraped/flg_full/episode-90103845-replay.json,90103845,flg,Marshall Maximizer,1,M-Kangaskhan,M-Lopunny,16
scraped/flg_full/episode-90107169-replay.json,90107169,flg,Boseiju,0,other,Alakazam,19
scraped/flg_full/episode-90112154-replay.json,90112154,flg,Chipping Spearow,1,M-Kangaskhan,M-Starmie,16
scraped/flg_full/episode-90118984-replay.json,90118984,flg,bono,0,other,Hydrapple,15
scraped/flg_full/episode-90119002-replay.json,90119002,flg,THIRD PTCG Club,0,other,Dragapult,13
scraped/flg_full/episode-90127169-replay.json,90127169,flg,hirune924,0,Ogerpon,Hydrapple,15
scraped/flg_full/episode-90129662-replay.json,90129662,qb,flg,1,Grimmsnarl,M-Kangaskhan,21
scraped/flg_full/episode-90129960-replay.json,90129960,KawattaTaido,flg,1,Grimmsnarl,other,11
scraped/flg_full/episode-90143662-replay.json,90143662,flg,Lohitha Reddy Aramati,0,other,M-Lucario,11
scraped/flg_full/episode-90146388-replay.json,90146388,Where is my orbit,flg,0,M-Kangaskhan,M-Kangaskhan,30
scraped/flg_full/episode-90149840-replay.json,90149840,Where is my orbit,flg,1,M-Kangaskhan,M-Kangaskhan,19
scraped/flg_full/episode-90150593-replay.json,90150593,Raihan Ramadistra,flg,0,Grimmsnarl,other,8
scraped/flg_full/episode-90161497-replay.json,90161497,flg,Oshbocker,0,other,M-Kangaskhan,15
scraped/flg_full/episode-90163544-replay.json,90163544,shyjin,flg,1,Grimmsnarl,M-Kangaskhan,15
scraped/flg_full/episode-90166280-replay.json,90166280,flg,Raihan Ramadistra,1,other,Grimmsnarl,8
scraped/flg_full/episode-90169614-replay.json,90169614,Team KASA.,flg,0,Alakazam,M-Kangaskhan,9
scraped/flg_full/episode-90179682-replay.json,90179682,GuerillaMoon,flg,0,Grimmsnarl,other,9
scraped/flg_full/episode-90180974-replay.json,90180974,flg,RtoABC,1,Crustle,Dudunsparce,7
scraped/flg_full/episode-90182168-replay.json,90182168,hatry,flg,0,Grimmsnarl,M-Kangaskhan,17
scraped/flg_full/episode-90193031-replay.json,90193031,flg,Ars Noveau,1,M-Kangaskhan,Grimmsnarl,19
scraped/flg_full/episode-90193075-replay.json,90193075,Where is my orbit,flg,0,M-Kangaskhan,M-Kangaskhan,41
scraped/flg_full/episode-90197374-replay.json,90197374,ruten,flg,1,M-Lucario,other,9
scraped/flg_full/episode-90210052-replay.json,90210052,tetsu2131,flg,1,Grimmsnarl,Crustle,33
scraped/flg_full/episode-90211251-replay.json,90211251,flg,flg,0,Dragapult,Dragapult,17
scraped/flg_full/episode-90211353-replay.json,90211353,flg,higaki,0,Dragapult,Grimmsnarl,17
scraped/flg_full/episode-90212087-replay.json,90212087,hoshi3,flg,0,Archaludon,Dragapult,16
scraped/flg_full/episode-90212851-replay.json,90212851,kurikuri54,flg,1,Grimmsnarl,Dragapult,15
scraped/flg_full/episode-90213600-replay.json,90213600,flg,泣きむしサメチャン,0,Dragapult,M-Starmie,9
scraped/flg_full/episode-90214339-replay.json,90214339,Codyzzzz,flg,1,Dragapult,Dragapult,12
scraped/flg_full/episode-90215077-replay.json,90215077,A.T.,flg,1,Archaludon,Dragapult,10
scraped/flg_full/episode-90221511-replay.json,90221511,flg,Boss's Orders Are All You Need,0,Dragapult,Grimmsnarl,13
scraped/flg_full/episode-90222232-replay.json,90222232,NguyenThanhNhan,flg,1,Grimmsnarl,Dragapult,9
scraped/flg_full/episode-90222966-replay.json,90222966,flg,less,0,Dragapult,Grimmsnarl,13
scraped/flg_full/episode-90223679-replay.json,90223679,Octavi Grau,flg,1,M-Lopunny,Dragapult,9
scraped/flg_full/episode-90224405-replay.json,90224405,llkarill,flg,1,Ogerpon,Dragapult,11
scraped/flg_full/episode-90225133-replay.json,90225133,miya,flg,0,Alakazam,Dragapult,13
scraped/flg_full/episode-90225878-replay.json,90225878,flg,タニシ,0,Dragapult,Ogerpon,11
scraped/flg_full/episode-90226575-replay.json,90226575,"Bart, Edwyn",flg,1,Alakazam,Dragapult,9
scraped/flg_full/episode-90215800-replay.json,90215800,flg,sender1999,0,Dragapult,Dragapult,15
scraped/flg_full/episode-90216520-replay.json,90216520,Sule-it,flg,1,Garchomp,Dragapult,13
scraped/flg_full/episode-90217241-replay.json,90217241,flg,Muhandro,0,Dragapult,Grimmsnarl,11
scraped/flg_full/episode-90217921-replay.json,90217921,ZZZ gang ML clan team muxomor,flg,1,Alakazam,Dragapult,9
scraped/flg_full/episode-90218642-replay.json,90218642,flg,matsurih,0,Dragapult,M-Lopunny,15
scraped/flg_full/episode-90219376-replay.json,90219376,Changyuan Chen,flg,1,Ogerpon,Dragapult,11
scraped/flg_full/episode-90220084-replay.json,90220084,flg,Nghia Tran,1,Dragapult,Ogerpon,13
scraped/flg_full/episode-90220798-replay.json,90220798,flg,脱0コイン,0,Dragapult,M-Starmie,15
scraped/flg_full/episode-90227207-replay.json,90227207,llkarill,flg,1,Ogerpon,Dragapult,11
scraped/flg_full/episode-90227980-replay.json,90227980,Arthurs Torres24,flg,1,Grimmsnarl,Dragapult,11
scraped/flg_full/episode-90228695-replay.json,90228695,flg,palsystem,1,Dragapult,Grimmsnarl,25
scraped/flg_full/episode-90229415-replay.json,90229415,Pokemon Siuuuu,flg,1,Dragapult,Dragapult,13
scraped/flg_full/episode-90230108-replay.json,90230108,szlachetny snieg,flg,1,Grimmsnarl,Dragapult,13
scraped/flg_full/episode-90230852-replay.json,90230852,flg,kigasudayooo,0,Dragapult,Ogerpon,11
scraped/flg_full/episode-90231560-replay.json,90231560,flg,Luca,0,Dragapult,M-Lucario,17
scraped/flg_full/episode-90232183-replay.json,90232183,bono,flg,1,Hydrapple,Dragapult,9
scraped/flg_full/episode-90233000-replay.json,90233000,flg,Pokemon Siuuuu,0,Dragapult,Dragapult,11
scraped/flg_full/episode-90233705-replay.json,90233705,RtoABC,flg,1,Dragapult,Dragapult,13
scraped/flg_full/episode-90234404-replay.json,90234404,Luca,flg,0,Alakazam,Dragapult,13
scraped/flg_full/episode-90235115-replay.json,90235115,flg,Pokemon Siuuuu,0,Dragapult,Dragapult,13
scraped/flg_full/episode-90235851-replay.json,90235851,flg,NorthStar,0,Dragapult,Alakazam,11
scraped/flg_full/episode-90236620-replay.json,90236620,MoriBob,flg,1,Grimmsnarl,Dragapult,11
scraped/flg_full/episode-90237272-replay.json,90237272,タニシ,flg,1,Ogerpon,Dragapult,11
scraped/flg_full/episode-90238080-replay.json,90238080,flg,cununn,0,Dragapult,Alakazam,15
scraped/flg_full/episode-90238692-replay.json,90238692,kenn,flg,1,Dragapult,Dragapult,11
scraped/flg_full/episode-90240076-replay.json,90240076,@kdcyberdude,flg,0,Grimmsnarl,Dragapult,11
scraped/flg_full/episode-90240894-replay.json,90240894,Luca,flg,1,M-Lucario,Dragapult,9
scraped/flg_full/episode-90241540-replay.json,90241540,flg,@kdcyberdude,1,Dragapult,Grimmsnarl,9
scraped/flg_full/episode-90242253-replay.json,90242253,flg,AlphaStarmie,0,Dragapult,Alakazam,11
scraped/flg_full/episode-90242945-replay.json,90242945,flg,MtN,0,Dragapult,Grimmsnarl,13
scraped/flg_full/episode-90243658-replay.json,90243658,flg,RtoABC,0,Dragapult,Dragapult,21
scraped/flg_full/episode-90244361-replay.json,90244361,Soup,flg,1,Alakazam,Dragapult,8
scraped/flg_full/episode-90245074-replay.json,90245074,想要成为kaggle大师,flg,1,M-Lopunny,Dragapult,15
scraped/flg_full/episode-90245780-replay.json,90245780,Luca,flg,0,M-Lucario,Dragapult,13
scraped/flg_full/episode-90246506-replay.json,90246506,JB Bryant,flg,0,M-Lopunny,Dragapult,17
scraped/flg_full/episode-90247210-replay.json,90247210,flg,李秉叡（ntumlnoob）,0,Dragapult,M-Lopunny,11
scraped/flg_full/episode-90247916-replay.json,90247916,flg,Raihan Ramadistra,0,Dragapult,Grimmsnarl,5
scraped/flg_full/episode-90248697-replay.json,90248697,Raihan Ramadistra,flg,0,Grimmsnarl,Dragapult,13
scraped/flg_full/episode-90249355-replay.json,90249355,flg,James Cox & Henry Chao,1,Dragapult,M-Kangaskhan,3
scraped/flg_full/episode-90250065-replay.json,90250065,M Sato,flg,0,M-Kangaskhan,Dragapult,25
scraped/flg_full/episode-90250787-replay.json,90250787,RtoABC,flg,1,Dudunsparce,Dragapult,11
scraped/flg_full/episode-90251414-replay.json,90251414,iwashi,flg,1,Grimmsnarl,Dragapult,13
scraped/flg_full/episode-90251497-replay.json,90251497,flg,iwashi,1,Dragapult,Grimmsnarl,7
scraped/flg_full/episode-90252197-replay.json,90252197,flg,iwashi,0,Dragapult,Grimmsnarl,19
scraped/flg_full/episode-90252913-replay.json,90252913,flg,想要成为kaggle大师,1,Dragapult,M-Lopunny,15
scraped/flg_full/episode-90253732-replay.json,90253732,Arnav Dagli,flg,1,other,Dragapult,5
scraped/flg_full/episode-90254330-replay.json,90254330,flg,@kdcyberdude,0,Dragapult,Grimmsnarl,11
scraped/flg_full/episode-90255041-replay.json,90255041,M Sato,flg,0,Crustle,Dragapult,25
scraped/flg_full/episode-90255754-replay.json,90255754,flg,pztriatomic,0,Dragapult,Alakazam,15
scraped/flg_full/episode-90256446-replay.json,90256446,flg,M Sato,1,Dragapult,Alakazam,13
scraped/flg_full/episode-90257201-replay.json,90257201,flg,Luca,0,Dragapult,M-Lucario,13
scraped/flg_full/episode-90257940-replay.json,90257940,M Sato,flg,0,Alakazam,Dragapult,17
scraped/flg_full/episode-90259389-replay.json,90259389,Raihan Ramadistra,flg,1,Grimmsnarl,Dragapult,9
scraped/flg_full/episode-90259482-replay.json,90259482,flg,M Sato,0,Dragapult,Alakazam,11
scraped/flg_full/episode-90260838-replay.json,90260838,flg,ShumpeiNomura,1,Dragapult,M-Kangaskhan,8
scraped/flg_full/episode-90263096-replay.json,90263096,flg,kanno,0,Dragapult,M-Lopunny,15
scraped/flg_full/episode-90263728-replay.json,90263728,Raihan Ramadistra,flg,0,Grimmsnarl,Dragapult,11
scraped/flg_full/episode-90264441-replay.json,90264441,flg,M Sato,1,Dragapult,M-Kangaskhan,25
scraped/flg_full/episode-90266646-replay.json,90266646,flg,ShumpeiNomura,0,Dragapult,other,13
scraped/flg_full/episode-90267247-replay.json,90267247,flg,James Cox & Henry Chao,0,Dragapult,M-Kangaskhan,11
scraped/flg_full/episode-90267921-replay.json,90267921,flg,James Cox & Henry Chao,0,Dragapult,M-Kangaskhan,17
scraped/flg_full/episode-90268632-replay.json,90268632,flg,Rmy,1,Dragapult,M-Lopunny,5
scraped/flg_full/episode-90269359-replay.json,90269359,flg,あなまか,0,Dragapult,Crustle,13
scraped/flg_full/episode-90270068-replay.json,90270068,flg,James Cox & Henry Chao,1,Dragapult,M-Kangaskhan,13
scraped/flg_full/episode-90270208-replay.json,90270208,Luca,flg,1,Alakazam,Dragapult,11
scraped/flg_full/episode-90270782-replay.json,90270782,flg,tw_shin,0,Dragapult,Ogerpon,13
scraped/flg_full/episode-90271493-replay.json,90271493,tw_shin,flg,0,Ogerpon,Dragapult,11
scraped/flg_full/episode-90271496-replay.json,90271496,M Sato,flg,1,Alakazam,Dragapult,13
scraped/flg_full/episode-90272212-replay.json,90272212,M Sato,flg,0,Crustle,Dragapult,17
scraped/flg_full/episode-90272918-replay.json,90272918,flg,M Sato,0,Dragapult,Alakazam,9
scraped/flg_full/episode-90273628-replay.json,90273628,flg,Luca,1,Dragapult,M-Lucario,9
scraped/flg_full/episode-90274329-replay.json,90274329,flg,齐乐,0,Dragapult,Alakazam,13
scraped/flg_full/episode-90274516-replay.json,90274516,@kdcyberdude,flg,1,Grimmsnarl,Dragapult,13
scraped/flg_full/episode-90275038-replay.json,90275038,flg,Lunariz,0,Dragapult,Alakazam,11
scraped/flg_full/episode-90275754-replay.json,90275754,flg,Ryoki Kunii,0,Dragapult,Grimmsnarl,13
scraped/flg_full/episode-90276470-replay.json,90276470,Lunariz,flg,1,Alakazam,Dragapult,13
scraped/flg_full/episode-90277192-replay.json,90277192,flg,ANDPAD kaggler team,0,Dragapult,Alakazam,9
scraped/flg_full/episode-90277874-replay.json,90277874,flg,Raihan Ramadistra,1,Dragapult,Grimmsnarl,9
scraped/flg_full/episode-90278629-replay.json,90278629,THIRD PTCG Club,flg,1,Dragapult,Dragapult,11
scraped/flg_full/episode-90278632-replay.json,90278632,flg,想要成为kaggle大师,0,Dragapult,M-Lopunny,11
scraped/flg_full/episode-90291593-replay.json,90291593,李秉叡（ntumlnoob）,flg,1,M-Lopunny,Dragapult,11
scraped/flg_full/episode-90292306-replay.json,90292306,KASSEN inc.,flg,1,M-Kangaskhan,Dragapult,7
scraped/flg_full/episode-90293046-replay.json,90293046,flg,Petit Canard,1,Dragapult,Crustle,26
scraped/flg_full/episode-90293780-replay.json,90293780,Iolzpo + emonga,flg,1,M-Lopunny,Dragapult,9
scraped/flg_full/episode-90294527-replay.json,90294527,flg,JB Bryant,0,Dragapult,M-Froslass,11
scraped/flg_full/episode-90295311-replay.json,90295311,flg,ShumpeiNomura,0,Dragapult,M-Kangaskhan,13
scraped/flg_full/episode-90295317-replay.json,90295317,李秉叡（ntumlnoob）,flg,0,M-Lopunny,Dragapult,13
scraped/flg_full/episode-90296065-replay.json,90296065,flg,Raihan Ramadistra,0,Dragapult,Grimmsnarl,11
scraped/flg_full/episode-90279345-replay.json,90279345,flg,Hancang Mi,0,Dragapult,Alakazam,13
scraped/flg_full/episode-90280073-replay.json,90280073,李秉叡（ntumlnoob）,flg,1,M-Lopunny,Dragapult,15
scraped/flg_full/episode-90280783-replay.json,90280783,李秉叡（ntumlnoob）,flg,1,M-Lopunny,Dragapult,23
scraped/flg_full/episode-90282219-replay.json,90282219,Dries @ Tufa Labs,flg,1,Grimmsnarl,Dragapult,9
scraped/flg_full/episode-90282934-replay.json,90282934,bono,flg,1,Hydrapple,Dragapult,9
scraped/flg_full/episode-90283653-replay.json,90283653,flg,LiamK,1,Dragapult,M-Lopunny,13
scraped/flg_full/episode-90284375-replay.json,90284375,flg,cununn,1,Dragapult,Alakazam,11
scraped/flg_full/episode-90285144-replay.json,90285144,flg,李秉叡（ntumlnoob）,1,Dragapult,M-Lopunny,11
scraped/flg_full/episode-90285848-replay.json,90285848,flg,Aaron Greenwell,0,Dragapult,M-Kangaskhan,21
scraped/flg_full/episode-90286540-replay.json,90286540,flg,palsystem,0,Dragapult,Grimmsnarl,13
scraped/flg_full/episode-90287259-replay.json,90287259,Raihan Ramadistra,flg,0,Grimmsnarl,Dragapult,11
scraped/flg_full/episode-90288063-replay.json,90288063,flg,LiamK,0,Dragapult,M-Lopunny,13
scraped/flg_full/episode-90288700-replay.json,90288700,Octavi Grau,flg,1,M-Lopunny,Dragapult,15
scraped/flg_full/episode-90289420-replay.json,90289420,李秉叡（ntumlnoob）,flg,0,M-Lopunny,Dragapult,21
scraped/flg_full/episode-90290215-replay.json,90290215,flg,カントー地方マスター(KantoRegionMaster),0,Dragapult,Grimmsnarl,13
scraped/flg_full/episode-90290864-replay.json,90290864,Raihan Ramadistra,flg,1,Grimmsnarl,Dragapult,11
scraped/flg_full/episode-90296792-replay.json,90296792,flg,ANDPAD kaggler team,0,Dragapult,Ogerpon,13
scraped/flg_full/episode-90298270-replay.json,90298270,flg,AlphaStarmie,0,Dragapult,Alakazam,11
scraped/flg_full/episode-90298967-replay.json,90298967,ANDPAD kaggler team,flg,1,Ogerpon,Dragapult,11
scraped/flg_full/episode-90299715-replay.json,90299715,palsystem,flg,1,Grimmsnarl,Dragapult,11
scraped/flg_full/episode-90301197-replay.json,90301197,flg,LiamK,1,Dragapult,M-Lopunny,9
scraped/flg_full/episode-90301931-replay.json,90301931,李秉叡（ntumlnoob）,flg,0,M-Lopunny,Dragapult,3
scraped/flg_full/episode-90302677-replay.json,90302677,LiamK,flg,0,M-Lopunny,Dragapult,19
scraped/flg_full/episode-90303378-replay.json,90303378,flg,Terutora Tachibana,0,Dragapult,other,17
scraped/flg_full/episode-90357667-replay.json,90357667,Robert Bach,flg,1,M-Lucario,Dragapult,13
scraped/flg_full/episode-90364602-replay.json,90364602,flg,flg,0,Grimmsnarl,Grimmsnarl,11
scraped/flg_full/episode-90364698-replay.json,90364698,Haruya Tanaka,flg,1,Grimmsnarl,Grimmsnarl,11
scraped/flg_full/episode-90365339-replay.json,90365339,flg,flg,0,Ogerpon,Ogerpon,11
scraped/flg_full/episode-90365453-replay.json,90365453,Parker Morgan,flg,1,M-Lucario,Ogerpon,5
scraped/flg_full/episode-90365466-replay.json,90365466,BuffaloMike,flg,1,Crustle,Grimmsnarl,10
scraped/flg_full/episode-90365611-replay.json,90365611,Yichen Ao,flg,1,Grimmsnarl,Grimmsnarl,11
scraped/flg_full/episode-90366192-replay.json,90366192,flg,Jordi Corbilla,0,Ogerpon,Crustle,13
scraped/flg_full/episode-90366288-replay.json,90366288,flg,S,0,Grimmsnarl,M-Lopunny,17
scraped/flg_full/episode-90366960-replay.json,90366960,skurita,flg,0,M-Lucario,Ogerpon,13
scraped/flg_full/episode-90366969-replay.json,90366969,flg,takayosi,0,Grimmsnarl,Alakazam,9
scraped/flg_full/episode-90367703-replay.json,90367703,T.Kawahara,flg,1,Grimmsnarl,Ogerpon,9
scraped/flg_full/episode-90367710-replay.json,90367710,Suyash Verma,flg,1,Grimmsnarl,Grimmsnarl,13
scraped/flg_full/episode-90368446-replay.json,90368446,Biel Escola Rodrigo,flg,1,Archaludon,Ogerpon,8
scraped/flg_full/episode-90368452-replay.json,90368452,RuiKimura4,flg,0,Ogerpon,Grimmsnarl,11
scraped/flg_full/episode-90369193-replay.json,90369193,flg,Takuya0911,1,Ogerpon,M-Lucario,7
scraped/flg_full/episode-90304154-replay.json,90304154,Raihan Ramadistra,flg,1,Grimmsnarl,Dragapult,19
scraped/flg_full/episode-90304891-replay.json,90304891,LiamK,flg,1,M-Lopunny,Dragapult,17
scraped/flg_full/episode-90305631-replay.json,90305631,flg,Oshbocker,0,Dragapult,Grimmsnarl,15
scraped/flg_full/episode-90306359-replay.json,90306359,Raihan Ramadistra,flg,1,Grimmsnarl,Dragapult,15
scraped/flg_full/episode-90307064-replay.json,90307064,MtN,flg,0,Grimmsnarl,Dragapult,9
scraped/flg_full/episode-90323855-replay.json,90323855,AlphaStarmie,flg,1,Alakazam,Dragapult,11
scraped/flg_full/episode-90338455-replay.json,90338455,flg,James Cox & Henry Chao,1,Dragapult,M-Kangaskhan,9
scraped/flg_full/episode-90346254-replay.json,90346254,flg,213tubo,0,Dragapult,Dragapult,13
scraped/flg_full/episode-90369320-replay.json,90369320,Marie is All You Need,flg,1,other,Grimmsnarl,9
scraped/flg_full/episode-90369972-replay.json,90369972,flg,AlphaKarpZero,0,Grimmsnarl,Grimmsnarl,11
scraped/flg_full/episode-90369973-replay.json,90369973,flg,Shiyuanhe123,0,Ogerpon,M-Lucario,9
scraped/flg_full/episode-90370713-replay.json,90370713,kamonabe,flg,0,M-Lucario,Ogerpon,7
scraped/flg_full/episode-90370719-replay.json,90370719,ttmn,flg,1,Alakazam,Grimmsnarl,11
scraped/flg_full/episode-90371465-replay.json,90371465,flg,youtube.com/@BigBugginnings,0,Grimmsnarl,Dragapult,15
scraped/flg_full/episode-90371478-replay.json,90371478,flg,Kotaro Yamazaki,0,Ogerpon,Crustle,13
scraped/flg_full/episode-90372201-replay.json,90372201,ASAGAO,flg,1,other,Grimmsnarl,9
scraped/flg_full/episode-90375204-replay.json,90375204,flg,jiangzhenyue,0,Ogerpon,Grimmsnarl,13
scraped/flg_full/episode-90375923-replay.json,90375923,flg,Majkel1337,0,Grimmsnarl,Ogerpon,9
scraped/flg_full/episode-90375946-replay.json,90375946,flg,K.A,0,Ogerpon,other,3
scraped/flg_full/episode-90376697-replay.json,90376697,flg,Aryan Yadav,1,Ogerpon,Archaludon,9
scraped/flg_full/episode-90376706-replay.json,90376706,タニシ,flg,0,Ogerpon,Grimmsnarl,11
scraped/flg_full/episode-90377423-replay.json,90377423,flg,Dominic Peel,1,Grimmsnarl,Grimmsnarl,11
scraped/flg_full/episode-90377442-replay.json,90377442,yuki #3,flg,1,Alakazam,Ogerpon,17
scraped/flg_full/episode-90377522-replay.json,90377522,☕ Psyduck Needs Coffee,flg,1,Grimmsnarl,Grimmsnarl,9
scraped/flg_full/episode-90372207-replay.json,90372207,alexstatyg,flg,0,Alakazam,Ogerpon,12
scraped/flg_full/episode-90372939-replay.json,90372939,miya,flg,1,Grimmsnarl,Grimmsnarl,15
scraped/flg_full/episode-90372963-replay.json,90372963,flg,Rubin Sahota,0,Ogerpon,Crustle,13
scraped/flg_full/episode-90373694-replay.json,90373694,THIRD PTCG Club,flg,1,Alakazam,Grimmsnarl,9
scraped/flg_full/episode-90373719-replay.json,90373719,Charles A Herbst,flg,1,Grimmsnarl,Ogerpon,7
scraped/flg_full/episode-90374442-replay.json,90374442,flg,Petit Canard,0,Grimmsnarl,M-Kangaskhan,19
scraped/flg_full/episode-90374462-replay.json,90374462,flg,NSK,1,Ogerpon,Archaludon,7
scraped/flg_full/episode-90375177-replay.json,90375177,flg,SoichiOzaki,1,Grimmsnarl,Ogerpon,9
scraped/flg_full/episode-90378171-replay.json,90378171,szlachetny snieg,flg,0,M-Lopunny,Grimmsnarl,15
scraped/flg_full/episode-90378189-replay.json,90378189,André Dkw,flg,1,Archaludon,Ogerpon,8
scraped/flg_full/episode-90378932-replay.json,90378932,flg,lollipop947,0,Grimmsnarl,Grimmsnarl,13
scraped/flg_full/episode-90378947-replay.json,90378947,flg,nao_370,0,Hydrapple,Crustle,17
scraped/flg_full/episode-90379657-replay.json,90379657,Rmy,flg,1,M-Lopunny,Grimmsnarl,15
scraped/flg_full/episode-90379667-replay.json,90379667,flg,spekinos,0,Ogerpon,other,7
scraped/flg_full/episode-90380409-replay.json,90380409,flg,Majkel1337,0,Grimmsnarl,Ogerpon,11
scraped/flg_full/episode-90380421-replay.json,90380421,Rajan Nagarajan,flg,1,Grimmsnarl,Ogerpon,11
scraped/flg_full/episode-90381171-replay.json,90381171,Marshall Maximizer,flg,0,Ogerpon,Grimmsnarl,11
scraped/flg_full/episode-90381184-replay.json,90381184,T.Suzuki,flg,1,Crustle,Ogerpon,20
scraped/flg_full/episode-90381909-replay.json,90381909,Gemini ch.,flg,1,Grimmsnarl,Grimmsnarl,11
scraped/flg_full/episode-90381961-replay.json,90381961,flg,nao.kwmr,0,Ogerpon,Grimmsnarl,13
scraped/flg_full/episode-90382661-replay.json,90382661,flg,haggle,0,Grimmsnarl,Dragapult,11
scraped/flg_full/episode-90382674-replay.json,90382674,flg,HC Zen,0,Ogerpon,Grimmsnarl,9
scraped/flg_full/episode-90383411-replay.json,90383411,JZ,flg,0,Grimmsnarl,Grimmsnarl,15
scraped/flg_full/episode-90383424-replay.json,90383424,flg,Mathurin Ache,0,Ogerpon,Grimmsnarl,11
scraped/flg_full/episode-90384158-replay.json,90384158,Käfersammler Max,flg,1,Crustle,Grimmsnarl,14
scraped/flg_full/episode-90384162-replay.json,90384162,李BCDEFGA,flg,1,Alakazam,Ogerpon,13
scraped/flg_full/episode-90384893-replay.json,90384893,KouFu,flg,0,Ogerpon,Grimmsnarl,11
scraped/flg_full/episode-90384906-replay.json,90384906,flg,Angus Chang,0,Ogerpon,M-Lucario,13
scraped/flg_full/episode-90385654-replay.json,90385654,vvs,flg,0,Alakazam,Grimmsnarl,9
scraped/flg_full/episode-90385664-replay.json,90385664,Akira-Ninth,flg,1,M-Lucario,Ogerpon,12
scraped/flg_full/episode-90386403-replay.json,90386403,flg,Gijs Smit,0,Grimmsnarl,Grimmsnarl,13
scraped/flg_full/episode-90386407-replay.json,90386407,flg,HughTCG,0,Ogerpon,other,5
scraped/flg_full/episode-90387140-replay.json,90387140,flg,onick_man,0,Ogerpon,Grimmsnarl,11
scraped/flg_full/episode-90387179-replay.json,90387179,insuperabilehart,flg,1,M-Lopunny,Grimmsnarl,9
scraped/flg_full/episode-90387887-replay.json,90387887,你好哇,flg,0,Grimmsnarl,Grimmsnarl,9
scraped/flg_full/episode-90387897-replay.json,90387897,flg,Isao,0,Hydrapple,Crustle,19
scraped/flg_full/episode-90388657-replay.json,90388657,flg,Käfersammler Max,0,Grimmsnarl,M-Kangaskhan,19
scraped/flg_full/episode-90388659-replay.json,90388659,flg,cher112,0,Ogerpon,Grimmsnarl,9
scraped/flg_full/episode-90389400-replay.json,90389400,Roman Nesterov,flg,1,Grimmsnarl,Grimmsnarl,11
scraped/flg_full/episode-90389407-replay.json,90389407,WinDecks,flg,1,M-Starmie,Ogerpon,7
scraped/flg_full/episode-90390160-replay.json,90390160,flg,Olegolas1,0,Ogerpon,Garchomp,13
scraped/flg_full/episode-90390174-replay.json,90390174,LiamK,flg,1,M-Lucario,Grimmsnarl,9
scraped/flg_full/episode-90390931-replay.json,90390931,flg,JB Bryant,1,Grimmsnarl,M-Lopunny,15
scraped/flg_full/episode-90390932-replay.json,90390932,wally0593,flg,1,Grimmsnarl,Ogerpon,11
scraped/flg_full/episode-90391596-replay.json,90391596,想要成为kaggle大师,flg,1,M-Lopunny,Grimmsnarl,15
scraped/flg_full/episode-90391635-replay.json,90391635,Dominic Peel,flg,0,Grimmsnarl,Grimmsnarl,9
scraped/flg_full/episode-90391770-replay.json,90391770,flg,PTCG_HORMONE,0,Ogerpon,Grimmsnarl,11
scraped/flg_full/episode-90392474-replay.json,90392474,flg,Nghia Tran,1,Ogerpon,Ogerpon,7
scraped/flg_full/episode-90392485-replay.json,90392485,flg,Dominic Peel,0,Grimmsnarl,Grimmsnarl,9
scraped/flg_full/episode-90393142-replay.json,90393142,flg,Rmy,0,Grimmsnarl,M-Lopunny,13
scraped/flg_full/episode-90393295-replay.json,90393295,flg,Emre Cirak,0,Ogerpon,other,3
scraped/flg_full/episode-90394008-replay.json,90394008,KouFu,flg,1,Ogerpon,Ogerpon,7
scraped/flg_full/episode-90394012-replay.json,90394012,你好哇,flg,1,Grimmsnarl,Grimmsnarl,11
scraped/flg_full/episode-90394764-replay.json,90394764,flg,lollipop947,0,Ogerpon,Grimmsnarl,9
scraped/flg_full/episode-90394768-replay.json,90394768,flg,flxwld,1,Grimmsnarl,Garchomp,12
scraped/flg_full/episode-90395521-replay.json,90395521,flg,MahLong,0,Ogerpon,Alakazam,11
scraped/flg_full/episode-90398523-replay.json,90398523,AlphaStarmie,flg,1,Alakazam,Grimmsnarl,9
scraped/flg_full/episode-90398525-replay.json,90398525,palsystem,flg,1,Grimmsnarl,Ogerpon,9
scraped/flg_full/episode-90399229-replay.json,90399229,Dries @ Tufa Labs,flg,1,Grimmsnarl,Ogerpon,9
scraped/flg_full/episode-90399252-replay.json,90399252,flg,LiamK,0,Grimmsnarl,M-Lucario,11
scraped/flg_full/episode-90400001-replay.json,90400001,flg,mojyaP,0,Ogerpon,M-Kangaskhan,19
scraped/flg_full/episode-90400107-replay.json,90400107,flg,ShumpeiNomura,1,Grimmsnarl,M-Kangaskhan,9
scraped/flg_full/episode-90400766-replay.json,90400766,I4Kaggle,flg,1,Grimmsnarl,Ogerpon,7
scraped/flg_full/episode-90400775-replay.json,90400775,Zyy7390,flg,1,Alakazam,Grimmsnarl,9
scraped/flg_full/episode-90395527-replay.json,90395527,flg,Majkel1337,0,Grimmsnarl,Ogerpon,15
scraped/flg_full/episode-90396261-replay.json,90396261,HongchenDai,flg,1,Grimmsnarl,Ogerpon,9
scraped/flg_full/episode-90396269-replay.json,90396269,DavidFreelan,flg,1,M-Lopunny,Grimmsnarl,13
scraped/flg_full/episode-90397051-replay.json,90397051,flg,YasunagaTkcNkmr,0,Ogerpon,Alakazam,13
scraped/flg_full/episode-90397081-replay.json,90397081,larry54321zhao,flg,1,Dragapult,Grimmsnarl,10
scraped/flg_full/episode-90397731-replay.json,90397731,flg,kanno,1,Grimmsnarl,Grimmsnarl,22
scraped/flg_full/episode-90397763-replay.json,90397763,pokemon master,flg,1,other,Ogerpon,9
scraped/flg_full/episode-90397769-replay.json,90397769,Kh0a,flg,1,M-Lopunny,Grimmsnarl,11
scraped/flg_full/episode-90403796-replay.json,90403796,flg,__Taichicchi__,0,Grimmsnarl,Hydrapple,15
scraped/flg_full/episode-90404564-replay.json,90404564,alexesn,flg,0,Alakazam,Ogerpon,11
scraped/flg_full/episode-90404608-replay.json,90404608,flg,ANDPAD kaggler team,0,Grimmsnarl,Ogerpon,5
scraped/flg_full/episode-90406861-replay.json,90406861,peacemonkey,flg,1,Crustle,Grimmsnarl,15
scraped/flg_full/episode-90408838-replay.json,90408838,flg,beeyan,0,Ogerpon,M-Kangaskhan,19
scraped/flg_full/episode-90412128-replay.json,90412128,flg,Petit Canard,0,Grimmsnarl,Crustle,13
scraped/flg_full/episode-90416293-replay.json,90416293,MtN,flg,0,Grimmsnarl,Grimmsnarl,13
scraped/flg_full/episode-90417362-replay.json,90417362,SQUIRTLE (prime),flg,0,Ogerpon,Ogerpon,9
scraped/flg_full/episode-90401524-replay.json,90401524,We Only Played Red,flg,0,M-Kangaskhan,Ogerpon,17
scraped/flg_full/episode-90401534-replay.json,90401534,flg,Dries @ Tufa Labs,0,Grimmsnarl,Grimmsnarl,15
scraped/flg_full/episode-90402276-replay.json,90402276,flg,HCRL,0,Ogerpon,M-Lopunny,9
scraped/flg_full/episode-90402278-replay.json,90402278,flg,Team Rot-Weiß,1,Grimmsnarl,Alakazam,13
scraped/flg_full/episode-90402341-replay.json,90402341,flg,カントー地方マスター(KantoRegionMaster),0,Grimmsnarl,Grimmsnarl,11
scraped/flg_full/episode-90403026-replay.json,90403026,Majkel1337,flg,1,Ogerpon,Grimmsnarl,10
scraped/flg_full/episode-90403031-replay.json,90403031,Aurora wy,flg,1,Grimmsnarl,Ogerpon,11
scraped/flg_full/episode-90403785-replay.json,90403785,ttmn,flg,0,Alakazam,Ogerpon,11
scraped/flg_full/episode-90423964-replay.json,90423964,Benarg,flg,1,Dragapult,Ogerpon,7
scraped/flg_full/episode-90425645-replay.json,90425645,THIRD PTCG Club,flg,0,Alakazam,Grimmsnarl,13
scraped/flg_full/episode-90436202-replay.json,90436202,@kdcyberdude,flg,0,M-Kangaskhan,Ogerpon,21
scraped/flg_full/episode-90436978-replay.json,90436978,flg,カントー地方マスター(KantoRegionMaster),0,Grimmsnarl,Grimmsnarl,13
scraped/flg_full/episode-90449118-replay.json,90449118,flg,hotpotbro,0,Ogerpon,Grimmsnarl,11
scraped/flg_full/episode-90465309-replay.json,90465309,palsystem,flg,1,Grimmsnarl,Grimmsnarl,13
scraped/flg_full/episode-90475762-replay.json,90475762,flg,THIRD PTCG Club,1,Grimmsnarl,Alakazam,11
scraped/flg_full/episode-90479424-replay.json,90479424,flg,Boss's Orders Are All You Need,0,Ogerpon,Dragapult,11
scraped/flg_full/episode-90479645-replay.json,90479645,flg,Roy Pidril,0,Ogerpon,Grimmsnarl,9
scraped/flg_full/episode-90480220-replay.json,90480220,flg,beeyan,0,Ogerpon,M-Kangaskhan,15
scraped/flg_full/episode-90488094-replay.json,90488094,flg,YuPengCao,1,Ogerpon,Alakazam,9
scraped/flg_full/episode-90495786-replay.json,90495786,flg,THIRD PTCG Club,1,Ogerpon,Alakazam,9
scraped/flg_full/episode-90500245-replay.json,90500245,flg,takayosi,1,Grimmsnarl,Ogerpon,13
scraped/flg_full/episode-90501821-replay.json,90501821,Byer Script,flg,1,Grimmsnarl,Grimmsnarl,13
scraped/flg_full/episode-90504205-replay.json,90504205,redblackbst,flg,1,Grimmsnarl,Ogerpon,9
scraped/flg_full/episode-90507781-replay.json,90507781,flg,insuperabilehart,0,Grimmsnarl,Grimmsnarl,11
scraped/flg_full/episode-90544883-replay.json,90544883,flg,Roman Stupin,0,Grimmsnarl,M-Lopunny,11
scraped/flg_full/episode-90547771-replay.json,90547771,flg,Adam,0,Ogerpon,Archaludon,15
scraped/flg_full/episode-90547982-replay.json,90547982,flg,James Cox & Henry Chao,1,Grimmsnarl,M-Kangaskhan,7
scraped/flg_full/episode-90547986-replay.json,90547986,Rmy,flg,1,M-Lopunny,Ogerpon,7
scraped/flg_full/episode-90547996-replay.json,90547996,MissingNo.,flg,1,other,Grimmsnarl,11
scraped/flg_full/episode-90548581-replay.json,90548581,flg,LiamK,0,Grimmsnarl,M-Lopunny,15
scraped/flg_full/episode-90549474-replay.json,90549474,flg,James Cox & Henry Chao,0,Grimmsnarl,M-Kangaskhan,9
scraped/flg_full/episode-90550165-replay.json,90550165,miya,flg,1,Alakazam,Grimmsnarl,11
scraped/flg_full/episode-90508641-replay.json,90508641,flg,Petit Canard,0,Grimmsnarl,M-Lucario,13
scraped/flg_full/episode-90513206-replay.json,90513206,flg,takayosi,0,Grimmsnarl,Ogerpon,9
scraped/flg_full/episode-90513276-replay.json,90513276,DavidFreelan,flg,0,M-Lopunny,Ogerpon,17
scraped/flg_full/episode-90528576-replay.json,90528576,perrodawn,flg,1,M-Kangaskhan,Grimmsnarl,15
scraped/flg_full/episode-90529306-replay.json,90529306,DavidFreelan,flg,1,M-Lopunny,Grimmsnarl,15
scraped/flg_full/episode-90532445-replay.json,90532445,Team,flg,0,Alakazam,Ogerpon,11
scraped/flg_full/episode-90538735-replay.json,90538735,flg,MissingNo.,1,Grimmsnarl,M-Lucario,15
scraped/flg_full/episode-90539989-replay.json,90539989,DavidFreelan,flg,1,M-Lopunny,Grimmsnarl,19
scraped/flg_full/episode-90556341-replay.json,90556341,Pranshu Bahadur,flg,1,M-Lucario,Grimmsnarl,11
scraped/flg_full/episode-90557256-replay.json,90557256,Raihan Ramadistra,flg,0,Grimmsnarl,Grimmsnarl,11
scraped/flg_full/episode-90557900-replay.json,90557900,James Cox & Henry Chao,flg,1,other,Grimmsnarl,5
scraped/flg_full/episode-90558695-replay.json,90558695,flg,Nghia Tran,1,Grimmsnarl,Ogerpon,10
scraped/flg_full/episode-90559480-replay.json,90559480,Petit Canard,flg,1,M-Lucario,Grimmsnarl,13
scraped/flg_full/episode-90560199-replay.json,90560199,flg,MOP Capital,1,Ogerpon,M-Kangaskhan,25
scraped/flg_full/episode-90560273-replay.json,90560273,flg,THIRD PTCG Club,0,Grimmsnarl,Alakazam,11
scraped/flg_full/episode-90561107-replay.json,90561107,LiamK,flg,0,M-Lopunny,Grimmsnarl,17
scraped/flg_full/episode-90550921-replay.json,90550921,flg,MTADA,0,Grimmsnarl,Alakazam,11
scraped/flg_full/episode-90551678-replay.json,90551678,MOP Capital,flg,1,M-Kangaskhan,Grimmsnarl,11
scraped/flg_full/episode-90552324-replay.json,90552324,Majkel1337,flg,1,Hydrapple,Ogerpon,13
scraped/flg_full/episode-90552462-replay.json,90552462,flg,Raihan Ramadistra,0,Grimmsnarl,Grimmsnarl,15
scraped/flg_full/episode-90553227-replay.json,90553227,MissingNo.,flg,1,M-Lucario,Grimmsnarl,13
scraped/flg_full/episode-90554744-replay.json,90554744,flg,cyrus,0,Grimmsnarl,Grimmsnarl,17
scraped/flg_full/episode-90555573-replay.json,90555573,flg,LiamK,0,Grimmsnarl,M-Lopunny,17
scraped/flg_full/episode-90556316-replay.json,90556316,flg,DavidFreelan,0,Grimmsnarl,M-Froslass,15
scraped/flg_full/episode-90561964-replay.json,90561964,flg,James Cox & Henry Chao,1,Grimmsnarl,M-Kangaskhan,7
scraped/flg_full/episode-90562766-replay.json,90562766,Yaroslav,flg,1,Grimmsnarl,Grimmsnarl,11
scraped/flg_full/episode-90563614-replay.json,90563614,LiamK,flg,1,M-Lopunny,Grimmsnarl,13
scraped/flg_full/episode-90564376-replay.json,90564376,flg,齐乐,1,Grimmsnarl,Alakazam,9
scraped/flg_full/episode-90569732-replay.json,90569732,palsystem,flg,1,Ogerpon,Ogerpon,7
scraped/flg_full/episode-90569777-replay.json,90569777,flg,Luca,1,Ogerpon,other,9
scraped/flg_full/episode-90579968-replay.json,90579968,flg,Boss's Orders Are All You Need,1,Grimmsnarl,M-Lopunny,11
scraped/flg_full/episode-90580052-replay.json,90580052,flg,Luca,1,Ogerpon,other,9
scraped/flg_full/episode-90590901-replay.json,90590901,flg,Boss's Orders Are All You Need,0,Ogerpon,M-Lopunny,7
scraped/flg_full/episode-90599606-replay.json,90599606,213tubo,flg,1,Grimmsnarl,Grimmsnarl,47
scraped/flg_full/episode-90601918-replay.json,90601918,"kenkoooo @ estie, inc.",flg,0,Alakazam,Ogerpon,13
scraped/flg_full/episode-90611345-replay.json,90611345,redblackbst,flg,1,Grimmsnarl,Ogerpon,9
scraped/flg_full/episode-90617425-replay.json,90617425,flg,Arthurs Torres24,0,Ogerpon,Grimmsnarl,9
scraped/flg_full/episode-90619076-replay.json,90619076,flg,李秉叡（ntumlnoob）,0,Grimmsnarl,M-Lucario,13
scraped/flg_full/episode-90619176-replay.json,90619176,Raihan Ramadistra,flg,1,Grimmsnarl,Grimmsnarl,15
scraped/flg_full/episode-90619201-replay.json,90619201,flg,Pushu?,0,Grimmsnarl,Alakazam,11
scraped/flg_full/episode-90623736-replay.json,90623736,palsystem,flg,0,Ogerpon,Ogerpon,9
scraped/flg_full/episode-90629097-replay.json,90629097,flg,Kh0a,0,Ogerpon,Dragapult,13
scraped/flg_full/episode-90630739-replay.json,90630739,"kenkoooo @ estie, inc.",flg,0,Alakazam,Ogerpon,9
scraped/flg_full/episode-90635648-replay.json,90635648,flg,tktkyamyam,1,Grimmsnarl,Ogerpon,11
scraped/flg_full/episode-90636531-replay.json,90636531,yumizu,flg,1,other,Ogerpon,3
scraped/flg_full/episode-90638683-replay.json,90638683,flg,哈基米南北绿豆,1,Ogerpon,Alakazam,9
scraped/flg_full/episode-90643301-replay.json,90643301,flg,suwat513,0,Ogerpon,Alakazam,5
scraped/flg_full/episode-90646559-replay.json,90646559,flg,doctorw,0,Ogerpon,Grimmsnarl,13
scraped/flg_full/episode-90650766-replay.json,90650766,flg,@kdcyberdude,0,Grimmsnarl,Grimmsnarl,15
scraped/flg_full/episode-90652055-replay.json,90652055,Kosmostars,flg,1,Grimmsnarl,Ogerpon,11
scraped/flg_full/episode-90656966-replay.json,90656966,哈基米南北绿豆,flg,0,Alakazam,Ogerpon,9
scraped/flg_full/episode-90657724-replay.json,90657724,flg,ANDPAD kaggler team,0,Grimmsnarl,Grimmsnarl,11
scraped/flg_full/episode-90657823-replay.json,90657823,NguyenThanhNhan,flg,1,Grimmsnarl,Ogerpon,9
scraped/flg_full/episode-90659190-replay.json,90659190,Budew,flg,1,Dragapult,Ogerpon,9
scraped/flg_full/episode-90666511-replay.json,90666511,Funky,flg,1,M-Froslass,Ogerpon,13
scraped/flg_full/episode-90676994-replay.json,90676994,flg,タニシ,1,Grimmsnarl,M-Kangaskhan,11
scraped/flg_full/episode-90692042-replay.json,90692042,"Pikachu, I choose you!",flg,1,Alakazam,Ogerpon,11
scraped/flg_full/episode-90694493-replay.json,90694493,Yuta_poke,flg,1,Dragapult,Grimmsnarl,7
scraped/flg_full/episode-90696012-replay.json,90696012,BRIJITH,flg,1,M-Lucario,Grimmsnarl,13
scraped/flg_full/episode-90711244-replay.json,90711244,Petit Canard,flg,0,Grimmsnarl,Grimmsnarl,13
scraped/flg_full/episode-90714432-replay.json,90714432,爆爆盛焼脂油麺,flg,1,Grimmsnarl,Ogerpon,10
scraped/flg_full/episode-90714518-replay.json,90714518,flg,MissingNo.,0,Grimmsnarl,M-Lucario,11
scraped/flg_full/episode-90723319-replay.json,90723319,Yaroslav,flg,1,Grimmsnarl,Ogerpon,13
scraped/flg_full/episode-90731395-replay.json,90731395,flg,LiamK,1,Grimmsnarl,M-Lopunny,15
scraped/flg_full/episode-90778322-replay.json,90778322,pokeca2018,flg,0,Dragapult,Ogerpon,11
scraped/flg_full/episode-90778393-replay.json,90778393,doctorw,flg,1,Grimmsnarl,Ogerpon,13
scraped/flg_full/episode-90796847-replay.json,90796847,flg,James Cox & Henry Chao,0,Ogerpon,M-Kangaskhan,9
scraped/flg_full/episode-90796939-replay.json,90796939,palsystem,flg,0,Ogerpon,Grimmsnarl,9
scraped/flg_full/episode-90797722-replay.json,90797722,flg,James Cox & Henry Chao,0,Ogerpon,M-Kangaskhan,9
scraped/flg_full/episode-90800946-replay.json,90800946,flg,Alan_Nasibullin,0,Ogerpon,M-Kangaskhan,15
scraped/flg_full/episode-90801942-replay.json,90801942,insuperabilehart,flg,0,M-Lopunny,Hydrapple,9
scraped/flg_full/episode-90809485-replay.json,90809485,カントー地方マスター(KantoRegionMaster),flg,1,Grimmsnarl,Grimmsnarl,9
scraped/flg_full/episode-90736248-replay.json,90736248,flg,KawattaTaido,0,Ogerpon,Dragapult,15
scraped/flg_full/episode-90736760-replay.json,90736760,Dragon Ball Z,flg,0,Grimmsnarl,Ogerpon,11
scraped/flg_full/episode-90742446-replay.json,90742446,Dries @ Tufa Labs,flg,1,Grimmsnarl,Grimmsnarl,13
scraped/flg_full/episode-90749121-replay.json,90749121,flg,Boss's Orders Are All You Need,0,Ogerpon,M-Lopunny,11
scraped/flg_full/episode-90756182-replay.json,90756182,flg,matsurih,0,Grimmsnarl,M-Lopunny,13
scraped/flg_full/episode-90761233-replay.json,90761233,Boss's Orders Are All You Need,flg,0,M-Lopunny,Hydrapple,11
scraped/flg_full/episode-90773412-replay.json,90773412,Rikito Kanda,flg,0,M-Lopunny,Ogerpon,13
scraped/flg_full/episode-90774217-replay.json,90774217,vvs,flg,0,Alakazam,Ogerpon,9
scraped/flg_full/episode-90810047-replay.json,90810047,Alan_Nasibullin,flg,1,Crustle,Ogerpon,11
scraped/flg_full/episode-90818521-replay.json,90818521,Petit Canard,flg,0,M-Lopunny,Grimmsnarl,15
scraped/flg_full/episode-90819937-replay.json,90819937,flg,Majkel1337,0,Grimmsnarl,M-Lucario,13
scraped/flg_full/episode-90820737-replay.json,90820737,Majkel1337,flg,0,M-Lucario,Grimmsnarl,13
scraped/flg_full/episode-90821868-replay.json,90821868,James Cox & Henry Chao,flg,0,M-Kangaskhan,Grimmsnarl,9
scraped/flg_full/episode-90822403-replay.json,90822403,flg,Majkel1337,0,Grimmsnarl,M-Lucario,9
scraped/flg_full/episode-90822667-replay.json,90822667,LoomiLopster,flg,1,Ogerpon,Grimmsnarl,21
scraped/flg_full/episode-90823271-replay.json,90823271,Majkel1337,flg,0,M-Lucario,Grimmsnarl,13
scraped/flg_full/episode-90825943-replay.json,90825943,flg,cyrus,0,Ogerpon,Dudunsparce,11
scraped/flg_full/episode-90826809-replay.json,90826809,flg,loIzpo + emonga,0,Grimmsnarl,M-Lopunny,11
scraped/flg_full/episode-90827620-replay.json,90827620,flg,Raihan Ramadistra,1,Grimmsnarl,Grimmsnarl,9
scraped/flg_full/episode-90828467-replay.json,90828467,カントー地方マスター(KantoRegionMaster),flg,1,Grimmsnarl,Grimmsnarl,13
scraped/flg_full/episode-90829188-replay.json,90829188,THIRD PTCG Club,flg,0,Alakazam,Grimmsnarl,13
scraped/flg_full/episode-90830025-replay.json,90830025,flg,哈基米南北绿豆,0,Grimmsnarl,Alakazam,11
scraped/flg_full/episode-90830666-replay.json,90830666,flg,"Bart, Edwyn",1,Ogerpon,Alakazam,9
scraped/flg_full/episode-90830670-replay.json,90830670,Majkel1337,flg,0,M-Lucario,Grimmsnarl,15
scraped/flg_full/episode-90830824-replay.json,90830824,pokemon master,flg,1,Hydrapple,Grimmsnarl,9
scraped/flg_full/episode-90831637-replay.json,90831637,Luca,flg,0,other,Grimmsnarl,11
scraped/flg_full/episode-90833260-replay.json,90833260,matsurih,flg,1,M-Lopunny,Grimmsnarl,13
scraped/flg_full/episode-90834062-replay.json,90834062,Raihan Ramadistra,flg,1,Grimmsnarl,Grimmsnarl,13
scraped/flg_full/episode-90834830-replay.json,90834830,flg,Majkel1337,1,Grimmsnarl,M-Lucario,9
scraped/flg_full/episode-90835006-replay.json,90835006,flg,THIRD PTCG Club,1,Grimmsnarl,Alakazam,11
scraped/flg_full/episode-90835598-replay.json,90835598,Majkel1337,flg,1,M-Lucario,Grimmsnarl,13
scraped/flg_full/episode-90835694-replay.json,90835694,I4Kaggle,flg,1,Grimmsnarl,Grimmsnarl,15
scraped/flg_full/episode-90836511-replay.json,90836511,flg,李秉叡（ntumlnoob）,0,Grimmsnarl,M-Lucario,13
scraped/flg_full/episode-90837389-replay.json,90837389,flg,ANDPAD kaggler team,0,Grimmsnarl,Grimmsnarl,13
scraped/flg_full/episode-90838015-replay.json,90838015,Majkel1337,flg,1,M-Lucario,Grimmsnarl,9
scraped/flg_full/episode-90838308-replay.json,90838308,Oshbocker,flg,1,Grimmsnarl,Grimmsnarl,13
scraped/flg_full/episode-90838957-replay.json,90838957,tera358,flg,1,Grimmsnarl,Ogerpon,9
scraped/flg_full/episode-90839005-replay.json,90839005,flg,sadwat,1,Grimmsnarl,M-Lopunny,15
scraped/flg_full/episode-90839782-replay.json,90839782,Majkel1337,flg,0,M-Lucario,Grimmsnarl,11
scraped/flg_full/episode-90839860-replay.json,90839860,flg,James Cox & Henry Chao,0,Grimmsnarl,M-Kangaskhan,7
scraped/flg_full/episode-90849012-replay.json,90849012,Ryo Hasegawa,flg,1,Alakazam,Grimmsnarl,9
scraped/flg_full/episode-90849905-replay.json,90849905,flg,lchEricChina,0,Grimmsnarl,other,1
scraped/flg_full/episode-90850576-replay.json,90850576,flg,Shivam Gupta,0,Grimmsnarl,M-Lucario,9
scraped/flg_full/episode-90899354-replay.json,90899354,flg,Dont_cry_baby,0,Grimmsnarl,Ogerpon,11
scraped/flg_full/episode-90960672-replay.json,90960672,flg,shibushun,0,Grimmsnarl,Dragapult,11
scraped/flg_full/episode-91015772-replay.json,91015772,cpurise,flg,1,M-Lucario,Grimmsnarl,7
scraped/flg_full/episode-91098566-replay.json,91098566,Matteo Pintore,flg,1,other,Ogerpon,15
scraped/flg_full/episode-91208059-replay.json,91208059,Peng Wang,flg,1,Alakazam,Grimmsnarl,9
scraped/flg_full/episode-90839913-replay.json,90839913,James Cox & Henry Chao,flg,1,M-Kangaskhan,Ogerpon,9
scraped/flg_full/episode-90840672-replay.json,90840672,flg,Pushu?,1,Grimmsnarl,Alakazam,11
scraped/flg_full/episode-90841468-replay.json,90841468,flg,Luca,0,Grimmsnarl,other,11
scraped/flg_full/episode-90842288-replay.json,90842288,sadwat,flg,0,M-Lopunny,Grimmsnarl,15
scraped/flg_full/episode-90842306-replay.json,90842306,flg,LiamK,0,Ogerpon,M-Lopunny,9
scraped/flg_full/episode-90842310-replay.json,90842310,palsystem,flg,0,Ogerpon,Grimmsnarl,15
scraped/flg_full/episode-90842368-replay.json,90842368,flg,palsystem,1,Grimmsnarl,Ogerpon,12
scraped/flg_full/episode-90843124-replay.json,90843124,flg,LiamK,1,Grimmsnarl,M-Lopunny,15
scraped/flg_full/episode-90843128-replay.json,90843128,李秉叡（ntumlnoob）,flg,1,M-Lucario,Grimmsnarl,10
scraped/flg_full/episode-90843965-replay.json,90843965,flg,Parker Morgan,0,Grimmsnarl,M-Lucario,9
scraped/flg_full/episode-90844782-replay.json,90844782,flg,sadwat,1,Grimmsnarl,M-Lopunny,17
scraped/flg_full/episode-90844789-replay.json,90844789,Marshall Maximizer,flg,0,M-Lopunny,Grimmsnarl,17
scraped/flg_full/episode-90845609-replay.json,90845609,Marshall Maximizer,flg,0,M-Lopunny,Grimmsnarl,11
scraped/flg_full/episode-90846402-replay.json,90846402,flg,LumenLiquidity,1,Grimmsnarl,Dragapult,13
scraped/flg_full/episode-90847258-replay.json,90847258,sadwat,flg,1,M-Lopunny,Grimmsnarl,13
scraped/flg_full/episode-90848096-replay.json,90848096,Anthonyyli213,flg,1,M-Lucario,Grimmsnarl,9
scraped/flg_full/episode-91642892-replay.json,91642892,flg,perrodawn,0,Grimmsnarl,Hydrapple,11
scraped/flg_full/episode-91676544-replay.json,91676544,flg,Thai,1,Grimmsnarl,M-Kangaskhan,7
scraped/flg_full/episode-91677320-replay.json,91677320,flg,pokemon master,1,Grimmsnarl,Hydrapple,10
scraped/flg_full/episode-91677458-replay.json,91677458,flg,sadwat,0,Ogerpon,M-Lopunny,7
scraped/flg_full/episode-91684718-replay.json,91684718,flg,wwwwwwwwwwwwwwwwwwwwwwwwwwwwww,0,Ogerpon,Ogerpon,11
scraped/flg_full/episode-91378390-replay.json,91378390,zhongtian,flg,1,Dragapult,Grimmsnarl,11
scraped/flg_full/episode-91381661-replay.json,91381661,Mykola Mazniuk,flg,1,other,Grimmsnarl,3
scraped/flg_full/episode-91494118-replay.json,91494118,flg,Dipam Chakraborty,1,Ogerpon,Hydrapple,9
scraped/flg_full/episode-91496879-replay.json,91496879,Dipam Chakraborty,flg,0,Hydrapple,Ogerpon,9
scraped/flg_full/episode-91502148-replay.json,91502148,flg,カントー地方マスター(KantoRegionMaster),0,Grimmsnarl,Grimmsnarl,13
scraped/flg_full/episode-91507792-replay.json,91507792,flg,Luca,1,Grimmsnarl,M-Lopunny,15
scraped/flg_full/episode-91507874-replay.json,91507874,flg,Dipam Chakraborty,1,Grimmsnarl,Hydrapple,8
scraped/flg_full/episode-91527834-replay.json,91527834,flg,JZ,1,Grimmsnarl,Grimmsnarl,9
scraped/flg_full/episode-91596858-replay.json,91596858,flg,LumenLiquidity,0,Ogerpon,Dragapult,9
scraped/flg_full/episode-91603239-replay.json,91603239,Brahim,flg,1,M-Lopunny,Ogerpon,13
scraped/flg_full/episode-91609743-replay.json,91609743,flg,aaa,1,Ogerpon,Alakazam,11
scraped/flg_full/episode-91612422-replay.json,91612422,Boss's Orders Are All You Need,flg,1,M-Kangaskhan,Ogerpon,11
scraped/flg_full/episode-91622711-replay.json,91622711,flg,213tubo,0,Grimmsnarl,M-Lucario,9
scraped/flg_full/episode-91625388-replay.json,91625388,flg,Boss's Orders Are All You Need,0,Grimmsnarl,M-Kangaskhan,9
scraped/flg_full/episode-91635597-replay.json,91635597,flg,Boss's Orders Are All You Need,0,Grimmsnarl,M-Kangaskhan,11
scraped/flg_full/episode-91641910-replay.json,91641910,Kh0a,flg,1,Dragapult,Ogerpon,23
scraped/flg_full/episode-91532606-replay.json,91532606,flg,隔壁老王,0,Ogerpon,Alakazam,13
scraped/flg_full/episode-91541644-replay.json,91541644,Dipam Chakraborty,flg,0,Dragapult,Grimmsnarl,11
scraped/flg_full/episode-91550652-replay.json,91550652,base_camp_2002,flg,1,Grimmsnarl,Grimmsnarl,15
scraped/flg_full/episode-91550957-replay.json,91550957,Majkel1337,flg,1,M-Lucario,Ogerpon,9
scraped/flg_full/episode-91555517-replay.json,91555517,Dipam Chakraborty,flg,0,Dragapult,Ogerpon,15
scraped/flg_full/episode-91583739-replay.json,91583739,kkanayj,flg,1,M-Lopunny,Grimmsnarl,11
scraped/flg_full/episode-91583924-replay.json,91583924,Rmy,flg,1,M-Froslass,Ogerpon,13
scraped/flg_full/episode-91591310-replay.json,91591310,flg,LumenLiquidity,1,Grimmsnarl,Dragapult,14
