episode,path,player,side,won,opp_deck,player_winrate,player_games,my_deck,src
89908599,/Users/nickzwart/Downloads/03082026/89908599.json,213tubo,0,1,Grimmsnarl,0.579,361,Meganium,dump0304
89989724,/Users/nickzwart/Downloads/03082026/89989724.json,Yan,0,1,Meganium,0.5,62,Meganium,dump0304
89835994,/Users/nickzwart/Downloads/03082026/89835994.json,SoichiOzaki,0,1,Alakazam,0.518,56,Meganium,dump0304
89821191,/Users/nickzwart/Downloads/03082026/89821191.json,keidroid,1,1,M-Kangaskhan,0.489,178,Meganium,dump0304
90030393,/Users/nickzwart/Downloads/03082026/90030393.json,tw_shin,0,1,Meganium,0.579,95,Meganium,dump0304
89987151,/Users/nickzwart/Downloads/03082026/89987151.json,Battle Data Base,1,1,Meganium,0.522,23,Meganium,dump0304
89878107,/Users/nickzwart/Downloads/03082026/89878107.json,tw_shin,1,1,Grimmsnarl,0.579,95,Meganium,dump0304
90013689,/Users/nickzwart/Downloads/03082026/90013689.json,tonakaiiii,1,1,Grimmsnarl,0.556,142,Meganium,dump0304
89897360,/Users/nickzwart/Downloads/03082026/89897360.json,213tubo,0,1,Grimmsnarl,0.579,361,Meganium,dump0304
90033116,/Users/nickzwart/Downloads/03082026/90033116.json,Yan,0,1,M-Kangaskhan,0.5,62,Meganium,dump0304
89855784,/Users/nickzwart/Downloads/03082026/89855784.json,tw_shin,0,1,Meganium,0.579,95,Meganium,dump0304
90011030,/Users/nickzwart/Downloads/03082026/90011030.json,Yan,0,1,Grimmsnarl,0.5,62,Meganium,dump0304
90022245,/Users/nickzwart/Downloads/03082026/90022245.json,tw_shin,1,1,M-Kangaskhan,0.579,95,Meganium,dump0304
90034539,/Users/nickzwart/Downloads/03082026/90034539.json,tw_shin,1,1,Alakazam,0.579,95,Meganium,dump0304
89932373,/Users/nickzwart/Downloads/03082026/89932373.json,SoichiOzaki,0,1,Meganium,0.518,56,Meganium,dump0304
90040414,/Users/nickzwart/Downloads/03082026/90040414.json,Petit Canard,1,1,Grimmsnarl,0.556,9,Meganium,dump0304
90009928,/Users/nickzwart/Downloads/03082026/90009928.json,insuperabilehart,0,1,Alakazam,0.562,194,Meganium,dump0304
89839935,/Users/nickzwart/Downloads/03082026/89839935.json,tw_shin,1,1,Alakazam,0.579,95,Meganium,dump0304
90014588,/Users/nickzwart/Downloads/03082026/90014588.json,Majkel1337,0,1,Grimmsnarl,0.647,662,Meganium,dump0304
90002325,/Users/nickzwart/Downloads/03082026/90002325.json,KouFu,0,1,Dragapult,0.52,50,Meganium,dump0304
90006673,/Users/nickzwart/Downloads/03082026/90006673.json,タニシ,0,1,Grimmsnarl,0.458,48,Meganium,dump0304
90022910,/Users/nickzwart/Downloads/03082026/90022910.json,Majkel1337,0,1,Alakazam,0.647,662,Meganium,dump0304
89924823,/Users/nickzwart/Downloads/03082026/89924823.json,Yan,0,1,Grimmsnarl,0.5,62,Meganium,dump0304
89820128,/Users/nickzwart/Downloads/03082026/89820128.json,keidroid,0,1,Alakazam,0.489,178,Meganium,dump0304
89987311,/Users/nickzwart/Downloads/03082026/89987311.json,insuperabilehart,1,1,Grimmsnarl,0.562,194,Meganium,dump0304
90002108,/Users/nickzwart/Downloads/03082026/90002108.json,keidroid,0,1,Grimmsnarl,0.489,178,Meganium,dump0304
89924198,/Users/nickzwart/Downloads/03082026/89924198.json,Yan,0,1,Spidops,0.5,62,Meganium,dump0304
89878644,/Users/nickzwart/Downloads/03082026/89878644.json,タニシ,0,1,Grimmsnarl,0.458,48,Meganium,dump0304
89870624,/Users/nickzwart/Downloads/03082026/89870624.json,xnx,0,1,Alakazam,0.375,16,Meganium,dump0304
89827655,/Users/nickzwart/Downloads/03082026/89827655.json,Articuno0144,0,1,Meganium,0.476,124,Meganium,dump0304
90026284,/Users/nickzwart/Downloads/03082026/90026284.json,tw_shin,0,1,Grimmsnarl,0.579,95,Meganium,dump0304
89974964,/Users/nickzwart/Downloads/03082026/89974964.json,Battle Data Base,1,1,Meganium,0.522,23,Meganium,dump0304
89826463,/Users/nickzwart/Downloads/03082026/89826463.json,Nghia Tran,0,1,Grimmsnarl,0.62,71,Meganium,dump0304
90028486,/Users/nickzwart/Downloads/03082026/90028486.json,insuperabilehart,0,1,Grimmsnarl,0.562,194,Meganium,dump0304
90005317,/Users/nickzwart/Downloads/03082026/90005317.json,tonakaiiii,0,1,Grimmsnarl,0.556,142,Meganium,dump0304
89822898,/Users/nickzwart/Downloads/03082026/89822898.json,Nghia Tran,1,1,M-Kangaskhan,0.62,71,Meganium,dump0304
89822318,/Users/nickzwart/Downloads/03082026/89822318.json,Nghia Tran,1,1,Grimmsnarl,0.62,71,Meganium,dump0304
90009267,/Users/nickzwart/Downloads/03082026/90009267.json,tw_shin,0,1,Grimmsnarl,0.579,95,Meganium,dump0304
89903662,/Users/nickzwart/Downloads/03082026/89903662.json,Nghia Tran,1,1,Grimmsnarl,0.62,71,Meganium,dump0304
90011196,/Users/nickzwart/Downloads/03082026/90011196.json,Battle Data Base,0,1,Grimmsnarl,0.522,23,Meganium,dump0304
89995121,/Users/nickzwart/Downloads/03082026/89995121.json,213tubo,1,1,Cynthia-Garchomp,0.579,361,Meganium,dump0304
90027030,/Users/nickzwart/Downloads/03082026/90027030.json,Yan,0,1,Meganium,0.5,62,Meganium,dump0304
89997022,/Users/nickzwart/Downloads/03082026/89997022.json,Nghia Tran,0,1,Alakazam,0.62,71,Meganium,dump0304
90033927,/Users/nickzwart/Downloads/03082026/90033927.json,tonakaiiii,0,1,Dipplin,0.556,142,Meganium,dump0304
89896443,/Users/nickzwart/Downloads/03082026/89896443.json,MissingNo.,1,1,Grimmsnarl,0.574,263,Meganium,dump0304
89882953,/Users/nickzwart/Downloads/03082026/89882953.json,cm391,0,1,Grimmsnarl,0.574,61,Meganium,dump0304
90015053,/Users/nickzwart/Downloads/03082026/90015053.json,タニシ,0,1,M-Lucario,0.458,48,Meganium,dump0304
90026949,/Users/nickzwart/Downloads/03082026/90026949.json,Majkel1337,1,1,Dipplin,0.647,662,Meganium,dump0304
89990026,/Users/nickzwart/Downloads/03082026/89990026.json,Majkel1337,1,1,Grimmsnarl,0.647,662,Meganium,dump0304
90011840,/Users/nickzwart/Downloads/03082026/90011840.json,Battle Data Base,1,1,Spidops,0.522,23,Meganium,dump0304
89831220,/Users/nickzwart/Downloads/03082026/89831220.json,Nghia Tran,1,1,Grimmsnarl,0.62,71,Meganium,dump0304
90017582,/Users/nickzwart/Downloads/03082026/90017582.json,keidroid,1,1,Cynthia-Garchomp,0.489,178,Meganium,dump0304
89971160,/Users/nickzwart/Downloads/03082026/89971160.json,Yan,0,1,Meganium,0.5,62,Meganium,dump0304
89900473,/Users/nickzwart/Downloads/03082026/89900473.json,Byer Scrip,1,1,M-Lucario,0.8,5,Meganium,dump0304
89907359,/Users/nickzwart/Downloads/03082026/89907359.json,tonakaiiii,0,1,Dragapult,0.556,142,Meganium,dump0304
89917861,/Users/nickzwart/Downloads/03082026/89917861.json,SoichiOzaki,1,1,Meganium,0.518,56,Meganium,dump0304
90010587,/Users/nickzwart/Downloads/03082026/90010587.json,Ketchum Alt,0,1,Grimmsnarl,0.574,47,Meganium,dump0304
89868833,/Users/nickzwart/Downloads/03082026/89868833.json,tw_shin,0,1,Grimmsnarl,0.579,95,Meganium,dump0304
89973737,/Users/nickzwart/Downloads/03082026/89973737.json,insuperabilehart,0,1,Meganium,0.562,194,Meganium,dump0304
90009175,/Users/nickzwart/Downloads/03082026/90009175.json,tonakaiiii,1,1,Grimmsnarl,0.556,142,Meganium,dump0304
89902361,/Users/nickzwart/Downloads/03082026/89902361.json,213tubo,0,1,Grimmsnarl,0.579,361,Meganium,dump0304
90040634,/Users/nickzwart/Downloads/03082026/90040634.json,tonakaiiii,1,1,Dudunsparce,0.556,142,Meganium,dump0304
89819927,/Users/nickzwart/Downloads/03082026/89819927.json,서주영,0,1,Grimmsnarl,0.47,66,Meganium,dump0304
89858617,/Users/nickzwart/Downloads/03082026/89858617.json,xnx,0,1,Cynthia-Garchomp,0.375,16,Meganium,dump0304
90013755,/Users/nickzwart/Downloads/03082026/90013755.json,Nghia Tran,0,1,M-Lucario,0.62,71,Meganium,dump0304
89994434,/Users/nickzwart/Downloads/03082026/89994434.json,tonakaiiii,1,1,Grimmsnarl,0.556,142,Meganium,dump0304
89819931,/Users/nickzwart/Downloads/03082026/89819931.json,Nghia Tran,0,1,Grimmsnarl,0.62,71,Meganium,dump0304
90037089,/Users/nickzwart/Downloads/03082026/90037089.json,tw_shin,0,1,Grimmsnarl,0.579,95,Meganium,dump0304
90023530,/Users/nickzwart/Downloads/03082026/90023530.json,Majkel1337,0,1,Grimmsnarl,0.647,662,Meganium,dump0304
90015269,/Users/nickzwart/Downloads/03082026/90015269.json,Yan,0,1,Alakazam,0.5,62,Meganium,dump0304
90037932,/Users/nickzwart/Downloads/03082026/90037932.json,tw_shin,1,1,Grimmsnarl,0.579,95,Meganium,dump0304
89912232,/Users/nickzwart/Downloads/03082026/89912232.json,keidroid,0,1,Meganium,0.489,178,Meganium,dump0304
89822509,/Users/nickzwart/Downloads/03082026/89822509.json,tonakaiiii,1,1,Grimmsnarl,0.556,142,Meganium,dump0304
90040032,/Users/nickzwart/Downloads/03082026/90040032.json,tonakaiiii,1,1,Grimmsnarl,0.556,142,Meganium,dump0304
90041273,/Users/nickzwart/Downloads/03082026/90041273.json,タニシ,0,1,Grimmsnarl,0.458,48,Meganium,dump0304
89883683,/Users/nickzwart/Downloads/03082026/89883683.json,tw_shin,0,1,Meganium,0.579,95,Meganium,dump0304
89987799,/Users/nickzwart/Downloads/03082026/89987799.json,Battle Data Base,0,1,Dipplin,0.522,23,Meganium,dump0304
89860490,/Users/nickzwart/Downloads/03082026/89860490.json,Rmy,0,1,M-Kangaskhan,0.42,69,Meganium,dump0304
89990660,/Users/nickzwart/Downloads/03082026/89990660.json,insuperabilehart,1,1,Alakazam,0.562,194,Meganium,dump0304
89925478,/Users/nickzwart/Downloads/03082026/89925478.json,Nghia Tran,1,1,Meganium,0.62,71,Meganium,dump0304
89820148,/Users/nickzwart/Downloads/03082026/89820148.json,Articuno0144,0,1,Grimmsnarl,0.476,124,Meganium,dump0304
90008031,/Users/nickzwart/Downloads/03082026/90008031.json,タニシ,1,1,Cynthia-Garchomp,0.458,48,Meganium,dump0304
89971819,/Users/nickzwart/Downloads/03082026/89971819.json,insuperabilehart,1,1,Dudunsparce,0.562,194,Meganium,dump0304
90014291,/Users/nickzwart/Downloads/03082026/90014291.json,Nghia Tran,0,1,Grimmsnarl,0.62,71,Meganium,dump0304
89896751,/Users/nickzwart/Downloads/03082026/89896751.json,213tubo,1,1,Grimmsnarl,0.579,361,Meganium,dump0304
89886614,/Users/nickzwart/Downloads/03082026/89886614.json,Ketchum Alt,0,1,Grimmsnarl,0.574,47,Meganium,dump0304
89820559,/Users/nickzwart/Downloads/03082026/89820559.json,Majkel1337,1,1,Alakazam,0.647,662,Meganium,dump0304
89867482,/Users/nickzwart/Downloads/03082026/89867482.json,Jie Orkarin,1,1,Grimmsnarl,0.526,19,Meganium,dump0304
89980343,/Users/nickzwart/Downloads/03082026/89980343.json,llkarill,0,1,M-Lucario,0.524,105,Meganium,dump0304
89987469,/Users/nickzwart/Downloads/03082026/89987469.json,タニシ,1,1,Grimmsnarl,0.458,48,Meganium,dump0304
90028331,/Users/nickzwart/Downloads/03082026/90028331.json,Majkel1337,0,1,Cynthia-Garchomp,0.647,662,Meganium,dump0304
89852703,/Users/nickzwart/Downloads/03082026/89852703.json,SoichiOzaki,1,1,Grimmsnarl,0.518,56,Meganium,dump0304
89952932,/Users/nickzwart/Downloads/03082026/89952932.json,tonakaiiii,1,1,Grimmsnarl,0.556,142,Meganium,dump0304
90002627,/Users/nickzwart/Downloads/03082026/90002627.json,213tubo,1,1,Cynthia-Garchomp,0.579,361,Meganium,dump0304
90043151,/Users/nickzwart/Downloads/03082026/90043151.json,Petit Canard,1,1,Grimmsnarl,0.556,9,Meganium,dump0304
90027640,/Users/nickzwart/Downloads/03082026/90027640.json,Articuno0144,0,1,Grimmsnarl,0.476,124,Meganium,dump0304
90019712,/Users/nickzwart/Downloads/03082026/90019712.json,keidroid,0,1,Grimmsnarl,0.489,178,Meganium,dump0304
89966217,/Users/nickzwart/Downloads/03082026/89966217.json,tonakaiiii,1,1,Grimmsnarl,0.556,142,Meganium,dump0304
89884189,/Users/nickzwart/Downloads/03082026/89884189.json,SoichiOzaki,0,1,Grimmsnarl,0.518,56,Meganium,dump0304
90009354,/Users/nickzwart/Downloads/03082026/90009354.json,insuperabilehart,0,1,Grimmsnarl,0.562,194,Meganium,dump0304
89958353,/Users/nickzwart/Downloads/03082026/89958353.json,tonakaiiii,0,1,Grimmsnarl,0.556,142,Meganium,dump0304
90005971,/Users/nickzwart/Downloads/03082026/90005971.json,KouFu,0,1,M-Lucario,0.52,50,Meganium,dump0304
89925423,/Users/nickzwart/Downloads/03082026/89925423.json,Yan,1,1,Grimmsnarl,0.5,62,Meganium,dump0304
89910014,/Users/nickzwart/Downloads/03082026/89910014.json,keidroid,1,1,Dipplin,0.489,178,Meganium,dump0304
90024056,/Users/nickzwart/Downloads/03082026/90024056.json,poppy457,0,1,Cynthia-Garchomp,0.492,59,Meganium,dump0304
90023402,/Users/nickzwart/Downloads/03082026/90023402.json,poppy457,0,1,Meganium,0.492,59,Meganium,dump0304
90027512,/Users/nickzwart/Downloads/03082026/90027512.json,poppy457,0,1,Grimmsnarl,0.492,59,Meganium,dump0304
90023551,/Users/nickzwart/Downloads/03082026/90023551.json,Majkel1337,1,1,Dudunsparce,0.647,662,Meganium,dump0304
89837044,/Users/nickzwart/Downloads/03082026/89837044.json,Rmy,1,1,Cynthia-Garchomp,0.42,69,Meganium,dump0304
90020957,/Users/nickzwart/Downloads/03082026/90020957.json,Majkel1337,0,1,Dudunsparce,0.647,662,Meganium,dump0304
89872376,/Users/nickzwart/Downloads/03082026/89872376.json,keidroid,1,1,Grimmsnarl,0.489,178,Meganium,dump0304
89871809,/Users/nickzwart/Downloads/03082026/89871809.json,Nghia Tran,1,1,Grimmsnarl,0.62,71,Meganium,dump0304
89972501,/Users/nickzwart/Downloads/03082026/89972501.json,keidroid,0,1,Cynthia-Garchomp,0.489,178,Meganium,dump0304
89987107,/Users/nickzwart/Downloads/03082026/89987107.json,suk1yak1,1,1,Grimmsnarl,0.56,2,Meganium,dump0304
90035651,/Users/nickzwart/Downloads/03082026/90035651.json,Petit Canard,1,1,Dragapult,0.556,9,Meganium,dump0304
90031863,/Users/nickzwart/Downloads/03082026/90031863.json,Majkel1337,1,1,Grimmsnarl,0.647,662,Meganium,dump0304
90028204,/Users/nickzwart/Downloads/03082026/90028204.json,poppy457,1,1,Dudunsparce,0.492,59,Meganium,dump0304
89856337,/Users/nickzwart/Downloads/03082026/89856337.json,MissingNo.,1,1,M-Kangaskhan,0.574,263,Meganium,dump0304
90025436,/Users/nickzwart/Downloads/03082026/90025436.json,poppy457,0,1,Cynthia-Garchomp,0.492,59,Meganium,dump0304
90029696,/Users/nickzwart/Downloads/03082026/90029696.json,tw_shin,0,1,Dudunsparce,0.579,95,Meganium,dump0304
89879248,/Users/nickzwart/Downloads/03082026/89879248.json,タニシ,0,1,Dudunsparce,0.458,48,Meganium,dump0304
90009918,/Users/nickzwart/Downloads/03082026/90009918.json,keidroid,0,1,M-Kangaskhan,0.489,178,Meganium,dump0304
89899227,/Users/nickzwart/Downloads/03082026/89899227.json,Byer Scrip,1,1,Grimmsnarl,0.8,5,Meganium,dump0304
89880456,/Users/nickzwart/Downloads/03082026/89880456.json,llkarill,0,1,Meganium,0.524,105,Meganium,dump0304
90011217,/Users/nickzwart/Downloads/03082026/90011217.json,llkarill,1,1,Dudunsparce,0.524,105,Meganium,dump0304
90010056,/Users/nickzwart/Downloads/03082026/90010056.json,insuperabilehart,0,1,Grimmsnarl,0.562,194,Meganium,dump0304
90032432,/Users/nickzwart/Downloads/03082026/90032432.json,Ketchum Alt,0,1,Alakazam,0.574,47,Meganium,dump0304
89887055,/Users/nickzwart/Downloads/03082026/89887055.json,KouFu,0,1,Dipplin,0.52,50,Meganium,dump0304
90037919,/Users/nickzwart/Downloads/03082026/90037919.json,Majkel1337,1,1,Grimmsnarl,0.647,662,Meganium,dump0304
89934281,/Users/nickzwart/Downloads/03082026/89934281.json,Yan,1,1,Spidops,0.5,62,Meganium,dump0304
89966621,/Users/nickzwart/Downloads/03082026/89966621.json,insuperabilehart,1,1,Grimmsnarl,0.562,194,Meganium,dump0304
90043834,/Users/nickzwart/Downloads/03082026/90043834.json,Petit Canard,0,1,Grimmsnarl,0.556,9,Meganium,dump0304
89911032,/Users/nickzwart/Downloads/03082026/89911032.json,Yan,1,1,Meganium,0.5,62,Meganium,dump0304
89986137,/Users/nickzwart/Downloads/03082026/89986137.json,Rmy,1,1,Meganium,0.42,69,Meganium,dump0304
89841722,/Users/nickzwart/Downloads/03082026/89841722.json,MissingNo.,1,1,Grimmsnarl,0.574,263,Meganium,dump0304
89899358,/Users/nickzwart/Downloads/03082026/89899358.json,Majkel1337,0,1,Grimmsnarl,0.647,662,Meganium,dump0304
90017746,/Users/nickzwart/Downloads/03082026/90017746.json,llkarill,1,1,Dipplin,0.524,105,Meganium,dump0304
89842460,/Users/nickzwart/Downloads/03082026/89842460.json,Nghia Tran,1,1,Cynthia-Garchomp,0.62,71,Meganium,dump0304
89935541,/Users/nickzwart/Downloads/03082026/89935541.json,tonakaiiii,1,1,Grimmsnarl,0.556,142,Meganium,dump0304
90025660,/Users/nickzwart/Downloads/03082026/90025660.json,keidroid,0,1,Grimmsnarl,0.489,178,Meganium,dump0304
89965975,/Users/nickzwart/Downloads/03082026/89965975.json,insuperabilehart,1,1,Grimmsnarl,0.562,194,Meganium,dump0304
89888288,/Users/nickzwart/Downloads/03082026/89888288.json,tw_shin,1,1,Grimmsnarl,0.579,95,Meganium,dump0304
89923529,/Users/nickzwart/Downloads/03082026/89923529.json,SoichiOzaki,1,1,Grimmsnarl,0.518,56,Meganium,dump0304
90028228,/Users/nickzwart/Downloads/03082026/90028228.json,Nghia Tran,0,1,Grimmsnarl,0.62,71,Meganium,dump0304
90032449,/Users/nickzwart/Downloads/03082026/90032449.json,Articuno0144,0,1,Meganium,0.476,124,Meganium,dump0304
90014605,/Users/nickzwart/Downloads/03082026/90014605.json,tonakaiiii,0,1,Cynthia-Garchomp,0.556,142,Meganium,dump0304
90037866,/Users/nickzwart/Downloads/03082026/90037866.json,insuperabilehart,1,1,Grimmsnarl,0.562,194,Meganium,dump0304
89886687,/Users/nickzwart/Downloads/03082026/89886687.json,KouFu,1,1,Grimmsnarl,0.52,50,Meganium,dump0304
89820769,/Users/nickzwart/Downloads/03082026/89820769.json,tw_shin,0,1,M-Kangaskhan,0.579,95,Meganium,dump0304
89824950,/Users/nickzwart/Downloads/03082026/89824950.json,tonakaiiii,1,1,Alakazam,0.556,142,Meganium,dump0304
89894419,/Users/nickzwart/Downloads/03082026/89894419.json,tonakaiiii,0,1,Grimmsnarl,0.556,142,Meganium,dump0304
89979022,/Users/nickzwart/Downloads/03082026/89979022.json,タニシ,1,1,Dipplin,0.458,48,Meganium,dump0304
90017789,/Users/nickzwart/Downloads/03082026/90017789.json,Majkel1337,1,1,Grimmsnarl,0.647,662,Meganium,dump0304
89929283,/Users/nickzwart/Downloads/03082026/89929283.json,Rmy,1,1,Grimmsnarl,0.42,69,Meganium,dump0304
89948456,/Users/nickzwart/Downloads/03082026/89948456.json,keidroid,0,1,Alakazam,0.489,178,Meganium,dump0304
89964702,/Users/nickzwart/Downloads/03082026/89964702.json,insuperabilehart,0,1,Dudunsparce,0.562,194,Meganium,dump0304
89926121,/Users/nickzwart/Downloads/03082026/89926121.json,SoichiOzaki,1,1,Grimmsnarl,0.518,56,Meganium,dump0304
90020291,/Users/nickzwart/Downloads/03082026/90020291.json,llkarill,1,1,Dudunsparce,0.524,105,Meganium,dump0304
89914181,/Users/nickzwart/Downloads/03082026/89914181.json,213tubo,0,1,Grimmsnarl,0.579,361,Meganium,dump0304
90036502,/Users/nickzwart/Downloads/03082026/90036502.json,Nghia Tran,0,1,Meganium,0.62,71,Meganium,dump0304
89893866,/Users/nickzwart/Downloads/03082026/89893866.json,タニシ,0,1,Grimmsnarl,0.458,48,Meganium,dump0304
90019611,/Users/nickzwart/Downloads/03082026/90019611.json,KouFu,0,1,Alakazam,0.52,50,Meganium,dump0304
89866888,/Users/nickzwart/Downloads/03082026/89866888.json,Jie Orkarin,0,1,Grimmsnarl,0.526,19,Meganium,dump0304
89961469,/Users/nickzwart/Downloads/03082026/89961469.json,tonakaiiii,0,1,Meganium,0.556,142,Meganium,dump0304
89847843,/Users/nickzwart/Downloads/03082026/89847843.json,llkarill,0,1,Dragapult,0.524,105,Meganium,dump0304
90022280,/Users/nickzwart/Downloads/03082026/90022280.json,Iliamna,1,1,M-Kangaskhan,0.559,59,Meganium,dump0304
90027647,/Users/nickzwart/Downloads/03082026/90027647.json,tw_shin,0,1,Dragapult,0.579,95,Meganium,dump0304
89906112,/Users/nickzwart/Downloads/03082026/89906112.json,213tubo,1,1,Grimmsnarl,0.579,361,Meganium,dump0304
90023038,/Users/nickzwart/Downloads/03082026/90023038.json,SoichiOzaki,1,1,Alakazam,0.518,56,Meganium,dump0304
90024207,/Users/nickzwart/Downloads/03082026/90024207.json,tw_shin,0,1,Cynthia-Garchomp,0.579,95,Meganium,dump0304
90029823,/Users/nickzwart/Downloads/03082026/90029823.json,tonakaiiii,0,1,Grimmsnarl,0.556,142,Meganium,dump0304
89998324,/Users/nickzwart/Downloads/03082026/89998324.json,KouFu,1,1,Dipplin,0.52,50,Meganium,dump0304
89845583,/Users/nickzwart/Downloads/03082026/89845583.json,Nghia Tran,1,1,Grimmsnarl,0.62,71,Meganium,dump0304
90026796,/Users/nickzwart/Downloads/03082026/90026796.json,タニシ,1,1,Grimmsnarl,0.458,48,Meganium,dump0304
89960812,/Users/nickzwart/Downloads/03082026/89960812.json,insuperabilehart,0,1,Meganium,0.562,194,Meganium,dump0304
90004171,/Users/nickzwart/Downloads/03082026/90004171.json,tw_shin,1,1,Grimmsnarl,0.579,95,Meganium,dump0304
90034482,/Users/nickzwart/Downloads/03082026/90034482.json,tonakaiiii,0,1,Grimmsnarl,0.556,142,Meganium,dump0304
89910993,/Users/nickzwart/Downloads/03082026/89910993.json,SoichiOzaki,0,1,Meganium,0.518,56,Meganium,dump0304
89981503,/Users/nickzwart/Downloads/03082026/89981503.json,タニシ,1,1,Grimmsnarl,0.458,48,Meganium,dump0304
90021454,/Users/nickzwart/Downloads/03082026/90021454.json,Articuno0144,1,1,Grimmsnarl,0.476,124,Meganium,dump0304
89933524,/Users/nickzwart/Downloads/03082026/89933524.json,llkarill,0,1,Dudunsparce,0.524,105,Meganium,dump0304
89931775,/Users/nickzwart/Downloads/03082026/89931775.json,keidroid,1,1,Dudunsparce,0.489,178,Meganium,dump0304
89832391,/Users/nickzwart/Downloads/03082026/89832391.json,Nghia Tran,1,1,Grimmsnarl,0.62,71,Meganium,dump0304
90015737,/Users/nickzwart/Downloads/03082026/90015737.json,keidroid,0,1,M-Kangaskhan,0.489,178,Meganium,dump0304
89898293,/Users/nickzwart/Downloads/03082026/89898293.json,llkarill,0,1,Dipplin,0.524,105,Meganium,dump0304
90032501,/Users/nickzwart/Downloads/03082026/90032501.json,tw_shin,0,1,Grimmsnarl,0.579,95,Meganium,dump0304
89968560,/Users/nickzwart/Downloads/03082026/89968560.json,insuperabilehart,0,1,Alakazam,0.562,194,Meganium,dump0304
89984594,/Users/nickzwart/Downloads/03082026/89984594.json,Battle Data Base,0,1,Cynthia-Garchomp,0.522,23,Meganium,dump0304
90031045,/Users/nickzwart/Downloads/03082026/90031045.json,Majkel1337,0,1,Grimmsnarl,0.647,662,Meganium,dump0304
89959790,/Users/nickzwart/Downloads/03082026/89959790.json,tonakaiiii,1,1,Grimmsnarl,0.556,142,Meganium,dump0304
89833693,/Users/nickzwart/Downloads/03082026/89833693.json,Nghia Tran,0,1,Grimmsnarl,0.62,71,Meganium,dump0304
89832981,/Users/nickzwart/Downloads/03082026/89832981.json,Nghia Tran,0,1,Grimmsnarl,0.62,71,Meganium,dump0304
90022242,/Users/nickzwart/Downloads/03082026/90022242.json,Majkel1337,0,1,M-Kangaskhan,0.647,662,Meganium,dump0304
90020785,/Users/nickzwart/Downloads/03082026/90020785.json,poppy457,1,1,Grimmsnarl,0.492,59,Meganium,dump0304
89980328,/Users/nickzwart/Downloads/03082026/89980328.json,keidroid,0,1,Cynthia-Garchomp,0.489,178,Meganium,dump0304
90031747,/Users/nickzwart/Downloads/03082026/90031747.json,213tubo,0,1,Dipplin,0.579,361,Meganium,dump0304
89952324,/Users/nickzwart/Downloads/03082026/89952324.json,Articuno0144,0,1,M-Kangaskhan,0.476,124,Meganium,dump0304
90033111,/Users/nickzwart/Downloads/03082026/90033111.json,Nghia Tran,0,1,Grimmsnarl,0.62,71,Meganium,dump0304
89956330,/Users/nickzwart/Downloads/03082026/89956330.json,tonakaiiii,1,1,Grimmsnarl,0.556,142,Meganium,dump0304
89972680,/Users/nickzwart/Downloads/03082026/89972680.json,Articuno0144,0,1,Grimmsnarl,0.476,124,Meganium,dump0304
89868680,/Users/nickzwart/Downloads/03082026/89868680.json,Jie Orkarin,0,1,Cynthia-Garchomp,0.526,19,Meganium,dump0304
89848666,/Users/nickzwart/Downloads/03082026/89848666.json,Yan,0,1,Grimmsnarl,0.5,62,Meganium,dump0304
89845541,/Users/nickzwart/Downloads/03082026/89845541.json,Articuno0144,1,1,Grimmsnarl,0.476,124,Meganium,dump0304
89963438,/Users/nickzwart/Downloads/03082026/89963438.json,insuperabilehart,0,1,Meganium,0.562,194,Meganium,dump0304
90037282,/Users/nickzwart/Downloads/03082026/90037282.json,SoichiOzaki,1,1,Dipplin,0.518,56,Meganium,dump0304
89886022,/Users/nickzwart/Downloads/03082026/89886022.json,Yan,0,1,Grimmsnarl,0.5,62,Meganium,dump0304
90017663,/Users/nickzwart/Downloads/03082026/90017663.json,tw_shin,0,1,Grimmsnarl,0.579,95,Meganium,dump0304
89825881,/Users/nickzwart/Downloads/03082026/89825881.json,Nghia Tran,1,1,Grimmsnarl,0.62,71,Meganium,dump0304
90026149,/Users/nickzwart/Downloads/03082026/90026149.json,poppy457,1,1,Grimmsnarl,0.492,59,Meganium,dump0304
89968192,/Users/nickzwart/Downloads/03082026/89968192.json,tonakaiiii,0,1,Grimmsnarl,0.556,142,Meganium,dump0304
89864457,/Users/nickzwart/Downloads/03082026/89864457.json,me and the lads,1,1,Alakazam,0.338,74,Meganium,dump0304
89844777,/Users/nickzwart/Downloads/03082026/89844777.json,xnx,1,1,Spidops,0.375,16,Meganium,dump0304
89830066,/Users/nickzwart/Downloads/03082026/89830066.json,서주영,0,1,Grimmsnarl,0.47,66,Meganium,dump0304
89845536,/Users/nickzwart/Downloads/03082026/89845536.json,Yan,0,1,Dipplin,0.5,62,Meganium,dump0304
89850221,/Users/nickzwart/Downloads/03082026/89850221.json,Rmy,0,1,Spidops,0.42,69,Meganium,dump0304
90032331,/Users/nickzwart/Downloads/03082026/90032331.json,poppy457,0,1,Meganium,0.492,59,Meganium,dump0304
89838840,/Users/nickzwart/Downloads/03082026/89838840.json,Nghia Tran,1,1,Cynthia-Garchomp,0.62,71,Meganium,dump0304
90036558,/Users/nickzwart/Downloads/03082026/90036558.json,Majkel1337,0,1,M-Kangaskhan,0.647,662,Meganium,dump0304
90031225,/Users/nickzwart/Downloads/03082026/90031225.json,tonakaiiii,0,1,Dipplin,0.556,142,Meganium,dump0304
89897982,/Users/nickzwart/Downloads/03082026/89897982.json,213tubo,1,1,Dragapult,0.579,361,Meganium,dump0304
89867056,/Users/nickzwart/Downloads/03082026/89867056.json,tonakaiiii,0,1,Grimmsnarl,0.556,142,Meganium,dump0304
89850260,/Users/nickzwart/Downloads/03082026/89850260.json,xnx,0,1,Grimmsnarl,0.375,16,Meganium,dump0304
89891293,/Users/nickzwart/Downloads/03082026/89891293.json,서주영,0,1,Grimmsnarl,0.47,66,Meganium,dump0304
89829504,/Users/nickzwart/Downloads/03082026/89829504.json,cm391,1,1,Alakazam,0.574,61,Meganium,dump0304
90010446,/Users/nickzwart/Downloads/03082026/90010446.json,tonakaiiii,1,1,Cynthia-Garchomp,0.556,142,Meganium,dump0304
90035134,/Users/nickzwart/Downloads/03082026/90035134.json,213tubo,0,1,Grimmsnarl,0.579,361,Meganium,dump0304
89820549,/Users/nickzwart/Downloads/03082026/89820549.json,서주영,0,1,Grimmsnarl,0.47,66,Meganium,dump0304
90016195,/Users/nickzwart/Downloads/03082026/90016195.json,Rmy,1,1,Grimmsnarl,0.42,69,Meganium,dump0304
89902977,/Users/nickzwart/Downloads/03082026/89902977.json,213tubo,0,1,Meganium,0.579,361,Meganium,dump0304
89877216,/Users/nickzwart/Downloads/03082026/89877216.json,Nghia Tran,1,1,Grimmsnarl,0.62,71,Meganium,dump0304
90021435,/Users/nickzwart/Downloads/03082026/90021435.json,poppy457,1,1,Grimmsnarl,0.492,59,Meganium,dump0304
90035749,/Users/nickzwart/Downloads/03082026/90035749.json,タニシ,0,1,Grimmsnarl,0.458,48,Meganium,dump0304
90035319,/Users/nickzwart/Downloads/03082026/90035319.json,tw_shin,1,1,Grimmsnarl,0.579,95,Meganium,dump0304
90012590,/Users/nickzwart/Downloads/03082026/90012590.json,poppy457,0,1,Dipplin,0.492,59,Meganium,dump0304
89985921,/Users/nickzwart/Downloads/03082026/89985921.json,Battle Data Base,1,1,Meganium,0.522,23,Meganium,dump0304
89901834,/Users/nickzwart/Downloads/03082026/89901834.json,Byer Scrip,1,1,Cynthia-Garchomp,0.8,5,Meganium,dump0304
90021073,/Users/nickzwart/Downloads/03082026/90021073.json,llkarill,0,1,Spidops,0.524,105,Meganium,dump0304
89859305,/Users/nickzwart/Downloads/03082026/89859305.json,MissingNo.,1,1,Grimmsnarl,0.574,263,Meganium,dump0304
89971848,/Users/nickzwart/Downloads/03082026/89971848.json,keidroid,0,1,Alakazam,0.489,178,Meganium,dump0304
89919803,/Users/nickzwart/Downloads/03082026/89919803.json,213tubo,0,1,Dudunsparce,0.579,361,Meganium,dump0304
89891510,/Users/nickzwart/Downloads/03082026/89891510.json,me and the lads,1,1,Grimmsnarl,0.338,74,Meganium,dump0304
89859668,/Users/nickzwart/Downloads/03082026/89859668.json,Jie Orkarin,1,1,Grimmsnarl,0.526,19,Meganium,dump0304
90011055,/Users/nickzwart/Downloads/03082026/90011055.json,poppy457,0,1,Grimmsnarl,0.492,59,Meganium,dump0304
89983618,/Users/nickzwart/Downloads/03082026/89983618.json,tonakaiiii,1,1,Grimmsnarl,0.556,142,Meganium,dump0304
89874511,/Users/nickzwart/Downloads/03082026/89874511.json,Tatsuya Kayama,0,1,Grimmsnarl,0.485,68,Meganium,dump0304
90019127,/Users/nickzwart/Downloads/03082026/90019127.json,Majkel1337,0,1,Grimmsnarl,0.647,662,Meganium,dump0304
90030933,/Users/nickzwart/Downloads/03082026/90030933.json,タニシ,0,1,Grimmsnarl,0.458,48,Meganium,dump0304
90021621,/Users/nickzwart/Downloads/03082026/90021621.json,Majkel1337,1,1,Cynthia-Garchomp,0.647,662,Meganium,dump0304
90022324,/Users/nickzwart/Downloads/03082026/90022324.json,insuperabilehart,1,1,Meganium,0.562,194,Meganium,dump0304
89922269,/Users/nickzwart/Downloads/03082026/89922269.json,213tubo,1,1,Grimmsnarl,0.579,361,Meganium,dump0304
90007986,/Users/nickzwart/Downloads/03082026/90007986.json,Majkel1337,1,1,Grimmsnarl,0.647,662,Meganium,dump0304
89868820,/Users/nickzwart/Downloads/03082026/89868820.json,KouFu,0,1,M-Kangaskhan,0.52,50,Meganium,dump0304
89994935,/Users/nickzwart/Downloads/03082026/89994935.json,KouFu,0,1,Grimmsnarl,0.52,50,Meganium,dump0304
89918456,/Users/nickzwart/Downloads/03082026/89918456.json,tonakaiiii,1,1,Meganium,0.556,142,Meganium,dump0304
89841921,/Users/nickzwart/Downloads/03082026/89841921.json,Tatsuya Kayama,1,1,Alakazam,0.485,68,Meganium,dump0304
90011940,/Users/nickzwart/Downloads/03082026/90011940.json,SoichiOzaki,1,1,Alakazam,0.518,56,Meganium,dump0304
89917222,/Users/nickzwart/Downloads/03082026/89917222.json,SoichiOzaki,1,1,Grimmsnarl,0.518,56,Meganium,dump0304
89923638,/Users/nickzwart/Downloads/03082026/89923638.json,タニシ,0,1,Grimmsnarl,0.458,48,Meganium,dump0304
90025567,/Users/nickzwart/Downloads/03082026/90025567.json,keidroid,0,1,Meganium,0.489,178,Meganium,dump0304
89959025,/Users/nickzwart/Downloads/03082026/89959025.json,213tubo,0,1,Grimmsnarl,0.579,361,Meganium,dump0304
89835436,/Users/nickzwart/Downloads/03082026/89835436.json,Nghia Tran,1,1,M-Kangaskhan,0.62,71,Meganium,dump0304
89897692,/Users/nickzwart/Downloads/03082026/89897692.json,keidroid,0,1,Alakazam,0.489,178,Meganium,dump0304
90003951,/Users/nickzwart/Downloads/03082026/90003951.json,tonakaiiii,1,1,Grimmsnarl,0.556,142,Meganium,dump0304
89878660,/Users/nickzwart/Downloads/03082026/89878660.json,タニシ,0,1,Crustle,0.458,48,Meganium,dump0304
90029010,/Users/nickzwart/Downloads/03082026/90029010.json,Majkel1337,0,1,Grimmsnarl,0.647,662,Meganium,dump0304
90016568,/Users/nickzwart/Downloads/03082026/90016568.json,keidroid,0,1,Grimmsnarl,0.489,178,Meganium,dump0304
89899858,/Users/nickzwart/Downloads/03082026/89899858.json,Byer Scrip,0,1,M-Lucario,0.8,5,Meganium,dump0304
89864497,/Users/nickzwart/Downloads/03082026/89864497.json,Jie Orkarin,0,1,Dudunsparce,0.526,19,Meganium,dump0304
90043318,/Users/nickzwart/Downloads/03082026/90043318.json,Yan,1,1,Grimmsnarl,0.5,62,Meganium,dump0304
89846657,/Users/nickzwart/Downloads/03082026/89846657.json,Tatsuya Kayama,1,1,Alakazam,0.485,68,Meganium,dump0304
90037868,/Users/nickzwart/Downloads/03082026/90037868.json,Majkel1337,1,1,Dragapult,0.647,662,Meganium,dump0304
89975740,/Users/nickzwart/Downloads/03082026/89975740.json,keidroid,1,1,Grimmsnarl,0.489,178,Meganium,dump0304
89995847,/Users/nickzwart/Downloads/03082026/89995847.json,insuperabilehart,1,1,Alakazam,0.562,194,Meganium,dump0304
90034481,/Users/nickzwart/Downloads/03082026/90034481.json,tw_shin,0,1,M-Kangaskhan,0.579,95,Meganium,dump0304
90024194,/Users/nickzwart/Downloads/03082026/90024194.json,tonakaiiii,0,1,Grimmsnarl,0.556,142,Meganium,dump0304
89987315,/Users/nickzwart/Downloads/03082026/89987315.json,Nghia Tran,0,1,Alakazam,0.62,71,Meganium,dump0304
89877673,/Users/nickzwart/Downloads/03082026/89877673.json,xnx,0,1,Alakazam,0.375,16,Meganium,dump0304
90007836,/Users/nickzwart/Downloads/03082026/90007836.json,Rmy,0,1,Grimmsnarl,0.42,69,Meganium,dump0304
90024086,/Users/nickzwart/Downloads/03082026/90024086.json,keidroid,0,1,Grimmsnarl,0.489,178,Meganium,dump0304
90023606,/Users/nickzwart/Downloads/03082026/90023606.json,llkarill,1,1,Grimmsnarl,0.524,105,Meganium,dump0304
89819484,/Users/nickzwart/Downloads/03082026/89819484.json,keidroid,1,1,Spidops,0.489,178,Meganium,dump0304
89902542,/Users/nickzwart/Downloads/03082026/89902542.json,タニシ,0,1,Grimmsnarl,0.458,48,Meganium,dump0304
90017733,/Users/nickzwart/Downloads/03082026/90017733.json,Articuno0144,0,1,Grimmsnarl,0.476,124,Meganium,dump0304
89852550,/Users/nickzwart/Downloads/03082026/89852550.json,cm391,0,1,Grimmsnarl,0.574,61,Meganium,dump0304
89955548,/Users/nickzwart/Downloads/03082026/89955548.json,KouFu,1,1,Archaludon,0.52,50,Meganium,dump0304
89824293,/Users/nickzwart/Downloads/03082026/89824293.json,KouFu,0,1,Grimmsnarl,0.52,50,Meganium,dump0304
89921062,/Users/nickzwart/Downloads/03082026/89921062.json,213tubo,0,1,Dipplin,0.579,361,Meganium,dump0304
89822605,/Users/nickzwart/Downloads/03082026/89822605.json,Rmy,0,1,Grimmsnarl,0.42,69,Meganium,dump0304
90018254,/Users/nickzwart/Downloads/03082026/90018254.json,tonakaiiii,0,1,Grimmsnarl,0.556,142,Meganium,dump0304
90030952,/Users/nickzwart/Downloads/03082026/90030952.json,Articuno0144,1,1,Meganium,0.476,124,Meganium,dump0304
90002823,/Users/nickzwart/Downloads/03082026/90002823.json,Majkel1337,1,1,Grimmsnarl,0.647,662,Meganium,dump0304
90024911,/Users/nickzwart/Downloads/03082026/90024911.json,tw_shin,0,1,Alakazam,0.579,95,Meganium,dump0304
89914855,/Users/nickzwart/Downloads/03082026/89914855.json,213tubo,0,1,Meganium,0.579,361,Meganium,dump0304
89860525,/Users/nickzwart/Downloads/03082026/89860525.json,Majkel1337,1,1,Grimmsnarl,0.647,662,Meganium,dump0304
90036644,/Users/nickzwart/Downloads/03082026/90036644.json,tonakaiiii,0,1,M-Kangaskhan,0.556,142,Meganium,dump0304
90015124,/Users/nickzwart/Downloads/03082026/90015124.json,Majkel1337,0,1,M-Kangaskhan,0.647,662,Meganium,dump0304
89998832,/Users/nickzwart/Downloads/03082026/89998832.json,Battle Data Base,0,1,Spidops,0.522,23,Meganium,dump0304
89953170,/Users/nickzwart/Downloads/03082026/89953170.json,tw_shin,1,1,Dudunsparce,0.579,95,Meganium,dump0304
89918572,/Users/nickzwart/Downloads/03082026/89918572.json,213tubo,0,1,Crustle,0.579,361,Meganium,dump0304
89904415,/Users/nickzwart/Downloads/03082026/89904415.json,タニシ,1,1,Grimmsnarl,0.458,48,Meganium,dump0304
90013272,/Users/nickzwart/Downloads/03082026/90013272.json,tw_shin,0,1,Grimmsnarl,0.579,95,Meganium,dump0304
89905438,/Users/nickzwart/Downloads/03082026/89905438.json,213tubo,0,1,Grimmsnarl,0.579,361,Meganium,dump0304
89973251,/Users/nickzwart/Downloads/03082026/89973251.json,Rmy,0,1,Dragapult,0.42,69,Meganium,dump0304
89823687,/Users/nickzwart/Downloads/03082026/89823687.json,Tatsuya Kayama,0,1,Dudunsparce,0.485,68,Meganium,dump0304
89969467,/Users/nickzwart/Downloads/03082026/89969467.json,tw_shin,0,1,Dragapult,0.579,95,Meganium,dump0304
89925523,/Users/nickzwart/Downloads/03082026/89925523.json,tonakaiiii,1,1,Grimmsnarl,0.556,142,Meganium,dump0304
89896427,/Users/nickzwart/Downloads/03082026/89896427.json,MissingNo.,1,1,Grimmsnarl,0.574,263,Meganium,dump0304
89887723,/Users/nickzwart/Downloads/03082026/89887723.json,Articuno0144,1,1,Grimmsnarl,0.476,124,Meganium,dump0304
89990404,/Users/nickzwart/Downloads/03082026/89990404.json,keidroid,0,1,Grimmsnarl,0.489,178,Meganium,dump0304
90018306,/Users/nickzwart/Downloads/03082026/90018306.json,llkarill,1,1,M-Lucario,0.524,105,Meganium,dump0304
90024269,/Users/nickzwart/Downloads/03082026/90024269.json,tw_shin,1,1,Dudunsparce,0.579,95,Meganium,dump0304
89840612,/Users/nickzwart/Downloads/03082026/89840612.json,Nghia Tran,0,1,Dipplin,0.62,71,Meganium,dump0304
89910440,/Users/nickzwart/Downloads/03082026/89910440.json,213tubo,1,1,Dudunsparce,0.579,361,Meganium,dump0304
89994410,/Users/nickzwart/Downloads/03082026/89994410.json,タニシ,1,1,Grimmsnarl,0.458,48,Meganium,dump0304
89834768,/Users/nickzwart/Downloads/03082026/89834768.json,Nghia Tran,1,1,Cynthia-Garchomp,0.62,71,Meganium,dump0304
89986704,/Users/nickzwart/Downloads/03082026/89986704.json,insuperabilehart,0,1,Grimmsnarl,0.562,194,Meganium,dump0304
89878769,/Users/nickzwart/Downloads/03082026/89878769.json,Tatsuya Kayama,1,1,Grimmsnarl,0.485,68,Meganium,dump0304
89920432,/Users/nickzwart/Downloads/03082026/89920432.json,213tubo,1,1,Cynthia-Garchomp,0.579,361,Meganium,dump0304
90036501,/Users/nickzwart/Downloads/03082026/90036501.json,tonakaiiii,1,1,Grimmsnarl,0.556,142,Meganium,dump0304
89912955,/Users/nickzwart/Downloads/03082026/89912955.json,213tubo,1,1,Dudunsparce,0.579,361,Meganium,dump0304
89942998,/Users/nickzwart/Downloads/03082026/89942998.json,Majkel1337,0,1,Grimmsnarl,0.647,662,Meganium,dump0304
89884836,/Users/nickzwart/Downloads/03082026/89884836.json,Articuno0144,0,1,Grimmsnarl,0.476,124,Meganium,dump0304
89836542,/Users/nickzwart/Downloads/03082026/89836542.json,Nghia Tran,0,1,Meganium,0.62,71,Meganium,dump0304
90015723,/Users/nickzwart/Downloads/03082026/90015723.json,Majkel1337,0,1,Grimmsnarl,0.647,662,Meganium,dump0304
90014431,/Users/nickzwart/Downloads/03082026/90014431.json,213tubo,0,1,Grimmsnarl,0.579,361,Meganium,dump0304
90030494,/Users/nickzwart/Downloads/03082026/90030494.json,SoichiOzaki,0,1,Spidops,0.518,56,Meganium,dump0304
89823097,/Users/nickzwart/Downloads/03082026/89823097.json,tonakaiiii,0,1,Grimmsnarl,0.556,142,Meganium,dump0304
89902502,/Users/nickzwart/Downloads/03082026/89902502.json,tonakaiiii,1,1,Grimmsnarl,0.556,142,Meganium,dump0304
90027701,/Users/nickzwart/Downloads/03082026/90027701.json,SoichiOzaki,1,1,Cynthia-Garchomp,0.518,56,Meganium,dump0304
89992511,/Users/nickzwart/Downloads/03082026/89992511.json,Ketchum Alt,0,1,Grimmsnarl,0.574,47,Meganium,dump0304
89906687,/Users/nickzwart/Downloads/03082026/89906687.json,213tubo,0,1,Grimmsnarl,0.579,361,Meganium,dump0304
90029123,/Users/nickzwart/Downloads/03082026/90029123.json,tw_shin,0,1,Dudunsparce,0.579,95,Meganium,dump0304
90033715,/Users/nickzwart/Downloads/03082026/90033715.json,poppy457,0,1,Dragapult,0.492,59,Meganium,dump0304
89844811,/Users/nickzwart/Downloads/03082026/89844811.json,llkarill,1,1,Alakazam,0.524,105,Meganium,dump0304
89959442,/Users/nickzwart/Downloads/03082026/89959442.json,insuperabilehart,1,1,Grimmsnarl,0.562,194,Meganium,dump0304
90024896,/Users/nickzwart/Downloads/03082026/90024896.json,tw_shin,1,1,Meganium,0.579,95,Meganium,dump0304
90008783,/Users/nickzwart/Downloads/03082026/90008783.json,SoichiOzaki,0,1,Cynthia-Garchomp,0.518,56,Meganium,dump0304
90025012,/Users/nickzwart/Downloads/03082026/90025012.json,six seven,0,1,Alakazam,0.333,18,Meganium,dump0304
89852232,/Users/nickzwart/Downloads/03082026/89852232.json,Nghia Tran,1,1,Grimmsnarl,0.62,71,Meganium,dump0304
89997733,/Users/nickzwart/Downloads/03082026/89997733.json,Nghia Tran,0,1,Alakazam,0.62,71,Meganium,dump0304
90035177,/Users/nickzwart/Downloads/03082026/90035177.json,Majkel1337,1,1,Grimmsnarl,0.647,662,Meganium,dump0304
90032431,/Users/nickzwart/Downloads/03082026/90032431.json,llkarill,0,1,Meganium,0.524,105,Meganium,dump0304
90037799,/Users/nickzwart/Downloads/03082026/90037799.json,Battle Data Base,1,1,Grimmsnarl,0.522,23,Meganium,dump0304
89882254,/Users/nickzwart/Downloads/03082026/89882254.json,Rmy,0,1,Meganium,0.42,69,Meganium,dump0304
89941117,/Users/nickzwart/Downloads/03082026/89941117.json,SQUIRTLE (prime),1,1,Grimmsnarl,0.4,10,Meganium,dump0304
89946778,/Users/nickzwart/Downloads/03082026/89946778.json,Articuno0144,0,1,Grimmsnarl,0.476,124,Meganium,dump0304
89900677,/Users/nickzwart/Downloads/03082026/89900677.json,タニシ,0,1,Cynthia-Garchomp,0.458,48,Meganium,dump0304
90012357,/Users/nickzwart/Downloads/03082026/90012357.json,poppy457,0,1,Meganium,0.492,59,Meganium,dump0304
89859346,/Users/nickzwart/Downloads/03082026/89859346.json,Nghia Tran,0,1,Grimmsnarl,0.62,71,Meganium,dump0304
90019632,/Users/nickzwart/Downloads/03082026/90019632.json,keidroid,0,1,M-Kangaskhan,0.489,178,Meganium,dump0304
90007801,/Users/nickzwart/Downloads/03082026/90007801.json,poppy457,0,1,Cynthia-Garchomp,0.492,59,Meganium,dump0304
89847925,/Users/nickzwart/Downloads/03082026/89847925.json,cm391,1,1,Grimmsnarl,0.574,61,Meganium,dump0304
89985431,/Users/nickzwart/Downloads/03082026/89985431.json,Nghia Tran,1,1,Grimmsnarl,0.62,71,Meganium,dump0304
89824334,/Users/nickzwart/Downloads/03082026/89824334.json,cm391,0,1,Grimmsnarl,0.574,61,Meganium,dump0304
89962972,/Users/nickzwart/Downloads/03082026/89962972.json,KouFu,0,1,Grimmsnarl,0.52,50,Meganium,dump0304
90023076,/Users/nickzwart/Downloads/03082026/90023076.json,tonakaiiii,0,1,Crustle,0.556,142,Meganium,dump0304
89922403,/Users/nickzwart/Downloads/03082026/89922403.json,keidroid,0,1,Grimmsnarl,0.489,178,Meganium,dump0304
89919246,/Users/nickzwart/Downloads/03082026/89919246.json,213tubo,0,1,Dragapult,0.579,361,Meganium,dump0304
90025663,/Users/nickzwart/Downloads/03082026/90025663.json,tonakaiiii,1,1,Dragapult,0.556,142,Meganium,dump0304
89830064,/Users/nickzwart/Downloads/03082026/89830064.json,Nghia Tran,0,1,Grimmsnarl,0.62,71,Meganium,dump0304
89907976,/Users/nickzwart/Downloads/03082026/89907976.json,213tubo,0,1,Grimmsnarl,0.579,361,Meganium,dump0304
89962749,/Users/nickzwart/Downloads/03082026/89962749.json,insuperabilehart,1,1,Grimmsnarl,0.562,194,Meganium,dump0304
89837719,/Users/nickzwart/Downloads/03082026/89837719.json,Kazama Yusuke,0,1,Grimmsnarl,0.56,4,Meganium,dump0304
89884343,/Users/nickzwart/Downloads/03082026/89884343.json,MissingNo.,0,1,Alakazam,0.574,263,Meganium,dump0304
89952570,/Users/nickzwart/Downloads/03082026/89952570.json,Articuno0144,0,1,Grimmsnarl,0.476,124,Meganium,dump0304
89909037,/Users/nickzwart/Downloads/03082026/89909037.json,tw_shin,1,1,Grimmsnarl,0.579,95,Meganium,dump0304
89820741,/Users/nickzwart/Downloads/03082026/89820741.json,keidroid,1,1,Grimmsnarl,0.489,178,Meganium,dump0304
90004174,/Users/nickzwart/Downloads/03082026/90004174.json,Majkel1337,1,1,Grimmsnarl,0.647,662,Meganium,dump0304
89953766,/Users/nickzwart/Downloads/03082026/89953766.json,서주영,0,1,Grimmsnarl,0.47,66,Meganium,dump0304
89973915,/Users/nickzwart/Downloads/03082026/89973915.json,Nghia Tran,1,1,Grimmsnarl,0.62,71,Meganium,dump0304
89831804,/Users/nickzwart/Downloads/03082026/89831804.json,Nghia Tran,0,1,Grimmsnarl,0.62,71,Meganium,dump0304
89849265,/Users/nickzwart/Downloads/03082026/89849265.json,Nghia Tran,0,1,Grimmsnarl,0.62,71,Meganium,dump0304
89982003,/Users/nickzwart/Downloads/03082026/89982003.json,Battle Data Base,0,1,Meganium,0.522,23,Meganium,dump0304
89819494,/Users/nickzwart/Downloads/03082026/89819494.json,tonakaiiii,0,1,Grimmsnarl,0.556,142,Meganium,dump0304
89992516,/Users/nickzwart/Downloads/03082026/89992516.json,six seven,0,1,Alakazam,0.333,18,Meganium,dump0304
89869153,/Users/nickzwart/Downloads/03082026/89869153.json,me and the lads,0,1,Grimmsnarl,0.338,74,Meganium,dump0304
90034491,/Users/nickzwart/Downloads/03082026/90034491.json,Majkel1337,0,1,Spidops,0.647,662,Meganium,dump0304
89904869,/Users/nickzwart/Downloads/03082026/89904869.json,keidroid,1,1,Dragapult,0.489,178,Meganium,dump0304
90022953,/Users/nickzwart/Downloads/03082026/90022953.json,tw_shin,1,1,Dragapult,0.579,95,Meganium,dump0304
89964839,/Users/nickzwart/Downloads/03082026/89964839.json,llkarill,1,1,Dudunsparce,0.524,105,Meganium,dump0304
89862226,/Users/nickzwart/Downloads/03082026/89862226.json,keidroid,0,1,Dudunsparce,0.489,178,Meganium,dump0304
89982255,/Users/nickzwart/Downloads/03082026/89982255.json,Majkel1337,0,1,Grimmsnarl,0.647,662,Meganium,dump0304
89983444,/Users/nickzwart/Downloads/03082026/89983444.json,insuperabilehart,1,1,Grimmsnarl,0.562,194,Meganium,dump0304
89988571,/Users/nickzwart/Downloads/03082026/89988571.json,Yan,1,1,Alakazam,0.5,62,Meganium,dump0304
90041381,/Users/nickzwart/Downloads/03082026/90041381.json,Articuno0144,0,1,Meganium,0.476,124,Meganium,dump0304
89948517,/Users/nickzwart/Downloads/03082026/89948517.json,tonakaiiii,0,1,Alakazam,0.556,142,Meganium,dump0304
89972685,/Users/nickzwart/Downloads/03082026/89972685.json,llkarill,0,1,Grimmsnarl,0.524,105,Meganium,dump0304
89821185,/Users/nickzwart/Downloads/03082026/89821185.json,Nghia Tran,1,1,Grimmsnarl,0.62,71,Meganium,dump0304
90039919,/Users/nickzwart/Downloads/03082026/90039919.json,tw_shin,1,1,Grimmsnarl,0.579,95,Meganium,dump0304
90023552,/Users/nickzwart/Downloads/03082026/90023552.json,tw_shin,0,1,Grimmsnarl,0.579,95,Meganium,dump0304
89938654,/Users/nickzwart/Downloads/03082026/89938654.json,Majkel1337,1,1,Grimmsnarl,0.647,662,Meganium,dump0304
89823116,/Users/nickzwart/Downloads/03082026/89823116.json,Majkel1337,1,1,Grimmsnarl,0.647,662,Meganium,dump0304
89901667,/Users/nickzwart/Downloads/03082026/89901667.json,llkarill,0,1,Grimmsnarl,0.524,105,Meganium,dump0304
89829429,/Users/nickzwart/Downloads/03082026/89829429.json,Nghia Tran,0,1,Cynthia-Garchomp,0.62,71,Meganium,dump0304
90030535,/Users/nickzwart/Downloads/03082026/90030535.json,tonakaiiii,1,1,M-Kangaskhan,0.556,142,Meganium,dump0304
90010029,/Users/nickzwart/Downloads/03082026/90010029.json,keidroid,0,1,Grimmsnarl,0.489,178,Meganium,dump0304
90020470,/Users/nickzwart/Downloads/03082026/90020470.json,tw_shin,0,1,M-Lucario,0.579,95,Meganium,dump0304
90029082,/Users/nickzwart/Downloads/03082026/90029082.json,tw_shin,1,1,Grimmsnarl,0.579,95,Meganium,dump0304
89909353,/Users/nickzwart/Downloads/03082026/89909353.json,tonakaiiii,1,1,Grimmsnarl,0.556,142,Meganium,dump0304
89896154,/Users/nickzwart/Downloads/03082026/89896154.json,213tubo,1,1,Grimmsnarl,0.579,361,Meganium,dump0304
89828853,/Users/nickzwart/Downloads/03082026/89828853.json,MissingNo.,0,1,Dragapult,0.574,263,Meganium,dump0304
90011854,/Users/nickzwart/Downloads/03082026/90011854.json,Ketchum Alt,1,1,Grimmsnarl,0.574,47,Meganium,dump0304
89983521,/Users/nickzwart/Downloads/03082026/89983521.json,Rmy,1,1,Grimmsnarl,0.42,69,Meganium,dump0304
90023026,/Users/nickzwart/Downloads/03082026/90023026.json,llkarill,0,1,Dipplin,0.524,105,Meganium,dump0304
90034472,/Users/nickzwart/Downloads/03082026/90034472.json,Articuno0144,0,1,Grimmsnarl,0.476,124,Meganium,dump0304
89882269,/Users/nickzwart/Downloads/03082026/89882269.json,Majkel1337,0,1,other,0.647,662,Meganium,dump0304
89922392,/Users/nickzwart/Downloads/03082026/89922392.json,Majkel1337,1,1,Dragapult,0.647,662,Meganium,dump0304
89917930,/Users/nickzwart/Downloads/03082026/89917930.json,keidroid,0,1,Meganium,0.489,178,Meganium,dump0304
90027032,/Users/nickzwart/Downloads/03082026/90027032.json,Majkel1337,1,1,Meganium,0.647,662,Meganium,dump0304
89952287,/Users/nickzwart/Downloads/03082026/89952287.json,tw_shin,1,1,Grimmsnarl,0.579,95,Meganium,dump0304
89916823,/Users/nickzwart/Downloads/03082026/89916823.json,llkarill,0,1,Grimmsnarl,0.524,105,Meganium,dump0304
90041270,/Users/nickzwart/Downloads/03082026/90041270.json,insuperabilehart,0,1,Dragapult,0.562,194,Meganium,dump0304
89965398,/Users/nickzwart/Downloads/03082026/89965398.json,213tubo,1,1,Grimmsnarl,0.579,361,Meganium,dump0304
90016893,/Users/nickzwart/Downloads/03082026/90016893.json,poppy457,1,1,Cynthia-Garchomp,0.492,59,Meganium,dump0304
90028304,/Users/nickzwart/Downloads/03082026/90028304.json,Majkel1337,0,1,Dudunsparce,0.647,662,Meganium,dump0304
90011706,/Users/nickzwart/Downloads/03082026/90011706.json,poppy457,0,1,Grimmsnarl,0.492,59,Meganium,dump0304
89838243,/Users/nickzwart/Downloads/03082026/89838243.json,llkarill,0,1,Alakazam,0.524,105,Meganium,dump0304
89912876,/Users/nickzwart/Downloads/03082026/89912876.json,Yan,1,1,Grimmsnarl,0.5,62,Meganium,dump0304
89838306,/Users/nickzwart/Downloads/03082026/89838306.json,Nghia Tran,1,1,Grimmsnarl,0.62,71,Meganium,dump0304
90030261,/Users/nickzwart/Downloads/03082026/90030261.json,poppy457,0,1,Grimmsnarl,0.492,59,Meganium,dump0304
90018208,/Users/nickzwart/Downloads/03082026/90018208.json,insuperabilehart,0,1,Meganium,0.562,194,Meganium,dump0304
90020324,/Users/nickzwart/Downloads/03082026/90020324.json,keidroid,0,1,Grimmsnarl,0.489,178,Meganium,dump0304
90018988,/Users/nickzwart/Downloads/03082026/90018988.json,llkarill,1,1,Dudunsparce,0.524,105,Meganium,dump0304
89992022,/Users/nickzwart/Downloads/03082026/89992022.json,insuperabilehart,0,1,Meganium,0.562,194,Meganium,dump0304
89859839,/Users/nickzwart/Downloads/03082026/89859839.json,xnx,1,1,Grimmsnarl,0.375,16,Meganium,dump0304
89931090,/Users/nickzwart/Downloads/03082026/89931090.json,SoichiOzaki,1,1,Grimmsnarl,0.518,56,Meganium,dump0304
90038606,/Users/nickzwart/Downloads/03082026/90038606.json,Majkel1337,0,1,Meganium,0.647,662,Meganium,dump0304
89919780,/Users/nickzwart/Downloads/03082026/89919780.json,MissingNo.,0,1,Meganium,0.574,263,Meganium,dump0304
89824689,/Users/nickzwart/Downloads/03082026/89824689.json,Nghia Tran,1,1,Spidops,0.62,71,Meganium,dump0304
90025022,/Users/nickzwart/Downloads/03082026/90025022.json,tonakaiiii,1,1,Grimmsnarl,0.556,142,Meganium,dump0304
90004285,/Users/nickzwart/Downloads/03082026/90004285.json,SoichiOzaki,0,1,Alakazam,0.518,56,Meganium,dump0304
89899234,/Users/nickzwart/Downloads/03082026/89899234.json,213tubo,0,1,Grimmsnarl,0.579,361,Meganium,dump0304
89822527,/Users/nickzwart/Downloads/03082026/89822527.json,keidroid,1,1,M-Kangaskhan,0.489,178,Meganium,dump0304
89991073,/Users/nickzwart/Downloads/03082026/89991073.json,Battle Data Base,0,1,Grimmsnarl,0.522,23,Meganium,dump0304
89989910,/Users/nickzwart/Downloads/03082026/89989910.json,insuperabilehart,0,1,Grimmsnarl,0.562,194,Meganium,dump0304
89828829,/Users/nickzwart/Downloads/03082026/89828829.json,Nghia Tran,1,1,Grimmsnarl,0.62,71,Meganium,dump0304
89862010,/Users/nickzwart/Downloads/03082026/89862010.json,keidroid,0,1,Meganium,0.489,178,Meganium,dump0304
89916658,/Users/nickzwart/Downloads/03082026/89916658.json,213tubo,0,1,Grimmsnarl,0.579,361,Meganium,dump0304
90020332,/Users/nickzwart/Downloads/03082026/90020332.json,Majkel1337,0,1,Grimmsnarl,0.647,662,Meganium,dump0304
89880557,/Users/nickzwart/Downloads/03082026/89880557.json,llkarill,0,1,Grimmsnarl,0.524,105,Meganium,dump0304
89910919,/Users/nickzwart/Downloads/03082026/89910919.json,SoichiOzaki,1,1,Dudunsparce,0.518,56,Meganium,dump0304
89840073,/Users/nickzwart/Downloads/03082026/89840073.json,Nghia Tran,1,1,Grimmsnarl,0.62,71,Meganium,dump0304
90028329,/Users/nickzwart/Downloads/03082026/90028329.json,tonakaiiii,1,1,Alakazam,0.556,142,Meganium,dump0304
89928634,/Users/nickzwart/Downloads/03082026/89928634.json,KouFu,1,1,Meganium,0.52,50,Meganium,dump0304
90018320,/Users/nickzwart/Downloads/03082026/90018320.json,tonakaiiii,0,1,Alakazam,0.556,142,Meganium,dump0304
89906859,/Users/nickzwart/Downloads/03082026/89906859.json,Articuno0144,1,1,Alakazam,0.476,124,Meganium,dump0304
89922956,/Users/nickzwart/Downloads/03082026/89922956.json,213tubo,0,1,Meganium,0.579,361,Meganium,dump0304
90043325,/Users/nickzwart/Downloads/03082026/90043325.json,Articuno0144,0,1,Alakazam,0.476,124,Meganium,dump0304
90001455,/Users/nickzwart/Downloads/03082026/90001455.json,Majkel1337,0,1,Grimmsnarl,0.647,662,Meganium,dump0304
89949389,/Users/nickzwart/Downloads/03082026/89949389.json,Nghia Tran,0,1,Cynthia-Garchomp,0.62,71,Meganium,dump0304
89883654,/Users/nickzwart/Downloads/03082026/89883654.json,me and the lads,1,1,Alakazam,0.338,74,Meganium,dump0304
90018361,/Users/nickzwart/Downloads/03082026/90018361.json,keidroid,1,1,Grimmsnarl,0.489,178,Meganium,dump0304
89842561,/Users/nickzwart/Downloads/03082026/89842561.json,tonakaiiii,1,1,Grimmsnarl,0.556,142,Meganium,dump0304
89909201,/Users/nickzwart/Downloads/03082026/89909201.json,213tubo,1,1,Grimmsnarl,0.579,361,Meganium,dump0304
89939033,/Users/nickzwart/Downloads/03082026/89939033.json,me and the lads,0,1,Grimmsnarl,0.338,74,Meganium,dump0304
90022362,/Users/nickzwart/Downloads/03082026/90022362.json,keidroid,0,1,Grimmsnarl,0.489,178,Meganium,dump0304
89978315,/Users/nickzwart/Downloads/03082026/89978315.json,タニシ,1,1,Cynthia-Garchomp,0.458,48,Meganium,dump0304
89980988,/Users/nickzwart/Downloads/03082026/89980988.json,Articuno0144,0,1,Grimmsnarl,0.476,124,Meganium,dump0304
89898604,/Users/nickzwart/Downloads/03082026/89898604.json,213tubo,0,1,Meganium,0.579,361,Meganium,dump0304
89914805,/Users/nickzwart/Downloads/03082026/89914805.json,SoichiOzaki,1,1,Grimmsnarl,0.518,56,Meganium,dump0304
89891560,/Users/nickzwart/Downloads/03082026/89891560.json,tw_shin,0,1,Grimmsnarl,0.579,95,Meganium,dump0304
89914106,/Users/nickzwart/Downloads/03082026/89914106.json,SoichiOzaki,1,1,Grimmsnarl,0.518,56,Meganium,dump0304
89884762,/Users/nickzwart/Downloads/03082026/89884762.json,SoichiOzaki,1,1,Grimmsnarl,0.518,56,Meganium,dump0304
90021539,/Users/nickzwart/Downloads/03082026/90021539.json,tonakaiiii,0,1,Cynthia-Garchomp,0.556,142,Meganium,dump0304
89990414,/Users/nickzwart/Downloads/03082026/89990414.json,SQUIRTLE (prime),0,1,Meganium,0.4,10,Meganium,dump0304
89996939,/Users/nickzwart/Downloads/03082026/89996939.json,insuperabilehart,0,1,Grimmsnarl,0.562,194,Meganium,dump0304
89917287,/Users/nickzwart/Downloads/03082026/89917287.json,タニシ,1,1,Meganium,0.458,48,Meganium,dump0304
89832881,/Users/nickzwart/Downloads/03082026/89832881.json,tw_shin,1,1,Grimmsnarl,0.579,95,Meganium,dump0304
90010399,/Users/nickzwart/Downloads/03082026/90010399.json,poppy457,1,1,Grimmsnarl,0.492,59,Meganium,dump0304
89903801,/Users/nickzwart/Downloads/03082026/89903801.json,タニシ,1,1,Meganium,0.458,48,Meganium,dump0304
90022342,/Users/nickzwart/Downloads/03082026/90022342.json,tonakaiiii,0,1,Meganium,0.556,142,Meganium,dump0304
89920361,/Users/nickzwart/Downloads/03082026/89920361.json,SoichiOzaki,0,1,Dragapult,0.518,56,Meganium,dump0304
89894959,/Users/nickzwart/Downloads/03082026/89894959.json,Majkel1337,0,1,Grimmsnarl,0.647,662,Meganium,dump0304
90034280,/Users/nickzwart/Downloads/03082026/90034280.json,Petit Canard,0,1,Grimmsnarl,0.556,9,Meganium,dump0304
90037228,/Users/nickzwart/Downloads/03082026/90037228.json,tw_shin,0,1,Cynthia-Garchomp,0.579,95,Meganium,dump0304
90009395,/Users/nickzwart/Downloads/03082026/90009395.json,Articuno0144,1,1,Cynthia-Garchomp,0.476,124,Meganium,dump0304
90025700,/Users/nickzwart/Downloads/03082026/90025700.json,llkarill,0,1,Grimmsnarl,0.524,105,Meganium,dump0304
89877475,/Users/nickzwart/Downloads/03082026/89877475.json,SoichiOzaki,1,1,Grimmsnarl,0.518,56,Meganium,dump0304
89949350,/Users/nickzwart/Downloads/03082026/89949350.json,llkarill,0,1,Grimmsnarl,0.524,105,Meganium,dump0304
89835942,/Users/nickzwart/Downloads/03082026/89835942.json,Tatsuya Kayama,1,1,Grimmsnarl,0.485,68,Meganium,dump0304
89895237,/Users/nickzwart/Downloads/03082026/89895237.json,keidroid,0,1,Grimmsnarl,0.489,178,Meganium,dump0304
89984744,/Users/nickzwart/Downloads/03082026/89984744.json,Majkel1337,0,1,Grimmsnarl,0.647,662,Meganium,dump0304
89993081,/Users/nickzwart/Downloads/03082026/89993081.json,tw_shin,1,1,Grimmsnarl,0.579,95,Meganium,dump0304
90019706,/Users/nickzwart/Downloads/03082026/90019706.json,Majkel1337,0,1,Grimmsnarl,0.647,662,Meganium,dump0304
89916697,/Users/nickzwart/Downloads/03082026/89916697.json,llkarill,0,1,Grimmsnarl,0.524,105,Meganium,dump0304
89992628,/Users/nickzwart/Downloads/03082026/89992628.json,keidroid,1,1,Grimmsnarl,0.489,178,Meganium,dump0304
89868743,/Users/nickzwart/Downloads/03082026/89868743.json,tonakaiiii,0,1,Grimmsnarl,0.556,142,Meganium,dump0304
89965356,/Users/nickzwart/Downloads/03082026/89965356.json,insuperabilehart,1,1,Meganium,0.562,194,Meganium,dump0304
89877766,/Users/nickzwart/Downloads/03082026/89877766.json,MissingNo.,0,1,Alakazam,0.574,263,Meganium,dump0304
90030538,/Users/nickzwart/Downloads/03082026/90030538.json,tw_shin,0,1,Meganium,0.579,95,Meganium,dump0304
89834611,/Users/nickzwart/Downloads/03082026/89834611.json,MissingNo.,0,1,Grimmsnarl,0.574,263,Meganium,dump0304
90022293,/Users/nickzwart/Downloads/03082026/90022293.json,insuperabilehart,0,1,Meganium,0.562,194,Meganium,dump0304
89998399,/Users/nickzwart/Downloads/03082026/89998399.json,Battle Data Base,0,1,Alakazam,0.522,23,Meganium,dump0304
90017098,/Users/nickzwart/Downloads/03082026/90017098.json,keidroid,0,1,Grimmsnarl,0.489,178,Meganium,dump0304
89997129,/Users/nickzwart/Downloads/03082026/89997129.json,SoichiOzaki,1,1,Grimmsnarl,0.518,56,Meganium,dump0304
89824095,/Users/nickzwart/Downloads/03082026/89824095.json,Nghia Tran,1,1,Grimmsnarl,0.62,71,Meganium,dump0304
90021112,/Users/nickzwart/Downloads/03082026/90021112.json,tw_shin,1,1,Dipplin,0.579,95,Meganium,dump0304
89878217,/Users/nickzwart/Downloads/03082026/89878217.json,Rmy,1,1,Grimmsnarl,0.42,69,Meganium,dump0304
89875425,/Users/nickzwart/Downloads/03082026/89875425.json,Ketchum Alt,0,1,Grimmsnarl,0.574,47,Meganium,dump0304
89691243,/Users/nickzwart/Downloads/04082026/89691243.json,Jie Orkarin,1,1,Grimmsnarl,0.526,19,Meganium,dump0304
89619908,/Users/nickzwart/Downloads/04082026/89619908.json,MissingNo.,1,1,Grimmsnarl,0.574,263,Meganium,dump0304
89814725,/Users/nickzwart/Downloads/04082026/89814725.json,keidroid,0,1,Dudunsparce,0.489,178,Meganium,dump0304
89785565,/Users/nickzwart/Downloads/04082026/89785565.json,KouFu,1,1,Grimmsnarl,0.52,50,Meganium,dump0304
89656763,/Users/nickzwart/Downloads/04082026/89656763.json,tonakaiiii,1,1,Grimmsnarl,0.556,142,Meganium,dump0304
89778416,/Users/nickzwart/Downloads/04082026/89778416.json,Tatsuya Kayama,0,1,Alakazam,0.485,68,Meganium,dump0304
89729049,/Users/nickzwart/Downloads/04082026/89729049.json,KouFu,1,1,Grimmsnarl,0.52,50,Meganium,dump0304
89787688,/Users/nickzwart/Downloads/04082026/89787688.json,keidroid,0,1,Meganium,0.489,178,Meganium,dump0304
89692584,/Users/nickzwart/Downloads/04082026/89692584.json,keidroid,1,1,Grimmsnarl,0.489,178,Meganium,dump0304
89727104,/Users/nickzwart/Downloads/04082026/89727104.json,tonakaiiii,0,1,Archaludon,0.556,142,Meganium,dump0304
89816077,/Users/nickzwart/Downloads/04082026/89816077.json,Ketchum Alt,1,1,Grimmsnarl,0.574,47,Meganium,dump0304
89804271,/Users/nickzwart/Downloads/04082026/89804271.json,Majkel1337,1,1,Dudunsparce,0.647,662,Meganium,dump0304
89639385,/Users/nickzwart/Downloads/04082026/89639385.json,Rmy,0,1,Grimmsnarl,0.42,69,Meganium,dump0304
89691804,/Users/nickzwart/Downloads/04082026/89691804.json,Jie Orkarin,0,1,Grimmsnarl,0.526,19,Meganium,dump0304
89618335,/Users/nickzwart/Downloads/04082026/89618335.json,keidroid,1,1,Grimmsnarl,0.489,178,Meganium,dump0304
89678826,/Users/nickzwart/Downloads/04082026/89678826.json,Articuno0144,1,1,Grimmsnarl,0.476,124,Meganium,dump0304
89629346,/Users/nickzwart/Downloads/04082026/89629346.json,MissingNo.,0,1,Grimmsnarl,0.574,263,Meganium,dump0304
89618948,/Users/nickzwart/Downloads/04082026/89618948.json,Majkel1337,0,1,Grimmsnarl,0.647,662,Meganium,dump0304
89630464,/Users/nickzwart/Downloads/04082026/89630464.json,MissingNo.,0,1,Dudunsparce,0.574,263,Meganium,dump0304
89699464,/Users/nickzwart/Downloads/04082026/89699464.json,Tatsuya Kayama,1,1,Grimmsnarl,0.485,68,Meganium,dump0304
89670368,/Users/nickzwart/Downloads/04082026/89670368.json,tonakaiiii,0,1,Grimmsnarl,0.556,142,Meganium,dump0304
89642844,/Users/nickzwart/Downloads/04082026/89642844.json,Tatsuya Kayama,0,1,Meganium,0.485,68,Meganium,dump0304
89801985,/Users/nickzwart/Downloads/04082026/89801985.json,Majkel1337,1,1,Alakazam,0.647,662,Meganium,dump0304
89672230,/Users/nickzwart/Downloads/04082026/89672230.json,Majkel1337,0,1,Alakazam,0.647,662,Meganium,dump0304
89764985,/Users/nickzwart/Downloads/04082026/89764985.json,Rmy,1,1,Grimmsnarl,0.42,69,Meganium,dump0304
89785569,/Users/nickzwart/Downloads/04082026/89785569.json,Ketchum Alt,1,1,M-Kangaskhan,0.574,47,Meganium,dump0304
89815354,/Users/nickzwart/Downloads/04082026/89815354.json,SoichiOzaki,1,1,Grimmsnarl,0.518,56,Meganium,dump0304
89615531,/Users/nickzwart/Downloads/04082026/89615531.json,Majkel1337,1,1,Grimmsnarl,0.647,662,Meganium,dump0304
89726133,/Users/nickzwart/Downloads/04082026/89726133.json,MissingNo.,1,1,Dragapult,0.574,263,Meganium,dump0304
89783501,/Users/nickzwart/Downloads/04082026/89783501.json,Ketchum Alt,0,1,Grimmsnarl,0.574,47,Meganium,dump0304
89747066,/Users/nickzwart/Downloads/04082026/89747066.json,Jose Coronel,0,1,Grimmsnarl,0.536,69,Meganium,dump0304
89754867,/Users/nickzwart/Downloads/04082026/89754867.json,cm391,1,1,Grimmsnarl,0.574,61,Meganium,dump0304
89780053,/Users/nickzwart/Downloads/04082026/89780053.json,llkarill,0,1,Grimmsnarl,0.524,105,Meganium,dump0304
89756821,/Users/nickzwart/Downloads/04082026/89756821.json,SoichiOzaki,0,1,Dragapult,0.518,56,Meganium,dump0304
89787997,/Users/nickzwart/Downloads/04082026/89787997.json,keidroid,0,1,Meganium,0.489,178,Meganium,dump0304
89797539,/Users/nickzwart/Downloads/04082026/89797539.json,Ketchum Alt,1,1,Grimmsnarl,0.574,47,Meganium,dump0304
89713085,/Users/nickzwart/Downloads/04082026/89713085.json,tw_shin,0,1,Dudunsparce,0.579,95,Meganium,dump0304
89753361,/Users/nickzwart/Downloads/04082026/89753361.json,MissingNo.,0,1,Grimmsnarl,0.574,263,Meganium,dump0304
89704255,/Users/nickzwart/Downloads/04082026/89704255.json,Tatsuya Kayama,1,1,Grimmsnarl,0.485,68,Meganium,dump0304
89622286,/Users/nickzwart/Downloads/04082026/89622286.json,Yan,0,1,Cynthia-Garchomp,0.5,62,Meganium,dump0304
89644545,/Users/nickzwart/Downloads/04082026/89644545.json,Jose Coronel,1,1,Cynthia-Garchomp,0.536,69,Meganium,dump0304
89650697,/Users/nickzwart/Downloads/04082026/89650697.json,Jose Coronel,0,1,Grimmsnarl,0.536,69,Meganium,dump0304
89797082,/Users/nickzwart/Downloads/04082026/89797082.json,MissingNo.,0,1,Grimmsnarl,0.574,263,Meganium,dump0304
89638326,/Users/nickzwart/Downloads/04082026/89638326.json,Iliamna,0,1,Meganium,0.559,59,Meganium,dump0304
89790481,/Users/nickzwart/Downloads/04082026/89790481.json,KouFu,0,1,Spidops,0.52,50,Meganium,dump0304
89692360,/Users/nickzwart/Downloads/04082026/89692360.json,Rmy,1,1,Grimmsnarl,0.42,69,Meganium,dump0304
89729654,/Users/nickzwart/Downloads/04082026/89729654.json,서주영,0,1,Dudunsparce,0.47,66,Meganium,dump0304
89677789,/Users/nickzwart/Downloads/04082026/89677789.json,Jose Coronel,0,1,Grimmsnarl,0.536,69,Meganium,dump0304
89795728,/Users/nickzwart/Downloads/04082026/89795728.json,Ketchum Alt,1,1,M-Kangaskhan,0.574,47,Meganium,dump0304
89811013,/Users/nickzwart/Downloads/04082026/89811013.json,Majkel1337,0,1,Dragapult,0.647,662,Meganium,dump0304
89668305,/Users/nickzwart/Downloads/04082026/89668305.json,Jose Coronel,1,1,Grimmsnarl,0.536,69,Meganium,dump0304
89646257,/Users/nickzwart/Downloads/04082026/89646257.json,Jose Coronel,1,1,Dudunsparce,0.536,69,Meganium,dump0304
89685108,/Users/nickzwart/Downloads/04082026/89685108.json,Articuno0144,0,1,Meganium,0.476,124,Meganium,dump0304
89806781,/Users/nickzwart/Downloads/04082026/89806781.json,keidroid,0,1,Grimmsnarl,0.489,178,Meganium,dump0304
89802541,/Users/nickzwart/Downloads/04082026/89802541.json,keidroid,1,1,Grimmsnarl,0.489,178,Meganium,dump0304
89670277,/Users/nickzwart/Downloads/04082026/89670277.json,Articuno0144,0,1,M-Kangaskhan,0.476,124,Meganium,dump0304
89756748,/Users/nickzwart/Downloads/04082026/89756748.json,서주영,0,1,Grimmsnarl,0.47,66,Meganium,dump0304
89628389,/Users/nickzwart/Downloads/04082026/89628389.json,Jose Coronel,0,1,Alakazam,0.536,69,Meganium,dump0304
89806810,/Users/nickzwart/Downloads/04082026/89806810.json,Ketchum Alt,1,1,Spidops,0.574,47,Meganium,dump0304
89810497,/Users/nickzwart/Downloads/04082026/89810497.json,Majkel1337,1,1,Spidops,0.647,662,Meganium,dump0304
89681673,/Users/nickzwart/Downloads/04082026/89681673.json,Jose Coronel,1,1,Grimmsnarl,0.536,69,Meganium,dump0304
89678256,/Users/nickzwart/Downloads/04082026/89678256.json,Rmy,0,1,Meganium,0.42,69,Meganium,dump0304
89683009,/Users/nickzwart/Downloads/04082026/89683009.json,Tatsuya Kayama,1,1,Meganium,0.485,68,Meganium,dump0304
89684689,/Users/nickzwart/Downloads/04082026/89684689.json,Yan,0,1,Dragapult,0.5,62,Meganium,dump0304
89626587,/Users/nickzwart/Downloads/04082026/89626587.json,MissingNo.,1,1,Alakazam,0.574,263,Meganium,dump0304
89616074,/Users/nickzwart/Downloads/04082026/89616074.json,Majkel1337,0,1,Grimmsnarl,0.647,662,Meganium,dump0304
89812255,/Users/nickzwart/Downloads/04082026/89812255.json,Majkel1337,0,1,Grimmsnarl,0.647,662,Meganium,dump0304
89637912,/Users/nickzwart/Downloads/04082026/89637912.json,MissingNo.,1,1,Grimmsnarl,0.574,263,Meganium,dump0304
89710779,/Users/nickzwart/Downloads/04082026/89710779.json,Jose Coronel,1,1,Alakazam,0.536,69,Meganium,dump0304
89614376,/Users/nickzwart/Downloads/04082026/89614376.json,Rmy,1,1,Meganium,0.42,69,Meganium,dump0304
89702764,/Users/nickzwart/Downloads/04082026/89702764.json,tonakaiiii,0,1,Cynthia-Garchomp,0.556,142,Meganium,dump0304
89677910,/Users/nickzwart/Downloads/04082026/89677910.json,Majkel1337,1,1,Cynthia-Garchomp,0.647,662,Meganium,dump0304
89690756,/Users/nickzwart/Downloads/04082026/89690756.json,tonakaiiii,0,1,Cynthia-Garchomp,0.556,142,Meganium,dump0304
89759018,/Users/nickzwart/Downloads/04082026/89759018.json,cm391,0,1,Grimmsnarl,0.574,61,Meganium,dump0304
89786775,/Users/nickzwart/Downloads/04082026/89786775.json,Majkel1337,0,1,Dipplin,0.647,662,Meganium,dump0304
89794524,/Users/nickzwart/Downloads/04082026/89794524.json,Ketchum Alt,1,1,Grimmsnarl,0.574,47,Meganium,dump0304
89647372,/Users/nickzwart/Downloads/04082026/89647372.json,Jose Coronel,0,1,Grimmsnarl,0.536,69,Meganium,dump0304
89773631,/Users/nickzwart/Downloads/04082026/89773631.json,tonakaiiii,1,1,Meganium,0.556,142,Meganium,dump0304
89619460,/Users/nickzwart/Downloads/04082026/89619460.json,keidroid,0,1,Grimmsnarl,0.489,178,Meganium,dump0304
89775423,/Users/nickzwart/Downloads/04082026/89775423.json,서주영,0,1,Grimmsnarl,0.47,66,Meganium,dump0304
89633273,/Users/nickzwart/Downloads/04082026/89633273.json,MissingNo.,0,1,Grimmsnarl,0.574,263,Meganium,dump0304
89803673,/Users/nickzwart/Downloads/04082026/89803673.json,keidroid,1,1,Grimmsnarl,0.489,178,Meganium,dump0304
89737017,/Users/nickzwart/Downloads/04082026/89737017.json,Tatsuya Kayama,0,1,Grimmsnarl,0.485,68,Meganium,dump0304
89737781,/Users/nickzwart/Downloads/04082026/89737781.json,keidroid,1,1,Cynthia-Garchomp,0.489,178,Meganium,dump0304
89756046,/Users/nickzwart/Downloads/04082026/89756046.json,cm391,1,1,Meganium,0.574,61,Meganium,dump0304
89751916,/Users/nickzwart/Downloads/04082026/89751916.json,cm391,1,1,Grimmsnarl,0.574,61,Meganium,dump0304
89728423,/Users/nickzwart/Downloads/04082026/89728423.json,Majkel1337,0,1,Grimmsnarl,0.647,662,Meganium,dump0304
89646332,/Users/nickzwart/Downloads/04082026/89646332.json,MissingNo.,0,1,Dudunsparce,0.574,263,Meganium,dump0304
89750757,/Users/nickzwart/Downloads/04082026/89750757.json,tonakaiiii,0,1,Cynthia-Garchomp,0.556,142,Meganium,dump0304
89724787,/Users/nickzwart/Downloads/04082026/89724787.json,tonakaiiii,0,1,Archaludon,0.556,142,Meganium,dump0304
89682252,/Users/nickzwart/Downloads/04082026/89682252.json,Articuno0144,0,1,Alakazam,0.476,124,Meganium,dump0304
89672840,/Users/nickzwart/Downloads/04082026/89672840.json,tw_shin,1,1,Spidops,0.579,95,Meganium,dump0304
89651917,/Users/nickzwart/Downloads/04082026/89651917.json,Rmy,1,1,Grimmsnarl,0.42,69,Meganium,dump0304
89766455,/Users/nickzwart/Downloads/04082026/89766455.json,llkarill,0,1,Grimmsnarl,0.524,105,Meganium,dump0304
89747888,/Users/nickzwart/Downloads/04082026/89747888.json,cm391,0,1,Grimmsnarl,0.574,61,Meganium,dump0304
89786178,/Users/nickzwart/Downloads/04082026/89786178.json,cm391,1,1,Grimmsnarl,0.574,61,Meganium,dump0304
89616659,/Users/nickzwart/Downloads/04082026/89616659.json,Majkel1337,1,1,Alakazam,0.647,662,Meganium,dump0304
89675459,/Users/nickzwart/Downloads/04082026/89675459.json,Articuno0144,0,1,Grimmsnarl,0.476,124,Meganium,dump0304
89809721,/Users/nickzwart/Downloads/04082026/89809721.json,Yan,1,1,Meganium,0.5,62,Meganium,dump0304
89615537,/Users/nickzwart/Downloads/04082026/89615537.json,Majkel1337,1,1,Dudunsparce,0.647,662,Meganium,dump0304
89631592,/Users/nickzwart/Downloads/04082026/89631592.json,MissingNo.,1,1,Grimmsnarl,0.574,263,Meganium,dump0304
89691422,/Users/nickzwart/Downloads/04082026/89691422.json,keidroid,0,1,Meganium,0.489,178,Meganium,dump0304
89790444,/Users/nickzwart/Downloads/04082026/89790444.json,Tatsuya Kayama,0,1,Grimmsnarl,0.485,68,Meganium,dump0304
89620403,/Users/nickzwart/Downloads/04082026/89620403.json,tonakaiiii,0,1,Grimmsnarl,0.556,142,Meganium,dump0304
89793507,/Users/nickzwart/Downloads/04082026/89793507.json,tonakaiiii,1,1,Dudunsparce,0.556,142,Meganium,dump0304
89700380,/Users/nickzwart/Downloads/04082026/89700380.json,Jie Orkarin,1,1,Alakazam,0.526,19,Meganium,dump0304
89622107,/Users/nickzwart/Downloads/04082026/89622107.json,MissingNo.,0,1,Grimmsnarl,0.574,263,Meganium,dump0304
89668251,/Users/nickzwart/Downloads/04082026/89668251.json,keidroid,0,1,Grimmsnarl,0.489,178,Meganium,dump0304
89681224,/Users/nickzwart/Downloads/04082026/89681224.json,Rmy,1,1,Grimmsnarl,0.42,69,Meganium,dump0304
89817139,/Users/nickzwart/Downloads/04082026/89817139.json,tonakaiiii,1,1,Dragapult,0.556,142,Meganium,dump0304
89702738,/Users/nickzwart/Downloads/04082026/89702738.json,Majkel1337,0,1,Grimmsnarl,0.647,662,Meganium,dump0304
89614977,/Users/nickzwart/Downloads/04082026/89614977.json,Majkel1337,1,1,Grimmsnarl,0.647,662,Meganium,dump0304
89818327,/Users/nickzwart/Downloads/04082026/89818327.json,Articuno0144,1,1,Dudunsparce,0.476,124,Meganium,dump0304
89814095,/Users/nickzwart/Downloads/04082026/89814095.json,keidroid,0,1,Grimmsnarl,0.489,178,Meganium,dump0304
89620985,/Users/nickzwart/Downloads/04082026/89620985.json,MissingNo.,0,1,Grimmsnarl,0.574,263,Meganium,dump0304
89791500,/Users/nickzwart/Downloads/04082026/89791500.json,keidroid,1,1,Grimmsnarl,0.489,178,Meganium,dump0304
89722859,/Users/nickzwart/Downloads/04082026/89722859.json,Articuno0144,0,1,Grimmsnarl,0.476,124,Meganium,dump0304
89686261,/Users/nickzwart/Downloads/04082026/89686261.json,Articuno0144,0,1,Grimmsnarl,0.476,124,Meganium,dump0304
89620622,/Users/nickzwart/Downloads/04082026/89620622.json,keidroid,0,1,Grimmsnarl,0.489,178,Meganium,dump0304
89718179,/Users/nickzwart/Downloads/04082026/89718179.json,Majkel1337,1,1,Dudunsparce,0.647,662,Meganium,dump0304
89743828,/Users/nickzwart/Downloads/04082026/89743828.json,MissingNo.,0,1,Grimmsnarl,0.574,263,Meganium,dump0304
89775330,/Users/nickzwart/Downloads/04082026/89775330.json,llkarill,1,1,Dragapult,0.524,105,Meganium,dump0304
89688033,/Users/nickzwart/Downloads/04082026/89688033.json,Yan,0,1,Grimmsnarl,0.5,62,Meganium,dump0304
89618165,/Users/nickzwart/Downloads/04082026/89618165.json,MissingNo.,0,1,Grimmsnarl,0.574,263,Meganium,dump0304
89817733,/Users/nickzwart/Downloads/04082026/89817733.json,keidroid,1,1,Grimmsnarl,0.489,178,Meganium,dump0304
89778410,/Users/nickzwart/Downloads/04082026/89778410.json,Articuno0144,0,1,M-Kangaskhan,0.476,124,Meganium,dump0304
89674481,/Users/nickzwart/Downloads/04082026/89674481.json,Jose Coronel,1,1,Grimmsnarl,0.536,69,Meganium,dump0304
89668621,/Users/nickzwart/Downloads/04082026/89668621.json,Majkel1337,0,1,Grimmsnarl,0.647,662,Meganium,dump0304
89667491,/Users/nickzwart/Downloads/04082026/89667491.json,tonakaiiii,0,1,Grimmsnarl,0.556,142,Meganium,dump0304
89613768,/Users/nickzwart/Downloads/04082026/89613768.json,Majkel1337,0,1,Cynthia-Garchomp,0.647,662,Meganium,dump0304
89782658,/Users/nickzwart/Downloads/04082026/89782658.json,cm391,0,1,Grimmsnarl,0.574,61,Meganium,dump0304
89793419,/Users/nickzwart/Downloads/04082026/89793419.json,Ketchum Alt,0,1,Dragapult,0.574,47,Meganium,dump0304
89766208,/Users/nickzwart/Downloads/04082026/89766208.json,Articuno0144,0,1,M-Kangaskhan,0.476,124,Meganium,dump0304
89814719,/Users/nickzwart/Downloads/04082026/89814719.json,keidroid,1,1,Cynthia-Garchomp,0.489,178,Meganium,dump0304
89718051,/Users/nickzwart/Downloads/04082026/89718051.json,서주영,0,1,Alakazam,0.47,66,Meganium,dump0304
89719210,/Users/nickzwart/Downloads/04082026/89719210.json,서주영,0,1,Cynthia-Garchomp,0.47,66,Meganium,dump0304
89752491,/Users/nickzwart/Downloads/04082026/89752491.json,cm391,0,1,Grimmsnarl,0.574,61,Meganium,dump0304
89630073,/Users/nickzwart/Downloads/04082026/89630073.json,Jose Coronel,1,1,Grimmsnarl,0.536,69,Meganium,dump0304
89624460,/Users/nickzwart/Downloads/04082026/89624460.json,Tatsuya Kayama,1,1,Grimmsnarl,0.485,68,Meganium,dump0304
89628802,/Users/nickzwart/Downloads/04082026/89628802.json,MissingNo.,1,1,Dragapult,0.574,263,Meganium,dump0304
89685683,/Users/nickzwart/Downloads/04082026/89685683.json,Articuno0144,0,1,Grimmsnarl,0.476,124,Meganium,dump0304
89804871,/Users/nickzwart/Downloads/04082026/89804871.json,keidroid,1,1,M-Kangaskhan,0.489,178,Meganium,dump0304
89818444,/Users/nickzwart/Downloads/04082026/89818444.json,KouFu,1,1,Grimmsnarl,0.52,50,Meganium,dump0304
89613744,/Users/nickzwart/Downloads/04082026/89613744.json,keidroid,0,1,Dragapult,0.489,178,Meganium,dump0304
89797163,/Users/nickzwart/Downloads/04082026/89797163.json,Iain and David,1,1,Meganium,0.091,11,Meganium,dump0304
89616679,/Users/nickzwart/Downloads/04082026/89616679.json,Majkel1337,1,1,Grimmsnarl,0.647,662,Meganium,dump0304
89803137,/Users/nickzwart/Downloads/04082026/89803137.json,Ketchum Alt,1,1,Alakazam,0.574,47,Meganium,dump0304
89700498,/Users/nickzwart/Downloads/04082026/89700498.json,Jie Orkarin,1,1,Grimmsnarl,0.526,19,Meganium,dump0304
89615517,/Users/nickzwart/Downloads/04082026/89615517.json,keidroid,0,1,Grimmsnarl,0.489,178,Meganium,dump0304
89705049,/Users/nickzwart/Downloads/04082026/89705049.json,Yan,0,1,Cynthia-Garchomp,0.5,62,Meganium,dump0304
89702627,/Users/nickzwart/Downloads/04082026/89702627.json,Yan,0,1,Dipplin,0.5,62,Meganium,dump0304
89788405,/Users/nickzwart/Downloads/04082026/89788405.json,llkarill,1,1,Cynthia-Garchomp,0.524,105,Meganium,dump0304
89671179,/Users/nickzwart/Downloads/04082026/89671179.json,Yan,0,1,Grimmsnarl,0.5,62,Meganium,dump0304
89618723,/Users/nickzwart/Downloads/04082026/89618723.json,MissingNo.,0,1,Meganium,0.574,263,Meganium,dump0304
89789039,/Users/nickzwart/Downloads/04082026/89789039.json,llkarill,1,1,Spidops,0.524,105,Meganium,dump0304
89801371,/Users/nickzwart/Downloads/04082026/89801371.json,Majkel1337,0,1,Grimmsnarl,0.647,662,Meganium,dump0304
89627133,/Users/nickzwart/Downloads/04082026/89627133.json,MissingNo.,1,1,Alakazam,0.574,263,Meganium,dump0304
89727251,/Users/nickzwart/Downloads/04082026/89727251.json,tonakaiiii,0,1,Grimmsnarl,0.556,142,Meganium,dump0304
89678749,/Users/nickzwart/Downloads/04082026/89678749.json,Articuno0144,1,1,Grimmsnarl,0.476,124,Meganium,dump0304
89638291,/Users/nickzwart/Downloads/04082026/89638291.json,MissingNo.,0,1,Grimmsnarl,0.574,263,Meganium,dump0304
89756200,/Users/nickzwart/Downloads/04082026/89756200.json,keidroid,0,1,M-Kangaskhan,0.489,178,Meganium,dump0304
89798741,/Users/nickzwart/Downloads/04082026/89798741.json,Ketchum Alt,0,1,Grimmsnarl,0.574,47,Meganium,dump0304
89616091,/Users/nickzwart/Downloads/04082026/89616091.json,Tatsuya Kayama,0,1,Dudunsparce,0.485,68,Meganium,dump0304
89613769,/Users/nickzwart/Downloads/04082026/89613769.json,Rmy,0,1,Grimmsnarl,0.42,69,Meganium,dump0304
89800059,/Users/nickzwart/Downloads/04082026/89800059.json,keidroid,0,1,Dragapult,0.489,178,Meganium,dump0304
89807909,/Users/nickzwart/Downloads/04082026/89807909.json,KouFu,1,1,Meganium,0.52,50,Meganium,dump0304
89686344,/Users/nickzwart/Downloads/04082026/89686344.json,Articuno0144,0,1,Grimmsnarl,0.476,124,Meganium,dump0304
89818310,/Users/nickzwart/Downloads/04082026/89818310.json,keidroid,1,1,Dipplin,0.489,178,Meganium,dump0304
89729633,/Users/nickzwart/Downloads/04082026/89729633.json,KouFu,0,1,Meganium,0.52,50,Meganium,dump0304
89812930,/Users/nickzwart/Downloads/04082026/89812930.json,cm391,1,1,M-Kangaskhan,0.574,61,Meganium,dump0304
89630398,/Users/nickzwart/Downloads/04082026/89630398.json,Jose Coronel,0,1,Grimmsnarl,0.536,69,Meganium,dump0304
89815430,/Users/nickzwart/Downloads/04082026/89815430.json,Articuno0144,0,1,Meganium,0.476,124,Meganium,dump0304
89792177,/Users/nickzwart/Downloads/04082026/89792177.json,Rmy,0,1,Dragapult,0.42,69,Meganium,dump0304
89801920,/Users/nickzwart/Downloads/04082026/89801920.json,keidroid,1,1,M-Kangaskhan,0.489,178,Meganium,dump0304
89660656,/Users/nickzwart/Downloads/04082026/89660656.json,keidroid,1,1,Dudunsparce,0.489,178,Meganium,dump0304
89758418,/Users/nickzwart/Downloads/04082026/89758418.json,cm391,0,1,Spidops,0.574,61,Meganium,dump0304
89744084,/Users/nickzwart/Downloads/04082026/89744084.json,tw_shin,0,1,Grimmsnarl,0.579,95,Meganium,dump0304
89768387,/Users/nickzwart/Downloads/04082026/89768387.json,cm391,1,1,Grimmsnarl,0.574,61,Meganium,dump0304
89616087,/Users/nickzwart/Downloads/04082026/89616087.json,Majkel1337,0,1,Dragapult,0.647,662,Meganium,dump0304
89675403,/Users/nickzwart/Downloads/04082026/89675403.json,Articuno0144,0,1,Grimmsnarl,0.476,124,Meganium,dump0304
89715176,/Users/nickzwart/Downloads/04082026/89715176.json,서주영,1,1,Grimmsnarl,0.47,66,Meganium,dump0304
89742384,/Users/nickzwart/Downloads/04082026/89742384.json,tw_shin,1,1,Dudunsparce,0.579,95,Meganium,dump0304
89769484,/Users/nickzwart/Downloads/04082026/89769484.json,llkarill,1,1,Grimmsnarl,0.524,105,Meganium,dump0304
89787206,/Users/nickzwart/Downloads/04082026/89787206.json,llkarill,1,1,Dragapult,0.524,105,Meganium,dump0304
89637892,/Users/nickzwart/Downloads/04082026/89637892.json,keidroid,0,1,Grimmsnarl,0.489,178,Meganium,dump0304
89812843,/Users/nickzwart/Downloads/04082026/89812843.json,keidroid,0,1,Grimmsnarl,0.489,178,Meganium,dump0304
89765468,/Users/nickzwart/Downloads/04082026/89765468.json,cm391,0,1,Cynthia-Garchomp,0.574,61,Meganium,dump0304
89649720,/Users/nickzwart/Downloads/04082026/89649720.json,Tatsuya Kayama,0,1,Grimmsnarl,0.485,68,Meganium,dump0304
89655703,/Users/nickzwart/Downloads/04082026/89655703.json,tw_shin,1,1,M-Kangaskhan,0.579,95,Meganium,dump0304
89679396,/Users/nickzwart/Downloads/04082026/89679396.json,Articuno0144,1,1,Grimmsnarl,0.476,124,Meganium,dump0304
89614976,/Users/nickzwart/Downloads/04082026/89614976.json,Tatsuya Kayama,1,1,Grimmsnarl,0.485,68,Meganium,dump0304
89775583,/Users/nickzwart/Downloads/04082026/89775583.json,Jose Coronel,0,1,Dudunsparce,0.536,69,Meganium,dump0304
89694861,/Users/nickzwart/Downloads/04082026/89694861.json,tonakaiiii,0,1,Meganium,0.556,142,Meganium,dump0304
89795411,/Users/nickzwart/Downloads/04082026/89795411.json,cm391,0,1,Grimmsnarl,0.574,61,Meganium,dump0304
89781844,/Users/nickzwart/Downloads/04082026/89781844.json,llkarill,1,1,Cynthia-Garchomp,0.524,105,Meganium,dump0304
89723863,/Users/nickzwart/Downloads/04082026/89723863.json,tonakaiiii,0,1,Grimmsnarl,0.556,142,Meganium,dump0304
89679969,/Users/nickzwart/Downloads/04082026/89679969.json,Articuno0144,0,1,Grimmsnarl,0.476,124,Meganium,dump0304
89681120,/Users/nickzwart/Downloads/04082026/89681120.json,Articuno0144,0,1,Meganium,0.476,124,Meganium,dump0304
89811039,/Users/nickzwart/Downloads/04082026/89811039.json,llkarill,0,1,Meganium,0.524,105,Meganium,dump0304
89811605,/Users/nickzwart/Downloads/04082026/89811605.json,keidroid,0,1,Dipplin,0.489,178,Meganium,dump0304
89614370,/Users/nickzwart/Downloads/04082026/89614370.json,Tatsuya Kayama,1,1,Grimmsnarl,0.485,68,Meganium,dump0304
89656416,/Users/nickzwart/Downloads/04082026/89656416.json,MissingNo.,1,1,Cynthia-Garchomp,0.574,263,Meganium,dump0304
89616658,/Users/nickzwart/Downloads/04082026/89616658.json,Tatsuya Kayama,1,1,M-Kangaskhan,0.485,68,Meganium,dump0304
89788921,/Users/nickzwart/Downloads/04082026/89788921.json,Ketchum Alt,1,1,Grimmsnarl,0.574,47,Meganium,dump0304
89623795,/Users/nickzwart/Downloads/04082026/89623795.json,MissingNo.,1,1,Grimmsnarl,0.574,263,Meganium,dump0304
89613773,/Users/nickzwart/Downloads/04082026/89613773.json,Tatsuya Kayama,0,1,Dipplin,0.485,68,Meganium,dump0304
89814846,/Users/nickzwart/Downloads/04082026/89814846.json,MissingNo.,0,1,Grimmsnarl,0.574,263,Meganium,dump0304
89786600,/Users/nickzwart/Downloads/04082026/89786600.json,llkarill,1,1,Grimmsnarl,0.524,105,Meganium,dump0304
89805956,/Users/nickzwart/Downloads/04082026/89805956.json,Jose Coronel,0,1,Grimmsnarl,0.536,69,Meganium,dump0304
89786101,/Users/nickzwart/Downloads/04082026/89786101.json,tw_shin,1,1,Meganium,0.579,95,Meganium,dump0304
89689745,/Users/nickzwart/Downloads/04082026/89689745.json,Articuno0144,0,1,Grimmsnarl,0.476,124,Meganium,dump0304
89684527,/Users/nickzwart/Downloads/04082026/89684527.json,Majkel1337,1,1,Meganium,0.647,662,Meganium,dump0304
89770002,/Users/nickzwart/Downloads/04082026/89770002.json,llkarill,0,1,Grimmsnarl,0.524,105,Meganium,dump0304
89623186,/Users/nickzwart/Downloads/04082026/89623186.json,MissingNo.,0,1,Grimmsnarl,0.574,263,Meganium,dump0304
89723122,/Users/nickzwart/Downloads/04082026/89723122.json,Jose Coronel,0,1,Grimmsnarl,0.536,69,Meganium,dump0304
89633240,/Users/nickzwart/Downloads/04082026/89633240.json,Jose Coronel,1,1,Cynthia-Garchomp,0.536,69,Meganium,dump0304
89806638,/Users/nickzwart/Downloads/04082026/89806638.json,Ketchum Alt,1,1,Grimmsnarl,0.574,47,Meganium,dump0304
89718634,/Users/nickzwart/Downloads/04082026/89718634.json,서주영,0,1,Alakazam,0.47,66,Meganium,dump0304
89664362,/Users/nickzwart/Downloads/04082026/89664362.json,Rmy,0,1,Grimmsnarl,0.42,69,Meganium,dump0304
89743518,/Users/nickzwart/Downloads/04082026/89743518.json,tonakaiiii,0,1,Grimmsnarl,0.556,142,Meganium,dump0304
89760782,/Users/nickzwart/Downloads/04082026/89760782.json,cm391,0,1,Grimmsnarl,0.574,61,Meganium,dump0304
89799431,/Users/nickzwart/Downloads/04082026/89799431.json,KouFu,1,1,Meganium,0.52,50,Meganium,dump0304
89792969,/Users/nickzwart/Downloads/04082026/89792969.json,llkarill,0,1,Grimmsnarl,0.524,105,Meganium,dump0304
89811647,/Users/nickzwart/Downloads/04082026/89811647.json,Tatsuya Kayama,1,1,Cynthia-Garchomp,0.485,68,Meganium,dump0304
89704545,/Users/nickzwart/Downloads/04082026/89704545.json,Majkel1337,0,1,Grimmsnarl,0.647,662,Meganium,dump0304
89768234,/Users/nickzwart/Downloads/04082026/89768234.json,llkarill,0,1,Spidops,0.524,105,Meganium,dump0304
89683372,/Users/nickzwart/Downloads/04082026/89683372.json,Articuno0144,1,1,Grimmsnarl,0.476,124,Meganium,dump0304
89815346,/Users/nickzwart/Downloads/04082026/89815346.json,Yan,0,1,Grimmsnarl,0.5,62,Meganium,dump0304
89711897,/Users/nickzwart/Downloads/04082026/89711897.json,Majkel1337,1,1,Grimmsnarl,0.647,662,Meganium,dump0304
89630952,/Users/nickzwart/Downloads/04082026/89630952.json,Jose Coronel,1,1,Dragapult,0.536,69,Meganium,dump0304
89624907,/Users/nickzwart/Downloads/04082026/89624907.json,MissingNo.,1,1,Dipplin,0.574,263,Meganium,dump0304
89690266,/Users/nickzwart/Downloads/04082026/89690266.json,Articuno0144,0,1,M-Kangaskhan,0.476,124,Meganium,dump0304
89814845,/Users/nickzwart/Downloads/04082026/89814845.json,Majkel1337,1,1,Alakazam,0.647,662,Meganium,dump0304
89810488,/Users/nickzwart/Downloads/04082026/89810488.json,keidroid,0,1,Grimmsnarl,0.489,178,Meganium,dump0304
89722695,/Users/nickzwart/Downloads/04082026/89722695.json,서주영,0,1,Alakazam,0.47,66,Meganium,dump0304
89645130,/Users/nickzwart/Downloads/04082026/89645130.json,Yan,0,1,Grimmsnarl,0.5,62,Meganium,dump0304
89818329,/Users/nickzwart/Downloads/04082026/89818329.json,tw_shin,0,1,M-Kangaskhan,0.579,95,Meganium,dump0304
89675969,/Users/nickzwart/Downloads/04082026/89675969.json,Articuno0144,1,1,Grimmsnarl,0.476,124,Meganium,dump0304
89640148,/Users/nickzwart/Downloads/04082026/89640148.json,Tatsuya Kayama,1,1,Grimmsnarl,0.485,68,Meganium,dump0304
89795275,/Users/nickzwart/Downloads/04082026/89795275.json,keidroid,1,1,Meganium,0.489,178,Meganium,dump0304
89655258,/Users/nickzwart/Downloads/04082026/89655258.json,tonakaiiii,1,1,Grimmsnarl,0.556,142,Meganium,dump0304
89803174,/Users/nickzwart/Downloads/04082026/89803174.json,keidroid,1,1,Meganium,0.489,178,Meganium,dump0304
89770599,/Users/nickzwart/Downloads/04082026/89770599.json,llkarill,1,1,Grimmsnarl,0.524,105,Meganium,dump0304
89720368,/Users/nickzwart/Downloads/04082026/89720368.json,Majkel1337,1,1,Meganium,0.647,662,Meganium,dump0304
89816927,/Users/nickzwart/Downloads/04082026/89816927.json,tw_shin,1,1,Crustle,0.579,95,Meganium,dump0304
89785873,/Users/nickzwart/Downloads/04082026/89785873.json,Ketchum Alt,0,1,Grimmsnarl,0.574,47,Meganium,dump0304
89617791,/Users/nickzwart/Downloads/04082026/89617791.json,Majkel1337,0,1,Grimmsnarl,0.647,662,Meganium,dump0304
89753754,/Users/nickzwart/Downloads/04082026/89753754.json,tonakaiiii,0,1,Grimmsnarl,0.556,142,Meganium,dump0304
89680544,/Users/nickzwart/Downloads/04082026/89680544.json,Articuno0144,0,1,Meganium,0.476,124,Meganium,dump0304
89647930,/Users/nickzwart/Downloads/04082026/89647930.json,Jose Coronel,0,1,Grimmsnarl,0.536,69,Meganium,dump0304
89723417,/Users/nickzwart/Downloads/04082026/89723417.json,Yan,1,1,Grimmsnarl,0.5,62,Meganium,dump0304
89628705,/Users/nickzwart/Downloads/04082026/89628705.json,Jose Coronel,0,1,Dragapult,0.536,69,Meganium,dump0304
89687405,/Users/nickzwart/Downloads/04082026/89687405.json,Articuno0144,0,1,Cynthia-Garchomp,0.476,124,Meganium,dump0304
89624233,/Users/nickzwart/Downloads/04082026/89624233.json,MissingNo.,1,1,Meganium,0.574,263,Meganium,dump0304
89681181,/Users/nickzwart/Downloads/04082026/89681181.json,Rmy,0,1,Grimmsnarl,0.42,69,Meganium,dump0304
89640036,/Users/nickzwart/Downloads/04082026/89640036.json,Jose Coronel,0,1,Grimmsnarl,0.536,69,Meganium,dump0304
89638991,/Users/nickzwart/Downloads/04082026/89638991.json,MissingNo.,1,1,M-Kangaskhan,0.574,263,Meganium,dump0304
89707667,/Users/nickzwart/Downloads/04082026/89707667.json,서주영,0,1,Grimmsnarl,0.47,66,Meganium,dump0304
89697453,/Users/nickzwart/Downloads/04082026/89697453.json,Majkel1337,1,1,Grimmsnarl,0.647,662,Meganium,dump0304
89801867,/Users/nickzwart/Downloads/04082026/89801867.json,keidroid,0,1,Grimmsnarl,0.489,178,Meganium,dump0304
89801888,/Users/nickzwart/Downloads/04082026/89801888.json,Majkel1337,1,1,Grimmsnarl,0.647,662,Meganium,dump0304
89617840,/Users/nickzwart/Downloads/04082026/89617840.json,Rmy,1,1,M-Kangaskhan,0.42,69,Meganium,dump0304
89626022,/Users/nickzwart/Downloads/04082026/89626022.json,MissingNo.,0,1,Grimmsnarl,0.574,263,Meganium,dump0304
89709403,/Users/nickzwart/Downloads/04082026/89709403.json,서주영,1,1,Dudunsparce,0.47,66,Meganium,dump0304
89782437,/Users/nickzwart/Downloads/04082026/89782437.json,llkarill,0,1,Cynthia-Garchomp,0.524,105,Meganium,dump0304
89669121,/Users/nickzwart/Downloads/04082026/89669121.json,Articuno0144,0,1,Grimmsnarl,0.476,124,Meganium,dump0304
89818892,/Users/nickzwart/Downloads/04082026/89818892.json,keidroid,1,1,Grimmsnarl,0.489,178,Meganium,dump0304
89794760,/Users/nickzwart/Downloads/04082026/89794760.json,Majkel1337,0,1,Grimmsnarl,0.647,662,Meganium,dump0304
89807264,/Users/nickzwart/Downloads/04082026/89807264.json,keidroid,0,1,Alakazam,0.489,178,Meganium,dump0304
89698289,/Users/nickzwart/Downloads/04082026/89698289.json,Yan,1,1,Grimmsnarl,0.5,62,Meganium,dump0304
89807835,/Users/nickzwart/Downloads/04082026/89807835.json,Ketchum Alt,1,1,Grimmsnarl,0.574,47,Meganium,dump0304
89769668,/Users/nickzwart/Downloads/04082026/89769668.json,tonakaiiii,1,1,Grimmsnarl,0.556,142,Meganium,dump0304
89714533,/Users/nickzwart/Downloads/04082026/89714533.json,서주영,1,1,M-Lucario,0.47,66,Meganium,dump0304
89807862,/Users/nickzwart/Downloads/04082026/89807862.json,Majkel1337,0,1,Grimmsnarl,0.647,662,Meganium,dump0304
89779453,/Users/nickzwart/Downloads/04082026/89779453.json,llkarill,1,1,Grimmsnarl,0.524,105,Meganium,dump0304
89670843,/Users/nickzwart/Downloads/04082026/89670843.json,Articuno0144,0,1,Grimmsnarl,0.476,124,Meganium,dump0304
89793359,/Users/nickzwart/Downloads/04082026/89793359.json,Yan,0,1,Grimmsnarl,0.5,62,Meganium,dump0304
89814188,/Users/nickzwart/Downloads/04082026/89814188.json,Articuno0144,1,1,Grimmsnarl,0.476,124,Meganium,dump0304
89721542,/Users/nickzwart/Downloads/04082026/89721542.json,서주영,0,1,Grimmsnarl,0.47,66,Meganium,dump0304
89617207,/Users/nickzwart/Downloads/04082026/89617207.json,keidroid,0,1,Grimmsnarl,0.489,178,Meganium,dump0304
89816674,/Users/nickzwart/Downloads/04082026/89816674.json,keidroid,0,1,Grimmsnarl,0.489,178,Meganium,dump0304
89788391,/Users/nickzwart/Downloads/04082026/89788391.json,SoichiOzaki,0,1,Dragapult,0.518,56,Meganium,dump0304
89725940,/Users/nickzwart/Downloads/04082026/89725940.json,tonakaiiii,0,1,Grimmsnarl,0.556,142,Meganium,dump0304
89802569,/Users/nickzwart/Downloads/04082026/89802569.json,llkarill,0,1,Grimmsnarl,0.524,105,Meganium,dump0304
89758011,/Users/nickzwart/Downloads/04082026/89758011.json,Tatsuya Kayama,1,1,Grimmsnarl,0.485,68,Meganium,dump0304
89642284,/Users/nickzwart/Downloads/04082026/89642284.json,Jose Coronel,1,1,M-Kangaskhan,0.536,69,Meganium,dump0304
89616089,/Users/nickzwart/Downloads/04082026/89616089.json,Tatsuya Kayama,0,1,M-Kangaskhan,0.485,68,Meganium,dump0304
89790294,/Users/nickzwart/Downloads/04082026/89790294.json,llkarill,0,1,Grimmsnarl,0.524,105,Meganium,dump0304
89784687,/Users/nickzwart/Downloads/04082026/89784687.json,Ketchum Alt,0,1,Cynthia-Garchomp,0.574,47,Meganium,dump0304
89789666,/Users/nickzwart/Downloads/04082026/89789666.json,llkarill,1,1,Grimmsnarl,0.524,105,Meganium,dump0304
89767990,/Users/nickzwart/Downloads/04082026/89767990.json,Articuno0144,0,1,Grimmsnarl,0.476,124,Meganium,dump0304
89776552,/Users/nickzwart/Downloads/04082026/89776552.json,Yan,1,1,Grimmsnarl,0.5,62,Meganium,dump0304
89816707,/Users/nickzwart/Downloads/04082026/89816707.json,llkarill,0,1,Grimmsnarl,0.524,105,Meganium,dump0304
89637146,/Users/nickzwart/Downloads/04082026/89637146.json,Tatsuya Kayama,1,1,Grimmsnarl,0.485,68,Meganium,dump0304
89732533,/Users/nickzwart/Downloads/04082026/89732533.json,KouFu,1,1,Grimmsnarl,0.52,50,Meganium,dump0304
89627687,/Users/nickzwart/Downloads/04082026/89627687.json,MissingNo.,1,1,Grimmsnarl,0.574,263,Meganium,dump0304
89814151,/Users/nickzwart/Downloads/04082026/89814151.json,tonakaiiii,1,1,Meganium,0.556,142,Meganium,dump0304
89812986,/Users/nickzwart/Downloads/04082026/89812986.json,MissingNo.,1,1,Grimmsnarl,0.574,263,Meganium,dump0304
89730220,/Users/nickzwart/Downloads/04082026/89730220.json,KouFu,1,1,Dudunsparce,0.52,50,Meganium,dump0304
89716312,/Users/nickzwart/Downloads/04082026/89716312.json,서주영,0,1,Meganium,0.47,66,Meganium,dump0304
89613767,/Users/nickzwart/Downloads/04082026/89613767.json,Tatsuya Kayama,1,1,Grimmsnarl,0.485,68,Meganium,dump0304
89633851,/Users/nickzwart/Downloads/04082026/89633851.json,MissingNo.,0,1,Grimmsnarl,0.574,263,Meganium,dump0304
89715752,/Users/nickzwart/Downloads/04082026/89715752.json,서주영,1,1,Alakazam,0.47,66,Meganium,dump0304
89733725,/Users/nickzwart/Downloads/04082026/89733725.json,KouFu,0,1,Alakazam,0.52,50,Meganium,dump0304
89753077,/Users/nickzwart/Downloads/04082026/89753077.json,cm391,0,1,Grimmsnarl,0.574,61,Meganium,dump0304
89763286,/Users/nickzwart/Downloads/04082026/89763286.json,Majkel1337,1,1,M-Kangaskhan,0.647,662,Meganium,dump0304
89639461,/Users/nickzwart/Downloads/04082026/89639461.json,Jose Coronel,0,1,Dudunsparce,0.536,69,Meganium,dump0304
89777945,/Users/nickzwart/Downloads/04082026/89777945.json,tonakaiiii,0,1,Grimmsnarl,0.556,142,Meganium,dump0304
89633257,/Users/nickzwart/Downloads/04082026/89633257.json,Iliamna,1,1,Grimmsnarl,0.559,59,Meganium,dump0304
89627582,/Users/nickzwart/Downloads/04082026/89627582.json,Jose Coronel,0,1,Dipplin,0.536,69,Meganium,dump0304
89786004,/Users/nickzwart/Downloads/04082026/89786004.json,llkarill,0,1,Grimmsnarl,0.524,105,Meganium,dump0304
89806156,/Users/nickzwart/Downloads/04082026/89806156.json,MissingNo.,0,1,Grimmsnarl,0.574,263,Meganium,dump0304
89684176,/Users/nickzwart/Downloads/04082026/89684176.json,Shun,0,1,Grimmsnarl,0.56,3,Meganium,dump0304
89775597,/Users/nickzwart/Downloads/04082026/89775597.json,MissingNo.,1,1,Grimmsnarl,0.574,263,Meganium,dump0304
89803495,/Users/nickzwart/Downloads/04082026/89803495.json,Tatsuya Kayama,0,1,Alakazam,0.485,68,Meganium,dump0304
89671982,/Users/nickzwart/Downloads/04082026/89671982.json,Articuno0144,0,1,Grimmsnarl,0.476,124,Meganium,dump0304
89692553,/Users/nickzwart/Downloads/04082026/89692553.json,Articuno0144,1,1,Grimmsnarl,0.476,124,Meganium,dump0304
89767237,/Users/nickzwart/Downloads/04082026/89767237.json,cm391,0,1,Grimmsnarl,0.574,61,Meganium,dump0304
89813471,/Users/nickzwart/Downloads/04082026/89813471.json,keidroid,0,1,Grimmsnarl,0.489,178,Meganium,dump0304
89644398,/Users/nickzwart/Downloads/04082026/89644398.json,Yan,1,1,Alakazam,0.5,62,Meganium,dump0304
89684983,/Users/nickzwart/Downloads/04082026/89684983.json,Jose Coronel,0,1,Cynthia-Garchomp,0.536,69,Meganium,dump0304
89774765,/Users/nickzwart/Downloads/04082026/89774765.json,llkarill,1,1,Grimmsnarl,0.524,105,Meganium,dump0304
89817170,/Users/nickzwart/Downloads/04082026/89817170.json,tonakaiiii,0,1,Dudunsparce,0.556,142,Meganium,dump0304
89689124,/Users/nickzwart/Downloads/04082026/89689124.json,Articuno0144,1,1,Dipplin,0.476,124,Meganium,dump0304
89793574,/Users/nickzwart/Downloads/04082026/89793574.json,keidroid,0,1,Cynthia-Garchomp,0.489,178,Meganium,dump0304
89725005,/Users/nickzwart/Downloads/04082026/89725005.json,서주영,0,1,Cynthia-Garchomp,0.47,66,Meganium,dump0304
89800565,/Users/nickzwart/Downloads/04082026/89800565.json,Ketchum Alt,1,1,M-Kangaskhan,0.574,47,Meganium,dump0304
89682816,/Users/nickzwart/Downloads/04082026/89682816.json,Articuno0144,1,1,Meganium,0.476,124,Meganium,dump0304
89809768,/Users/nickzwart/Downloads/04082026/89809768.json,tw_shin,0,1,Meganium,0.579,95,Meganium,dump0304
89689688,/Users/nickzwart/Downloads/04082026/89689688.json,Rmy,1,1,Meganium,0.42,69,Meganium,dump0304
89786473,/Users/nickzwart/Downloads/04082026/89786473.json,Ketchum Alt,1,1,Grimmsnarl,0.574,47,Meganium,dump0304
89778269,/Users/nickzwart/Downloads/04082026/89778269.json,llkarill,0,1,Alakazam,0.524,105,Meganium,dump0304
89796473,/Users/nickzwart/Downloads/04082026/89796473.json,keidroid,1,1,Grimmsnarl,0.489,178,Meganium,dump0304
89730801,/Users/nickzwart/Downloads/04082026/89730801.json,KouFu,0,1,Grimmsnarl,0.52,50,Meganium,dump0304
89632089,/Users/nickzwart/Downloads/04082026/89632089.json,Jose Coronel,0,1,Dipplin,0.536,69,Meganium,dump0304
89776220,/Users/nickzwart/Downloads/04082026/89776220.json,cm391,1,1,Grimmsnarl,0.574,61,Meganium,dump0304
89747592,/Users/nickzwart/Downloads/04082026/89747592.json,tonakaiiii,0,1,Grimmsnarl,0.556,142,Meganium,dump0304
89767827,/Users/nickzwart/Downloads/04082026/89767827.json,cm391,0,1,Grimmsnarl,0.574,61,Meganium,dump0304
89621975,/Users/nickzwart/Downloads/04082026/89621975.json,Jose Coronel,0,1,Grimmsnarl,0.536,69,Meganium,dump0304
89636619,/Users/nickzwart/Downloads/04082026/89636619.json,Jose Coronel,1,1,Cynthia-Garchomp,0.536,69,Meganium,dump0304
89617781,/Users/nickzwart/Downloads/04082026/89617781.json,keidroid,0,1,Cynthia-Garchomp,0.489,178,Meganium,dump0304
89803774,/Users/nickzwart/Downloads/04082026/89803774.json,Majkel1337,0,1,Grimmsnarl,0.647,662,Meganium,dump0304
89781174,/Users/nickzwart/Downloads/04082026/89781174.json,llkarill,1,1,Alakazam,0.524,105,Meganium,dump0304
89804377,/Users/nickzwart/Downloads/04082026/89804377.json,cm391,1,1,Grimmsnarl,0.574,61,Meganium,dump0304
89690145,/Users/nickzwart/Downloads/04082026/89690145.json,Jose Coronel,0,1,Cynthia-Garchomp,0.536,69,Meganium,dump0304
89769602,/Users/nickzwart/Downloads/04082026/89769602.json,Jose Coronel,0,1,Meganium,0.536,69,Meganium,dump0304
89688575,/Users/nickzwart/Downloads/04082026/89688575.json,Tatsuya Kayama,0,1,Grimmsnarl,0.485,68,Meganium,dump0304
89686838,/Users/nickzwart/Downloads/04082026/89686838.json,Articuno0144,0,1,Grimmsnarl,0.476,124,Meganium,dump0304
89636121,/Users/nickzwart/Downloads/04082026/89636121.json,MissingNo.,0,1,Dragapult,0.574,263,Meganium,dump0304
89728461,/Users/nickzwart/Downloads/04082026/89728461.json,KouFu,0,1,Grimmsnarl,0.52,50,Meganium,dump0304
89720952,/Users/nickzwart/Downloads/04082026/89720952.json,서주영,0,1,Grimmsnarl,0.47,66,Meganium,dump0304
89683964,/Users/nickzwart/Downloads/04082026/89683964.json,Articuno0144,0,1,Grimmsnarl,0.476,124,Meganium,dump0304
89809135,/Users/nickzwart/Downloads/04082026/89809135.json,MissingNo.,1,1,Cynthia-Garchomp,0.574,263,Meganium,dump0304
89795814,/Users/nickzwart/Downloads/04082026/89795814.json,Articuno0144,0,1,Grimmsnarl,0.476,124,Meganium,dump0304
89808548,/Users/nickzwart/Downloads/04082026/89808548.json,Rmy,1,1,Grimmsnarl,0.42,69,Meganium,dump0304
89795951,/Users/nickzwart/Downloads/04082026/89795951.json,keidroid,1,1,Dragapult,0.489,178,Meganium,dump0304
89722277,/Users/nickzwart/Downloads/04082026/89722277.json,Jose Coronel,0,1,Grimmsnarl,0.536,69,Meganium,dump0304
89811047,/Users/nickzwart/Downloads/04082026/89811047.json,MissingNo.,1,1,Cynthia-Garchomp,0.574,263,Meganium,dump0304
89749017,/Users/nickzwart/Downloads/04082026/89749017.json,cm391,0,1,Dipplin,0.574,61,Meganium,dump0304
89787254,/Users/nickzwart/Downloads/04082026/89787254.json,MissingNo.,0,1,Grimmsnarl,0.574,263,Meganium,dump0304
89634983,/Users/nickzwart/Downloads/04082026/89634983.json,MissingNo.,0,1,Alakazam,0.574,263,Meganium,dump0304
89800752,/Users/nickzwart/Downloads/04082026/89800752.json,Rmy,0,1,Alakazam,0.42,69,Meganium,dump0304
89749113,/Users/nickzwart/Downloads/04082026/89749113.json,tonakaiiii,0,1,Dragapult,0.556,142,Meganium,dump0304
89742925,/Users/nickzwart/Downloads/04082026/89742925.json,서주영,0,1,Grimmsnarl,0.47,66,Meganium,dump0304
89634413,/Users/nickzwart/Downloads/04082026/89634413.json,MissingNo.,1,1,Grimmsnarl,0.574,263,Meganium,dump0304
89791093,/Users/nickzwart/Downloads/04082026/89791093.json,cm391,0,1,Grimmsnarl,0.574,61,Meganium,dump0304
89622656,/Users/nickzwart/Downloads/04082026/89622656.json,MissingNo.,0,1,Cynthia-Garchomp,0.574,263,Meganium,dump0304
89793915,/Users/nickzwart/Downloads/04082026/89793915.json,Ketchum Alt,0,1,Grimmsnarl,0.574,47,Meganium,dump0304
89671408,/Users/nickzwart/Downloads/04082026/89671408.json,Articuno0144,1,1,Grimmsnarl,0.476,124,Meganium,dump0304
89695465,/Users/nickzwart/Downloads/04082026/89695465.json,Articuno0144,1,1,Grimmsnarl,0.476,124,Meganium,dump0304
89787690,/Users/nickzwart/Downloads/04082026/89787690.json,llkarill,1,1,Grimmsnarl,0.524,105,Meganium,dump0304
89797043,/Users/nickzwart/Downloads/04082026/89797043.json,keidroid,1,1,Grimmsnarl,0.489,178,Meganium,dump0304
89775011,/Users/nickzwart/Downloads/04082026/89775011.json,tw_shin,1,1,Grimmsnarl,0.579,95,Meganium,dump0304
89789636,/Users/nickzwart/Downloads/04082026/89789636.json,Tatsuya Kayama,1,1,Grimmsnarl,0.485,68,Meganium,dump0304
89765857,/Users/nickzwart/Downloads/04082026/89765857.json,llkarill,1,1,Dipplin,0.524,105,Meganium,dump0304
89802978,/Users/nickzwart/Downloads/04082026/89802978.json,keidroid,1,1,Grimmsnarl,0.489,178,Meganium,dump0304
89748447,/Users/nickzwart/Downloads/04082026/89748447.json,cm391,1,1,Grimmsnarl,0.574,61,Meganium,dump0304
89653610,/Users/nickzwart/Downloads/04082026/89653610.json,Majkel1337,0,1,Dudunsparce,0.647,662,Meganium,dump0304
89714738,/Users/nickzwart/Downloads/04082026/89714738.json,tonakaiiii,0,1,Grimmsnarl,0.556,142,Meganium,dump0304
89808565,/Users/nickzwart/Downloads/04082026/89808565.json,llkarill,0,1,M-Kangaskhan,0.524,105,Meganium,dump0304
89620040,/Users/nickzwart/Downloads/04082026/89620040.json,keidroid,0,1,Grimmsnarl,0.489,178,Meganium,dump0304
89781250,/Users/nickzwart/Downloads/04082026/89781250.json,llkarill,1,1,Meganium,0.524,105,Meganium,dump0304
89720908,/Users/nickzwart/Downloads/04082026/89720908.json,tw_shin,1,1,Grimmsnarl,0.579,95,Meganium,dump0304
89714684,/Users/nickzwart/Downloads/04082026/89714684.json,Tatsuya Kayama,0,1,Grimmsnarl,0.485,68,Meganium,dump0304
89731175,/Users/nickzwart/Downloads/04082026/89731175.json,SoichiOzaki,1,1,Grimmsnarl,0.518,56,Meganium,dump0304
89636614,/Users/nickzwart/Downloads/04082026/89636614.json,Tatsuya Kayama,0,1,Cynthia-Garchomp,0.485,68,Meganium,dump0304
89710014,/Users/nickzwart/Downloads/04082026/89710014.json,tonakaiiii,0,1,Grimmsnarl,0.556,142,Meganium,dump0304
89615524,/Users/nickzwart/Downloads/04082026/89615524.json,tonakaiiii,0,1,M-Kangaskhan,0.556,142,Meganium,dump0304
89629220,/Users/nickzwart/Downloads/04082026/89629220.json,Jose Coronel,1,1,Grimmsnarl,0.536,69,Meganium,dump0304
89817517,/Users/nickzwart/Downloads/04082026/89817517.json,llkarill,0,1,Grimmsnarl,0.524,105,Meganium,dump0304
89771803,/Users/nickzwart/Downloads/04082026/89771803.json,KouFu,1,1,Meganium,0.52,50,Meganium,dump0304
89799334,/Users/nickzwart/Downloads/04082026/89799334.json,Ketchum Alt,1,1,Dragapult,0.574,47,Meganium,dump0304
89764953,/Users/nickzwart/Downloads/04082026/89764953.json,tw_shin,0,1,Alakazam,0.579,95,Meganium,dump0304
89793312,/Users/nickzwart/Downloads/04082026/89793312.json,Ketchum Alt,1,1,Meganium,0.574,47,Meganium,dump0304
89790928,/Users/nickzwart/Downloads/04082026/89790928.json,llkarill,1,1,Grimmsnarl,0.524,105,Meganium,dump0304
89814878,/Users/nickzwart/Downloads/04082026/89814878.json,tonakaiiii,0,1,Grimmsnarl,0.556,142,Meganium,dump0304
89761439,/Users/nickzwart/Downloads/04082026/89761439.json,Jose Coronel,1,1,Grimmsnarl,0.536,69,Meganium,dump0304
89798289,/Users/nickzwart/Downloads/04082026/89798289.json,Jose Coronel,0,1,Grimmsnarl,0.536,69,Meganium,dump0304
89639563,/Users/nickzwart/Downloads/04082026/89639563.json,Majkel1337,0,1,M-Kangaskhan,0.647,662,Meganium,dump0304
89796940,/Users/nickzwart/Downloads/04082026/89796940.json,Ketchum Alt,1,1,Grimmsnarl,0.574,47,Meganium,dump0304
89815475,/Users/nickzwart/Downloads/04082026/89815475.json,tonakaiiii,1,1,Dragapult,0.556,142,Meganium,dump0304
89805475,/Users/nickzwart/Downloads/04082026/89805475.json,keidroid,0,1,Grimmsnarl,0.489,178,Meganium,dump0304
89688574,/Users/nickzwart/Downloads/04082026/89688574.json,Articuno0144,0,1,Dragapult,0.476,124,Meganium,dump0304
89765270,/Users/nickzwart/Downloads/04082026/89765270.json,llkarill,0,1,Cynthia-Garchomp,0.524,105,Meganium,dump0304
89791749,/Users/nickzwart/Downloads/04082026/89791749.json,keidroid,0,1,Meganium,0.489,178,Meganium,dump0304
89641733,/Users/nickzwart/Downloads/04082026/89641733.json,Jose Coronel,0,1,Meganium,0.536,69,Meganium,dump0304
89625472,/Users/nickzwart/Downloads/04082026/89625472.json,MissingNo.,0,1,Dudunsparce,0.574,263,Meganium,dump0304
89635472,/Users/nickzwart/Downloads/04082026/89635472.json,Jose Coronel,0,1,Crustle,0.536,69,Meganium,dump0304
89714221,/Users/nickzwart/Downloads/04082026/89714221.json,서주영,1,1,Meganium,0.47,66,Meganium,dump0304
89638885,/Users/nickzwart/Downloads/04082026/89638885.json,Jose Coronel,0,1,Dragapult,0.536,69,Meganium,dump0304
89815434,/Users/nickzwart/Downloads/04082026/89815434.json,tonakaiiii,0,1,Grimmsnarl,0.556,142,Meganium,dump0304
89722240,/Users/nickzwart/Downloads/04082026/89722240.json,tw_shin,1,1,Dragapult,0.579,95,Meganium,dump0304
89674257,/Users/nickzwart/Downloads/04082026/89674257.json,Articuno0144,1,1,Meganium,0.476,124,Meganium,dump0304
89637265,/Users/nickzwart/Downloads/04082026/89637265.json,Tatsuya Kayama,0,1,Grimmsnarl,0.485,68,Meganium,dump0304
89797633,/Users/nickzwart/Downloads/04082026/89797633.json,keidroid,1,1,Dipplin,0.489,178,Meganium,dump0304
89716898,/Users/nickzwart/Downloads/04082026/89716898.json,서주영,1,1,Grimmsnarl,0.47,66,Meganium,dump0304
89794789,/Users/nickzwart/Downloads/04082026/89794789.json,keidroid,0,1,Meganium,0.489,178,Meganium,dump0304
89771360,/Users/nickzwart/Downloads/04082026/89771360.json,Rmy,0,1,Cynthia-Garchomp,0.42,69,Meganium,dump0304
89812298,/Users/nickzwart/Downloads/04082026/89812298.json,keidroid,0,1,Meganium,0.489,178,Meganium,dump0304
89799528,/Users/nickzwart/Downloads/04082026/89799528.json,KouFu,0,1,Grimmsnarl,0.52,50,Meganium,dump0304
89798769,/Users/nickzwart/Downloads/04082026/89798769.json,서주영,0,1,Grimmsnarl,0.47,66,Meganium,dump0304
89617217,/Users/nickzwart/Downloads/04082026/89617217.json,Majkel1337,0,1,Grimmsnarl,0.647,662,Meganium,dump0304
89613868,/Users/nickzwart/Downloads/04082026/89613868.json,Tatsuya Kayama,1,1,Grimmsnarl,0.485,68,Meganium,dump0304
89796331,/Users/nickzwart/Downloads/04082026/89796331.json,SoichiOzaki,0,1,Meganium,0.518,56,Meganium,dump0304
89717476,/Users/nickzwart/Downloads/04082026/89717476.json,서주영,0,1,Meganium,0.47,66,Meganium,dump0304
89747287,/Users/nickzwart/Downloads/04082026/89747287.json,cm391,1,1,Grimmsnarl,0.574,61,Meganium,dump0304
89811621,/Users/nickzwart/Downloads/04082026/89811621.json,Majkel1337,0,1,Alakazam,0.647,662,Meganium,dump0304
