episode,path,player,side,won,player_winrate,opp_deck
90888495,/Users/nickzwart/Desktop/Palsystem 2/90888495.json,loIzpo + emonga,1,0,0.5057,Ogerpon
90870808,/Users/nickzwart/Desktop/Palsystem 2/90870808.json,Funky,0,0,0.54,Ogerpon
90871644,/Users/nickzwart/Desktop/Palsystem 2/90871644.json,Marshall Maximizer,1,0,0.75,Ogerpon
90896081,/Users/nickzwart/Desktop/Palsystem 2/90896081.json,Jack,1,0,0.5227,Ogerpon
90900278,/Users/nickzwart/Desktop/Palsystem 2/90900278.json,matsurih,0,0,0.5393,Ogerpon
90891039,/Users/nickzwart/Desktop/Palsystem 2/90891039.json,JB Bryant,1,0,0.5657,Ogerpon
90867378,/Users/nickzwart/Desktop/Palsystem 2/90867378.json,matsurih,0,0,0.5393,Ogerpon
90877558,/Users/nickzwart/Desktop/Palsystem 2/90877558.json,Marshall Maximizer,1,1,0.75,Ogerpon
90880948,/Users/nickzwart/Desktop/Palsystem 2/90880948.json,matsurih,1,1,0.5393,Ogerpon
90903731,/Users/nickzwart/Desktop/Palsystem 2/90903731.json,insuperabilehart,1,0,0.529,Ogerpon
90905443,/Users/nickzwart/Desktop/Palsystem 2/90905443.json,NIWATORI,0,0,0.5357,Ogerpon
90906308,/Users/nickzwart/Desktop/Palsystem 2/90906308.json,sadwat,1,0,0.5339,Ogerpon
90934758,/Users/nickzwart/Desktop/Palsystem 2/90934758.json,sadwat,1,0,0.5339,Ogerpon
90994831,/Users/nickzwart/Desktop/Palsystem 2/90994831.json,insuperabilehart,0,1,0.529,Ogerpon
91125632,/Users/nickzwart/Desktop/Palsystem 2/91125632.json,M Sato,1,0,0.5857,Ogerpon
91059422,/Users/nickzwart/Desktop/Palsystem 2/91059422.json,wwwwwwwwwwwwwwwwwwwwwwwwwwwwww,0,1,0.6714,Ogerpon
91068166,/Users/nickzwart/Desktop/Palsystem 2/91068166.json,wwwwwwwwwwwwwwwwwwwwwwwwwwwwww,0,0,0.6714,Ogerpon
91240039,/Users/nickzwart/Desktop/Palsystem 2/91240039.json,M Sato,1,0,0.5857,Ogerpon
91248983,/Users/nickzwart/Desktop/Palsystem 2/91248983.json,M Sato,1,0,0.5857,Ogerpon
91319578,/Users/nickzwart/Desktop/Palsystem 2/91319578.json,LiamK,1,0,0.4444,Ogerpon
91365484,/Users/nickzwart/Desktop/Palsystem 2/91365484.json,perrodawn,0,0,0.5098,Ogerpon
91442363,/Users/nickzwart/Desktop/Palsystem 2/91442363.json,カントー地方マスター(KantoRegionMaster),0,0,0.6786,Ogerpon
91455853,/Users/nickzwart/Desktop/Palsystem 2/91455853.json,LiamK,1,1,0.4444,Ogerpon
91153526,/Users/nickzwart/Desktop/8-8-2026/91153526.json,kwa,0,1,0.5802,Grimmsnarl
91153785,/Users/nickzwart/Desktop/8-8-2026/91153785.json,stnick,0,1,0.5246,M-Lopunny
91153785,/Users/nickzwart/Desktop/8-8-2026/91153785.json,insuperabilehart,1,0,0.529,M-Lopunny
91154444,/Users/nickzwart/Desktop/8-8-2026/91154444.json,kwa,1,1,0.5802,Alakazam
91154491,/Users/nickzwart/Desktop/8-8-2026/91154491.json,Roman Stupin,0,0,0.3333,Grimmsnarl
91154536,/Users/nickzwart/Desktop/8-8-2026/91154536.json,cm391,0,1,0.4286,Grimmsnarl
91154669,/Users/nickzwart/Desktop/8-8-2026/91154669.json,Oleksandr_Savsunenko,1,0,0.3902,Grimmsnarl
91154745,/Users/nickzwart/Desktop/8-8-2026/91154745.json,Oleksandr_Savsunenko,0,0,0.3902,Grimmsnarl
91155359,/Users/nickzwart/Desktop/8-8-2026/91155359.json,M Sato,0,0,0.5857,Dragapult
91155362,/Users/nickzwart/Desktop/8-8-2026/91155362.json,sadwat,1,1,0.5339,Ogerpon
91155388,/Users/nickzwart/Desktop/8-8-2026/91155388.json,Team KASA.,0,1,0.5079,other
91155503,/Users/nickzwart/Desktop/8-8-2026/91155503.json,sobameshi,1,0,0.4737,Grimmsnarl
91155512,/Users/nickzwart/Desktop/8-8-2026/91155512.json,da da,1,1,0.875,Grimmsnarl
91155565,/Users/nickzwart/Desktop/8-8-2026/91155565.json,matsurih,0,0,0.5393,Grimmsnarl
91156250,/Users/nickzwart/Desktop/8-8-2026/91156250.json,matsurih,0,1,0.5393,Dragapult
91156273,/Users/nickzwart/Desktop/8-8-2026/91156273.json,Team KASA.,1,0,0.5079,M-Froslass
91156357,/Users/nickzwart/Desktop/8-8-2026/91156357.json,DavidFreelan,1,0,0.5952,other
91156443,/Users/nickzwart/Desktop/8-8-2026/91156443.json,Roman Stupin,0,1,0.3333,Grimmsnarl
91156449,/Users/nickzwart/Desktop/8-8-2026/91156449.json,insuperabilehart,1,0,0.529,Grimmsnarl
91156481,/Users/nickzwart/Desktop/8-8-2026/91156481.json,Roman Stupin,0,0,0.3333,Dragapult
91157133,/Users/nickzwart/Desktop/8-8-2026/91157133.json,Team KASA.,1,1,0.5079,Ogerpon
91157169,/Users/nickzwart/Desktop/8-8-2026/91157169.json,Brahim,0,1,0.4167,M-Lopunny
91157169,/Users/nickzwart/Desktop/8-8-2026/91157169.json,kwa,1,0,0.5802,M-Lopunny
91157303,/Users/nickzwart/Desktop/8-8-2026/91157303.json,DavidFreelan,0,0,0.5952,M-Kangaskhan
91157313,/Users/nickzwart/Desktop/8-8-2026/91157313.json,Team KASA.,1,0,0.5079,Alakazam
91157181,/Users/nickzwart/Desktop/8-8-2026/91157181.json,loIzpo + emonga,0,1,0.5057,Alakazam
91157235,/Users/nickzwart/Desktop/8-8-2026/91157235.json,NIWATORI,1,1,0.5357,Grimmsnarl
91157277,/Users/nickzwart/Desktop/8-8-2026/91157277.json,sobameshi,0,1,0.4737,M-Kangaskhan
91158045,/Users/nickzwart/Desktop/8-8-2026/91158045.json,NIWATORI,0,1,0.5357,M-Kangaskhan
91158064,/Users/nickzwart/Desktop/8-8-2026/91158064.json,Team KASA.,1,0,0.5079,Grimmsnarl
91158072,/Users/nickzwart/Desktop/8-8-2026/91158072.json,typeIIIfairy,0,0,0.3696,Grimmsnarl
91158092,/Users/nickzwart/Desktop/8-8-2026/91158092.json,kwa,0,1,0.5802,Alakazam
91158159,/Users/nickzwart/Desktop/8-8-2026/91158159.json,sobameshi,1,1,0.4737,Grimmsnarl
91158208,/Users/nickzwart/Desktop/8-8-2026/91158208.json,Oleksandr_Savsunenko,0,0,0.3902,M-Lopunny
91158208,/Users/nickzwart/Desktop/8-8-2026/91158208.json,sobameshi,1,1,0.4737,M-Lopunny
91158222,/Users/nickzwart/Desktop/8-8-2026/91158222.json,Roman Stupin,1,1,0.3333,Grimmsnarl
91158922,/Users/nickzwart/Desktop/8-8-2026/91158922.json,Team KASA.,1,1,0.5079,Grimmsnarl
91158955,/Users/nickzwart/Desktop/8-8-2026/91158955.json,M Sato,0,1,0.5857,Ogerpon
91158960,/Users/nickzwart/Desktop/8-8-2026/91158960.json,kwa,0,1,0.5802,Grimmsnarl
91158974,/Users/nickzwart/Desktop/8-8-2026/91158974.json,insuperabilehart,1,0,0.529,Alakazam
91159066,/Users/nickzwart/Desktop/8-8-2026/91159066.json,Funky,1,1,0.54,Grimmsnarl
91159106,/Users/nickzwart/Desktop/8-8-2026/91159106.json,Roman Stupin,0,0,0.3333,Grimmsnarl
91159826,/Users/nickzwart/Desktop/8-8-2026/91159826.json,Team KASA.,1,0,0.5079,Alakazam
91159842,/Users/nickzwart/Desktop/8-8-2026/91159842.json,kwa,1,0,0.5802,Hydrapple
91159863,/Users/nickzwart/Desktop/8-8-2026/91159863.json,DavidFreelan,1,1,0.5952,Grimmsnarl
91159910,/Users/nickzwart/Desktop/8-8-2026/91159910.json,sobameshi,1,1,0.4737,Grimmsnarl
91160031,/Users/nickzwart/Desktop/8-8-2026/91160031.json,wwwwwwwwwwwwwwwwwwwwwwwwwwwwww,0,1,0.6714,M-Lopunny
91160031,/Users/nickzwart/Desktop/8-8-2026/91160031.json,loIzpo + emonga,1,0,0.5057,M-Lopunny
91160673,/Users/nickzwart/Desktop/8-8-2026/91160673.json,Team KASA.,0,0,0.5079,Alakazam
91160690,/Users/nickzwart/Desktop/8-8-2026/91160690.json,M Sato,0,1,0.5857,Grimmsnarl
91160691,/Users/nickzwart/Desktop/8-8-2026/91160691.json,kwa,0,0,0.5802,Dragapult
91160794,/Users/nickzwart/Desktop/8-8-2026/91160794.json,sobameshi,0,1,0.4737,Alakazam
91161597,/Users/nickzwart/Desktop/8-8-2026/91161597.json,kwa,1,1,0.5802,Ogerpon
91161669,/Users/nickzwart/Desktop/8-8-2026/91161669.json,sobameshi,0,0,0.4737,Alakazam
91161517,/Users/nickzwart/Desktop/8-8-2026/91161517.json,M Sato,0,0,0.5857,Dragapult
91162460,/Users/nickzwart/Desktop/8-8-2026/91162460.json,Team KASA.,1,1,0.5079,Grimmsnarl
91162467,/Users/nickzwart/Desktop/8-8-2026/91162467.json,Benarg,1,0,0.4853,Grimmsnarl
91162477,/Users/nickzwart/Desktop/8-8-2026/91162477.json,kwa,0,1,0.5802,Alakazam
91162502,/Users/nickzwart/Desktop/8-8-2026/91162502.json,sobameshi,0,0,0.4737,Alakazam
91162526,/Users/nickzwart/Desktop/8-8-2026/91162526.json,想要成为kaggle大师,1,0,0.5906,other
91163362,/Users/nickzwart/Desktop/8-8-2026/91163362.json,Team KASA.,1,1,0.5079,Ogerpon
91163300,/Users/nickzwart/Desktop/8-8-2026/91163300.json,matsurih,0,1,0.5393,Dragapult
91164278,/Users/nickzwart/Desktop/8-8-2026/91164278.json,sadwat,1,1,0.5339,Alakazam
91164184,/Users/nickzwart/Desktop/8-8-2026/91164184.json,Team KASA.,1,0,0.5079,Dragapult
91165065,/Users/nickzwart/Desktop/8-8-2026/91165065.json,Funky,0,1,0.54,Dragapult
91165134,/Users/nickzwart/Desktop/8-8-2026/91165134.json,kwa,0,0,0.5802,Grimmsnarl
91165144,/Users/nickzwart/Desktop/8-8-2026/91165144.json,Team KASA.,0,1,0.5079,Grimmsnarl
91166019,/Users/nickzwart/Desktop/8-8-2026/91166019.json,kwa,0,0,0.5802,Dragapult
91166025,/Users/nickzwart/Desktop/8-8-2026/91166025.json,Octavi Grau,0,0,0.325,M-Lopunny
91166025,/Users/nickzwart/Desktop/8-8-2026/91166025.json,Team KASA.,1,1,0.5079,M-Lopunny
91166067,/Users/nickzwart/Desktop/8-8-2026/91166067.json,M Sato,0,0,0.5857,Alakazam
91166128,/Users/nickzwart/Desktop/8-8-2026/91166128.json,Brahim,1,0,0.4167,Grimmsnarl
91166139,/Users/nickzwart/Desktop/8-8-2026/91166139.json,Brahim,0,1,0.4167,M-Kangaskhan
91166896,/Users/nickzwart/Desktop/8-8-2026/91166896.json,Team KASA.,0,0,0.5079,Ogerpon
91166899,/Users/nickzwart/Desktop/8-8-2026/91166899.json,kwa,1,0,0.5802,Grimmsnarl
91166941,/Users/nickzwart/Desktop/8-8-2026/91166941.json,matsurih,0,0,0.5393,Garchomp
91166997,/Users/nickzwart/Desktop/8-8-2026/91166997.json,sobameshi,0,1,0.4737,Dragapult
91167064,/Users/nickzwart/Desktop/8-8-2026/91167064.json,LiamK,1,0,0.4444,M-Kangaskhan
91167664,/Users/nickzwart/Desktop/8-8-2026/91167664.json,john jiang zhifeng,0,0,0.3243,Dragapult
91167782,/Users/nickzwart/Desktop/8-8-2026/91167782.json,DavidFreelan,0,1,0.5952,M-Kangaskhan
91167799,/Users/nickzwart/Desktop/8-8-2026/91167799.json,JB Bryant,0,1,0.5657,Alakazam
91167857,/Users/nickzwart/Desktop/8-8-2026/91167857.json,kwa,1,1,0.5802,Alakazam
91167873,/Users/nickzwart/Desktop/8-8-2026/91167873.json,insuperabilehart,0,0,0.529,M-Lopunny
91167873,/Users/nickzwart/Desktop/8-8-2026/91167873.json,Team KASA.,1,1,0.5079,M-Lopunny
91167905,/Users/nickzwart/Desktop/8-8-2026/91167905.json,DavidFreelan,1,0,0.5952,Alakazam
91167914,/Users/nickzwart/Desktop/8-8-2026/91167914.json,sobameshi,1,0,0.4737,Grimmsnarl
91168553,/Users/nickzwart/Desktop/8-8-2026/91168553.json,JB Bryant,1,0,0.5657,Grimmsnarl
91168586,/Users/nickzwart/Desktop/8-8-2026/91168586.json,loIzpo + emonga,0,1,0.5057,Grimmsnarl
91168658,/Users/nickzwart/Desktop/8-8-2026/91168658.json,Team KASA.,1,0,0.5079,other
91168673,/Users/nickzwart/Desktop/8-8-2026/91168673.json,kwa,1,0,0.5802,Alakazam
91168701,/Users/nickzwart/Desktop/8-8-2026/91168701.json,Octavi Grau,0,0,0.325,Garchomp
91169617,/Users/nickzwart/Desktop/8-8-2026/91169617.json,insuperabilehart,0,0,0.529,other
91169646,/Users/nickzwart/Desktop/8-8-2026/91169646.json,sobameshi,1,1,0.4737,other
91169696,/Users/nickzwart/Desktop/8-8-2026/91169696.json,Jack,0,0,0.5227,M-Lucario
91170233,/Users/nickzwart/Desktop/8-8-2026/91170233.json,john jiang zhifeng,1,1,0.3243,M-Kangaskhan
91169413,/Users/nickzwart/Desktop/8-8-2026/91169413.json,insuperabilehart,1,0,0.529,Grimmsnarl
91169446,/Users/nickzwart/Desktop/8-8-2026/91169446.json,M Sato,1,0,0.5857,Dragapult
91169536,/Users/nickzwart/Desktop/8-8-2026/91169536.json,Team KASA.,1,1,0.5079,Alakazam
91170298,/Users/nickzwart/Desktop/8-8-2026/91170298.json,想要成为kaggle大师,0,1,0.5906,Grimmsnarl
91170410,/Users/nickzwart/Desktop/8-8-2026/91170410.json,sadwat,0,0,0.5339,Alakazam
91170423,/Users/nickzwart/Desktop/8-8-2026/91170423.json,kwa,1,0,0.5802,Alakazam
91171119,/Users/nickzwart/Desktop/8-8-2026/91171119.json,DavidFreelan,1,1,0.5952,Ogerpon
91171124,/Users/nickzwart/Desktop/8-8-2026/91171124.json,john jiang zhifeng,0,1,0.3243,other
91171128,/Users/nickzwart/Desktop/8-8-2026/91171128.json,loIzpo + emonga,1,1,0.5057,Alakazam
91171234,/Users/nickzwart/Desktop/8-8-2026/91171234.json,stnick,0,1,0.5246,Grimmsnarl
91171307,/Users/nickzwart/Desktop/8-8-2026/91171307.json,sobameshi,1,0,0.4737,Alakazam
91171314,/Users/nickzwart/Desktop/8-8-2026/91171314.json,kwa,0,1,0.5802,Grimmsnarl
91171367,/Users/nickzwart/Desktop/8-8-2026/91171367.json,sadwat,1,1,0.5339,Grimmsnarl
91171455,/Users/nickzwart/Desktop/8-8-2026/91171455.json,Benarg,1,1,0.4853,Crustle
91171997,/Users/nickzwart/Desktop/8-8-2026/91171997.json,john jiang zhifeng,1,1,0.3243,Grimmsnarl
91172183,/Users/nickzwart/Desktop/8-8-2026/91172183.json,kwa,0,0,0.5802,Dragapult
91172210,/Users/nickzwart/Desktop/8-8-2026/91172210.json,Octavi Grau,1,0,0.325,Alakazam
91172847,/Users/nickzwart/Desktop/8-8-2026/91172847.json,djschmit,1,0,0.2857,M-Kangaskhan
91172861,/Users/nickzwart/Desktop/8-8-2026/91172861.json,da da,1,0,0.875,Grimmsnarl
91173050,/Users/nickzwart/Desktop/8-8-2026/91173050.json,Team KASA.,0,0,0.5079,Grimmsnarl
91173061,/Users/nickzwart/Desktop/8-8-2026/91173061.json,kwa,0,1,0.5802,Grimmsnarl
91172870,/Users/nickzwart/Desktop/8-8-2026/91172870.json,john jiang zhifeng,1,1,0.3243,Grimmsnarl
91172881,/Users/nickzwart/Desktop/8-8-2026/91172881.json,insuperabilehart,0,0,0.529,Grimmsnarl
91172964,/Users/nickzwart/Desktop/8-8-2026/91172964.json,john jiang zhifeng,0,1,0.3243,Ogerpon
91173945,/Users/nickzwart/Desktop/8-8-2026/91173945.json,kwa,0,0,0.5802,M-Lopunny
91173945,/Users/nickzwart/Desktop/8-8-2026/91173945.json,Funky,1,1,0.54,M-Lopunny
91173756,/Users/nickzwart/Desktop/8-8-2026/91173756.json,john jiang zhifeng,0,0,0.3243,Dragapult
91174650,/Users/nickzwart/Desktop/8-8-2026/91174650.json,john jiang zhifeng,0,1,0.3243,Grimmsnarl
91174817,/Users/nickzwart/Desktop/8-8-2026/91174817.json,Team KASA.,1,1,0.5079,Ogerpon
91174830,/Users/nickzwart/Desktop/8-8-2026/91174830.json,kwa,0,1,0.5802,Ogerpon
91174872,/Users/nickzwart/Desktop/8-8-2026/91174872.json,typeIIIfairy,0,0,0.3696,Alakazam
91175494,/Users/nickzwart/Desktop/8-8-2026/91175494.json,想要成为kaggle大师,1,0,0.5906,Alakazam
91175534,/Users/nickzwart/Desktop/8-8-2026/91175534.json,JB Bryant,0,1,0.5657,Grimmsnarl
91175537,/Users/nickzwart/Desktop/8-8-2026/91175537.json,john jiang zhifeng,1,0,0.3243,Garchomp
91175564,/Users/nickzwart/Desktop/8-8-2026/91175564.json,loIzpo + emonga,0,0,0.5057,Grimmsnarl
91175590,/Users/nickzwart/Desktop/8-8-2026/91175590.json,Octavi Grau,0,1,0.325,Grimmsnarl
91175593,/Users/nickzwart/Desktop/8-8-2026/91175593.json,想要成为kaggle大师,1,1,0.5906,Grimmsnarl
91175644,/Users/nickzwart/Desktop/8-8-2026/91175644.json,JB Bryant,0,0,0.5657,Grimmsnarl
91175695,/Users/nickzwart/Desktop/8-8-2026/91175695.json,kwa,0,0,0.5802,Dragapult
91175817,/Users/nickzwart/Desktop/8-8-2026/91175817.json,想要成为kaggle大师,0,0,0.5906,Grimmsnarl
91176397,/Users/nickzwart/Desktop/8-8-2026/91176397.json,sobameshi,1,0,0.4737,Dragapult
91176514,/Users/nickzwart/Desktop/8-8-2026/91176514.json,loIzpo + emonga,0,1,0.5057,Ogerpon
91177298,/Users/nickzwart/Desktop/8-8-2026/91177298.json,kwa,0,1,0.5802,Grimmsnarl
91177384,/Users/nickzwart/Desktop/8-8-2026/91177384.json,loIzpo + emonga,0,0,0.5057,Ogerpon
91177462,/Users/nickzwart/Desktop/8-8-2026/91177462.json,Team KASA.,0,1,0.5079,M-Lopunny
91177462,/Users/nickzwart/Desktop/8-8-2026/91177462.json,loIzpo + emonga,1,0,0.5057,M-Lopunny
91177476,/Users/nickzwart/Desktop/8-8-2026/91177476.json,kwa,1,0,0.5802,Grimmsnarl
91178230,/Users/nickzwart/Desktop/8-8-2026/91178230.json,john jiang zhifeng,0,0,0.3243,M-Lucario
91178362,/Users/nickzwart/Desktop/8-8-2026/91178362.json,Team KASA.,1,0,0.5079,M-Kangaskhan
91178382,/Users/nickzwart/Desktop/8-8-2026/91178382.json,kwa,1,1,0.5802,Grimmsnarl
91179295,/Users/nickzwart/Desktop/8-8-2026/91179295.json,wwwwwwwwwwwwwwwwwwwwwwwwwwwwww,1,0,0.6714,Garchomp
91179343,/Users/nickzwart/Desktop/8-8-2026/91179343.json,Brahim,1,0,0.4167,Alakazam
91179923,/Users/nickzwart/Desktop/8-8-2026/91179923.json,kanno,1,1,0.5161,Grimmsnarl
91179102,/Users/nickzwart/Desktop/8-8-2026/91179102.json,john jiang zhifeng,0,0,0.3243,Alakazam
91179276,/Users/nickzwart/Desktop/8-8-2026/91179276.json,kwa,0,1,0.5802,Grimmsnarl
91179038,/Users/nickzwart/Desktop/8-8-2026/91179038.json,kanno,0,0,0.5161,Dragapult
91179065,/Users/nickzwart/Desktop/8-8-2026/91179065.json,Brahim,0,0,0.4167,Alakazam
91179975,/Users/nickzwart/Desktop/8-8-2026/91179975.json,Roman Stupin,1,1,0.3333,Ogerpon
91179987,/Users/nickzwart/Desktop/8-8-2026/91179987.json,john jiang zhifeng,1,1,0.3243,Ogerpon
91180131,/Users/nickzwart/Desktop/8-8-2026/91180131.json,Team KASA.,1,1,0.5079,Grimmsnarl
91180865,/Users/nickzwart/Desktop/8-8-2026/91180865.json,LiamK,0,1,0.4444,M-Kangaskhan
91180881,/Users/nickzwart/Desktop/8-8-2026/91180881.json,john jiang zhifeng,1,1,0.3243,Grimmsnarl
91180945,/Users/nickzwart/Desktop/8-8-2026/91180945.json,cm391,1,0,0.4286,Dragapult
91181032,/Users/nickzwart/Desktop/8-8-2026/91181032.json,Team KASA.,1,1,0.5079,M-Kangaskhan
91181039,/Users/nickzwart/Desktop/8-8-2026/91181039.json,kwa,1,1,0.5802,M-Kangaskhan
91181712,/Users/nickzwart/Desktop/8-8-2026/91181712.json,kanno,0,0,0.5161,M-Lopunny
91181712,/Users/nickzwart/Desktop/8-8-2026/91181712.json,da da,1,1,0.875,M-Lopunny
91181737,/Users/nickzwart/Desktop/8-8-2026/91181737.json,Roman Stupin,1,0,0.3333,Grimmsnarl
91181760,/Users/nickzwart/Desktop/8-8-2026/91181760.json,cm391,0,1,0.4286,M-Kangaskhan
91181781,/Users/nickzwart/Desktop/8-8-2026/91181781.json,john jiang zhifeng,1,1,0.3243,Ogerpon
91181921,/Users/nickzwart/Desktop/8-8-2026/91181921.json,Team KASA.,0,1,0.5079,Grimmsnarl
91181931,/Users/nickzwart/Desktop/8-8-2026/91181931.json,kwa,1,1,0.5802,Garchomp
91182666,/Users/nickzwart/Desktop/8-8-2026/91182666.json,john jiang zhifeng,0,0,0.3243,Grimmsnarl
91182799,/Users/nickzwart/Desktop/8-8-2026/91182799.json,Team KASA.,0,0,0.5079,Alakazam
91182814,/Users/nickzwart/Desktop/8-8-2026/91182814.json,kwa,1,1,0.5802,M-Kangaskhan
91181810,/Users/nickzwart/Desktop/8-8-2026/91181810.json,Brahim,0,0,0.4167,Grimmsnarl
91183467,/Users/nickzwart/Desktop/8-8-2026/91183467.json,john jiang zhifeng,1,1,0.3243,Grimmsnarl
91183604,/Users/nickzwart/Desktop/8-8-2026/91183604.json,Dakuma,1,0,0.4444,Garchomp
91183634,/Users/nickzwart/Desktop/8-8-2026/91183634.json,Brahim,1,1,0.4167,Dragapult
91183701,/Users/nickzwart/Desktop/8-8-2026/91183701.json,Team KASA.,0,0,0.5079,M-Lopunny
91183701,/Users/nickzwart/Desktop/8-8-2026/91183701.json,想要成为kaggle大师,1,1,0.5906,M-Lopunny
91183719,/Users/nickzwart/Desktop/8-8-2026/91183719.json,kwa,0,1,0.5802,Grimmsnarl
91184424,/Users/nickzwart/Desktop/8-8-2026/91184424.json,john jiang zhifeng,0,1,0.3243,Alakazam
91184464,/Users/nickzwart/Desktop/8-8-2026/91184464.json,john jiang zhifeng,1,0,0.3243,Grimmsnarl
91184569,/Users/nickzwart/Desktop/8-8-2026/91184569.json,kwa,0,1,0.5802,Hydrapple
91185320,/Users/nickzwart/Desktop/8-8-2026/91185320.json,john jiang zhifeng,0,0,0.3243,Grimmsnarl
91185332,/Users/nickzwart/Desktop/8-8-2026/91185332.json,insuperabilehart,0,1,0.529,M-Kangaskhan
91186209,/Users/nickzwart/Desktop/8-8-2026/91186209.json,Benarg,0,1,0.4853,Grimmsnarl
91186214,/Users/nickzwart/Desktop/8-8-2026/91186214.json,john jiang zhifeng,1,0,0.3243,Alakazam
91185371,/Users/nickzwart/Desktop/8-8-2026/91185371.json,Dakuma,1,1,0.4444,Grimmsnarl
91186298,/Users/nickzwart/Desktop/8-8-2026/91186298.json,typeIIIfairy,1,0,0.3696,Ogerpon
91186396,/Users/nickzwart/Desktop/8-8-2026/91186396.json,kwa,0,0,0.5802,Dragapult
91187007,/Users/nickzwart/Desktop/8-8-2026/91187007.json,kanno,1,1,0.5161,Grimmsnarl
91187803,/Users/nickzwart/Desktop/8-8-2026/91187803.json,Benarg,1,0,0.4853,Garchomp
91187948,/Users/nickzwart/Desktop/8-8-2026/91187948.json,djschmit,1,1,0.2857,M-Kangaskhan
91187991,/Users/nickzwart/Desktop/8-8-2026/91187991.json,cm391,1,0,0.4286,Grimmsnarl
91188684,/Users/nickzwart/Desktop/8-8-2026/91188684.json,Octavi Grau,0,0,0.325,Garchomp
91188126,/Users/nickzwart/Desktop/8-8-2026/91188126.json,NIWATORI,0,1,0.5357,Grimmsnarl
91188904,/Users/nickzwart/Desktop/8-8-2026/91188904.json,insuperabilehart,0,1,0.529,Grimmsnarl
91188938,/Users/nickzwart/Desktop/8-8-2026/91188938.json,M Sato,0,0,0.5857,Grimmsnarl
91189731,/Users/nickzwart/Desktop/8-8-2026/91189731.json,john jiang zhifeng,1,0,0.3243,Alakazam
91190561,/Users/nickzwart/Desktop/8-8-2026/91190561.json,kwa,0,1,0.5802,Alakazam
91190627,/Users/nickzwart/Desktop/8-8-2026/91190627.json,john jiang zhifeng,0,0,0.3243,Hydrapple
91190662,/Users/nickzwart/Desktop/8-8-2026/91190662.json,sadwat,0,1,0.5339,Dragapult
91190684,/Users/nickzwart/Desktop/8-8-2026/91190684.json,想要成为kaggle大师,0,0,0.5906,Grimmsnarl
91190744,/Users/nickzwart/Desktop/8-8-2026/91190744.json,loIzpo + emonga,0,0,0.5057,Grimmsnarl
91191294,/Users/nickzwart/Desktop/8-8-2026/91191294.json,typeIIIfairy,0,0,0.3696,Alakazam
91191475,/Users/nickzwart/Desktop/8-8-2026/91191475.json,Team KASA.,1,0,0.5079,Hydrapple
91191489,/Users/nickzwart/Desktop/8-8-2026/91191489.json,Roman Stupin,1,1,0.3333,M-Kangaskhan
91192342,/Users/nickzwart/Desktop/8-8-2026/91192342.json,想要成为kaggle大师,0,1,0.5906,Alakazam
91191505,/Users/nickzwart/Desktop/8-8-2026/91191505.json,john jiang zhifeng,0,0,0.3243,Grimmsnarl
91191506,/Users/nickzwart/Desktop/8-8-2026/91191506.json,kanno,1,0,0.5161,Grimmsnarl
91191512,/Users/nickzwart/Desktop/8-8-2026/91191512.json,Roman Stupin,0,1,0.3333,Grimmsnarl
91192192,/Users/nickzwart/Desktop/8-8-2026/91192192.json,JB Bryant,0,1,0.5657,Grimmsnarl
91192427,/Users/nickzwart/Desktop/8-8-2026/91192427.json,Oleksandr_Savsunenko,0,1,0.3902,Grimmsnarl
91192478,/Users/nickzwart/Desktop/8-8-2026/91192478.json,matsurih,0,1,0.5393,other
91193240,/Users/nickzwart/Desktop/8-8-2026/91193240.json,Funky,1,0,0.54,Hydrapple
91193277,/Users/nickzwart/Desktop/8-8-2026/91193277.json,loIzpo + emonga,1,0,0.5057,Grimmsnarl
91194090,/Users/nickzwart/Desktop/8-8-2026/91194090.json,Dipam Chakraborty,1,1,0.641,Grimmsnarl
91194228,/Users/nickzwart/Desktop/8-8-2026/91194228.json,cm391,0,1,0.4286,Grimmsnarl
91193317,/Users/nickzwart/Desktop/8-8-2026/91193317.json,Brahim,0,0,0.4167,Dragapult
91193339,/Users/nickzwart/Desktop/8-8-2026/91193339.json,matsurih,1,1,0.5393,Grimmsnarl
91193341,/Users/nickzwart/Desktop/8-8-2026/91193341.json,Dakuma,0,0,0.4444,M-Lucario
91193343,/Users/nickzwart/Desktop/8-8-2026/91193343.json,Team KASA.,0,0,0.5079,Grimmsnarl
91195952,/Users/nickzwart/Desktop/8-8-2026/91195952.json,john jiang zhifeng,0,0,0.3243,Ogerpon
91194992,/Users/nickzwart/Desktop/8-8-2026/91194992.json,M Sato,0,0,0.5857,Dragapult
91195052,/Users/nickzwart/Desktop/8-8-2026/91195052.json,john jiang zhifeng,0,0,0.3243,Hydrapple
91195149,/Users/nickzwart/Desktop/8-8-2026/91195149.json,Jack,0,1,0.5227,Hydrapple
91195869,/Users/nickzwart/Desktop/8-8-2026/91195869.json,loIzpo + emonga,0,0,0.5057,Dragapult
91195905,/Users/nickzwart/Desktop/8-8-2026/91195905.json,M Sato,0,0,0.5857,Grimmsnarl
91198561,/Users/nickzwart/Desktop/8-8-2026/91198561.json,Roman Stupin,0,0,0.3333,Alakazam
91196596,/Users/nickzwart/Desktop/8-8-2026/91196596.json,insuperabilehart,1,0,0.529,Alakazam
91196762,/Users/nickzwart/Desktop/8-8-2026/91196762.json,NIWATORI,0,1,0.5357,Grimmsnarl
91197463,/Users/nickzwart/Desktop/8-8-2026/91197463.json,matsurih,0,1,0.5393,Alakazam
91198419,/Users/nickzwart/Desktop/8-8-2026/91198419.json,Oleksandr_Savsunenko,0,1,0.3902,Grimmsnarl
91198429,/Users/nickzwart/Desktop/8-8-2026/91198429.json,Roman Stupin,0,1,0.3333,Grimmsnarl
91199316,/Users/nickzwart/Desktop/8-8-2026/91199316.json,Roman Stupin,0,0,0.3333,Grimmsnarl
91199409,/Users/nickzwart/Desktop/8-8-2026/91199409.json,sobameshi,0,0,0.4737,M-Lucario
91199554,/Users/nickzwart/Desktop/8-8-2026/91199554.json,cm391,1,0,0.4286,Alakazam
91201860,/Users/nickzwart/Desktop/8-8-2026/91201860.json,Jack,1,1,0.5227,M-Kangaskhan
91202098,/Users/nickzwart/Desktop/8-8-2026/91202098.json,DavidFreelan,1,1,0.5952,M-Kangaskhan
91202945,/Users/nickzwart/Desktop/8-8-2026/91202945.json,Jack,0,0,0.5227,M-Lucario
91203650,/Users/nickzwart/Desktop/8-8-2026/91203650.json,Jack,1,1,0.5227,M-Kangaskhan
91202217,/Users/nickzwart/Desktop/8-8-2026/91202217.json,kwa,0,0,0.5802,Grimmsnarl
91202743,/Users/nickzwart/Desktop/8-8-2026/91202743.json,Brahim,0,0,0.4167,Grimmsnarl
91202882,/Users/nickzwart/Desktop/8-8-2026/91202882.json,DavidFreelan,1,0,0.5952,Grimmsnarl
91203864,/Users/nickzwart/Desktop/8-8-2026/91203864.json,DavidFreelan,1,0,0.5952,Hydrapple
91204545,/Users/nickzwart/Desktop/8-8-2026/91204545.json,Roman Stupin,0,1,0.3333,Grimmsnarl
91204670,/Users/nickzwart/Desktop/8-8-2026/91204670.json,DavidFreelan,0,1,0.5952,Hydrapple
91204706,/Users/nickzwart/Desktop/8-8-2026/91204706.json,loIzpo + emonga,0,1,0.5057,Grimmsnarl
91205472,/Users/nickzwart/Desktop/8-8-2026/91205472.json,Benarg,0,0,0.4853,Ogerpon
91205561,/Users/nickzwart/Desktop/8-8-2026/91205561.json,DavidFreelan,1,1,0.5952,Grimmsnarl
91205736,/Users/nickzwart/Desktop/8-8-2026/91205736.json,Brahim,0,1,0.4167,Ogerpon
91206566,/Users/nickzwart/Desktop/8-8-2026/91206566.json,M Sato,0,1,0.5857,Grimmsnarl
91207312,/Users/nickzwart/Desktop/8-8-2026/91207312.json,Octavi Grau,0,0,0.325,Grimmsnarl
91207328,/Users/nickzwart/Desktop/8-8-2026/91207328.json,Team KASA.,1,0,0.5079,Grimmsnarl
91207336,/Users/nickzwart/Desktop/8-8-2026/91207336.json,DavidFreelan,1,0,0.5952,Alakazam
91207399,/Users/nickzwart/Desktop/8-8-2026/91207399.json,JB Bryant,1,0,0.5657,Alakazam
91208078,/Users/nickzwart/Desktop/8-8-2026/91208078.json,kwa,0,1,0.5802,M-Kangaskhan
91208998,/Users/nickzwart/Desktop/8-8-2026/91208998.json,kwa,1,1,0.5802,Grimmsnarl
91209076,/Users/nickzwart/Desktop/8-8-2026/91209076.json,Oleksandr_Savsunenko,1,0,0.3902,Grimmsnarl
91208147,/Users/nickzwart/Desktop/8-8-2026/91208147.json,JB Bryant,0,0,0.5657,other
91208200,/Users/nickzwart/Desktop/8-8-2026/91208200.json,insuperabilehart,0,1,0.529,Grimmsnarl
91208213,/Users/nickzwart/Desktop/8-8-2026/91208213.json,stnick,1,1,0.5246,Grimmsnarl
91209141,/Users/nickzwart/Desktop/8-8-2026/91209141.json,kanno,0,1,0.5161,Dragapult
91209240,/Users/nickzwart/Desktop/8-8-2026/91209240.json,Benarg,0,0,0.4853,M-Lopunny
91209240,/Users/nickzwart/Desktop/8-8-2026/91209240.json,DavidFreelan,1,1,0.5952,M-Lopunny
91209886,/Users/nickzwart/Desktop/8-8-2026/91209886.json,insuperabilehart,1,0,0.529,M-Kangaskhan
91210878,/Users/nickzwart/Desktop/8-8-2026/91210878.json,matsurih,0,1,0.5393,Hydrapple
91210894,/Users/nickzwart/Desktop/8-8-2026/91210894.json,DavidFreelan,0,1,0.5952,Grimmsnarl
91209980,/Users/nickzwart/Desktop/8-8-2026/91209980.json,kwa,0,1,0.5802,M-Kangaskhan
91210014,/Users/nickzwart/Desktop/8-8-2026/91210014.json,DavidFreelan,1,1,0.5952,Grimmsnarl
91210022,/Users/nickzwart/Desktop/8-8-2026/91210022.json,cm391,0,1,0.4286,Grimmsnarl
91211665,/Users/nickzwart/Desktop/8-8-2026/91211665.json,typeIIIfairy,1,1,0.3696,M-Kangaskhan
91211768,/Users/nickzwart/Desktop/8-8-2026/91211768.json,kwa,1,0,0.5802,other
91213356,/Users/nickzwart/Desktop/8-8-2026/91213356.json,DavidFreelan,1,0,0.5952,M-Kangaskhan
91212630,/Users/nickzwart/Desktop/8-8-2026/91212630.json,Octavi Grau,0,0,0.325,Alakazam
91212653,/Users/nickzwart/Desktop/8-8-2026/91212653.json,kwa,1,0,0.5802,Grimmsnarl
91212674,/Users/nickzwart/Desktop/8-8-2026/91212674.json,DavidFreelan,0,1,0.5952,Alakazam
91212676,/Users/nickzwart/Desktop/8-8-2026/91212676.json,Funky,0,0,0.54,Grimmsnarl
91214438,/Users/nickzwart/Desktop/8-8-2026/91214438.json,kwa,1,1,0.5802,Grimmsnarl
91214448,/Users/nickzwart/Desktop/8-8-2026/91214448.json,DavidFreelan,1,1,0.5952,M-Kangaskhan
91214492,/Users/nickzwart/Desktop/8-8-2026/91214492.json,kanno,0,1,0.5161,Grimmsnarl
91215143,/Users/nickzwart/Desktop/8-8-2026/91215143.json,Team KASA.,0,1,0.5079,other
91215149,/Users/nickzwart/Desktop/8-8-2026/91215149.json,insuperabilehart,1,0,0.529,Grimmsnarl
91215231,/Users/nickzwart/Desktop/8-8-2026/91215231.json,Roman Stupin,0,1,0.3333,Grimmsnarl
91215318,/Users/nickzwart/Desktop/8-8-2026/91215318.json,kwa,1,1,0.5802,Grimmsnarl
91215345,/Users/nickzwart/Desktop/8-8-2026/91215345.json,DavidFreelan,1,0,0.5952,Dudunsparce
91217037,/Users/nickzwart/Desktop/8-8-2026/91217037.json,sadwat,1,1,0.5339,Grimmsnarl
91217133,/Users/nickzwart/Desktop/8-8-2026/91217133.json,kwa,0,1,0.5802,M-Kangaskhan
91216237,/Users/nickzwart/Desktop/8-8-2026/91216237.json,kwa,1,1,0.5802,Grimmsnarl
91216256,/Users/nickzwart/Desktop/8-8-2026/91216256.json,DavidFreelan,0,1,0.5952,Grimmsnarl
91217169,/Users/nickzwart/Desktop/8-8-2026/91217169.json,DavidFreelan,0,0,0.5952,Grimmsnarl
91217198,/Users/nickzwart/Desktop/8-8-2026/91217198.json,sadwat,1,1,0.5339,Grimmsnarl
91218012,/Users/nickzwart/Desktop/8-8-2026/91218012.json,kwa,0,1,0.5802,Grimmsnarl
91218926,/Users/nickzwart/Desktop/8-8-2026/91218926.json,kwa,1,0,0.5802,Grimmsnarl
91218716,/Users/nickzwart/Desktop/8-8-2026/91218716.json,kwa,0,1,0.5802,Dragapult
91219807,/Users/nickzwart/Desktop/8-8-2026/91219807.json,kwa,1,1,0.5802,Alakazam
91219826,/Users/nickzwart/Desktop/8-8-2026/91219826.json,DavidFreelan,0,1,0.5952,Grimmsnarl
91219861,/Users/nickzwart/Desktop/8-8-2026/91219861.json,wwwwwwwwwwwwwwwwwwwwwwwwwwwwww,1,0,0.6714,Grimmsnarl
91219568,/Users/nickzwart/Desktop/8-8-2026/91219568.json,M Sato,0,1,0.5857,Ogerpon
91219720,/Users/nickzwart/Desktop/8-8-2026/91219720.json,kanno,1,1,0.5161,Grimmsnarl
91220745,/Users/nickzwart/Desktop/8-8-2026/91220745.json,kwa,1,1,0.5802,Ogerpon
91221340,/Users/nickzwart/Desktop/8-8-2026/91221340.json,M Sato,1,1,0.5857,Dragapult
91221618,/Users/nickzwart/Desktop/8-8-2026/91221618.json,DavidFreelan,1,0,0.5952,other
91222262,/Users/nickzwart/Desktop/8-8-2026/91222262.json,typeIIIfairy,0,1,0.3696,Ogerpon
91222283,/Users/nickzwart/Desktop/8-8-2026/91222283.json,M Sato,0,1,0.5857,M-Kangaskhan
91220464,/Users/nickzwart/Desktop/8-8-2026/91220464.json,M Sato,0,1,0.5857,Alakazam
91220505,/Users/nickzwart/Desktop/8-8-2026/91220505.json,DavidFreelan,0,1,0.5952,other
91220565,/Users/nickzwart/Desktop/8-8-2026/91220565.json,kwa,1,1,0.5802,Hydrapple
91221582,/Users/nickzwart/Desktop/8-8-2026/91221582.json,kwa,1,1,0.5802,Ogerpon
91221583,/Users/nickzwart/Desktop/8-8-2026/91221583.json,Dakuma,1,1,0.4444,Alakazam
91222457,/Users/nickzwart/Desktop/8-8-2026/91222457.json,Octavi Grau,0,0,0.325,M-Lopunny
91222457,/Users/nickzwart/Desktop/8-8-2026/91222457.json,kwa,1,1,0.5802,M-Lopunny
91222534,/Users/nickzwart/Desktop/8-8-2026/91222534.json,DavidFreelan,0,0,0.5952,Grimmsnarl
91223377,/Users/nickzwart/Desktop/8-8-2026/91223377.json,Jack,1,1,0.5227,Hydrapple
91224042,/Users/nickzwart/Desktop/8-8-2026/91224042.json,M Sato,1,1,0.5857,Dudunsparce
91225090,/Users/nickzwart/Desktop/8-8-2026/91225090.json,Oleksandr_Savsunenko,1,0,0.3902,M-Kangaskhan
91225159,/Users/nickzwart/Desktop/8-8-2026/91225159.json,kwa,1,1,0.5802,M-Lucario
91223165,/Users/nickzwart/Desktop/8-8-2026/91223165.json,Octavi Grau,1,0,0.325,Dragapult
91223223,/Users/nickzwart/Desktop/8-8-2026/91223223.json,M Sato,0,0,0.5857,Dragapult
91224147,/Users/nickzwart/Desktop/8-8-2026/91224147.json,Dakuma,1,0,0.4444,Hydrapple
91224330,/Users/nickzwart/Desktop/8-8-2026/91224330.json,想要成为kaggle大师,1,1,0.5906,Alakazam
91224935,/Users/nickzwart/Desktop/8-8-2026/91224935.json,M Sato,0,0,0.5857,M-Kangaskhan
91225209,/Users/nickzwart/Desktop/8-8-2026/91225209.json,Funky,0,1,0.54,M-Kangaskhan
91225243,/Users/nickzwart/Desktop/8-8-2026/91225243.json,M Sato,1,0,0.5857,Alakazam
91225839,/Users/nickzwart/Desktop/8-8-2026/91225839.json,NIWATORI,0,1,0.5357,Dragapult
91225982,/Users/nickzwart/Desktop/8-8-2026/91225982.json,zhangshuosc,0,1,0.5556,M-Kangaskhan
91226049,/Users/nickzwart/Desktop/8-8-2026/91226049.json,kwa,0,0,0.5802,M-Kangaskhan
91226080,/Users/nickzwart/Desktop/8-8-2026/91226080.json,NIWATORI,0,1,0.5357,M-Kangaskhan
91226113,/Users/nickzwart/Desktop/8-8-2026/91226113.json,Jack,1,0,0.5227,M-Kangaskhan
91226115,/Users/nickzwart/Desktop/8-8-2026/91226115.json,Jack,0,1,0.5227,M-Lopunny
91226115,/Users/nickzwart/Desktop/8-8-2026/91226115.json,loIzpo + emonga,1,0,0.5057,M-Lopunny
91226705,/Users/nickzwart/Desktop/8-8-2026/91226705.json,M Sato,0,0,0.5857,Alakazam
91226817,/Users/nickzwart/Desktop/8-8-2026/91226817.json,sobameshi,1,1,0.4737,Hydrapple
91226918,/Users/nickzwart/Desktop/8-8-2026/91226918.json,kwa,1,1,0.5802,Grimmsnarl
91227583,/Users/nickzwart/Desktop/8-8-2026/91227583.json,zhangshuosc,1,1,0.5556,Ogerpon
91228466,/Users/nickzwart/Desktop/8-8-2026/91228466.json,zhangshuosc,1,1,0.5556,Grimmsnarl
91228549,/Users/nickzwart/Desktop/8-8-2026/91228549.json,M Sato,0,1,0.5857,M-Kangaskhan
91227607,/Users/nickzwart/Desktop/8-8-2026/91227607.json,M Sato,0,1,0.5857,Grimmsnarl
91229625,/Users/nickzwart/Desktop/8-8-2026/91229625.json,john jiang zhifeng,1,0,0.3243,Alakazam
91229361,/Users/nickzwart/Desktop/8-8-2026/91229361.json,zhangshuosc,0,1,0.5556,Grimmsnarl
91229379,/Users/nickzwart/Desktop/8-8-2026/91229379.json,M Sato,1,1,0.5857,M-Kangaskhan
91230271,/Users/nickzwart/Desktop/8-8-2026/91230271.json,M Sato,0,0,0.5857,M-Kangaskhan
91230357,/Users/nickzwart/Desktop/8-8-2026/91230357.json,insuperabilehart,1,0,0.529,M-Lucario
91230419,/Users/nickzwart/Desktop/8-8-2026/91230419.json,loIzpo + emonga,1,0,0.5057,Grimmsnarl
91231070,/Users/nickzwart/Desktop/8-8-2026/91231070.json,typeIIIfairy,0,1,0.3696,M-Lopunny
91231070,/Users/nickzwart/Desktop/8-8-2026/91231070.json,zhangshuosc,1,0,0.5556,M-Lopunny
91232067,/Users/nickzwart/Desktop/8-8-2026/91232067.json,M Sato,0,1,0.5857,Hydrapple
91231171,/Users/nickzwart/Desktop/8-8-2026/91231171.json,M Sato,0,1,0.5857,Grimmsnarl
91231238,/Users/nickzwart/Desktop/8-8-2026/91231238.json,JB Bryant,1,1,0.5657,Hydrapple
91232909,/Users/nickzwart/Desktop/8-8-2026/91232909.json,zhangshuosc,0,1,0.5556,M-Kangaskhan
91232945,/Users/nickzwart/Desktop/8-8-2026/91232945.json,M Sato,0,1,0.5857,other
91233078,/Users/nickzwart/Desktop/8-8-2026/91233078.json,typeIIIfairy,0,1,0.3696,Hydrapple
91233149,/Users/nickzwart/Desktop/8-8-2026/91233149.json,Brahim,1,0,0.4167,Hydrapple
91233808,/Users/nickzwart/Desktop/8-8-2026/91233808.json,Brahim,0,0,0.4167,Alakazam
91233814,/Users/nickzwart/Desktop/8-8-2026/91233814.json,M Sato,0,1,0.5857,M-Lopunny
91233814,/Users/nickzwart/Desktop/8-8-2026/91233814.json,zhangshuosc,1,0,0.5556,M-Lopunny
91233822,/Users/nickzwart/Desktop/8-8-2026/91233822.json,zhangshuosc,0,1,0.5556,Grimmsnarl
91233866,/Users/nickzwart/Desktop/8-8-2026/91233866.json,kwa,0,1,0.5802,Grimmsnarl
91233947,/Users/nickzwart/Desktop/8-8-2026/91233947.json,loIzpo + emonga,1,1,0.5057,M-Kangaskhan
91233969,/Users/nickzwart/Desktop/8-8-2026/91233969.json,LiamK,0,1,0.4444,Alakazam
91234001,/Users/nickzwart/Desktop/8-8-2026/91234001.json,zhangshuosc,1,0,0.5556,M-Lucario
91236553,/Users/nickzwart/Desktop/8-8-2026/91236553.json,stnick,1,1,0.5246,Dragapult
91236723,/Users/nickzwart/Desktop/8-8-2026/91236723.json,DavidFreelan,0,1,0.5952,M-Lopunny
91236723,/Users/nickzwart/Desktop/8-8-2026/91236723.json,stnick,1,0,0.5246,M-Lopunny
91234871,/Users/nickzwart/Desktop/8-8-2026/91234871.json,sobameshi,0,1,0.4737,Grimmsnarl
91235585,/Users/nickzwart/Desktop/8-8-2026/91235585.json,M Sato,1,0,0.5857,Garchomp
91235589,/Users/nickzwart/Desktop/8-8-2026/91235589.json,Dakuma,0,1,0.4444,M-Lopunny
91235589,/Users/nickzwart/Desktop/8-8-2026/91235589.json,zhangshuosc,1,0,0.5556,M-Lopunny
91237363,/Users/nickzwart/Desktop/8-8-2026/91237363.json,M Sato,0,0,0.5857,Ogerpon
91237443,/Users/nickzwart/Desktop/8-8-2026/91237443.json,Jack,1,1,0.5227,Ogerpon
91237542,/Users/nickzwart/Desktop/8-8-2026/91237542.json,DavidFreelan,1,1,0.5952,Grimmsnarl
91234695,/Users/nickzwart/Desktop/8-8-2026/91234695.json,zhangshuosc,0,1,0.5556,M-Lopunny
91234695,/Users/nickzwart/Desktop/8-8-2026/91234695.json,Dipam Chakraborty,1,0,0.641,M-Lopunny
91234699,/Users/nickzwart/Desktop/8-8-2026/91234699.json,M Sato,0,1,0.5857,M-Lopunny
91234699,/Users/nickzwart/Desktop/8-8-2026/91234699.json,matsurih,1,0,0.5393,M-Lopunny
91234760,/Users/nickzwart/Desktop/8-8-2026/91234760.json,DavidFreelan,1,0,0.5952,Grimmsnarl
91236486,/Users/nickzwart/Desktop/8-8-2026/91236486.json,zhangshuosc,1,1,0.5556,Grimmsnarl
91236490,/Users/nickzwart/Desktop/8-8-2026/91236490.json,kwa,0,0,0.5802,M-Lopunny
91236490,/Users/nickzwart/Desktop/8-8-2026/91236490.json,M Sato,1,1,0.5857,M-Lopunny
91239146,/Users/nickzwart/Desktop/8-8-2026/91239146.json,M Sato,0,1,0.5857,M-Kangaskhan
91239149,/Users/nickzwart/Desktop/8-8-2026/91239149.json,zhangshuosc,1,1,0.5556,Ogerpon
91239254,/Users/nickzwart/Desktop/8-8-2026/91239254.json,NIWATORI,1,0,0.5357,Grimmsnarl
91239926,/Users/nickzwart/Desktop/8-8-2026/91239926.json,kanno,1,0,0.5161,Alakazam
91238271,/Users/nickzwart/Desktop/8-8-2026/91238271.json,zhangshuosc,1,1,0.5556,Grimmsnarl
91239033,/Users/nickzwart/Desktop/8-8-2026/91239033.json,typeIIIfairy,0,0,0.3696,Grimmsnarl
91240937,/Users/nickzwart/Desktop/8-8-2026/91240937.json,M Sato,0,1,0.5857,M-Kangaskhan
91240955,/Users/nickzwart/Desktop/8-8-2026/91240955.json,zhangshuosc,1,0,0.5556,M-Lucario
91241017,/Users/nickzwart/Desktop/8-8-2026/91241017.json,loIzpo + emonga,0,1,0.5057,Grimmsnarl
91241824,/Users/nickzwart/Desktop/8-8-2026/91241824.json,M Sato,1,0,0.5857,Alakazam
91241845,/Users/nickzwart/Desktop/8-8-2026/91241845.json,zhangshuosc,0,0,0.5556,M-Lucario
91242712,/Users/nickzwart/Desktop/8-8-2026/91242712.json,JB Bryant,0,1,0.5657,Alakazam
91243603,/Users/nickzwart/Desktop/8-8-2026/91243603.json,M Sato,0,1,0.5857,Alakazam
91243682,/Users/nickzwart/Desktop/8-8-2026/91243682.json,DavidFreelan,0,1,0.5952,Ogerpon
91243711,/Users/nickzwart/Desktop/8-8-2026/91243711.json,Octavi Grau,0,1,0.325,Dragapult
91243731,/Users/nickzwart/Desktop/8-8-2026/91243731.json,matsurih,0,1,0.5393,Grimmsnarl
91243773,/Users/nickzwart/Desktop/8-8-2026/91243773.json,cm391,1,0,0.4286,Grimmsnarl
91242745,/Users/nickzwart/Desktop/8-8-2026/91242745.json,zhangshuosc,1,0,0.5556,Alakazam
91242771,/Users/nickzwart/Desktop/8-8-2026/91242771.json,想要成为kaggle大师,1,0,0.5906,M-Kangaskhan
91244481,/Users/nickzwart/Desktop/8-8-2026/91244481.json,M Sato,0,1,0.5857,M-Kangaskhan
91244600,/Users/nickzwart/Desktop/8-8-2026/91244600.json,insuperabilehart,0,1,0.529,M-Kangaskhan
91244631,/Users/nickzwart/Desktop/8-8-2026/91244631.json,DavidFreelan,0,0,0.5952,Grimmsnarl
91245299,/Users/nickzwart/Desktop/8-8-2026/91245299.json,LiamK,1,1,0.4444,Alakazam
91245414,/Users/nickzwart/Desktop/8-8-2026/91245414.json,LiamK,0,0,0.4444,M-Lopunny
91245414,/Users/nickzwart/Desktop/8-8-2026/91245414.json,M Sato,1,1,0.5857,M-Lopunny
91245427,/Users/nickzwart/Desktop/8-8-2026/91245427.json,DavidFreelan,0,1,0.5952,Alakazam
91245562,/Users/nickzwart/Desktop/8-8-2026/91245562.json,sadwat,0,1,0.5339,M-Lopunny
91245562,/Users/nickzwart/Desktop/8-8-2026/91245562.json,kwa,1,0,0.5802,M-Lopunny
91246194,/Users/nickzwart/Desktop/8-8-2026/91246194.json,kwa,0,1,0.5802,Grimmsnarl
91246279,/Users/nickzwart/Desktop/8-8-2026/91246279.json,john jiang zhifeng,1,1,0.3243,Ogerpon
91246307,/Users/nickzwart/Desktop/8-8-2026/91246307.json,M Sato,1,1,0.5857,M-Kangaskhan
91246347,/Users/nickzwart/Desktop/8-8-2026/91246347.json,zhangshuosc,0,0,0.5556,Grimmsnarl
91247199,/Users/nickzwart/Desktop/8-8-2026/91247199.json,M Sato,0,1,0.5857,Dragapult
91248081,/Users/nickzwart/Desktop/8-8-2026/91248081.json,M Sato,0,0,0.5857,M-Kangaskhan
91248250,/Users/nickzwart/Desktop/8-8-2026/91248250.json,Octavi Grau,1,0,0.325,Grimmsnarl
91247288,/Users/nickzwart/Desktop/8-8-2026/91247288.json,DavidFreelan,1,1,0.5952,Grimmsnarl
91247377,/Users/nickzwart/Desktop/8-8-2026/91247377.json,Roman Stupin,1,0,0.3333,Hydrapple
91247933,/Users/nickzwart/Desktop/8-8-2026/91247933.json,JB Bryant,0,1,0.5657,Alakazam
91247996,/Users/nickzwart/Desktop/8-8-2026/91247996.json,kwa,1,1,0.5802,Alakazam
91248879,/Users/nickzwart/Desktop/8-8-2026/91248879.json,kwa,0,1,0.5802,M-Kangaskhan
91248942,/Users/nickzwart/Desktop/8-8-2026/91248942.json,kkanayj,0,0,0.3438,Alakazam
91249807,/Users/nickzwart/Desktop/8-8-2026/91249807.json,M Sato,0,0,0.5857,Grimmsnarl
91249855,/Users/nickzwart/Desktop/8-8-2026/91249855.json,DavidFreelan,1,0,0.5952,Grimmsnarl
91249887,/Users/nickzwart/Desktop/8-8-2026/91249887.json,Funky,1,0,0.54,Alakazam
91250019,/Users/nickzwart/Desktop/8-8-2026/91250019.json,DavidFreelan,0,1,0.5952,Grimmsnarl
91250634,/Users/nickzwart/Desktop/8-8-2026/91250634.json,Octavi Grau,1,0,0.325,Grimmsnarl
91251680,/Users/nickzwart/Desktop/8-8-2026/91251680.json,M Sato,0,0,0.5857,M-Kangaskhan
91251774,/Users/nickzwart/Desktop/8-8-2026/91251774.json,Octavi Grau,1,1,0.325,Alakazam
91251786,/Users/nickzwart/Desktop/8-8-2026/91251786.json,Funky,0,0,0.54,M-Lopunny
91251786,/Users/nickzwart/Desktop/8-8-2026/91251786.json,DavidFreelan,1,1,0.5952,M-Lopunny
91250906,/Users/nickzwart/Desktop/8-8-2026/91250906.json,DavidFreelan,0,1,0.5952,Grimmsnarl
91252429,/Users/nickzwart/Desktop/8-8-2026/91252429.json,typeIIIfairy,0,1,0.3696,Grimmsnarl
91252585,/Users/nickzwart/Desktop/8-8-2026/91252585.json,M Sato,0,1,0.5857,Hydrapple
91253241,/Users/nickzwart/Desktop/8-8-2026/91253241.json,M Sato,0,1,0.5857,Grimmsnarl
91253257,/Users/nickzwart/Desktop/8-8-2026/91253257.json,john jiang zhifeng,1,0,0.3243,Alakazam
91254246,/Users/nickzwart/Desktop/8-8-2026/91254246.json,LiamK,1,0,0.4444,Alakazam
91254266,/Users/nickzwart/Desktop/8-8-2026/91254266.json,stnick,1,0,0.5246,Grimmsnarl
91254364,/Users/nickzwart/Desktop/8-8-2026/91254364.json,M Sato,1,0,0.5857,Hydrapple
91256140,/Users/nickzwart/Desktop/8-8-2026/91256140.json,M Sato,0,0,0.5857,Grimmsnarl
91255240,/Users/nickzwart/Desktop/8-8-2026/91255240.json,M Sato,0,0,0.5857,Dragapult
91255269,/Users/nickzwart/Desktop/8-8-2026/91255269.json,Jack,1,0,0.5227,Dragapult
91255868,/Users/nickzwart/Desktop/8-8-2026/91255868.json,Benarg,1,0,0.4853,Grimmsnarl
91256847,/Users/nickzwart/Desktop/8-8-2026/91256847.json,loIzpo + emonga,0,1,0.5057,Archaludon
91256923,/Users/nickzwart/Desktop/8-8-2026/91256923.json,M Sato,1,0,0.5857,Alakazam
91257041,/Users/nickzwart/Desktop/8-8-2026/91257041.json,M Sato,1,1,0.5857,Grimmsnarl
91258744,/Users/nickzwart/Desktop/8-8-2026/91258744.json,Funky,1,0,0.54,M-Kangaskhan
91259512,/Users/nickzwart/Desktop/8-8-2026/91259512.json,DavidFreelan,0,1,0.5952,Grimmsnarl
91257904,/Users/nickzwart/Desktop/8-8-2026/91257904.json,M Sato,1,0,0.5857,Dragapult
91259592,/Users/nickzwart/Desktop/8-8-2026/91259592.json,M Sato,1,0,0.5857,Alakazam
91260396,/Users/nickzwart/Desktop/8-8-2026/91260396.json,Brahim,0,1,0.4167,Ogerpon
91261452,/Users/nickzwart/Desktop/8-8-2026/91261452.json,kanno,0,1,0.5161,M-Kangaskhan
91262318,/Users/nickzwart/Desktop/8-8-2026/91262318.json,insuperabilehart,1,1,0.529,Ogerpon
91261325,/Users/nickzwart/Desktop/8-8-2026/91261325.json,Brahim,1,1,0.4167,Ogerpon
91261352,/Users/nickzwart/Desktop/8-8-2026/91261352.json,Jack,0,0,0.5227,Grimmsnarl
91261427,/Users/nickzwart/Desktop/8-8-2026/91261427.json,JB Bryant,1,1,0.5657,M-Kangaskhan
91263288,/Users/nickzwart/Desktop/8-8-2026/91263288.json,Dakuma,0,1,0.4444,Grimmsnarl
91264208,/Users/nickzwart/Desktop/8-8-2026/91264208.json,Roman Stupin,1,1,0.3333,Alakazam
91264222,/Users/nickzwart/Desktop/8-8-2026/91264222.json,LiamK,1,0,0.4444,M-Lucario
91264789,/Users/nickzwart/Desktop/8-8-2026/91264789.json,Dipam Chakraborty,1,1,0.641,other
91265715,/Users/nickzwart/Desktop/8-8-2026/91265715.json,Oleksandr_Savsunenko,1,0,0.3902,Grimmsnarl
91264810,/Users/nickzwart/Desktop/8-8-2026/91264810.json,matsurih,0,1,0.5393,Grimmsnarl
91264853,/Users/nickzwart/Desktop/8-8-2026/91264853.json,sobameshi,0,0,0.4737,Grimmsnarl
91264942,/Users/nickzwart/Desktop/8-8-2026/91264942.json,想要成为kaggle大师,0,1,0.5906,Grimmsnarl
91265772,/Users/nickzwart/Desktop/8-8-2026/91265772.json,cm391,0,0,0.4286,Grimmsnarl
91265863,/Users/nickzwart/Desktop/8-8-2026/91265863.json,insuperabilehart,1,1,0.529,Grimmsnarl
91265874,/Users/nickzwart/Desktop/8-8-2026/91265874.json,insuperabilehart,0,0,0.529,Ogerpon
91267677,/Users/nickzwart/Desktop/8-8-2026/91267677.json,cm391,1,1,0.4286,Grimmsnarl
91267692,/Users/nickzwart/Desktop/8-8-2026/91267692.json,Brahim,1,0,0.4167,M-Kangaskhan
91268546,/Users/nickzwart/Desktop/8-8-2026/91268546.json,JB Bryant,0,0,0.5657,Grimmsnarl
91269309,/Users/nickzwart/Desktop/8-8-2026/91269309.json,Oleksandr_Savsunenko,1,0,0.3902,other
91268476,/Users/nickzwart/Desktop/8-8-2026/91268476.json,kwa,0,0,0.5802,M-Kangaskhan
91268517,/Users/nickzwart/Desktop/8-8-2026/91268517.json,cm391,1,1,0.4286,Alakazam
91270129,/Users/nickzwart/Desktop/8-8-2026/91270129.json,cm391,1,1,0.4286,M-Kangaskhan
91273041,/Users/nickzwart/Desktop/8-8-2026/91273041.json,DavidFreelan,0,0,0.5952,Ogerpon
91272164,/Users/nickzwart/Desktop/8-8-2026/91272164.json,NIWATORI,0,1,0.5357,Dragapult
91272892,/Users/nickzwart/Desktop/8-8-2026/91272892.json,M Sato,0,0,0.5857,Alakazam
91274735,/Users/nickzwart/Desktop/8-8-2026/91274735.json,typeIIIfairy,1,0,0.3696,Alakazam
91275585,/Users/nickzwart/Desktop/8-8-2026/91275585.json,NIWATORI,1,0,0.5357,Alakazam
91276499,/Users/nickzwart/Desktop/8-8-2026/91276499.json,typeIIIfairy,1,0,0.3696,Alakazam
91275756,/Users/nickzwart/Desktop/8-8-2026/91275756.json,sadwat,0,0,0.5339,Alakazam
91276637,/Users/nickzwart/Desktop/8-8-2026/91276637.json,kwa,1,1,0.5802,Grimmsnarl
91277328,/Users/nickzwart/Desktop/8-8-2026/91277328.json,matsurih,1,1,0.5393,Dragapult
91277553,/Users/nickzwart/Desktop/8-8-2026/91277553.json,DavidFreelan,1,0,0.5952,other
91277589,/Users/nickzwart/Desktop/8-8-2026/91277589.json,wwwwwwwwwwwwwwwwwwwwwwwwwwwwww,1,1,0.6714,Hydrapple
91278174,/Users/nickzwart/Desktop/8-8-2026/91278174.json,sobameshi,0,0,0.4737,Alakazam
91279043,/Users/nickzwart/Desktop/8-8-2026/91279043.json,sadwat,1,1,0.5339,Grimmsnarl
91279208,/Users/nickzwart/Desktop/8-8-2026/91279208.json,loIzpo + emonga,1,1,0.5057,Alakazam
91280835,/Users/nickzwart/Desktop/8-8-2026/91280835.json,Jack,0,1,0.5227,Grimmsnarl
91281751,/Users/nickzwart/Desktop/8-8-2026/91281751.json,namopanda,1,1,0.3636,Ogerpon
91281769,/Users/nickzwart/Desktop/8-8-2026/91281769.json,JB Bryant,1,0,0.5657,Alakazam
91281789,/Users/nickzwart/Desktop/8-8-2026/91281789.json,kwa,1,1,0.5802,Ogerpon
91280998,/Users/nickzwart/Desktop/8-8-2026/91280998.json,NIWATORI,0,1,0.5357,Grimmsnarl
91282645,/Users/nickzwart/Desktop/8-8-2026/91282645.json,insuperabilehart,1,1,0.529,Grimmsnarl
91282653,/Users/nickzwart/Desktop/8-8-2026/91282653.json,namopanda,1,0,0.3636,Ogerpon
91282690,/Users/nickzwart/Desktop/8-8-2026/91282690.json,LiamK,1,1,0.4444,other
91284423,/Users/nickzwart/Desktop/8-8-2026/91284423.json,insuperabilehart,0,1,0.529,Ogerpon
91285586,/Users/nickzwart/Desktop/8-8-2026/91285586.json,Team KASA.,1,0,0.5079,M-Kangaskhan
91285373,/Users/nickzwart/Desktop/8-8-2026/91285373.json,namopanda,1,0,0.3636,Alakazam
91285413,/Users/nickzwart/Desktop/8-8-2026/91285413.json,Dakuma,0,0,0.4444,Grimmsnarl
91288027,/Users/nickzwart/Desktop/8-8-2026/91288027.json,Team KASA.,0,0,0.5079,Alakazam
91288300,/Users/nickzwart/Desktop/8-8-2026/91288300.json,Roman Stupin,0,0,0.3333,M-Lopunny
91288300,/Users/nickzwart/Desktop/8-8-2026/91288300.json,szlachetny snieg,1,1,0.5455,M-Lopunny
91289138,/Users/nickzwart/Desktop/8-8-2026/91289138.json,M Sato,0,1,0.5857,Alakazam
91289189,/Users/nickzwart/Desktop/8-8-2026/91289189.json,JB Bryant,1,1,0.5657,Ogerpon
91290707,/Users/nickzwart/Desktop/8-8-2026/91290707.json,Dakuma,0,0,0.4444,Alakazam
91289858,/Users/nickzwart/Desktop/8-8-2026/91289858.json,Benarg,0,0,0.4853,Grimmsnarl
91289911,/Users/nickzwart/Desktop/8-8-2026/91289911.json,namopanda,0,1,0.3636,M-Lopunny
91289911,/Users/nickzwart/Desktop/8-8-2026/91289911.json,Roman Stupin,1,0,0.3333,M-Lopunny
91290039,/Users/nickzwart/Desktop/8-8-2026/91290039.json,M Sato,0,0,0.5857,Grimmsnarl
91293662,/Users/nickzwart/Desktop/8-8-2026/91293662.json,想要成为kaggle大师,1,1,0.5906,Grimmsnarl
91294301,/Users/nickzwart/Desktop/8-8-2026/91294301.json,Oleksandr_Savsunenko,0,1,0.3902,M-Kangaskhan
91296146,/Users/nickzwart/Desktop/8-8-2026/91296146.json,想要成为kaggle大师,1,1,0.5906,Alakazam
91296211,/Users/nickzwart/Desktop/8-8-2026/91296211.json,namopanda,0,1,0.3636,Alakazam
91296232,/Users/nickzwart/Desktop/8-8-2026/91296232.json,kwa,0,1,0.5802,Ogerpon
91295166,/Users/nickzwart/Desktop/8-8-2026/91295166.json,stnick,1,1,0.5246,Alakazam
91297149,/Users/nickzwart/Desktop/8-8-2026/91297149.json,cm391,1,1,0.4286,Dragapult
91297219,/Users/nickzwart/Desktop/8-8-2026/91297219.json,LiamK,0,1,0.4444,Alakazam
91298890,/Users/nickzwart/Desktop/8-8-2026/91298890.json,namopanda,0,0,0.3636,Alakazam
91298922,/Users/nickzwart/Desktop/8-8-2026/91298922.json,JB Bryant,1,1,0.5657,Ogerpon
91299628,/Users/nickzwart/Desktop/8-8-2026/91299628.json,loIzpo + emonga,0,0,0.5057,Grimmsnarl
91299707,/Users/nickzwart/Desktop/8-8-2026/91299707.json,Brahim,1,0,0.4167,Alakazam
91302291,/Users/nickzwart/Desktop/8-8-2026/91302291.json,typeIIIfairy,0,0,0.3696,Alakazam
91302368,/Users/nickzwart/Desktop/8-8-2026/91302368.json,Dipam Chakraborty,0,1,0.641,Alakazam
91303228,/Users/nickzwart/Desktop/8-8-2026/91303228.json,JB Bryant,1,0,0.5657,M-Lucario
91305003,/Users/nickzwart/Desktop/8-8-2026/91305003.json,Oleksandr_Savsunenko,1,0,0.3902,Ogerpon
91307767,/Users/nickzwart/Desktop/8-8-2026/91307767.json,M Sato,0,1,0.5857,Alakazam
91307809,/Users/nickzwart/Desktop/8-8-2026/91307809.json,Team KASA.,0,1,0.5079,other
91307899,/Users/nickzwart/Desktop/8-8-2026/91307899.json,kwa,0,0,0.5802,Alakazam
91308848,/Users/nickzwart/Desktop/8-8-2026/91308848.json,wwwwwwwwwwwwwwwwwwwwwwwwwwwwww,1,1,0.6714,Grimmsnarl
91309642,/Users/nickzwart/Desktop/8-8-2026/91309642.json,kwa,0,1,0.5802,Alakazam
91311464,/Users/nickzwart/Desktop/8-8-2026/91311464.json,NIWATORI,0,0,0.5357,M-Lopunny
91311464,/Users/nickzwart/Desktop/8-8-2026/91311464.json,sadwat,1,1,0.5339,M-Lopunny
91312139,/Users/nickzwart/Desktop/8-8-2026/91312139.json,Brahim,0,1,0.4167,Alakazam
91312158,/Users/nickzwart/Desktop/8-8-2026/91312158.json,john jiang zhifeng,0,0,0.3243,Alakazam
91311253,/Users/nickzwart/Desktop/8-8-2026/91311253.json,Jack,1,0,0.5227,Alakazam
91312358,/Users/nickzwart/Desktop/8-8-2026/91312358.json,kwa,1,0,0.5802,Grimmsnarl
91314801,/Users/nickzwart/Desktop/8-8-2026/91314801.json,cm391,0,0,0.4286,Grimmsnarl
91314888,/Users/nickzwart/Desktop/8-8-2026/91314888.json,clora,0,1,0.7273,Alakazam
91314890,/Users/nickzwart/Desktop/8-8-2026/91314890.json,kwa,0,1,0.5802,other
91314979,/Users/nickzwart/Desktop/8-8-2026/91314979.json,clora,1,1,0.7273,M-Kangaskhan
91313986,/Users/nickzwart/Desktop/8-8-2026/91313986.json,Brahim,1,0,0.4167,Alakazam
91314089,/Users/nickzwart/Desktop/8-8-2026/91314089.json,clora,0,0,0.7273,Dragapult
91314131,/Users/nickzwart/Desktop/8-8-2026/91314131.json,matsurih,1,1,0.5393,M-Kangaskhan
91314146,/Users/nickzwart/Desktop/8-8-2026/91314146.json,DavidFreelan,0,1,0.5952,M-Kangaskhan
91313201,/Users/nickzwart/Desktop/8-8-2026/91313201.json,clora,0,1,0.7273,Hydrapple
91315098,/Users/nickzwart/Desktop/8-8-2026/91315098.json,kkanayj,1,0,0.3438,Garchomp
91315860,/Users/nickzwart/Desktop/8-8-2026/91315860.json,wwwwwwwwwwwwwwwwwwwwwwwwwwwwww,1,1,0.6714,Hydrapple
91315967,/Users/nickzwart/Desktop/8-8-2026/91315967.json,typeIIIfairy,1,0,0.3696,Grimmsnarl
91316844,/Users/nickzwart/Desktop/8-8-2026/91316844.json,Jack,1,0,0.5227,Alakazam
91317776,/Users/nickzwart/Desktop/8-8-2026/91317776.json,kwa,0,0,0.5802,Alakazam
91317833,/Users/nickzwart/Desktop/8-8-2026/91317833.json,wwwwwwwwwwwwwwwwwwwwwwwwwwwwww,0,0,0.6714,Alakazam
91317618,/Users/nickzwart/Desktop/8-8-2026/91317618.json,stnick,1,0,0.5246,Grimmsnarl
91317726,/Users/nickzwart/Desktop/8-8-2026/91317726.json,clora,0,0,0.7273,Garchomp
91319522,/Users/nickzwart/Desktop/8-8-2026/91319522.json,loIzpo + emonga,1,1,0.5057,Grimmsnarl
91320453,/Users/nickzwart/Desktop/8-8-2026/91320453.json,loIzpo + emonga,1,1,0.5057,Hydrapple
91320527,/Users/nickzwart/Desktop/8-8-2026/91320527.json,namopanda,1,1,0.3636,Hydrapple
91321277,/Users/nickzwart/Desktop/8-8-2026/91321277.json,M Sato,1,0,0.5857,M-Lucario
91322101,/Users/nickzwart/Desktop/8-8-2026/91322101.json,M Sato,0,1,0.5857,Grimmsnarl
91322350,/Users/nickzwart/Desktop/8-8-2026/91322350.json,想要成为kaggle大师,1,0,0.5906,M-Lucario
91323112,/Users/nickzwart/Desktop/8-8-2026/91323112.json,matsurih,0,0,0.5393,M-Lucario
91323149,/Users/nickzwart/Desktop/8-8-2026/91323149.json,Dipam Chakraborty,1,0,0.641,Garchomp
91323168,/Users/nickzwart/Desktop/8-8-2026/91323168.json,insuperabilehart,1,0,0.529,Grimmsnarl
91323862,/Users/nickzwart/Desktop/8-8-2026/91323862.json,Oleksandr_Savsunenko,0,0,0.3902,Hydrapple
91324009,/Users/nickzwart/Desktop/8-8-2026/91324009.json,M Sato,0,0,0.5857,M-Lucario
91324036,/Users/nickzwart/Desktop/8-8-2026/91324036.json,kwa,1,0,0.5802,Alakazam
91324045,/Users/nickzwart/Desktop/8-8-2026/91324045.json,djschmit,1,0,0.2857,Grimmsnarl
91325677,/Users/nickzwart/Desktop/8-8-2026/91325677.json,matsurih,0,0,0.5393,Grimmsnarl
91325763,/Users/nickzwart/Desktop/8-8-2026/91325763.json,Brahim,1,1,0.4167,Grimmsnarl
91325782,/Users/nickzwart/Desktop/8-8-2026/91325782.json,loIzpo + emonga,1,1,0.5057,Alakazam
91327441,/Users/nickzwart/Desktop/8-8-2026/91327441.json,Oleksandr_Savsunenko,1,0,0.3902,Alakazam
91326698,/Users/nickzwart/Desktop/8-8-2026/91326698.json,Jack,1,1,0.5227,M-Lucario
91329139,/Users/nickzwart/Desktop/8-8-2026/91329139.json,kanno,1,1,0.5161,Alakazam
91329293,/Users/nickzwart/Desktop/8-8-2026/91329293.json,cm391,1,0,0.4286,Alakazam
91330330,/Users/nickzwart/Desktop/8-8-2026/91330330.json,cm391,0,1,0.4286,M-Lucario
91331850,/Users/nickzwart/Desktop/8-8-2026/91331850.json,kanno,0,1,0.5161,Alakazam
91330936,/Users/nickzwart/Desktop/8-8-2026/91330936.json,kanno,0,1,0.5161,Grimmsnarl
91332746,/Users/nickzwart/Desktop/8-8-2026/91332746.json,kanno,0,1,0.5161,other
91332769,/Users/nickzwart/Desktop/8-8-2026/91332769.json,cm391,1,0,0.4286,Dragapult
91332920,/Users/nickzwart/Desktop/8-8-2026/91332920.json,matsurih,1,1,0.5393,Grimmsnarl
91333676,/Users/nickzwart/Desktop/8-8-2026/91333676.json,LiamK,0,1,0.4444,M-Lopunny
91333676,/Users/nickzwart/Desktop/8-8-2026/91333676.json,kanno,1,0,0.5161,M-Lopunny
91333737,/Users/nickzwart/Desktop/8-8-2026/91333737.json,typeIIIfairy,0,0,0.3696,M-Lucario
91334667,/Users/nickzwart/Desktop/8-8-2026/91334667.json,typeIIIfairy,0,1,0.3696,Grimmsnarl
91334898,/Users/nickzwart/Desktop/8-8-2026/91334898.json,kwa,0,0,0.5802,Alakazam
91335533,/Users/nickzwart/Desktop/8-8-2026/91335533.json,kanno,0,0,0.5161,Grimmsnarl
91336560,/Users/nickzwart/Desktop/8-8-2026/91336560.json,Team KASA.,1,1,0.5079,Grimmsnarl
91337277,/Users/nickzwart/Desktop/8-8-2026/91337277.json,---below this line is gay----,0,1,0.5882,Grimmsnarl
91338194,/Users/nickzwart/Desktop/8-8-2026/91338194.json,NIWATORI,0,0,0.5357,Alakazam
91338265,/Users/nickzwart/Desktop/8-8-2026/91338265.json,insuperabilehart,0,0,0.529,M-Lucario
91338465,/Users/nickzwart/Desktop/8-8-2026/91338465.json,typeIIIfairy,0,0,0.3696,M-Lopunny
91338465,/Users/nickzwart/Desktop/8-8-2026/91338465.json,Funky,1,1,0.54,M-Lopunny
91337474,/Users/nickzwart/Desktop/8-8-2026/91337474.json,Jack,0,1,0.5227,Grimmsnarl
91339102,/Users/nickzwart/Desktop/8-8-2026/91339102.json,---below this line is gay----,1,0,0.5882,M-Lucario
91335618,/Users/nickzwart/Desktop/8-8-2026/91335618.json,NIWATORI,0,0,0.5357,M-Lucario
91340060,/Users/nickzwart/Desktop/8-8-2026/91340060.json,kwa,1,0,0.5802,Ogerpon
91339283,/Users/nickzwart/Desktop/8-8-2026/91339283.json,JB Bryant,0,1,0.5657,Alakazam
91341147,/Users/nickzwart/Desktop/8-8-2026/91341147.json,---below this line is gay----,1,1,0.5882,Grimmsnarl
91342038,/Users/nickzwart/Desktop/8-8-2026/91342038.json,---below this line is gay----,0,1,0.5882,M-Kangaskhan
91342749,/Users/nickzwart/Desktop/8-8-2026/91342749.json,kwa,0,0,0.5802,Alakazam
91342829,/Users/nickzwart/Desktop/8-8-2026/91342829.json,kanno,1,0,0.5161,Alakazam
91342935,/Users/nickzwart/Desktop/8-8-2026/91342935.json,---below this line is gay----,0,0,0.5882,Grimmsnarl
91343672,/Users/nickzwart/Desktop/8-8-2026/91343672.json,---below this line is gay----,0,0,0.5882,Alakazam
91343673,/Users/nickzwart/Desktop/8-8-2026/91343673.json,---below this line is gay----,0,0,0.5882,M-Froslass
91343916,/Users/nickzwart/Desktop/8-8-2026/91343916.json,matsurih,1,0,0.5393,Grimmsnarl
91344585,/Users/nickzwart/Desktop/8-8-2026/91344585.json,matsurih,0,0,0.5393,Alakazam
91344596,/Users/nickzwart/Desktop/8-8-2026/91344596.json,sadwat,0,1,0.5339,M-Kangaskhan
91344690,/Users/nickzwart/Desktop/8-8-2026/91344690.json,NIWATORI,0,0,0.5357,M-Lucario
91345510,/Users/nickzwart/Desktop/8-8-2026/91345510.json,Dakuma,0,0,0.4444,M-Lopunny
91345510,/Users/nickzwart/Desktop/8-8-2026/91345510.json,---below this line is gay----,1,1,0.5882,M-Lopunny
91345583,/Users/nickzwart/Desktop/8-8-2026/91345583.json,kanno,0,0,0.5161,Alakazam
91345684,/Users/nickzwart/Desktop/8-8-2026/91345684.json,namopanda,1,0,0.3636,Alakazam
91346441,/Users/nickzwart/Desktop/8-8-2026/91346441.json,---below this line is gay----,1,0,0.5882,Hydrapple
91347378,/Users/nickzwart/Desktop/8-8-2026/91347378.json,---below this line is gay----,0,1,0.5882,Grimmsnarl
91347292,/Users/nickzwart/Desktop/8-8-2026/91347292.json,loIzpo + emonga,1,1,0.5057,Alakazam
91347317,/Users/nickzwart/Desktop/8-8-2026/91347317.json,Jack,0,0,0.5227,Grimmsnarl
91349246,/Users/nickzwart/Desktop/8-8-2026/91349246.json,NIWATORI,1,1,0.5357,Grimmsnarl
91349343,/Users/nickzwart/Desktop/8-8-2026/91349343.json,loIzpo + emonga,1,1,0.5057,Ogerpon
91349391,/Users/nickzwart/Desktop/8-8-2026/91349391.json,LiamK,0,1,0.4444,M-Kangaskhan
91349150,/Users/nickzwart/Desktop/8-8-2026/91349150.json,想要成为kaggle大师,0,0,0.5906,Dragapult
91350878,/Users/nickzwart/Desktop/8-8-2026/91350878.json,perrodawn,1,1,0.5098,Grimmsnarl
91349396,/Users/nickzwart/Desktop/8-8-2026/91349396.json,---below this line is gay----,1,0,0.5882,Grimmsnarl
91350094,/Users/nickzwart/Desktop/8-8-2026/91350094.json,---below this line is gay----,1,1,0.5882,Ogerpon
91350982,/Users/nickzwart/Desktop/8-8-2026/91350982.json,LiamK,1,1,0.4444,Grimmsnarl
91351017,/Users/nickzwart/Desktop/8-8-2026/91351017.json,---below this line is gay----,0,1,0.5882,Alakazam
91351093,/Users/nickzwart/Desktop/8-8-2026/91351093.json,kanno,0,0,0.5161,M-Froslass
91351159,/Users/nickzwart/Desktop/8-8-2026/91351159.json,Funky,0,1,0.54,Hydrapple
91351805,/Users/nickzwart/Desktop/8-8-2026/91351805.json,perrodawn,0,1,0.5098,Alakazam
91351871,/Users/nickzwart/Desktop/8-8-2026/91351871.json,typeIIIfairy,0,0,0.3696,Grimmsnarl
91351986,/Users/nickzwart/Desktop/8-8-2026/91351986.json,kanno,0,1,0.5161,Alakazam
91352058,/Users/nickzwart/Desktop/8-8-2026/91352058.json,Team KASA.,1,1,0.5079,Alakazam
91352114,/Users/nickzwart/Desktop/8-8-2026/91352114.json,sadwat,1,0,0.5339,Dragapult
91352716,/Users/nickzwart/Desktop/8-8-2026/91352716.json,perrodawn,0,1,0.5098,Grimmsnarl
91352862,/Users/nickzwart/Desktop/8-8-2026/91352862.json,---below this line is gay----,1,1,0.5882,Grimmsnarl
91352865,/Users/nickzwart/Desktop/8-8-2026/91352865.json,kwa,0,1,0.5802,Grimmsnarl
91353774,/Users/nickzwart/Desktop/8-8-2026/91353774.json,---below this line is gay----,1,1,0.5882,Grimmsnarl
91353835,/Users/nickzwart/Desktop/8-8-2026/91353835.json,M Sato,0,0,0.5857,Dragapult
91353840,/Users/nickzwart/Desktop/8-8-2026/91353840.json,kanno,1,0,0.5161,Alakazam
91354475,/Users/nickzwart/Desktop/8-8-2026/91354475.json,perrodawn,0,1,0.5098,Archaludon
91355412,/Users/nickzwart/Desktop/8-8-2026/91355412.json,kanno,0,0,0.5161,M-Lucario
91355438,/Users/nickzwart/Desktop/8-8-2026/91355438.json,kkanayj,1,0,0.3438,Grimmsnarl
91355479,/Users/nickzwart/Desktop/8-8-2026/91355479.json,perrodawn,0,1,0.5098,M-Kangaskhan
91354540,/Users/nickzwart/Desktop/8-8-2026/91354540.json,perrodawn,0,1,0.5098,Ogerpon
91354592,/Users/nickzwart/Desktop/8-8-2026/91354592.json,insuperabilehart,0,0,0.529,Grimmsnarl
91354659,/Users/nickzwart/Desktop/8-8-2026/91354659.json,JB Bryant,1,1,0.5657,M-Kangaskhan
91354687,/Users/nickzwart/Desktop/8-8-2026/91354687.json,---below this line is gay----,0,1,0.5882,M-Lopunny
91354687,/Users/nickzwart/Desktop/8-8-2026/91354687.json,Brahim,1,0,0.4167,M-Lopunny
91355600,/Users/nickzwart/Desktop/8-8-2026/91355600.json,---below this line is gay----,1,0,0.5882,Grimmsnarl
91355665,/Users/nickzwart/Desktop/8-8-2026/91355665.json,insuperabilehart,0,1,0.529,Dragapult
91355712,/Users/nickzwart/Desktop/8-8-2026/91355712.json,cm391,0,0,0.4286,Alakazam
91356362,/Users/nickzwart/Desktop/8-8-2026/91356362.json,perrodawn,0,0,0.5098,M-Kangaskhan
91357278,/Users/nickzwart/Desktop/8-8-2026/91357278.json,perrodawn,1,1,0.5098,Alakazam
91357298,/Users/nickzwart/Desktop/8-8-2026/91357298.json,NIWATORI,1,0,0.5357,Grimmsnarl
91357410,/Users/nickzwart/Desktop/8-8-2026/91357410.json,POKEN,1,1,0.5682,Alakazam
91358179,/Users/nickzwart/Desktop/8-8-2026/91358179.json,perrodawn,0,1,0.5098,Grimmsnarl
91358186,/Users/nickzwart/Desktop/8-8-2026/91358186.json,typeIIIfairy,1,0,0.3696,M-Kangaskhan
91357421,/Users/nickzwart/Desktop/8-8-2026/91357421.json,kwa,1,1,0.5802,M-Froslass
91358348,/Users/nickzwart/Desktop/8-8-2026/91358348.json,POKEN,0,0,0.5682,M-Lucario
91359257,/Users/nickzwart/Desktop/8-8-2026/91359257.json,POKEN,1,1,0.5682,Grimmsnarl
91360004,/Users/nickzwart/Desktop/8-8-2026/91360004.json,perrodawn,0,0,0.5098,Dragapult
91360174,/Users/nickzwart/Desktop/8-8-2026/91360174.json,POKEN,0,1,0.5682,Grimmsnarl
91360837,/Users/nickzwart/Desktop/8-8-2026/91360837.json,NIWATORI,1,1,0.5357,Grimmsnarl
91360932,/Users/nickzwart/Desktop/8-8-2026/91360932.json,perrodawn,1,0,0.5098,M-Kangaskhan
91361078,/Users/nickzwart/Desktop/8-8-2026/91361078.json,POKEN,1,1,0.5682,Grimmsnarl
91362007,/Users/nickzwart/Desktop/8-8-2026/91362007.json,POKEN,0,1,0.5682,Alakazam
91362746,/Users/nickzwart/Desktop/8-8-2026/91362746.json,kanno,0,1,0.5161,M-Kangaskhan
91362759,/Users/nickzwart/Desktop/8-8-2026/91362759.json,perrodawn,1,1,0.5098,Grimmsnarl
91364574,/Users/nickzwart/Desktop/8-8-2026/91364574.json,perrodawn,0,1,0.5098,M-Kangaskhan
91362881,/Users/nickzwart/Desktop/8-8-2026/91362881.json,POKEN,0,0,0.5682,Alakazam
91363664,/Users/nickzwart/Desktop/8-8-2026/91363664.json,perrodawn,1,1,0.5098,Grimmsnarl
91363764,/Users/nickzwart/Desktop/8-8-2026/91363764.json,想要成为kaggle大师,0,0,0.5906,Grimmsnarl
91363839,/Users/nickzwart/Desktop/8-8-2026/91363839.json,POKEN,1,1,0.5682,Grimmsnarl
91364748,/Users/nickzwart/Desktop/8-8-2026/91364748.json,POKEN,0,1,0.5682,Grimmsnarl
91365624,/Users/nickzwart/Desktop/8-8-2026/91365624.json,POKEN,1,1,0.5682,Ogerpon
91365664,/Users/nickzwart/Desktop/8-8-2026/91365664.json,POKEN,0,1,0.5682,Grimmsnarl
91366414,/Users/nickzwart/Desktop/8-8-2026/91366414.json,perrodawn,0,0,0.5098,M-Kangaskhan
91367302,/Users/nickzwart/Desktop/8-8-2026/91367302.json,namopanda,0,0,0.3636,M-Kangaskhan
91367312,/Users/nickzwart/Desktop/8-8-2026/91367312.json,perrodawn,0,0,0.5098,M-Kangaskhan
91367481,/Users/nickzwart/Desktop/8-8-2026/91367481.json,NIWATORI,0,1,0.5357,M-Kangaskhan
91368300,/Users/nickzwart/Desktop/8-8-2026/91368300.json,perrodawn,0,0,0.5098,M-Kangaskhan
91369159,/Users/nickzwart/Desktop/8-8-2026/91369159.json,perrodawn,1,0,0.5098,M-Kangaskhan
91369214,/Users/nickzwart/Desktop/8-8-2026/91369214.json,NIWATORI,1,1,0.5357,Grimmsnarl
91369248,/Users/nickzwart/Desktop/8-8-2026/91369248.json,kwa,0,1,0.5802,Alakazam
91370099,/Users/nickzwart/Desktop/8-8-2026/91370099.json,perrodawn,0,0,0.5098,Ogerpon
91370922,/Users/nickzwart/Desktop/8-8-2026/91370922.json,perrodawn,0,0,0.5098,Alakazam
91372843,/Users/nickzwart/Desktop/8-8-2026/91372843.json,perrodawn,0,1,0.5098,Alakazam
91373564,/Users/nickzwart/Desktop/8-8-2026/91373564.json,Team KASA.,1,1,0.5079,M-Lucario
91371907,/Users/nickzwart/Desktop/8-8-2026/91371907.json,Brahim,0,1,0.4167,M-Lopunny
91371907,/Users/nickzwart/Desktop/8-8-2026/91371907.json,perrodawn,1,0,0.5098,M-Lopunny
91372703,/Users/nickzwart/Desktop/8-8-2026/91372703.json,kwa,1,0,0.5802,Grimmsnarl
91371068,/Users/nickzwart/Desktop/8-8-2026/91371068.json,JB Bryant,1,1,0.5657,Grimmsnarl
91373612,/Users/nickzwart/Desktop/8-8-2026/91373612.json,DavidFreelan,0,1,0.5952,Ogerpon
91373665,/Users/nickzwart/Desktop/8-8-2026/91373665.json,NIWATORI,0,1,0.5357,Grimmsnarl
91373759,/Users/nickzwart/Desktop/8-8-2026/91373759.json,perrodawn,0,1,0.5098,Grimmsnarl
91374424,/Users/nickzwart/Desktop/8-8-2026/91374424.json,kwa,0,0,0.5802,M-Lucario
91374457,/Users/nickzwart/Desktop/8-8-2026/91374457.json,Team KASA.,1,1,0.5079,Alakazam
91374606,/Users/nickzwart/Desktop/8-8-2026/91374606.json,perrodawn,1,1,0.5098,Garchomp
91375383,/Users/nickzwart/Desktop/8-8-2026/91375383.json,Team KASA.,0,1,0.5079,Grimmsnarl
91376414,/Users/nickzwart/Desktop/8-8-2026/91376414.json,POKEN,1,0,0.5682,Crustle
91376444,/Users/nickzwart/Desktop/8-8-2026/91376444.json,Team KASA.,0,1,0.5079,Alakazam
91376486,/Users/nickzwart/Desktop/8-8-2026/91376486.json,LiamK,1,0,0.4444,M-Lucario
91377194,/Users/nickzwart/Desktop/8-8-2026/91377194.json,Team KASA.,1,1,0.5079,M-Kangaskhan
91375566,/Users/nickzwart/Desktop/8-8-2026/91375566.json,JB Bryant,1,1,0.5657,Garchomp
91375583,/Users/nickzwart/Desktop/8-8-2026/91375583.json,perrodawn,0,1,0.5098,Ogerpon
91376316,/Users/nickzwart/Desktop/8-8-2026/91376316.json,perrodawn,1,1,0.5098,Alakazam
91377406,/Users/nickzwart/Desktop/8-8-2026/91377406.json,perrodawn,0,0,0.5098,Grimmsnarl
91378096,/Users/nickzwart/Desktop/8-8-2026/91378096.json,Team KASA.,1,1,0.5079,Ogerpon
91378184,/Users/nickzwart/Desktop/8-8-2026/91378184.json,POKEN,0,1,0.5682,Grimmsnarl
91378306,/Users/nickzwart/Desktop/8-8-2026/91378306.json,perrodawn,0,1,0.5098,Ogerpon
91379008,/Users/nickzwart/Desktop/8-8-2026/91379008.json,perrodawn,0,1,0.5098,other
91379020,/Users/nickzwart/Desktop/8-8-2026/91379020.json,JB Bryant,1,1,0.5657,Grimmsnarl
91380122,/Users/nickzwart/Desktop/8-8-2026/91380122.json,Rmy,1,1,0.5821,M-Kangaskhan
91380157,/Users/nickzwart/Desktop/8-8-2026/91380157.json,perrodawn,0,1,0.5098,Grimmsnarl
91379172,/Users/nickzwart/Desktop/8-8-2026/91379172.json,perrodawn,0,0,0.5098,M-Lopunny
91379172,/Users/nickzwart/Desktop/8-8-2026/91379172.json,LiamK,1,1,0.4444,M-Lopunny
91379936,/Users/nickzwart/Desktop/8-8-2026/91379936.json,Team KASA.,0,0,0.5079,M-Lopunny
91379936,/Users/nickzwart/Desktop/8-8-2026/91379936.json,perrodawn,1,1,0.5098,M-Lopunny
91381043,/Users/nickzwart/Desktop/8-8-2026/91381043.json,loIzpo + emonga,0,0,0.5057,Garchomp
91380825,/Users/nickzwart/Desktop/8-8-2026/91380825.json,tw_shin,1,0,0.3158,Alakazam
91380859,/Users/nickzwart/Desktop/8-8-2026/91380859.json,szlachetny snieg,0,1,0.5455,M-Lopunny
91380859,/Users/nickzwart/Desktop/8-8-2026/91380859.json,Team KASA.,1,0,0.5079,M-Lopunny
91381819,/Users/nickzwart/Desktop/8-8-2026/91381819.json,perrodawn,0,1,0.5098,M-Kangaskhan
91381872,/Users/nickzwart/Desktop/8-8-2026/91381872.json,Team KASA.,0,0,0.5079,Garchomp
91381917,/Users/nickzwart/Desktop/8-8-2026/91381917.json,insuperabilehart,0,1,0.529,Grimmsnarl
91382771,/Users/nickzwart/Desktop/8-8-2026/91382771.json,typeIIIfairy,1,0,0.3696,Grimmsnarl
91382786,/Users/nickzwart/Desktop/8-8-2026/91382786.json,NIWATORI,1,1,0.5357,Grimmsnarl
91382872,/Users/nickzwart/Desktop/8-8-2026/91382872.json,tw_shin,0,0,0.3158,Garchomp
91383577,/Users/nickzwart/Desktop/8-8-2026/91383577.json,Team KASA.,1,1,0.5079,Crustle
91383630,/Users/nickzwart/Desktop/8-8-2026/91383630.json,Funky,1,0,0.54,Grimmsnarl
91382675,/Users/nickzwart/Desktop/8-8-2026/91382675.json,Team KASA.,0,1,0.5079,Alakazam
91384512,/Users/nickzwart/Desktop/8-8-2026/91384512.json,Team KASA.,0,1,0.5079,M-Lucario
91384561,/Users/nickzwart/Desktop/8-8-2026/91384561.json,szlachetny snieg,1,0,0.5455,Grimmsnarl
91384567,/Users/nickzwart/Desktop/8-8-2026/91384567.json,JB Bryant,0,0,0.5657,M-Lucario
91384603,/Users/nickzwart/Desktop/8-8-2026/91384603.json,djschmit,1,0,0.2857,Grimmsnarl
91385367,/Users/nickzwart/Desktop/8-8-2026/91385367.json,tw_shin,0,0,0.3158,Alakazam
91385413,/Users/nickzwart/Desktop/8-8-2026/91385413.json,Team KASA.,0,0,0.5079,Alakazam
91383694,/Users/nickzwart/Desktop/8-8-2026/91383694.json,djschmit,1,0,0.2857,Grimmsnarl
91383704,/Users/nickzwart/Desktop/8-8-2026/91383704.json,Team KASA.,0,0,0.5079,Dragapult
91383753,/Users/nickzwart/Desktop/8-8-2026/91383753.json,loIzpo + emonga,0,0,0.5057,Grimmsnarl
91384408,/Users/nickzwart/Desktop/8-8-2026/91384408.json,perrodawn,1,0,0.5098,M-Lucario
91384428,/Users/nickzwart/Desktop/8-8-2026/91384428.json,szlachetny snieg,0,0,0.5455,Grimmsnarl
91385458,/Users/nickzwart/Desktop/8-8-2026/91385458.json,Team KASA.,1,0,0.5079,M-Lucario
91385521,/Users/nickzwart/Desktop/8-8-2026/91385521.json,Funky,0,0,0.54,Grimmsnarl
91387157,/Users/nickzwart/Desktop/8-8-2026/91387157.json,tw_shin,0,1,0.3158,Ogerpon
91387244,/Users/nickzwart/Desktop/8-8-2026/91387244.json,Team KASA.,0,0,0.5079,Alakazam
91386311,/Users/nickzwart/Desktop/8-8-2026/91386311.json,JB Bryant,0,1,0.5657,M-Lopunny
91386311,/Users/nickzwart/Desktop/8-8-2026/91386311.json,Team KASA.,1,0,0.5079,M-Lopunny
91387079,/Users/nickzwart/Desktop/8-8-2026/91387079.json,sadwat,0,1,0.5339,M-Starmie
91388106,/Users/nickzwart/Desktop/8-8-2026/91388106.json,stnick,1,0,0.5246,other
91387976,/Users/nickzwart/Desktop/8-8-2026/91387976.json,Team KASA.,0,0,0.5079,Grimmsnarl
91388900,/Users/nickzwart/Desktop/8-8-2026/91388900.json,namopanda,0,0,0.3636,M-Starmie
91388970,/Users/nickzwart/Desktop/8-8-2026/91388970.json,tw_shin,1,1,0.3158,Alakazam
91389052,/Users/nickzwart/Desktop/8-8-2026/91389052.json,Team KASA.,1,1,0.5079,Alakazam
91389884,/Users/nickzwart/Desktop/8-8-2026/91389884.json,tw_shin,0,0,0.3158,Grimmsnarl
91389953,/Users/nickzwart/Desktop/8-8-2026/91389953.json,Team KASA.,0,1,0.5079,Grimmsnarl
91390026,/Users/nickzwart/Desktop/8-8-2026/91390026.json,Funky,0,0,0.54,Grimmsnarl
91390798,/Users/nickzwart/Desktop/8-8-2026/91390798.json,tw_shin,0,1,0.3158,Grimmsnarl
91390848,/Users/nickzwart/Desktop/8-8-2026/91390848.json,DavidFreelan,0,1,0.5952,Hydrapple
91391742,/Users/nickzwart/Desktop/8-8-2026/91391742.json,Team KASA.,0,0,0.5079,Alakazam
91392618,/Users/nickzwart/Desktop/8-8-2026/91392618.json,tw_shin,1,0,0.3158,Alakazam
91392668,/Users/nickzwart/Desktop/8-8-2026/91392668.json,カントー地方マスター(KantoRegionMaster),0,1,0.6786,M-Lopunny
91392668,/Users/nickzwart/Desktop/8-8-2026/91392668.json,insuperabilehart,1,0,0.529,M-Lopunny
91392688,/Users/nickzwart/Desktop/8-8-2026/91392688.json,Team KASA.,1,0,0.5079,M-Lucario
91391618,/Users/nickzwart/Desktop/8-8-2026/91391618.json,LiamK,1,1,0.4444,Grimmsnarl
91391672,/Users/nickzwart/Desktop/8-8-2026/91391672.json,POKEN,1,0,0.5682,Grimmsnarl
91393531,/Users/nickzwart/Desktop/8-8-2026/91393531.json,tw_shin,0,0,0.3158,Alakazam
91393580,/Users/nickzwart/Desktop/8-8-2026/91393580.json,カントー地方マスター(KantoRegionMaster),1,1,0.6786,Ogerpon
91393604,/Users/nickzwart/Desktop/8-8-2026/91393604.json,Team KASA.,0,0,0.5079,Alakazam
91394364,/Users/nickzwart/Desktop/8-8-2026/91394364.json,sadwat,0,1,0.5339,Grimmsnarl
91394382,/Users/nickzwart/Desktop/8-8-2026/91394382.json,kwa,0,0,0.5802,M-Starmie
91394405,/Users/nickzwart/Desktop/8-8-2026/91394405.json,kanno,1,1,0.5161,Grimmsnarl
91395474,/Users/nickzwart/Desktop/8-8-2026/91395474.json,Team KASA.,1,0,0.5079,Grimmsnarl
91395493,/Users/nickzwart/Desktop/8-8-2026/91395493.json,カントー地方マスター(KantoRegionMaster),1,1,0.6786,Dragapult
91394609,/Users/nickzwart/Desktop/8-8-2026/91394609.json,perrodawn,0,0,0.5098,Grimmsnarl
91394465,/Users/nickzwart/Desktop/8-8-2026/91394465.json,tw_shin,0,1,0.3158,Grimmsnarl
91394516,/Users/nickzwart/Desktop/8-8-2026/91394516.json,Team KASA.,1,1,0.5079,Grimmsnarl
91397165,/Users/nickzwart/Desktop/8-8-2026/91397165.json,tw_shin,1,0,0.3158,Alakazam
91397198,/Users/nickzwart/Desktop/8-8-2026/91397198.json,Team KASA.,0,1,0.5079,Grimmsnarl
91396264,/Users/nickzwart/Desktop/8-8-2026/91396264.json,tw_shin,1,0,0.3158,Grimmsnarl
91396298,/Users/nickzwart/Desktop/8-8-2026/91396298.json,カントー地方マスター(KantoRegionMaster),1,0,0.6786,M-Lucario
91396337,/Users/nickzwart/Desktop/8-8-2026/91396337.json,Team KASA.,0,1,0.5079,Grimmsnarl
91396454,/Users/nickzwart/Desktop/8-8-2026/91396454.json,kwa,1,0,0.5802,Grimmsnarl
91397272,/Users/nickzwart/Desktop/8-8-2026/91397272.json,stnick,1,1,0.5246,Dragapult
91397328,/Users/nickzwart/Desktop/8-8-2026/91397328.json,カントー地方マスター(KantoRegionMaster),1,1,0.6786,Alakazam
91399049,/Users/nickzwart/Desktop/8-8-2026/91399049.json,Team KASA.,1,1,0.5079,Hydrapple
91399780,/Users/nickzwart/Desktop/8-8-2026/91399780.json,cm391,1,0,0.4286,Grimmsnarl
91399814,/Users/nickzwart/Desktop/8-8-2026/91399814.json,LiamK,0,0,0.4444,M-Starmie
91398151,/Users/nickzwart/Desktop/8-8-2026/91398151.json,Team KASA.,0,1,0.5079,M-Kangaskhan
91398179,/Users/nickzwart/Desktop/8-8-2026/91398179.json,cm391,1,1,0.4286,Ogerpon
91398886,/Users/nickzwart/Desktop/8-8-2026/91398886.json,sadwat,0,0,0.5339,Grimmsnarl
91399918,/Users/nickzwart/Desktop/8-8-2026/91399918.json,Team KASA.,0,0,0.5079,Grimmsnarl
91400821,/Users/nickzwart/Desktop/8-8-2026/91400821.json,カントー地方マスター(KantoRegionMaster),1,1,0.6786,Grimmsnarl
91400838,/Users/nickzwart/Desktop/8-8-2026/91400838.json,Team KASA.,0,0,0.5079,Grimmsnarl
91401573,/Users/nickzwart/Desktop/8-8-2026/91401573.json,loIzpo + emonga,1,1,0.5057,M-Kangaskhan
91401583,/Users/nickzwart/Desktop/8-8-2026/91401583.json,kwa,0,1,0.5802,Grimmsnarl
91401720,/Users/nickzwart/Desktop/8-8-2026/91401720.json,カントー地方マスター(KantoRegionMaster),0,0,0.6786,M-Lucario
91402677,/Users/nickzwart/Desktop/8-8-2026/91402677.json,perrodawn,0,1,0.5098,Grimmsnarl
91402688,/Users/nickzwart/Desktop/8-8-2026/91402688.json,POKEN,0,1,0.5682,Alakazam
91402732,/Users/nickzwart/Desktop/8-8-2026/91402732.json,Team KASA.,1,0,0.5079,Alakazam
91402408,/Users/nickzwart/Desktop/8-8-2026/91402408.json,想要成为kaggle大师,0,1,0.5906,Grimmsnarl
91402494,/Users/nickzwart/Desktop/8-8-2026/91402494.json,LiamK,0,0,0.4444,Grimmsnarl
91403311,/Users/nickzwart/Desktop/8-8-2026/91403311.json,想要成为kaggle大师,0,1,0.5906,Grimmsnarl
91403428,/Users/nickzwart/Desktop/8-8-2026/91403428.json,sadwat,1,0,0.5339,M-Starmie
91403466,/Users/nickzwart/Desktop/8-8-2026/91403466.json,カントー地方マスター(KantoRegionMaster),0,1,0.6786,Grimmsnarl
91403540,/Users/nickzwart/Desktop/8-8-2026/91403540.json,カントー地方マスター(KantoRegionMaster),0,1,0.6786,Dragapult
91404214,/Users/nickzwart/Desktop/8-8-2026/91404214.json,想要成为kaggle大师,1,0,0.5906,Garchomp
91404403,/Users/nickzwart/Desktop/8-8-2026/91404403.json,tw_shin,0,0,0.3158,M-Lucario
91404578,/Users/nickzwart/Desktop/8-8-2026/91404578.json,typeIIIfairy,1,0,0.3696,M-Kangaskhan
91405126,/Users/nickzwart/Desktop/8-8-2026/91405126.json,想要成为kaggle大师,0,1,0.5906,M-Lopunny
91405126,/Users/nickzwart/Desktop/8-8-2026/91405126.json,Team KASA.,1,0,0.5079,M-Lopunny
91406127,/Users/nickzwart/Desktop/8-8-2026/91406127.json,LiamK,0,0,0.4444,M-Starmie
91406272,/Users/nickzwart/Desktop/8-8-2026/91406272.json,perrodawn,1,0,0.5098,Dragapult
91406312,/Users/nickzwart/Desktop/8-8-2026/91406312.json,想要成为kaggle大师,0,0,0.5906,Grimmsnarl
91407856,/Users/nickzwart/Desktop/8-8-2026/91407856.json,想要成为kaggle大师,0,1,0.5906,Grimmsnarl
91408096,/Users/nickzwart/Desktop/8-8-2026/91408096.json,カントー地方マスター(KantoRegionMaster),0,1,0.6786,Ogerpon
91408108,/Users/nickzwart/Desktop/8-8-2026/91408108.json,loIzpo + emonga,1,0,0.5057,Grimmsnarl
91408763,/Users/nickzwart/Desktop/8-8-2026/91408763.json,DavidFreelan,0,0,0.5952,M-Lopunny
91408763,/Users/nickzwart/Desktop/8-8-2026/91408763.json,想要成为kaggle大师,1,1,0.5906,M-Lopunny
91409656,/Users/nickzwart/Desktop/8-8-2026/91409656.json,想要成为kaggle大师,0,1,0.5906,Alakazam
91409726,/Users/nickzwart/Desktop/8-8-2026/91409726.json,insuperabilehart,1,1,0.529,Ogerpon
91408842,/Users/nickzwart/Desktop/8-8-2026/91408842.json,perrodawn,0,0,0.5098,Grimmsnarl
91409030,/Users/nickzwart/Desktop/8-8-2026/91409030.json,insuperabilehart,0,0,0.529,M-Lopunny
91409030,/Users/nickzwart/Desktop/8-8-2026/91409030.json,POKEN,1,1,0.5682,M-Lopunny
91409910,/Users/nickzwart/Desktop/8-8-2026/91409910.json,kanno,0,0,0.5161,Grimmsnarl
91409913,/Users/nickzwart/Desktop/8-8-2026/91409913.json,insuperabilehart,1,0,0.529,Hydrapple
91410566,/Users/nickzwart/Desktop/8-8-2026/91410566.json,想要成为kaggle大师,0,0,0.5906,Garchomp
91410620,/Users/nickzwart/Desktop/8-8-2026/91410620.json,clora,0,1,0.7273,M-Kangaskhan
91410637,/Users/nickzwart/Desktop/8-8-2026/91410637.json,NIWATORI,1,1,0.5357,Grimmsnarl
91410685,/Users/nickzwart/Desktop/8-8-2026/91410685.json,DavidFreelan,1,1,0.5952,Grimmsnarl
91410705,/Users/nickzwart/Desktop/8-8-2026/91410705.json,sadwat,0,0,0.5339,Dragapult
91410783,/Users/nickzwart/Desktop/8-8-2026/91410783.json,perrodawn,1,0,0.5098,M-Lucario
91410789,/Users/nickzwart/Desktop/8-8-2026/91410789.json,カントー地方マスター(KantoRegionMaster),1,0,0.6786,Garchomp
91410884,/Users/nickzwart/Desktop/8-8-2026/91410884.json,Team KASA.,1,1,0.5079,M-Starmie
91411485,/Users/nickzwart/Desktop/8-8-2026/91411485.json,kwa,0,0,0.5802,M-Lopunny
91411485,/Users/nickzwart/Desktop/8-8-2026/91411485.json,想要成为kaggle大师,1,1,0.5906,M-Lopunny
91411742,/Users/nickzwart/Desktop/8-8-2026/91411742.json,POKEN,0,1,0.5682,Grimmsnarl
91412412,/Users/nickzwart/Desktop/8-8-2026/91412412.json,想要成为kaggle大师,1,0,0.5906,M-Lucario
91412466,/Users/nickzwart/Desktop/8-8-2026/91412466.json,NIWATORI,0,1,0.5357,Alakazam
91413329,/Users/nickzwart/Desktop/8-8-2026/91413329.json,想要成为kaggle大师,1,1,0.5906,Alakazam
91412535,/Users/nickzwart/Desktop/8-8-2026/91412535.json,stnick,1,1,0.5246,Grimmsnarl
91414370,/Users/nickzwart/Desktop/8-8-2026/91414370.json,カントー地方マスター(KantoRegionMaster),0,1,0.6786,Grimmsnarl
91415140,/Users/nickzwart/Desktop/8-8-2026/91415140.json,想要成为kaggle大师,0,0,0.5906,Alakazam
91415168,/Users/nickzwart/Desktop/8-8-2026/91415168.json,insuperabilehart,1,1,0.529,M-Kangaskhan
91415255,/Users/nickzwart/Desktop/8-8-2026/91415255.json,sadwat,0,1,0.5339,Alakazam
91415268,/Users/nickzwart/Desktop/8-8-2026/91415268.json,perrodawn,1,0,0.5098,Dragapult
91415316,/Users/nickzwart/Desktop/8-8-2026/91415316.json,POKEN,1,1,0.5682,Alakazam
91415354,/Users/nickzwart/Desktop/8-8-2026/91415354.json,LiamK,1,0,0.4444,Grimmsnarl
91415367,/Users/nickzwart/Desktop/8-8-2026/91415367.json,想要成为kaggle大师,0,0,0.5906,M-Lucario
91415406,/Users/nickzwart/Desktop/8-8-2026/91415406.json,kanno,0,1,0.5161,Ogerpon
91416047,/Users/nickzwart/Desktop/8-8-2026/91416047.json,想要成为kaggle大师,0,1,0.5906,Grimmsnarl
91416259,/Users/nickzwart/Desktop/8-8-2026/91416259.json,Funky,1,0,0.54,Grimmsnarl
91416942,/Users/nickzwart/Desktop/8-8-2026/91416942.json,想要成为kaggle大师,1,0,0.5906,M-Kangaskhan
91416966,/Users/nickzwart/Desktop/8-8-2026/91416966.json,kanno,1,1,0.5161,other
91417845,/Users/nickzwart/Desktop/8-8-2026/91417845.json,想要成为kaggle大师,1,0,0.5906,M-Lucario
91419648,/Users/nickzwart/Desktop/8-8-2026/91419648.json,想要成为kaggle大师,0,1,0.5906,M-Lopunny
91419648,/Users/nickzwart/Desktop/8-8-2026/91419648.json,stnick,1,0,0.5246,M-Lopunny
91419669,/Users/nickzwart/Desktop/8-8-2026/91419669.json,insuperabilehart,1,1,0.529,Ogerpon
91419724,/Users/nickzwart/Desktop/8-8-2026/91419724.json,想要成为kaggle大师,1,1,0.5906,Grimmsnarl
91418887,/Users/nickzwart/Desktop/8-8-2026/91418887.json,kkanayj,0,0,0.3438,Grimmsnarl
91418942,/Users/nickzwart/Desktop/8-8-2026/91418942.json,POKEN,0,0,0.5682,Grimmsnarl
91418119,/Users/nickzwart/Desktop/8-8-2026/91418119.json,Team KASA.,1,1,0.5079,Dudunsparce
91418676,/Users/nickzwart/Desktop/8-8-2026/91418676.json,perrodawn,1,1,0.5098,Grimmsnarl
91418752,/Users/nickzwart/Desktop/8-8-2026/91418752.json,想要成为kaggle大师,1,0,0.5906,Grimmsnarl
91419926,/Users/nickzwart/Desktop/8-8-2026/91419926.json,szlachetny snieg,0,0,0.5455,Grimmsnarl
91420470,/Users/nickzwart/Desktop/8-8-2026/91420470.json,perrodawn,1,0,0.5098,Grimmsnarl
91421447,/Users/nickzwart/Desktop/8-8-2026/91421447.json,想要成为kaggle大师,1,0,0.5906,M-Starmie
91421470,/Users/nickzwart/Desktop/8-8-2026/91421470.json,insuperabilehart,1,1,0.529,M-Kangaskhan
91422310,/Users/nickzwart/Desktop/8-8-2026/91422310.json,想要成为kaggle大师,1,1,0.5906,Alakazam
91424158,/Users/nickzwart/Desktop/8-8-2026/91424158.json,想要成为kaggle大师,0,0,0.5906,M-Lucario
91423321,/Users/nickzwart/Desktop/8-8-2026/91423321.json,typeIIIfairy,1,1,0.3696,Ogerpon
91423403,/Users/nickzwart/Desktop/8-8-2026/91423403.json,kanno,0,1,0.5161,Ogerpon
91423442,/Users/nickzwart/Desktop/8-8-2026/91423442.json,Team KASA.,0,1,0.5079,Grimmsnarl
91424380,/Users/nickzwart/Desktop/8-8-2026/91424380.json,POKEN,0,1,0.5682,Ogerpon
91422502,/Users/nickzwart/Desktop/8-8-2026/91422502.json,tw_shin,0,1,0.3158,Grimmsnarl
91423179,/Users/nickzwart/Desktop/8-8-2026/91423179.json,perrodawn,1,0,0.5098,Grimmsnarl
91423254,/Users/nickzwart/Desktop/8-8-2026/91423254.json,szlachetny snieg,1,1,0.5455,Dudunsparce
91423262,/Users/nickzwart/Desktop/8-8-2026/91423262.json,想要成为kaggle大师,1,1,0.5906,Grimmsnarl
91425039,/Users/nickzwart/Desktop/8-8-2026/91425039.json,想要成为kaggle大师,0,0,0.5906,Dragapult
91425191,/Users/nickzwart/Desktop/8-8-2026/91425191.json,カントー地方マスター(KantoRegionMaster),1,1,0.6786,Grimmsnarl
91427003,/Users/nickzwart/Desktop/8-8-2026/91427003.json,Team KASA.,0,0,0.5079,Grimmsnarl
91427074,/Users/nickzwart/Desktop/8-8-2026/91427074.json,kanno,0,1,0.5161,Grimmsnarl
91427083,/Users/nickzwart/Desktop/8-8-2026/91427083.json,Team KASA.,1,1,0.5079,M-Kangaskhan
91426853,/Users/nickzwart/Desktop/8-8-2026/91426853.json,想要成为kaggle大师,0,1,0.5906,M-Kangaskhan
91427762,/Users/nickzwart/Desktop/8-8-2026/91427762.json,想要成为kaggle大师,0,1,0.5906,Grimmsnarl
91428013,/Users/nickzwart/Desktop/8-8-2026/91428013.json,POKEN,0,0,0.5682,Garchomp
91428659,/Users/nickzwart/Desktop/8-8-2026/91428659.json,想要成为kaggle大师,0,0,0.5906,Grimmsnarl
91428857,/Users/nickzwart/Desktop/8-8-2026/91428857.json,カントー地方マスター(KantoRegionMaster),0,1,0.6786,M-Starmie
91429519,/Users/nickzwart/Desktop/8-8-2026/91429519.json,sadwat,0,1,0.5339,Grimmsnarl
91429567,/Users/nickzwart/Desktop/8-8-2026/91429567.json,想要成为kaggle大师,1,1,0.5906,Dragapult
91429577,/Users/nickzwart/Desktop/8-8-2026/91429577.json,Funky,1,1,0.54,Dudunsparce
91429643,/Users/nickzwart/Desktop/8-8-2026/91429643.json,POKEN,1,1,0.5682,Grimmsnarl
91430504,/Users/nickzwart/Desktop/8-8-2026/91430504.json,clora,0,1,0.7273,Dudunsparce
91430540,/Users/nickzwart/Desktop/8-8-2026/91430540.json,loIzpo + emonga,0,0,0.5057,M-Lopunny
91430540,/Users/nickzwart/Desktop/8-8-2026/91430540.json,kanno,1,1,0.5161,M-Lopunny
91430579,/Users/nickzwart/Desktop/8-8-2026/91430579.json,想要成为kaggle大师,0,1,0.5906,Grimmsnarl
91431325,/Users/nickzwart/Desktop/8-8-2026/91431325.json,想要成为kaggle大师,0,1,0.5906,Grimmsnarl
91431442,/Users/nickzwart/Desktop/8-8-2026/91431442.json,perrodawn,1,1,0.5098,M-Lucario
91425880,/Users/nickzwart/Desktop/8-8-2026/91425880.json,NIWATORI,1,0,0.5357,Grimmsnarl
91425946,/Users/nickzwart/Desktop/8-8-2026/91425946.json,想要成为kaggle大师,1,0,0.5906,Alakazam
91432241,/Users/nickzwart/Desktop/8-8-2026/91432241.json,JB Bryant,1,1,0.5657,Grimmsnarl
91432294,/Users/nickzwart/Desktop/8-8-2026/91432294.json,想要成为kaggle大师,0,1,0.5906,Crustle
91432190,/Users/nickzwart/Desktop/8-8-2026/91432190.json,LiamK,0,1,0.4444,Grimmsnarl
91432514,/Users/nickzwart/Desktop/8-8-2026/91432514.json,perrodawn,1,0,0.5098,Dragapult
91433123,/Users/nickzwart/Desktop/8-8-2026/91433123.json,kanno,1,1,0.5161,Grimmsnarl
91433192,/Users/nickzwart/Desktop/8-8-2026/91433192.json,想要成为kaggle大师,0,0,0.5906,M-Lopunny
91433192,/Users/nickzwart/Desktop/8-8-2026/91433192.json,LiamK,1,1,0.4444,M-Lopunny
91433409,/Users/nickzwart/Desktop/8-8-2026/91433409.json,JB Bryant,0,0,0.5657,Dragapult
91433954,/Users/nickzwart/Desktop/8-8-2026/91433954.json,kanno,1,0,0.5161,Dudunsparce
91434994,/Users/nickzwart/Desktop/8-8-2026/91434994.json,想要成为kaggle大师,1,1,0.5906,Alakazam
91435161,/Users/nickzwart/Desktop/8-8-2026/91435161.json,perrodawn,1,0,0.5098,Garchomp
91434099,/Users/nickzwart/Desktop/8-8-2026/91434099.json,想要成为kaggle大师,0,0,0.5906,Grimmsnarl
91434837,/Users/nickzwart/Desktop/8-8-2026/91434837.json,loIzpo + emonga,0,0,0.5057,Dragapult
91434928,/Users/nickzwart/Desktop/8-8-2026/91434928.json,JB Bryant,1,1,0.5657,Grimmsnarl
91435737,/Users/nickzwart/Desktop/8-8-2026/91435737.json,cm391,0,0,0.4286,Dudunsparce
91435881,/Users/nickzwart/Desktop/8-8-2026/91435881.json,想要成为kaggle大师,0,0,0.5906,Grimmsnarl
91435992,/Users/nickzwart/Desktop/8-8-2026/91435992.json,POKEN,0,1,0.5682,Alakazam
91436027,/Users/nickzwart/Desktop/8-8-2026/91436027.json,カントー地方マスター(KantoRegionMaster),0,1,0.6786,Dragapult
91436786,/Users/nickzwart/Desktop/8-8-2026/91436786.json,想要成为kaggle大师,1,1,0.5906,other
91437588,/Users/nickzwart/Desktop/8-8-2026/91437588.json,insuperabilehart,0,1,0.529,M-Kangaskhan
91437852,/Users/nickzwart/Desktop/8-8-2026/91437852.json,Team KASA.,0,0,0.5079,M-Starmie
91438469,/Users/nickzwart/Desktop/8-8-2026/91438469.json,namopanda,0,0,0.3636,Alakazam
91438513,/Users/nickzwart/Desktop/8-8-2026/91438513.json,insuperabilehart,0,1,0.529,Alakazam
91438620,/Users/nickzwart/Desktop/8-8-2026/91438620.json,想要成为kaggle大师,1,0,0.5906,Dragapult
91438825,/Users/nickzwart/Desktop/8-8-2026/91438825.json,カントー地方マスター(KantoRegionMaster),0,1,0.6786,Grimmsnarl
91439550,/Users/nickzwart/Desktop/8-8-2026/91439550.json,想要成为kaggle大师,1,1,0.5906,M-Kangaskhan
91440621,/Users/nickzwart/Desktop/8-8-2026/91440621.json,POKEN,0,0,0.5682,M-Lopunny
91440621,/Users/nickzwart/Desktop/8-8-2026/91440621.json,カントー地方マスター(KantoRegionMaster),1,1,0.6786,M-Lopunny
91439645,/Users/nickzwart/Desktop/8-8-2026/91439645.json,Funky,1,1,0.54,M-Kangaskhan
91439721,/Users/nickzwart/Desktop/8-8-2026/91439721.json,LiamK,0,0,0.4444,Grimmsnarl
91439733,/Users/nickzwart/Desktop/8-8-2026/91439733.json,POKEN,1,1,0.5682,Ogerpon
91440323,/Users/nickzwart/Desktop/8-8-2026/91440323.json,insuperabilehart,1,0,0.529,Grimmsnarl
91441315,/Users/nickzwart/Desktop/8-8-2026/91441315.json,Funky,1,1,0.54,Grimmsnarl
91441378,/Users/nickzwart/Desktop/8-8-2026/91441378.json,想要成为kaggle大师,0,0,0.5906,Grimmsnarl
91441386,/Users/nickzwart/Desktop/8-8-2026/91441386.json,想要成为kaggle大师,1,1,0.5906,Grimmsnarl
91441424,/Users/nickzwart/Desktop/8-8-2026/91441424.json,Funky,0,1,0.54,Grimmsnarl
91442065,/Users/nickzwart/Desktop/8-8-2026/91442065.json,john jiang zhifeng,1,0,0.3243,Archaludon
91442350,/Users/nickzwart/Desktop/8-8-2026/91442350.json,Team KASA.,1,0,0.5079,Alakazam
91442414,/Users/nickzwart/Desktop/8-8-2026/91442414.json,kanno,0,0,0.5161,M-Lopunny
91442414,/Users/nickzwart/Desktop/8-8-2026/91442414.json,Funky,1,1,0.54,M-Lopunny
91443045,/Users/nickzwart/Desktop/8-8-2026/91443045.json,insuperabilehart,0,1,0.529,Grimmsnarl
91443095,/Users/nickzwart/Desktop/8-8-2026/91443095.json,POKEN,1,1,0.5682,Grimmsnarl
91443868,/Users/nickzwart/Desktop/8-8-2026/91443868.json,stnick,0,1,0.5246,other
91443947,/Users/nickzwart/Desktop/8-8-2026/91443947.json,insuperabilehart,1,0,0.529,Grimmsnarl
91444763,/Users/nickzwart/Desktop/8-8-2026/91444763.json,stnick,0,1,0.5246,Alakazam
91445673,/Users/nickzwart/Desktop/8-8-2026/91445673.json,stnick,0,0,0.5246,M-Kangaskhan
91445709,/Users/nickzwart/Desktop/8-8-2026/91445709.json,insuperabilehart,1,1,0.529,Alakazam
91445868,/Users/nickzwart/Desktop/8-8-2026/91445868.json,Team KASA.,0,1,0.5079,Grimmsnarl
91445964,/Users/nickzwart/Desktop/8-8-2026/91445964.json,perrodawn,0,0,0.5098,Alakazam
91446573,/Users/nickzwart/Desktop/8-8-2026/91446573.json,stnick,0,0,0.5246,Alakazam
91446650,/Users/nickzwart/Desktop/8-8-2026/91446650.json,insuperabilehart,0,1,0.529,Hydrapple
91447552,/Users/nickzwart/Desktop/8-8-2026/91447552.json,insuperabilehart,0,1,0.529,Alakazam
91448428,/Users/nickzwart/Desktop/8-8-2026/91448428.json,NIWATORI,1,0,0.5357,Alakazam
91448442,/Users/nickzwart/Desktop/8-8-2026/91448442.json,Funky,1,0,0.54,Grimmsnarl
91448475,/Users/nickzwart/Desktop/8-8-2026/91448475.json,Funky,0,1,0.54,M-Lopunny
91448475,/Users/nickzwart/Desktop/8-8-2026/91448475.json,insuperabilehart,1,0,0.529,M-Lopunny
91448568,/Users/nickzwart/Desktop/8-8-2026/91448568.json,clora,1,1,0.7273,Grimmsnarl
91448629,/Users/nickzwart/Desktop/8-8-2026/91448629.json,想要成为kaggle大师,1,1,0.5906,Grimmsnarl
91448648,/Users/nickzwart/Desktop/8-8-2026/91448648.json,カントー地方マスター(KantoRegionMaster),1,1,0.6786,Ogerpon
91448693,/Users/nickzwart/Desktop/8-8-2026/91448693.json,kanno,0,1,0.5161,M-Kangaskhan
91448733,/Users/nickzwart/Desktop/8-8-2026/91448733.json,Funky,0,1,0.54,Alakazam
91449376,/Users/nickzwart/Desktop/8-8-2026/91449376.json,insuperabilehart,0,0,0.529,Grimmsnarl
91449382,/Users/nickzwart/Desktop/8-8-2026/91449382.json,typeIIIfairy,1,1,0.3696,Grimmsnarl
91449578,/Users/nickzwart/Desktop/8-8-2026/91449578.json,POKEN,1,0,0.5682,Grimmsnarl
91449659,/Users/nickzwart/Desktop/8-8-2026/91449659.json,NIWATORI,0,1,0.5357,Grimmsnarl
91450212,/Users/nickzwart/Desktop/8-8-2026/91450212.json,stnick,0,1,0.5246,M-Kangaskhan
91450279,/Users/nickzwart/Desktop/8-8-2026/91450279.json,insuperabilehart,0,1,0.529,Grimmsnarl
91450436,/Users/nickzwart/Desktop/8-8-2026/91450436.json,JB Bryant,1,1,0.5657,M-Kangaskhan
91451154,/Users/nickzwart/Desktop/8-8-2026/91451154.json,clora,1,1,0.7273,Grimmsnarl
91451200,/Users/nickzwart/Desktop/8-8-2026/91451200.json,perrodawn,1,0,0.5098,Dragapult
91452994,/Users/nickzwart/Desktop/8-8-2026/91452994.json,insuperabilehart,0,1,0.529,Crustle
91453182,/Users/nickzwart/Desktop/8-8-2026/91453182.json,カントー地方マスター(KantoRegionMaster),0,0,0.6786,M-Lopunny
91453182,/Users/nickzwart/Desktop/8-8-2026/91453182.json,想要成为kaggle大师,1,1,0.5906,M-Lopunny
91451991,/Users/nickzwart/Desktop/8-8-2026/91451991.json,sadwat,1,1,0.5339,Alakazam
91452023,/Users/nickzwart/Desktop/8-8-2026/91452023.json,Funky,0,0,0.54,Archaludon
91451245,/Users/nickzwart/Desktop/8-8-2026/91451245.json,insuperabilehart,1,1,0.529,Ogerpon
91451310,/Users/nickzwart/Desktop/8-8-2026/91451310.json,stnick,1,1,0.5246,Grimmsnarl
91451334,/Users/nickzwart/Desktop/8-8-2026/91451334.json,Team KASA.,1,0,0.5079,Grimmsnarl
91452889,/Users/nickzwart/Desktop/8-8-2026/91452889.json,sadwat,1,0,0.5339,Grimmsnarl
91453907,/Users/nickzwart/Desktop/8-8-2026/91453907.json,insuperabilehart,0,1,0.529,Alakazam
91453204,/Users/nickzwart/Desktop/8-8-2026/91453204.json,Funky,0,1,0.54,M-Lopunny
91453204,/Users/nickzwart/Desktop/8-8-2026/91453204.json,kanno,1,0,0.5161,M-Lopunny
91453802,/Users/nickzwart/Desktop/8-8-2026/91453802.json,sadwat,1,1,0.5339,Crustle
91453828,/Users/nickzwart/Desktop/8-8-2026/91453828.json,stnick,1,0,0.5246,Grimmsnarl
91454819,/Users/nickzwart/Desktop/8-8-2026/91454819.json,insuperabilehart,0,1,0.529,Grimmsnarl
91454949,/Users/nickzwart/Desktop/8-8-2026/91454949.json,カントー地方マスター(KantoRegionMaster),0,1,0.6786,M-Kangaskhan
91455612,/Users/nickzwart/Desktop/8-8-2026/91455612.json,szlachetny snieg,1,0,0.5455,M-Kangaskhan
91454710,/Users/nickzwart/Desktop/8-8-2026/91454710.json,sadwat,0,1,0.5339,Grimmsnarl
91454741,/Users/nickzwart/Desktop/8-8-2026/91454741.json,stnick,1,0,0.5246,Grimmsnarl
91454766,/Users/nickzwart/Desktop/8-8-2026/91454766.json,Funky,1,0,0.54,M-Kangaskhan
91456531,/Users/nickzwart/Desktop/8-8-2026/91456531.json,sadwat,1,1,0.5339,Alakazam
91456641,/Users/nickzwart/Desktop/8-8-2026/91456641.json,insuperabilehart,1,1,0.529,M-Kangaskhan
91456841,/Users/nickzwart/Desktop/8-8-2026/91456841.json,kanno,0,1,0.5161,M-Lopunny
91456841,/Users/nickzwart/Desktop/8-8-2026/91456841.json,typeIIIfairy,1,0,0.3696,M-Lopunny
91456878,/Users/nickzwart/Desktop/8-8-2026/91456878.json,想要成为kaggle大师,0,1,0.5906,Alakazam
91457480,/Users/nickzwart/Desktop/8-8-2026/91457480.json,sadwat,1,0,0.5339,Alakazam
91458331,/Users/nickzwart/Desktop/8-8-2026/91458331.json,sadwat,0,0,0.5339,Alakazam
91458335,/Users/nickzwart/Desktop/8-8-2026/91458335.json,想要成为kaggle大师,0,1,0.5906,Grimmsnarl
91457536,/Users/nickzwart/Desktop/8-8-2026/91457536.json,insuperabilehart,1,1,0.529,other
91458643,/Users/nickzwart/Desktop/8-8-2026/91458643.json,kanno,0,1,0.5161,Grimmsnarl
91458439,/Users/nickzwart/Desktop/8-8-2026/91458439.json,insuperabilehart,0,0,0.529,Grimmsnarl
91459306,/Users/nickzwart/Desktop/8-8-2026/91459306.json,Funky,0,0,0.54,Hydrapple
91460147,/Users/nickzwart/Desktop/8-8-2026/91460147.json,kanno,0,0,0.5161,M-Lopunny
91460147,/Users/nickzwart/Desktop/8-8-2026/91460147.json,sadwat,1,1,0.5339,M-Lopunny
91460180,/Users/nickzwart/Desktop/8-8-2026/91460180.json,stnick,0,1,0.5246,Grimmsnarl
91460252,/Users/nickzwart/Desktop/8-8-2026/91460252.json,insuperabilehart,0,1,0.529,M-Kangaskhan
91461054,/Users/nickzwart/Desktop/8-8-2026/91461054.json,NIWATORI,0,0,0.5357,M-Lopunny
91461054,/Users/nickzwart/Desktop/8-8-2026/91461054.json,sadwat,1,1,0.5339,M-Lopunny
91461089,/Users/nickzwart/Desktop/8-8-2026/91461089.json,stnick,0,0,0.5246,Ogerpon
91461098,/Users/nickzwart/Desktop/8-8-2026/91461098.json,カントー地方マスター(KantoRegionMaster),1,0,0.6786,Grimmsnarl
91461156,/Users/nickzwart/Desktop/8-8-2026/91461156.json,insuperabilehart,1,0,0.529,Grimmsnarl
91461255,/Users/nickzwart/Desktop/8-8-2026/91461255.json,cm391,1,0,0.4286,Archaludon
91462893,/Users/nickzwart/Desktop/8-8-2026/91462893.json,LiamK,0,0,0.4444,Alakazam
91461279,/Users/nickzwart/Desktop/8-8-2026/91461279.json,perrodawn,0,1,0.5098,M-Kangaskhan
91461967,/Users/nickzwart/Desktop/8-8-2026/91461967.json,sadwat,0,1,0.5339,Dragapult
91461998,/Users/nickzwart/Desktop/8-8-2026/91461998.json,stnick,1,1,0.5246,Grimmsnarl
91463120,/Users/nickzwart/Desktop/8-8-2026/91463120.json,POKEN,1,0,0.5682,M-Lucario
91463148,/Users/nickzwart/Desktop/8-8-2026/91463148.json,insuperabilehart,0,1,0.529,Alakazam
91463791,/Users/nickzwart/Desktop/8-8-2026/91463791.json,sadwat,0,0,0.5339,Alakazam
91462071,/Users/nickzwart/Desktop/8-8-2026/91462071.json,insuperabilehart,1,1,0.529,Alakazam
91462187,/Users/nickzwart/Desktop/8-8-2026/91462187.json,Team KASA.,1,0,0.5079,Ogerpon
91463965,/Users/nickzwart/Desktop/8-8-2026/91463965.json,clora,1,0,0.7273,Alakazam
91463979,/Users/nickzwart/Desktop/8-8-2026/91463979.json,Funky,0,1,0.54,Alakazam
91464080,/Users/nickzwart/Desktop/8-8-2026/91464080.json,想要成为kaggle大师,1,1,0.5906,M-Lucario
91463824,/Users/nickzwart/Desktop/8-8-2026/91463824.json,stnick,0,1,0.5246,Grimmsnarl
91463829,/Users/nickzwart/Desktop/8-8-2026/91463829.json,Team KASA.,1,1,0.5079,Archaludon
91463894,/Users/nickzwart/Desktop/8-8-2026/91463894.json,insuperabilehart,1,1,0.529,Crustle
91464693,/Users/nickzwart/Desktop/8-8-2026/91464693.json,sadwat,1,1,0.5339,other
91464731,/Users/nickzwart/Desktop/8-8-2026/91464731.json,stnick,0,0,0.5246,Crustle
91464803,/Users/nickzwart/Desktop/8-8-2026/91464803.json,insuperabilehart,1,0,0.529,Grimmsnarl
91464968,/Users/nickzwart/Desktop/8-8-2026/91464968.json,perrodawn,0,1,0.5098,Dragapult
91464976,/Users/nickzwart/Desktop/8-8-2026/91464976.json,kanno,1,0,0.5161,Grimmsnarl
91465612,/Users/nickzwart/Desktop/8-8-2026/91465612.json,stnick,1,0,0.5246,Grimmsnarl
91466509,/Users/nickzwart/Desktop/8-8-2026/91466509.json,sadwat,1,0,0.5339,Grimmsnarl
91466549,/Users/nickzwart/Desktop/8-8-2026/91466549.json,stnick,1,1,0.5246,Grimmsnarl
91465658,/Users/nickzwart/Desktop/8-8-2026/91465658.json,sadwat,1,1,0.5339,Grimmsnarl
91466587,/Users/nickzwart/Desktop/8-8-2026/91466587.json,NIWATORI,0,1,0.5357,Dragapult
91466616,/Users/nickzwart/Desktop/8-8-2026/91466616.json,insuperabilehart,0,0,0.529,M-Lopunny
91466616,/Users/nickzwart/Desktop/8-8-2026/91466616.json,カントー地方マスター(KantoRegionMaster),1,1,0.6786,M-Lopunny
91467384,/Users/nickzwart/Desktop/8-8-2026/91467384.json,szlachetny snieg,1,1,0.5455,M-Kangaskhan
91467387,/Users/nickzwart/Desktop/8-8-2026/91467387.json,sadwat,1,0,0.5339,Ogerpon
91467423,/Users/nickzwart/Desktop/8-8-2026/91467423.json,sadwat,0,1,0.5339,Dragapult
91467467,/Users/nickzwart/Desktop/8-8-2026/91467467.json,stnick,1,0,0.5246,Ogerpon
91467529,/Users/nickzwart/Desktop/8-8-2026/91467529.json,insuperabilehart,1,1,0.529,Crustle
91467672,/Users/nickzwart/Desktop/8-8-2026/91467672.json,kanno,0,1,0.5161,M-Kangaskhan
91468241,/Users/nickzwart/Desktop/8-8-2026/91468241.json,Dakuma,1,0,0.4444,Grimmsnarl
91468267,/Users/nickzwart/Desktop/8-8-2026/91468267.json,sadwat,1,0,0.5339,Alakazam
91468409,/Users/nickzwart/Desktop/8-8-2026/91468409.json,stnick,0,1,0.5246,M-Kangaskhan
91468506,/Users/nickzwart/Desktop/8-8-2026/91468506.json,insuperabilehart,1,1,0.529,Grimmsnarl
91469276,/Users/nickzwart/Desktop/8-8-2026/91469276.json,sadwat,1,1,0.5339,Grimmsnarl
91469348,/Users/nickzwart/Desktop/8-8-2026/91469348.json,insuperabilehart,0,1,0.529,M-Kangaskhan
91470174,/Users/nickzwart/Desktop/8-8-2026/91470174.json,sadwat,1,1,0.5339,Ogerpon
91470204,/Users/nickzwart/Desktop/8-8-2026/91470204.json,JB Bryant,0,1,0.5657,Alakazam
91470270,/Users/nickzwart/Desktop/8-8-2026/91470270.json,insuperabilehart,0,1,0.529,Alakazam
91469404,/Users/nickzwart/Desktop/8-8-2026/91469404.json,Dakuma,0,1,0.4444,Grimmsnarl
91469437,/Users/nickzwart/Desktop/8-8-2026/91469437.json,Team KASA.,0,0,0.5079,Grimmsnarl
91469484,/Users/nickzwart/Desktop/8-8-2026/91469484.json,kanno,0,1,0.5161,Dragapult
91470168,/Users/nickzwart/Desktop/8-8-2026/91470168.json,kanno,0,1,0.5161,Grimmsnarl
91470303,/Users/nickzwart/Desktop/8-8-2026/91470303.json,JB Bryant,1,1,0.5657,M-Kangaskhan
91470354,/Users/nickzwart/Desktop/8-8-2026/91470354.json,想要成为kaggle大师,0,0,0.5906,Alakazam
91471082,/Users/nickzwart/Desktop/8-8-2026/91471082.json,sadwat,0,0,0.5339,M-Lopunny
91471082,/Users/nickzwart/Desktop/8-8-2026/91471082.json,stnick,1,1,0.5246,M-Lopunny
91471200,/Users/nickzwart/Desktop/8-8-2026/91471200.json,insuperabilehart,0,1,0.529,Ogerpon
91471297,/Users/nickzwart/Desktop/8-8-2026/91471297.json,POKEN,1,1,0.5682,Alakazam
91471997,/Users/nickzwart/Desktop/8-8-2026/91471997.json,sadwat,0,0,0.5339,M-Lopunny
91471997,/Users/nickzwart/Desktop/8-8-2026/91471997.json,clora,1,1,0.7273,M-Lopunny
91472038,/Users/nickzwart/Desktop/8-8-2026/91472038.json,stnick,1,1,0.5246,Alakazam
91472039,/Users/nickzwart/Desktop/8-8-2026/91472039.json,想要成为kaggle大师,1,1,0.5906,Alakazam
91472122,/Users/nickzwart/Desktop/8-8-2026/91472122.json,insuperabilehart,1,1,0.529,Ogerpon
91472877,/Users/nickzwart/Desktop/8-8-2026/91472877.json,NIWATORI,0,1,0.5357,Ogerpon
91472909,/Users/nickzwart/Desktop/8-8-2026/91472909.json,sadwat,0,0,0.5339,Grimmsnarl
91472970,/Users/nickzwart/Desktop/8-8-2026/91472970.json,stnick,1,0,0.5246,Hydrapple
91473816,/Users/nickzwart/Desktop/8-8-2026/91473816.json,sadwat,1,1,0.5339,Alakazam
91473874,/Users/nickzwart/Desktop/8-8-2026/91473874.json,JB Bryant,0,1,0.5657,Grimmsnarl
91474724,/Users/nickzwart/Desktop/8-8-2026/91474724.json,sadwat,1,0,0.5339,Alakazam
91474766,/Users/nickzwart/Desktop/8-8-2026/91474766.json,stnick,1,1,0.5246,M-Kangaskhan
90848974,/Users/nickzwart/Desktop/9-8-2026/90848974.json,typeIIIfairy,0,0,0.3696,Alakazam
90849058,/Users/nickzwart/Desktop/9-8-2026/90849058.json,typeIIIfairy,0,0,0.3696,Alakazam
90849103,/Users/nickzwart/Desktop/9-8-2026/90849103.json,kanno,1,0,0.5161,Grimmsnarl
90849002,/Users/nickzwart/Desktop/9-8-2026/90849002.json,Petit Canard,0,0,0.2222,M-Lopunny
90849002,/Users/nickzwart/Desktop/9-8-2026/90849002.json,LiamK,1,1,0.4444,M-Lopunny
90849006,/Users/nickzwart/Desktop/9-8-2026/90849006.json,sadwat,0,1,0.5339,M-Lopunny
90849006,/Users/nickzwart/Desktop/9-8-2026/90849006.json,ポケカ前線,1,0,0.3636,M-Lopunny
90849880,/Users/nickzwart/Desktop/9-8-2026/90849880.json,loIzpo + emonga,0,0,0.5057,M-Lucario
90849891,/Users/nickzwart/Desktop/9-8-2026/90849891.json,LiamK,1,1,0.4444,Alakazam
90849909,/Users/nickzwart/Desktop/9-8-2026/90849909.json,Marshall Maximizer,1,0,0.75,Ogerpon
90850515,/Users/nickzwart/Desktop/9-8-2026/90850515.json,LiamK,1,0,0.4444,M-Lucario
90850602,/Users/nickzwart/Desktop/9-8-2026/90850602.json,Boss's Orders Are All You Need,1,1,0.5,Alakazam
90850821,/Users/nickzwart/Desktop/9-8-2026/90850821.json,sadwat,0,1,0.5339,M-Lopunny
90850821,/Users/nickzwart/Desktop/9-8-2026/90850821.json,Brahim,1,0,0.4167,M-Lopunny
90850833,/Users/nickzwart/Desktop/9-8-2026/90850833.json,LiamK,0,1,0.4444,Grimmsnarl
90851420,/Users/nickzwart/Desktop/9-8-2026/90851420.json,Benarg,0,1,0.4853,Alakazam
90851577,/Users/nickzwart/Desktop/9-8-2026/90851577.json,JB Bryant,0,0,0.5657,Ogerpon
90851560,/Users/nickzwart/Desktop/9-8-2026/90851560.json,LiamK,1,0,0.4444,M-Lucario
90852402,/Users/nickzwart/Desktop/9-8-2026/90852402.json,LiamK,1,1,0.4444,M-Kangaskhan
90852408,/Users/nickzwart/Desktop/9-8-2026/90852408.json,stnick,0,1,0.5246,Grimmsnarl
90852454,/Users/nickzwart/Desktop/9-8-2026/90852454.json,sadwat,0,1,0.5339,Grimmsnarl
90852980,/Users/nickzwart/Desktop/9-8-2026/90852980.json,Jonathan Coletti,0,0,0.4706,Alakazam
90853089,/Users/nickzwart/Desktop/9-8-2026/90853089.json,Benarg,1,0,0.4853,Grimmsnarl
90853161,/Users/nickzwart/Desktop/9-8-2026/90853161.json,Jonathan Coletti,0,0,0.4706,Ogerpon
90853198,/Users/nickzwart/Desktop/9-8-2026/90853198.json,Marshall Maximizer,1,1,0.75,Grimmsnarl
90853220,/Users/nickzwart/Desktop/9-8-2026/90853220.json,insuperabilehart,1,0,0.529,M-Lucario
90853236,/Users/nickzwart/Desktop/9-8-2026/90853236.json,LiamK,1,1,0.4444,Alakazam
90853252,/Users/nickzwart/Desktop/9-8-2026/90853252.json,wwwwwwwwwwwwwwwwwwwwwwwwwwwwww,1,0,0.6714,other
90853306,/Users/nickzwart/Desktop/9-8-2026/90853306.json,sadwat,0,0,0.5339,M-Lopunny
90853306,/Users/nickzwart/Desktop/9-8-2026/90853306.json,Marshall Maximizer,1,1,0.75,M-Lopunny
90853888,/Users/nickzwart/Desktop/9-8-2026/90853888.json,matsurih,1,0,0.5393,Grimmsnarl
90854932,/Users/nickzwart/Desktop/9-8-2026/90854932.json,LiamK,0,0,0.4444,M-Lucario
90854700,/Users/nickzwart/Desktop/9-8-2026/90854700.json,Benarg,0,0,0.4853,Grimmsnarl
90855502,/Users/nickzwart/Desktop/9-8-2026/90855502.json,sadwat,1,1,0.5339,Alakazam
90855557,/Users/nickzwart/Desktop/9-8-2026/90855557.json,Marshall Maximizer,0,1,0.75,M-Kangaskhan
90855751,/Users/nickzwart/Desktop/9-8-2026/90855751.json,Roman Stupin,1,0,0.3333,Alakazam
90855772,/Users/nickzwart/Desktop/9-8-2026/90855772.json,LiamK,1,0,0.4444,Alakazam
90856361,/Users/nickzwart/Desktop/9-8-2026/90856361.json,loIzpo + emonga,0,0,0.5057,Grimmsnarl
90856554,/Users/nickzwart/Desktop/9-8-2026/90856554.json,sadwat,1,1,0.5339,Alakazam
90856629,/Users/nickzwart/Desktop/9-8-2026/90856629.json,LiamK,1,0,0.4444,Grimmsnarl
90856691,/Users/nickzwart/Desktop/9-8-2026/90856691.json,typeIIIfairy,0,1,0.3696,Hydrapple
90857204,/Users/nickzwart/Desktop/9-8-2026/90857204.json,S4nkurero,0,0,0.2727,Alakazam
90857207,/Users/nickzwart/Desktop/9-8-2026/90857207.json,LiamK,0,1,0.4444,Grimmsnarl
90857215,/Users/nickzwart/Desktop/9-8-2026/90857215.json,Marshall Maximizer,1,1,0.75,M-Lopunny
90857429,/Users/nickzwart/Desktop/9-8-2026/90857429.json,Jonathan Coletti,0,1,0.4706,Ogerpon
90857471,/Users/nickzwart/Desktop/9-8-2026/90857471.json,insuperabilehart,0,1,0.529,M-Lucario
90857499,/Users/nickzwart/Desktop/9-8-2026/90857499.json,matsurih,0,1,0.5393,M-Lopunny
90857499,/Users/nickzwart/Desktop/9-8-2026/90857499.json,LiamK,1,0,0.4444,M-Lopunny
90857502,/Users/nickzwart/Desktop/9-8-2026/90857502.json,Rikito Kanda,0,0,0.25,M-Kangaskhan
90858065,/Users/nickzwart/Desktop/9-8-2026/90858065.json,wwwwwwwwwwwwwwwwwwwwwwwwwwwwww,0,0,0.6714,Alakazam
90858214,/Users/nickzwart/Desktop/9-8-2026/90858214.json,Petit Canard,1,0,0.2222,Dragapult
90859737,/Users/nickzwart/Desktop/9-8-2026/90859737.json,Roman Stupin,0,1,0.3333,Hydrapple
90859774,/Users/nickzwart/Desktop/9-8-2026/90859774.json,LiamK,1,0,0.4444,Alakazam
90860835,/Users/nickzwart/Desktop/9-8-2026/90860835.json,Jonathan Coletti,0,1,0.4706,Alakazam
90861469,/Users/nickzwart/Desktop/9-8-2026/90861469.json,Jack,0,0,0.5227,Alakazam
90861587,/Users/nickzwart/Desktop/9-8-2026/90861587.json,sadwat,0,1,0.5339,Grimmsnarl
90861611,/Users/nickzwart/Desktop/9-8-2026/90861611.json,Octavi Grau,0,0,0.325,Alakazam
90861624,/Users/nickzwart/Desktop/9-8-2026/90861624.json,insuperabilehart,0,1,0.529,Alakazam
90861643,/Users/nickzwart/Desktop/9-8-2026/90861643.json,Benarg,1,1,0.4853,Grimmsnarl
90862285,/Users/nickzwart/Desktop/9-8-2026/90862285.json,Roman Stupin,1,0,0.3333,Grimmsnarl
90862340,/Users/nickzwart/Desktop/9-8-2026/90862340.json,kanno,1,1,0.5161,Grimmsnarl
90862406,/Users/nickzwart/Desktop/9-8-2026/90862406.json,Benarg,1,1,0.4853,M-Kangaskhan
90862483,/Users/nickzwart/Desktop/9-8-2026/90862483.json,Benarg,1,0,0.4853,Alakazam
90862575,/Users/nickzwart/Desktop/9-8-2026/90862575.json,S4nkurero,0,0,0.2727,M-Lopunny
90862575,/Users/nickzwart/Desktop/9-8-2026/90862575.json,wwwwwwwwwwwwwwwwwwwwwwwwwwwwww,1,1,0.6714,M-Lopunny
90864301,/Users/nickzwart/Desktop/9-8-2026/90864301.json,Funky,1,0,0.54,Garchomp
90865804,/Users/nickzwart/Desktop/9-8-2026/90865804.json,Boss's Orders Are All You Need,0,1,0.5,Grimmsnarl
90865160,/Users/nickzwart/Desktop/9-8-2026/90865160.json,NIWATORI,1,1,0.5357,Dragapult
90865909,/Users/nickzwart/Desktop/9-8-2026/90865909.json,Team KASA.,1,1,0.5079,Alakazam
90866514,/Users/nickzwart/Desktop/9-8-2026/90866514.json,kanno,0,1,0.5161,M-Kangaskhan
90866697,/Users/nickzwart/Desktop/9-8-2026/90866697.json,stnick,0,0,0.5246,Grimmsnarl
90866756,/Users/nickzwart/Desktop/9-8-2026/90866756.json,Team KASA.,1,1,0.5079,M-Kangaskhan
90868335,/Users/nickzwart/Desktop/9-8-2026/90868335.json,matsurih,1,1,0.5393,Grimmsnarl
90868493,/Users/nickzwart/Desktop/9-8-2026/90868493.json,typeIIIfairy,0,0,0.3696,M-Lopunny
90868493,/Users/nickzwart/Desktop/9-8-2026/90868493.json,Benarg,1,1,0.4853,M-Lopunny
90869993,/Users/nickzwart/Desktop/9-8-2026/90869993.json,ANDPAD kaggler team,1,1,0.5135,M-Kangaskhan
90869207,/Users/nickzwart/Desktop/9-8-2026/90869207.json,sadwat,1,0,0.5339,Alakazam
90870054,/Users/nickzwart/Desktop/9-8-2026/90870054.json,Boss's Orders Are All You Need,0,0,0.5,Alakazam
90870119,/Users/nickzwart/Desktop/9-8-2026/90870119.json,LiamK,0,1,0.4444,Grimmsnarl
90870180,/Users/nickzwart/Desktop/9-8-2026/90870180.json,想要成为kaggle大师,0,1,0.5906,Alakazam
90870204,/Users/nickzwart/Desktop/9-8-2026/90870204.json,Team KASA.,0,0,0.5079,Alakazam
90870277,/Users/nickzwart/Desktop/9-8-2026/90870277.json,Octavi Grau,0,0,0.325,M-Lopunny
90870277,/Users/nickzwart/Desktop/9-8-2026/90870277.json,Oleksandr_Savsunenko,1,1,0.3902,M-Lopunny
90870979,/Users/nickzwart/Desktop/9-8-2026/90870979.json,wwwwwwwwwwwwwwwwwwwwwwwwwwwwww,0,1,0.6714,Grimmsnarl
90871050,/Users/nickzwart/Desktop/9-8-2026/90871050.json,Benarg,1,1,0.4853,Grimmsnarl
90871615,/Users/nickzwart/Desktop/9-8-2026/90871615.json,ANDPAD kaggler team,0,1,0.5135,Grimmsnarl
90871748,/Users/nickzwart/Desktop/9-8-2026/90871748.json,ANDPAD kaggler team,0,0,0.5135,Grimmsnarl
90871783,/Users/nickzwart/Desktop/9-8-2026/90871783.json,Boss's Orders Are All You Need,0,0,0.5,Grimmsnarl
90871865,/Users/nickzwart/Desktop/9-8-2026/90871865.json,Team KASA.,1,1,0.5079,Grimmsnarl
90872763,/Users/nickzwart/Desktop/9-8-2026/90872763.json,Team KASA.,0,0,0.5079,Dragapult
90873413,/Users/nickzwart/Desktop/9-8-2026/90873413.json,ANDPAD kaggler team,1,1,0.5135,M-Kangaskhan
90871873,/Users/nickzwart/Desktop/9-8-2026/90871873.json,Benarg,0,0,0.4853,Ogerpon
90872607,/Users/nickzwart/Desktop/9-8-2026/90872607.json,stnick,1,1,0.5246,Alakazam
90873451,/Users/nickzwart/Desktop/9-8-2026/90873451.json,DavidFreelan,0,0,0.5952,Dragapult
90873482,/Users/nickzwart/Desktop/9-8-2026/90873482.json,loIzpo + emonga,1,1,0.5057,Grimmsnarl
90873546,/Users/nickzwart/Desktop/9-8-2026/90873546.json,loIzpo + emonga,1,1,0.5057,Grimmsnarl
90873601,/Users/nickzwart/Desktop/9-8-2026/90873601.json,Benarg,0,1,0.4853,Ogerpon
90875099,/Users/nickzwart/Desktop/9-8-2026/90875099.json,ANDPAD kaggler team,1,0,0.5135,Grimmsnarl
90874450,/Users/nickzwart/Desktop/9-8-2026/90874450.json,Benarg,0,1,0.4853,Grimmsnarl
90874306,/Users/nickzwart/Desktop/9-8-2026/90874306.json,Team KASA.,0,1,0.5079,Dudunsparce
90874326,/Users/nickzwart/Desktop/9-8-2026/90874326.json,DavidFreelan,1,1,0.5952,M-Kangaskhan
90874333,/Users/nickzwart/Desktop/9-8-2026/90874333.json,ANDPAD kaggler team,0,1,0.5135,Crustle
90874365,/Users/nickzwart/Desktop/9-8-2026/90874365.json,stnick,0,1,0.5246,Alakazam
90875258,/Users/nickzwart/Desktop/9-8-2026/90875258.json,Boss's Orders Are All You Need,0,1,0.5,Grimmsnarl
90875280,/Users/nickzwart/Desktop/9-8-2026/90875280.json,Benarg,0,1,0.4853,Alakazam
90875155,/Users/nickzwart/Desktop/9-8-2026/90875155.json,ANDPAD kaggler team,1,1,0.5135,Alakazam
90875171,/Users/nickzwart/Desktop/9-8-2026/90875171.json,NIWATORI,1,1,0.5357,Grimmsnarl
90875842,/Users/nickzwart/Desktop/9-8-2026/90875842.json,NIWATORI,0,1,0.5357,Grimmsnarl
90876136,/Users/nickzwart/Desktop/9-8-2026/90876136.json,Benarg,1,0,0.4853,Alakazam
90876010,/Users/nickzwart/Desktop/9-8-2026/90876010.json,DavidFreelan,0,0,0.5952,Dragapult
90876021,/Users/nickzwart/Desktop/9-8-2026/90876021.json,ANDPAD kaggler team,1,0,0.5135,Grimmsnarl
90876039,/Users/nickzwart/Desktop/9-8-2026/90876039.json,LiamK,1,0,0.4444,Alakazam
90876720,/Users/nickzwart/Desktop/9-8-2026/90876720.json,Oleksandr_Savsunenko,0,0,0.3902,Alakazam
90876733,/Users/nickzwart/Desktop/9-8-2026/90876733.json,Team KASA.,1,1,0.5079,Grimmsnarl
90876843,/Users/nickzwart/Desktop/9-8-2026/90876843.json,DavidFreelan,1,0,0.5952,Grimmsnarl
90876871,/Users/nickzwart/Desktop/9-8-2026/90876871.json,Petit Canard,1,0,0.2222,Alakazam
90877036,/Users/nickzwart/Desktop/9-8-2026/90877036.json,Benarg,0,1,0.4853,Grimmsnarl
90877550,/Users/nickzwart/Desktop/9-8-2026/90877550.json,Rikito Kanda,0,0,0.25,Alakazam
90877656,/Users/nickzwart/Desktop/9-8-2026/90877656.json,ANDPAD kaggler team,1,0,0.5135,Grimmsnarl
90877790,/Users/nickzwart/Desktop/9-8-2026/90877790.json,Rikito Kanda,0,1,0.25,Grimmsnarl
90877792,/Users/nickzwart/Desktop/9-8-2026/90877792.json,Jack,0,1,0.5227,Grimmsnarl
90878532,/Users/nickzwart/Desktop/9-8-2026/90878532.json,DavidFreelan,0,0,0.5952,Alakazam
90878568,/Users/nickzwart/Desktop/9-8-2026/90878568.json,Benarg,0,1,0.4853,Alakazam
90878575,/Users/nickzwart/Desktop/9-8-2026/90878575.json,Octavi Grau,0,1,0.325,Grimmsnarl
90879225,/Users/nickzwart/Desktop/9-8-2026/90879225.json,sadwat,1,0,0.5339,M-Kangaskhan
90879346,/Users/nickzwart/Desktop/9-8-2026/90879346.json,ANDPAD kaggler team,0,1,0.5135,Dragapult
90879381,/Users/nickzwart/Desktop/9-8-2026/90879381.json,DavidFreelan,0,1,0.5952,Ogerpon
90879490,/Users/nickzwart/Desktop/9-8-2026/90879490.json,JB Bryant,0,0,0.5657,Alakazam
90880037,/Users/nickzwart/Desktop/9-8-2026/90880037.json,Jack,1,1,0.5227,Grimmsnarl
90880057,/Users/nickzwart/Desktop/9-8-2026/90880057.json,stnick,0,0,0.5246,M-Kangaskhan
90880164,/Users/nickzwart/Desktop/9-8-2026/90880164.json,ANDPAD kaggler team,1,1,0.5135,Grimmsnarl
90880260,/Users/nickzwart/Desktop/9-8-2026/90880260.json,想要成为kaggle大师,1,1,0.5906,Grimmsnarl
90881032,/Users/nickzwart/Desktop/9-8-2026/90881032.json,ANDPAD kaggler team,1,0,0.5135,Grimmsnarl
90881101,/Users/nickzwart/Desktop/9-8-2026/90881101.json,ポケカ前線,1,0,0.3636,Alakazam
90881119,/Users/nickzwart/Desktop/9-8-2026/90881119.json,djschmit,0,0,0.2857,Alakazam
90881228,/Users/nickzwart/Desktop/9-8-2026/90881228.json,Petit Canard,1,1,0.2222,Alakazam
90881877,/Users/nickzwart/Desktop/9-8-2026/90881877.json,ANDPAD kaggler team,1,1,0.5135,Grimmsnarl
90882865,/Users/nickzwart/Desktop/9-8-2026/90882865.json,Marshall Maximizer,0,1,0.75,Alakazam
90882619,/Users/nickzwart/Desktop/9-8-2026/90882619.json,sadwat,1,0,0.5339,Alakazam
90882711,/Users/nickzwart/Desktop/9-8-2026/90882711.json,ANDPAD kaggler team,1,0,0.5135,Grimmsnarl
90882750,/Users/nickzwart/Desktop/9-8-2026/90882750.json,DavidFreelan,0,0,0.5952,Dragapult
90883592,/Users/nickzwart/Desktop/9-8-2026/90883592.json,DavidFreelan,0,1,0.5952,Grimmsnarl
90883610,/Users/nickzwart/Desktop/9-8-2026/90883610.json,matsurih,1,0,0.5393,Alakazam
90883615,/Users/nickzwart/Desktop/9-8-2026/90883615.json,Roman Stupin,1,1,0.3333,Grimmsnarl
90884263,/Users/nickzwart/Desktop/9-8-2026/90884263.json,S4nkurero,1,1,0.2727,Grimmsnarl
90884467,/Users/nickzwart/Desktop/9-8-2026/90884467.json,DavidFreelan,1,1,0.5952,M-Kangaskhan
90885121,/Users/nickzwart/Desktop/9-8-2026/90885121.json,DavidFreelan,1,0,0.5952,Alakazam
90884437,/Users/nickzwart/Desktop/9-8-2026/90884437.json,ANDPAD kaggler team,1,1,0.5135,Hydrapple
90885232,/Users/nickzwart/Desktop/9-8-2026/90885232.json,ANDPAD kaggler team,1,0,0.5135,Ogerpon
90885260,/Users/nickzwart/Desktop/9-8-2026/90885260.json,DavidFreelan,0,1,0.5952,Hydrapple
90885353,/Users/nickzwart/Desktop/9-8-2026/90885353.json,loIzpo + emonga,1,0,0.5057,Grimmsnarl
90886086,/Users/nickzwart/Desktop/9-8-2026/90886086.json,ANDPAD kaggler team,1,0,0.5135,Hydrapple
90886124,/Users/nickzwart/Desktop/9-8-2026/90886124.json,DavidFreelan,0,1,0.5952,Hydrapple
90886909,/Users/nickzwart/Desktop/9-8-2026/90886909.json,ANDPAD kaggler team,0,1,0.5135,Ogerpon
90886950,/Users/nickzwart/Desktop/9-8-2026/90886950.json,DavidFreelan,0,1,0.5952,Grimmsnarl
90887651,/Users/nickzwart/Desktop/9-8-2026/90887651.json,Petit Canard,0,0,0.2222,M-Kangaskhan
90886145,/Users/nickzwart/Desktop/9-8-2026/90886145.json,typeIIIfairy,0,0,0.3696,Grimmsnarl
90887762,/Users/nickzwart/Desktop/9-8-2026/90887762.json,ANDPAD kaggler team,0,1,0.5135,Grimmsnarl
90887789,/Users/nickzwart/Desktop/9-8-2026/90887789.json,DavidFreelan,1,1,0.5952,Dragapult
90887819,/Users/nickzwart/Desktop/9-8-2026/90887819.json,S4nkurero,0,0,0.2727,Grimmsnarl
90888483,/Users/nickzwart/Desktop/9-8-2026/90888483.json,Benarg,0,1,0.4853,M-Kangaskhan
90889406,/Users/nickzwart/Desktop/9-8-2026/90889406.json,DavidFreelan,0,1,0.5952,Grimmsnarl
90888644,/Users/nickzwart/Desktop/9-8-2026/90888644.json,DavidFreelan,0,1,0.5952,M-Kangaskhan
90890240,/Users/nickzwart/Desktop/9-8-2026/90890240.json,Jack,0,0,0.5227,Alakazam
90890283,/Users/nickzwart/Desktop/9-8-2026/90890283.json,ANDPAD kaggler team,1,0,0.5135,Grimmsnarl
90890319,/Users/nickzwart/Desktop/9-8-2026/90890319.json,DavidFreelan,1,1,0.5952,Dragapult
90891080,/Users/nickzwart/Desktop/9-8-2026/90891080.json,Boss's Orders Are All You Need,1,0,0.5,Alakazam
90891131,/Users/nickzwart/Desktop/9-8-2026/90891131.json,ANDPAD kaggler team,0,1,0.5135,M-Kangaskhan
90891167,/Users/nickzwart/Desktop/9-8-2026/90891167.json,DavidFreelan,1,1,0.5952,Grimmsnarl
90891874,/Users/nickzwart/Desktop/9-8-2026/90891874.json,S4nkurero,0,1,0.2727,Alakazam
90892000,/Users/nickzwart/Desktop/9-8-2026/90892000.json,ANDPAD kaggler team,0,1,0.5135,M-Lopunny
90892000,/Users/nickzwart/Desktop/9-8-2026/90892000.json,stnick,1,0,0.5246,M-Lopunny
90893609,/Users/nickzwart/Desktop/9-8-2026/90893609.json,Benarg,0,1,0.4853,Alakazam
90892842,/Users/nickzwart/Desktop/9-8-2026/90892842.json,ANDPAD kaggler team,1,1,0.5135,Grimmsnarl
90893673,/Users/nickzwart/Desktop/9-8-2026/90893673.json,ANDPAD kaggler team,0,0,0.5135,Grimmsnarl
90895978,/Users/nickzwart/Desktop/9-8-2026/90895978.json,matsurih,0,1,0.5393,Grimmsnarl
90896077,/Users/nickzwart/Desktop/9-8-2026/90896077.json,stnick,1,1,0.5246,Alakazam
90896160,/Users/nickzwart/Desktop/9-8-2026/90896160.json,ANDPAD kaggler team,0,1,0.5135,Ogerpon
90896189,/Users/nickzwart/Desktop/9-8-2026/90896189.json,insuperabilehart,1,0,0.529,Alakazam
90896918,/Users/nickzwart/Desktop/9-8-2026/90896918.json,Benarg,0,1,0.4853,Alakazam
90896986,/Users/nickzwart/Desktop/9-8-2026/90896986.json,ANDPAD kaggler team,0,1,0.5135,Grimmsnarl
90897762,/Users/nickzwart/Desktop/9-8-2026/90897762.json,JB Bryant,0,1,0.5657,Alakazam
90898489,/Users/nickzwart/Desktop/9-8-2026/90898489.json,Brahim,1,1,0.4167,Grimmsnarl
90898633,/Users/nickzwart/Desktop/9-8-2026/90898633.json,NIWATORI,1,1,0.5357,Alakazam
90897846,/Users/nickzwart/Desktop/9-8-2026/90897846.json,ANDPAD kaggler team,0,0,0.5135,M-Lopunny
90897846,/Users/nickzwart/Desktop/9-8-2026/90897846.json,stnick,1,1,0.5246,M-Lopunny
90897900,/Users/nickzwart/Desktop/9-8-2026/90897900.json,LiamK,1,0,0.4444,Grimmsnarl
90899350,/Users/nickzwart/Desktop/9-8-2026/90899350.json,matsurih,1,1,0.5393,Dudunsparce
90900283,/Users/nickzwart/Desktop/9-8-2026/90900283.json,loIzpo + emonga,1,1,0.5057,Alakazam
90900410,/Users/nickzwart/Desktop/9-8-2026/90900410.json,ポケカ前線,1,1,0.3636,Grimmsnarl
90900417,/Users/nickzwart/Desktop/9-8-2026/90900417.json,typeIIIfairy,0,0,0.3696,Alakazam
90901000,/Users/nickzwart/Desktop/9-8-2026/90901000.json,sadwat,0,1,0.5339,M-Kangaskhan
90901011,/Users/nickzwart/Desktop/9-8-2026/90901011.json,想要成为kaggle大师,0,0,0.5906,Dragapult
90899567,/Users/nickzwart/Desktop/9-8-2026/90899567.json,NIWATORI,0,0,0.5357,Grimmsnarl
90899574,/Users/nickzwart/Desktop/9-8-2026/90899574.json,DavidFreelan,0,0,0.5952,Grimmsnarl
90900115,/Users/nickzwart/Desktop/9-8-2026/90900115.json,Brahim,1,1,0.4167,Grimmsnarl
90900122,/Users/nickzwart/Desktop/9-8-2026/90900122.json,Funky,1,1,0.54,Grimmsnarl
90901306,/Users/nickzwart/Desktop/9-8-2026/90901306.json,ANDPAD kaggler team,1,0,0.5135,Grimmsnarl
90901940,/Users/nickzwart/Desktop/9-8-2026/90901940.json,loIzpo + emonga,1,1,0.5057,Grimmsnarl
90901107,/Users/nickzwart/Desktop/9-8-2026/90901107.json,想要成为kaggle大师,1,1,0.5906,Grimmsnarl
90901289,/Users/nickzwart/Desktop/9-8-2026/90901289.json,Octavi Grau,0,0,0.325,Alakazam
90902020,/Users/nickzwart/Desktop/9-8-2026/90902020.json,Petit Canard,0,0,0.2222,Alakazam
90903715,/Users/nickzwart/Desktop/9-8-2026/90903715.json,Oleksandr_Savsunenko,1,0,0.3902,M-Kangaskhan
90904436,/Users/nickzwart/Desktop/9-8-2026/90904436.json,typeIIIfairy,1,1,0.3696,Grimmsnarl
90905567,/Users/nickzwart/Desktop/9-8-2026/90905567.json,Funky,1,0,0.54,Grimmsnarl
90907262,/Users/nickzwart/Desktop/9-8-2026/90907262.json,ANDPAD kaggler team,1,1,0.5135,Ogerpon
90907265,/Users/nickzwart/Desktop/9-8-2026/90907265.json,Brahim,0,0,0.4167,Alakazam
90906401,/Users/nickzwart/Desktop/9-8-2026/90906401.json,DavidFreelan,0,1,0.5952,Grimmsnarl
90906427,/Users/nickzwart/Desktop/9-8-2026/90906427.json,Petit Canard,0,1,0.2222,Grimmsnarl
90907120,/Users/nickzwart/Desktop/9-8-2026/90907120.json,LiamK,1,0,0.4444,other
90907136,/Users/nickzwart/Desktop/9-8-2026/90907136.json,想要成为kaggle大师,0,0,0.5906,Ogerpon
90907858,/Users/nickzwart/Desktop/9-8-2026/90907858.json,Oleksandr_Savsunenko,0,1,0.3902,Dragapult
90907873,/Users/nickzwart/Desktop/9-8-2026/90907873.json,Oleksandr_Savsunenko,0,1,0.3902,Dragapult
90908107,/Users/nickzwart/Desktop/9-8-2026/90908107.json,ANDPAD kaggler team,1,1,0.5135,Alakazam
90908791,/Users/nickzwart/Desktop/9-8-2026/90908791.json,想要成为kaggle大师,0,1,0.5906,other
90908822,/Users/nickzwart/Desktop/9-8-2026/90908822.json,Oleksandr_Savsunenko,0,1,0.3902,M-Kangaskhan
90908948,/Users/nickzwart/Desktop/9-8-2026/90908948.json,Benarg,1,0,0.4853,Garchomp
90910536,/Users/nickzwart/Desktop/9-8-2026/90910536.json,Jack,1,0,0.5227,other
90910618,/Users/nickzwart/Desktop/9-8-2026/90910618.json,Team KASA.,1,0,0.5079,Dragapult
90911154,/Users/nickzwart/Desktop/9-8-2026/90911154.json,typeIIIfairy,0,0,0.3696,Grimmsnarl
90911276,/Users/nickzwart/Desktop/9-8-2026/90911276.json,Benarg,1,1,0.4853,other
90911349,/Users/nickzwart/Desktop/9-8-2026/90911349.json,想要成为kaggle大师,0,1,0.5906,Ogerpon
90912204,/Users/nickzwart/Desktop/9-8-2026/90912204.json,想要成为kaggle大师,0,1,0.5906,Grimmsnarl
90912207,/Users/nickzwart/Desktop/9-8-2026/90912207.json,stnick,0,0,0.5246,Grimmsnarl
90912343,/Users/nickzwart/Desktop/9-8-2026/90912343.json,S4nkurero,0,0,0.2727,Alakazam
90913180,/Users/nickzwart/Desktop/9-8-2026/90913180.json,DavidFreelan,0,1,0.5952,Alakazam
90911485,/Users/nickzwart/Desktop/9-8-2026/90911485.json,Oleksandr_Savsunenko,1,0,0.3902,Alakazam
90912038,/Users/nickzwart/Desktop/9-8-2026/90912038.json,sadwat,0,0,0.5339,Ogerpon
90912138,/Users/nickzwart/Desktop/9-8-2026/90912138.json,Jack,1,1,0.5227,Dragapult
90913848,/Users/nickzwart/Desktop/9-8-2026/90913848.json,ANDPAD kaggler team,0,0,0.5135,Dragapult
90913907,/Users/nickzwart/Desktop/9-8-2026/90913907.json,想要成为kaggle大师,0,1,0.5906,Alakazam
90914716,/Users/nickzwart/Desktop/9-8-2026/90914716.json,Oleksandr_Savsunenko,0,1,0.3902,Grimmsnarl
90915460,/Users/nickzwart/Desktop/9-8-2026/90915460.json,Petit Canard,1,0,0.2222,Ogerpon
90916462,/Users/nickzwart/Desktop/9-8-2026/90916462.json,想要成为kaggle大师,0,1,0.5906,M-Lucario
90917058,/Users/nickzwart/Desktop/9-8-2026/90917058.json,S4nkurero,0,0,0.2727,Alakazam
90915496,/Users/nickzwart/Desktop/9-8-2026/90915496.json,LiamK,1,1,0.4444,M-Kangaskhan
90915566,/Users/nickzwart/Desktop/9-8-2026/90915566.json,sadwat,1,0,0.5339,Dragapult
90915626,/Users/nickzwart/Desktop/9-8-2026/90915626.json,想要成为kaggle大师,1,1,0.5906,Alakazam
90917407,/Users/nickzwart/Desktop/9-8-2026/90917407.json,ポケカ前線,1,0,0.3636,Alakazam
90918087,/Users/nickzwart/Desktop/9-8-2026/90918087.json,loIzpo + emonga,1,0,0.5057,Grimmsnarl
90918774,/Users/nickzwart/Desktop/9-8-2026/90918774.json,Octavi Grau,0,0,0.325,M-Lucario
90920532,/Users/nickzwart/Desktop/9-8-2026/90920532.json,insuperabilehart,0,0,0.529,M-Kangaskhan
90919688,/Users/nickzwart/Desktop/9-8-2026/90919688.json,DavidFreelan,0,1,0.5952,Grimmsnarl
90920693,/Users/nickzwart/Desktop/9-8-2026/90920693.json,JB Bryant,0,1,0.5657,Alakazam
90920728,/Users/nickzwart/Desktop/9-8-2026/90920728.json,Team KASA.,0,0,0.5079,M-Lucario
90921435,/Users/nickzwart/Desktop/9-8-2026/90921435.json,Roman Stupin,1,0,0.3333,Dragapult
90921444,/Users/nickzwart/Desktop/9-8-2026/90921444.json,Roman Stupin,1,1,0.3333,Grimmsnarl
90922258,/Users/nickzwart/Desktop/9-8-2026/90922258.json,loIzpo + emonga,1,1,0.5057,Alakazam
90922382,/Users/nickzwart/Desktop/9-8-2026/90922382.json,matsurih,0,0,0.5393,M-Lopunny
90922382,/Users/nickzwart/Desktop/9-8-2026/90922382.json,LiamK,1,1,0.4444,M-Lopunny
90923170,/Users/nickzwart/Desktop/9-8-2026/90923170.json,Brahim,0,1,0.4167,Grimmsnarl
90923822,/Users/nickzwart/Desktop/9-8-2026/90923822.json,LiamK,1,0,0.4444,Ogerpon
90924028,/Users/nickzwart/Desktop/9-8-2026/90924028.json,wwwwwwwwwwwwwwwwwwwwwwwwwwwwww,0,1,0.6714,M-Lopunny
90924028,/Users/nickzwart/Desktop/9-8-2026/90924028.json,loIzpo + emonga,1,0,0.5057,M-Lopunny
90924082,/Users/nickzwart/Desktop/9-8-2026/90924082.json,想要成为kaggle大师,1,0,0.5906,Grimmsnarl
90924567,/Users/nickzwart/Desktop/9-8-2026/90924567.json,LiamK,0,0,0.4444,other
90925587,/Users/nickzwart/Desktop/9-8-2026/90925587.json,insuperabilehart,1,1,0.529,Dragapult
90925596,/Users/nickzwart/Desktop/9-8-2026/90925596.json,stnick,0,1,0.5246,Dragapult
90925721,/Users/nickzwart/Desktop/9-8-2026/90925721.json,loIzpo + emonga,0,1,0.5057,Alakazam
90925738,/Users/nickzwart/Desktop/9-8-2026/90925738.json,ANDPAD kaggler team,1,1,0.5135,Grimmsnarl
90924676,/Users/nickzwart/Desktop/9-8-2026/90924676.json,NIWATORI,0,0,0.5357,Dragapult
90926437,/Users/nickzwart/Desktop/9-8-2026/90926437.json,insuperabilehart,0,0,0.529,Dragapult
90926443,/Users/nickzwart/Desktop/9-8-2026/90926443.json,Jack,0,0,0.5227,Dragapult
90926521,/Users/nickzwart/Desktop/9-8-2026/90926521.json,Benarg,0,0,0.4853,M-Kangaskhan
90927227,/Users/nickzwart/Desktop/9-8-2026/90927227.json,Petit Canard,0,0,0.2222,M-Kangaskhan
90928045,/Users/nickzwart/Desktop/9-8-2026/90928045.json,LiamK,1,0,0.4444,Ogerpon
90926536,/Users/nickzwart/Desktop/9-8-2026/90926536.json,LiamK,1,0,0.4444,Grimmsnarl
90928239,/Users/nickzwart/Desktop/9-8-2026/90928239.json,ポケカ前線,0,0,0.3636,Grimmsnarl
90928993,/Users/nickzwart/Desktop/9-8-2026/90928993.json,stnick,0,1,0.5246,Dragapult
90929129,/Users/nickzwart/Desktop/9-8-2026/90929129.json,DavidFreelan,1,0,0.5952,M-Lucario
90929135,/Users/nickzwart/Desktop/9-8-2026/90929135.json,JB Bryant,1,0,0.5657,M-Kangaskhan
90929683,/Users/nickzwart/Desktop/9-8-2026/90929683.json,Jonathan Coletti,0,1,0.4706,Grimmsnarl
90929854,/Users/nickzwart/Desktop/9-8-2026/90929854.json,matsurih,1,0,0.5393,M-Kangaskhan
90931510,/Users/nickzwart/Desktop/9-8-2026/90931510.json,typeIIIfairy,1,0,0.3696,other
90932302,/Users/nickzwart/Desktop/9-8-2026/90932302.json,Roman Stupin,0,0,0.3333,Grimmsnarl
90933993,/Users/nickzwart/Desktop/9-8-2026/90933993.json,stnick,0,1,0.5246,M-Kangaskhan
90933014,/Users/nickzwart/Desktop/9-8-2026/90933014.json,Roman Stupin,1,0,0.3333,Alakazam
90933065,/Users/nickzwart/Desktop/9-8-2026/90933065.json,DavidFreelan,0,1,0.5952,Grimmsnarl
90934633,/Users/nickzwart/Desktop/9-8-2026/90934633.json,sadwat,1,0,0.5339,Dragapult
90934768,/Users/nickzwart/Desktop/9-8-2026/90934768.json,Jack,1,1,0.5227,Alakazam
90935610,/Users/nickzwart/Desktop/9-8-2026/90935610.json,LiamK,1,1,0.4444,Ogerpon
90935667,/Users/nickzwart/Desktop/9-8-2026/90935667.json,ANDPAD kaggler team,1,0,0.5135,M-Kangaskhan
90935707,/Users/nickzwart/Desktop/9-8-2026/90935707.json,loIzpo + emonga,1,1,0.5057,Dragapult
90934769,/Users/nickzwart/Desktop/9-8-2026/90934769.json,Brahim,1,0,0.4167,Dudunsparce
90934777,/Users/nickzwart/Desktop/9-8-2026/90934777.json,sadwat,0,0,0.5339,Grimmsnarl
90934945,/Users/nickzwart/Desktop/9-8-2026/90934945.json,Roman Stupin,1,0,0.3333,Dragapult
90939098,/Users/nickzwart/Desktop/9-8-2026/90939098.json,Benarg,1,0,0.4853,Dudunsparce
90939732,/Users/nickzwart/Desktop/9-8-2026/90939732.json,sadwat,0,0,0.5339,other
90939769,/Users/nickzwart/Desktop/9-8-2026/90939769.json,Roman Stupin,0,0,0.3333,Grimmsnarl
90941431,/Users/nickzwart/Desktop/9-8-2026/90941431.json,insuperabilehart,1,0,0.529,other
90941600,/Users/nickzwart/Desktop/9-8-2026/90941600.json,JB Bryant,1,0,0.5657,M-Kangaskhan
90939940,/Users/nickzwart/Desktop/9-8-2026/90939940.json,typeIIIfairy,1,0,0.3696,Grimmsnarl
90943109,/Users/nickzwart/Desktop/9-8-2026/90943109.json,LiamK,0,1,0.4444,Ogerpon
90943314,/Users/nickzwart/Desktop/9-8-2026/90943314.json,DavidFreelan,0,1,0.5952,M-Lopunny
90943314,/Users/nickzwart/Desktop/9-8-2026/90943314.json,Jack,1,0,0.5227,M-Lopunny
90943000,/Users/nickzwart/Desktop/9-8-2026/90943000.json,wwwwwwwwwwwwwwwwwwwwwwwwwwwwww,1,0,0.6714,Ogerpon
90943011,/Users/nickzwart/Desktop/9-8-2026/90943011.json,JB Bryant,1,0,0.5657,other
90944782,/Users/nickzwart/Desktop/9-8-2026/90944782.json,LiamK,0,0,0.4444,other
90945602,/Users/nickzwart/Desktop/9-8-2026/90945602.json,JB Bryant,0,0,0.5657,other
90948156,/Users/nickzwart/Desktop/9-8-2026/90948156.json,Jack,1,0,0.5227,Grimmsnarl
90947110,/Users/nickzwart/Desktop/9-8-2026/90947110.json,Funky,1,0,0.54,M-Kangaskhan
90947183,/Users/nickzwart/Desktop/9-8-2026/90947183.json,DavidFreelan,1,0,0.5952,Dragapult
90949824,/Users/nickzwart/Desktop/9-8-2026/90949824.json,stnick,0,0,0.5246,Ogerpon
90949852,/Users/nickzwart/Desktop/9-8-2026/90949852.json,Jack,0,0,0.5227,Ogerpon
90949884,/Users/nickzwart/Desktop/9-8-2026/90949884.json,matsurih,1,0,0.5393,M-Kangaskhan
90949093,/Users/nickzwart/Desktop/9-8-2026/90949093.json,ANDPAD kaggler team,0,0,0.5135,Grimmsnarl
90950407,/Users/nickzwart/Desktop/9-8-2026/90950407.json,Benarg,0,1,0.4853,Grimmsnarl
90950571,/Users/nickzwart/Desktop/9-8-2026/90950571.json,LiamK,1,0,0.4444,other
90951537,/Users/nickzwart/Desktop/9-8-2026/90951537.json,Brahim,0,1,0.4167,Grimmsnarl
90951568,/Users/nickzwart/Desktop/9-8-2026/90951568.json,Roman Stupin,1,0,0.3333,Grimmsnarl
90952043,/Users/nickzwart/Desktop/9-8-2026/90952043.json,DavidFreelan,0,1,0.5952,M-Kangaskhan
90952232,/Users/nickzwart/Desktop/9-8-2026/90952232.json,Oleksandr_Savsunenko,1,0,0.3902,Alakazam
90950766,/Users/nickzwart/Desktop/9-8-2026/90950766.json,想要成为kaggle大师,0,0,0.5906,Grimmsnarl
90952348,/Users/nickzwart/Desktop/9-8-2026/90952348.json,Brahim,0,1,0.4167,Grimmsnarl
90952907,/Users/nickzwart/Desktop/9-8-2026/90952907.json,stnick,0,0,0.5246,M-Lopunny
90952907,/Users/nickzwart/Desktop/9-8-2026/90952907.json,DavidFreelan,1,1,0.5952,M-Lopunny
90953731,/Users/nickzwart/Desktop/9-8-2026/90953731.json,DavidFreelan,1,0,0.5952,Ogerpon
90953984,/Users/nickzwart/Desktop/9-8-2026/90953984.json,JB Bryant,0,1,0.5657,Grimmsnarl
90954598,/Users/nickzwart/Desktop/9-8-2026/90954598.json,DavidFreelan,1,0,0.5952,Grimmsnarl
90954762,/Users/nickzwart/Desktop/9-8-2026/90954762.json,Team KASA.,0,1,0.5079,Ogerpon
90956530,/Users/nickzwart/Desktop/9-8-2026/90956530.json,loIzpo + emonga,1,0,0.5057,Garchomp
90956580,/Users/nickzwart/Desktop/9-8-2026/90956580.json,ANDPAD kaggler team,0,0,0.5135,Ogerpon
90957053,/Users/nickzwart/Desktop/9-8-2026/90957053.json,cm391,0,0,0.4286,Alakazam
90957092,/Users/nickzwart/Desktop/9-8-2026/90957092.json,DavidFreelan,1,0,0.5952,Alakazam
90955714,/Users/nickzwart/Desktop/9-8-2026/90955714.json,cm391,0,1,0.4286,Alakazam
90955743,/Users/nickzwart/Desktop/9-8-2026/90955743.json,DavidFreelan,0,1,0.5952,M-Lopunny
90955743,/Users/nickzwart/Desktop/9-8-2026/90955743.json,Oleksandr_Savsunenko,1,0,0.3902,M-Lopunny
90956270,/Users/nickzwart/Desktop/9-8-2026/90956270.json,DavidFreelan,0,1,0.5952,M-Kangaskhan
90957912,/Users/nickzwart/Desktop/9-8-2026/90957912.json,DavidFreelan,0,1,0.5952,M-Kangaskhan
90958216,/Users/nickzwart/Desktop/9-8-2026/90958216.json,ポケカ前線,1,1,0.3636,Alakazam
90957271,/Users/nickzwart/Desktop/9-8-2026/90957271.json,LiamK,1,1,0.4444,other
90957285,/Users/nickzwart/Desktop/9-8-2026/90957285.json,Roman Stupin,0,0,0.3333,Grimmsnarl
90957310,/Users/nickzwart/Desktop/9-8-2026/90957310.json,Brahim,0,0,0.4167,Ogerpon
90957881,/Users/nickzwart/Desktop/9-8-2026/90957881.json,cm391,1,1,0.4286,Grimmsnarl
90958732,/Users/nickzwart/Desktop/9-8-2026/90958732.json,DavidFreelan,0,1,0.5952,M-Lopunny
90958732,/Users/nickzwart/Desktop/9-8-2026/90958732.json,ANDPAD kaggler team,1,0,0.5135,M-Lopunny
90958852,/Users/nickzwart/Desktop/9-8-2026/90958852.json,ANDPAD kaggler team,0,0,0.5135,Grimmsnarl
90959876,/Users/nickzwart/Desktop/9-8-2026/90959876.json,cm391,1,0,0.4286,Ogerpon
90960375,/Users/nickzwart/Desktop/9-8-2026/90960375.json,cm391,1,1,0.4286,Grimmsnarl
90959566,/Users/nickzwart/Desktop/9-8-2026/90959566.json,DavidFreelan,1,1,0.5952,Alakazam
90959715,/Users/nickzwart/Desktop/9-8-2026/90959715.json,cm391,0,0,0.4286,Grimmsnarl
90959742,/Users/nickzwart/Desktop/9-8-2026/90959742.json,loIzpo + emonga,1,0,0.5057,Ogerpon
90959856,/Users/nickzwart/Desktop/9-8-2026/90959856.json,sadwat,0,1,0.5339,Grimmsnarl
90962064,/Users/nickzwart/Desktop/9-8-2026/90962064.json,cm391,1,1,0.4286,Grimmsnarl
90961241,/Users/nickzwart/Desktop/9-8-2026/90961241.json,DavidFreelan,0,1,0.5952,Grimmsnarl
90961339,/Users/nickzwart/Desktop/9-8-2026/90961339.json,Funky,0,0,0.54,Grimmsnarl
90961489,/Users/nickzwart/Desktop/9-8-2026/90961489.json,insuperabilehart,0,0,0.529,Dragapult
90963091,/Users/nickzwart/Desktop/9-8-2026/90963091.json,matsurih,1,0,0.5393,Grimmsnarl
90962909,/Users/nickzwart/Desktop/9-8-2026/90962909.json,cm391,1,0,0.4286,Alakazam
90962934,/Users/nickzwart/Desktop/9-8-2026/90962934.json,DavidFreelan,1,1,0.5952,M-Kangaskhan
90963781,/Users/nickzwart/Desktop/9-8-2026/90963781.json,djschmit,0,0,0.2857,M-Lopunny
90963781,/Users/nickzwart/Desktop/9-8-2026/90963781.json,cm391,1,1,0.4286,M-Lopunny
90963796,/Users/nickzwart/Desktop/9-8-2026/90963796.json,DavidFreelan,1,1,0.5952,Grimmsnarl
90964597,/Users/nickzwart/Desktop/9-8-2026/90964597.json,Boseiju,1,1,0.4839,Grimmsnarl
90964623,/Users/nickzwart/Desktop/9-8-2026/90964623.json,cm391,0,0,0.4286,M-Kangaskhan
90965425,/Users/nickzwart/Desktop/9-8-2026/90965425.json,Boseiju,0,1,0.4839,Ogerpon
90965458,/Users/nickzwart/Desktop/9-8-2026/90965458.json,cm391,0,1,0.4286,other
90965462,/Users/nickzwart/Desktop/9-8-2026/90965462.json,cm391,1,0,0.4286,Alakazam
90964626,/Users/nickzwart/Desktop/9-8-2026/90964626.json,Team KASA.,0,1,0.5079,Grimmsnarl
90964644,/Users/nickzwart/Desktop/9-8-2026/90964644.json,DavidFreelan,0,1,0.5952,Dragapult
90964750,/Users/nickzwart/Desktop/9-8-2026/90964750.json,Benarg,0,0,0.4853,Grimmsnarl
90966261,/Users/nickzwart/Desktop/9-8-2026/90966261.json,Boseiju,0,1,0.4839,Alakazam
90966311,/Users/nickzwart/Desktop/9-8-2026/90966311.json,cm391,0,0,0.4286,M-Kangaskhan
90966315,/Users/nickzwart/Desktop/9-8-2026/90966315.json,DavidFreelan,0,0,0.5952,Alakazam
90966403,/Users/nickzwart/Desktop/9-8-2026/90966403.json,Brahim,1,1,0.4167,Grimmsnarl
90966541,/Users/nickzwart/Desktop/9-8-2026/90966541.json,wwwwwwwwwwwwwwwwwwwwwwwwwwwwww,1,1,0.6714,Grimmsnarl
90967092,/Users/nickzwart/Desktop/9-8-2026/90967092.json,Boseiju,0,0,0.4839,Grimmsnarl
90967140,/Users/nickzwart/Desktop/9-8-2026/90967140.json,cm391,0,1,0.4286,other
90967154,/Users/nickzwart/Desktop/9-8-2026/90967154.json,DavidFreelan,0,0,0.5952,Alakazam
90967303,/Users/nickzwart/Desktop/9-8-2026/90967303.json,JB Bryant,1,0,0.5657,other
90967932,/Users/nickzwart/Desktop/9-8-2026/90967932.json,cm391,1,1,0.4286,Grimmsnarl
90967963,/Users/nickzwart/Desktop/9-8-2026/90967963.json,DavidFreelan,0,0,0.5952,M-Lopunny
90967963,/Users/nickzwart/Desktop/9-8-2026/90967963.json,NIWATORI,1,1,0.5357,M-Lopunny
90967968,/Users/nickzwart/Desktop/9-8-2026/90967968.json,Boseiju,0,1,0.4839,Grimmsnarl
90968736,/Users/nickzwart/Desktop/9-8-2026/90968736.json,Boseiju,1,1,0.4839,Grimmsnarl
90968745,/Users/nickzwart/Desktop/9-8-2026/90968745.json,matsurih,0,0,0.5393,Alakazam
90968794,/Users/nickzwart/Desktop/9-8-2026/90968794.json,Roman Stupin,1,0,0.3333,Alakazam
90968796,/Users/nickzwart/Desktop/9-8-2026/90968796.json,cm391,1,1,0.4286,Grimmsnarl
90968816,/Users/nickzwart/Desktop/9-8-2026/90968816.json,DavidFreelan,1,0,0.5952,Alakazam
90968974,/Users/nickzwart/Desktop/9-8-2026/90968974.json,LiamK,1,1,0.4444,other
90969818,/Users/nickzwart/Desktop/9-8-2026/90969818.json,LiamK,0,0,0.4444,other
90970421,/Users/nickzwart/Desktop/9-8-2026/90970421.json,Boseiju,0,0,0.4839,Grimmsnarl
90969571,/Users/nickzwart/Desktop/9-8-2026/90969571.json,wwwwwwwwwwwwwwwwwwwwwwwwwwwwww,0,0,0.6714,Alakazam
90969578,/Users/nickzwart/Desktop/9-8-2026/90969578.json,Boseiju,0,1,0.4839,Grimmsnarl
90969624,/Users/nickzwart/Desktop/9-8-2026/90969624.json,cm391,1,1,0.4286,Ogerpon
90970465,/Users/nickzwart/Desktop/9-8-2026/90970465.json,cm391,1,1,0.4286,M-Kangaskhan
90970497,/Users/nickzwart/Desktop/9-8-2026/90970497.json,DavidFreelan,1,0,0.5952,Grimmsnarl
90970577,/Users/nickzwart/Desktop/9-8-2026/90970577.json,DavidFreelan,1,0,0.5952,Grimmsnarl
90971257,/Users/nickzwart/Desktop/9-8-2026/90971257.json,Boseiju,1,1,0.4839,Grimmsnarl
90971296,/Users/nickzwart/Desktop/9-8-2026/90971296.json,cm391,0,1,0.4286,Ogerpon
90971319,/Users/nickzwart/Desktop/9-8-2026/90971319.json,DavidFreelan,0,1,0.5952,Grimmsnarl
90972082,/Users/nickzwart/Desktop/9-8-2026/90972082.json,Boseiju,1,0,0.4839,Grimmsnarl
90972142,/Users/nickzwart/Desktop/9-8-2026/90972142.json,cm391,1,1,0.4286,Alakazam
90972187,/Users/nickzwart/Desktop/9-8-2026/90972187.json,stnick,1,0,0.5246,Alakazam
90972344,/Users/nickzwart/Desktop/9-8-2026/90972344.json,wwwwwwwwwwwwwwwwwwwwwwwwwwwwww,0,1,0.6714,Dudunsparce
90972939,/Users/nickzwart/Desktop/9-8-2026/90972939.json,Boseiju,0,0,0.4839,Alakazam
90972981,/Users/nickzwart/Desktop/9-8-2026/90972981.json,cm391,0,0,0.4286,Alakazam
90973017,/Users/nickzwart/Desktop/9-8-2026/90973017.json,DavidFreelan,1,1,0.5952,Dudunsparce
90973109,/Users/nickzwart/Desktop/9-8-2026/90973109.json,Octavi Grau,0,0,0.325,Grimmsnarl
90973782,/Users/nickzwart/Desktop/9-8-2026/90973782.json,Boseiju,1,0,0.4839,Grimmsnarl
90973815,/Users/nickzwart/Desktop/9-8-2026/90973815.json,cm391,1,1,0.4286,Grimmsnarl
90973861,/Users/nickzwart/Desktop/9-8-2026/90973861.json,DavidFreelan,0,1,0.5952,Hydrapple
90974616,/Users/nickzwart/Desktop/9-8-2026/90974616.json,Boseiju,1,1,0.4839,Grimmsnarl
90974788,/Users/nickzwart/Desktop/9-8-2026/90974788.json,DavidFreelan,1,0,0.5952,Grimmsnarl
90976229,/Users/nickzwart/Desktop/9-8-2026/90976229.json,typeIIIfairy,1,1,0.3696,Alakazam
90976317,/Users/nickzwart/Desktop/9-8-2026/90976317.json,Boseiju,0,1,0.4839,Grimmsnarl
90975469,/Users/nickzwart/Desktop/9-8-2026/90975469.json,Roman Stupin,1,0,0.3333,Grimmsnarl
90975489,/Users/nickzwart/Desktop/9-8-2026/90975489.json,Boseiju,0,0,0.4839,Grimmsnarl
90975558,/Users/nickzwart/Desktop/9-8-2026/90975558.json,DavidFreelan,1,1,0.5952,Grimmsnarl
90976323,/Users/nickzwart/Desktop/9-8-2026/90976323.json,djschmit,0,0,0.2857,Alakazam
90976339,/Users/nickzwart/Desktop/9-8-2026/90976339.json,cm391,0,0,0.4286,Dragapult
90976388,/Users/nickzwart/Desktop/9-8-2026/90976388.json,DavidFreelan,1,0,0.5952,Alakazam
90977159,/Users/nickzwart/Desktop/9-8-2026/90977159.json,Boseiju,1,0,0.4839,Alakazam
90977182,/Users/nickzwart/Desktop/9-8-2026/90977182.json,cm391,0,0,0.4286,Grimmsnarl
90977239,/Users/nickzwart/Desktop/9-8-2026/90977239.json,DavidFreelan,0,1,0.5952,M-Kangaskhan
90977994,/Users/nickzwart/Desktop/9-8-2026/90977994.json,Boseiju,1,1,0.4839,Dudunsparce
90977998,/Users/nickzwart/Desktop/9-8-2026/90977998.json,ポケカ前線,1,1,0.3636,Alakazam
90978015,/Users/nickzwart/Desktop/9-8-2026/90978015.json,cm391,1,1,0.4286,Garchomp
90978068,/Users/nickzwart/Desktop/9-8-2026/90978068.json,DavidFreelan,1,0,0.5952,Grimmsnarl
90979563,/Users/nickzwart/Desktop/9-8-2026/90979563.json,sadwat,0,0,0.5339,Alakazam
90979683,/Users/nickzwart/Desktop/9-8-2026/90979683.json,JB Bryant,0,0,0.5657,M-Lopunny
90979683,/Users/nickzwart/Desktop/9-8-2026/90979683.json,Boseiju,1,1,0.4839,M-Lopunny
90979712,/Users/nickzwart/Desktop/9-8-2026/90979712.json,cm391,0,0,0.4286,M-Lucario
90978841,/Users/nickzwart/Desktop/9-8-2026/90978841.json,Boseiju,0,0,0.4839,M-Kangaskhan
90978867,/Users/nickzwart/Desktop/9-8-2026/90978867.json,cm391,1,1,0.4286,Dragapult
90978915,/Users/nickzwart/Desktop/9-8-2026/90978915.json,DavidFreelan,1,1,0.5952,Hydrapple
90979753,/Users/nickzwart/Desktop/9-8-2026/90979753.json,DavidFreelan,1,0,0.5952,Grimmsnarl
90979856,/Users/nickzwart/Desktop/9-8-2026/90979856.json,DavidFreelan,0,1,0.5952,Grimmsnarl
90979868,/Users/nickzwart/Desktop/9-8-2026/90979868.json,loIzpo + emonga,0,1,0.5057,Dragapult
90980394,/Users/nickzwart/Desktop/9-8-2026/90980394.json,stnick,0,0,0.5246,Crustle
90980523,/Users/nickzwart/Desktop/9-8-2026/90980523.json,Boseiju,1,0,0.4839,Grimmsnarl
90980573,/Users/nickzwart/Desktop/9-8-2026/90980573.json,cm391,1,1,0.4286,M-Kangaskhan
90980593,/Users/nickzwart/Desktop/9-8-2026/90980593.json,DavidFreelan,0,0,0.5952,Alakazam
90981433,/Users/nickzwart/Desktop/9-8-2026/90981433.json,DavidFreelan,0,1,0.5952,M-Kangaskhan
90982040,/Users/nickzwart/Desktop/9-8-2026/90982040.json,Octavi Grau,1,1,0.325,M-Kangaskhan
90982172,/Users/nickzwart/Desktop/9-8-2026/90982172.json,Team KASA.,0,0,0.5079,Grimmsnarl
90981331,/Users/nickzwart/Desktop/9-8-2026/90981331.json,Octavi Grau,0,1,0.325,Grimmsnarl
90981363,/Users/nickzwart/Desktop/9-8-2026/90981363.json,Boseiju,1,1,0.4839,M-Lucario
90981378,/Users/nickzwart/Desktop/9-8-2026/90981378.json,cm391,0,0,0.4286,Alakazam
90982229,/Users/nickzwart/Desktop/9-8-2026/90982229.json,Funky,1,1,0.54,Grimmsnarl
90982280,/Users/nickzwart/Desktop/9-8-2026/90982280.json,Boseiju,0,0,0.4839,Dragapult
90982309,/Users/nickzwart/Desktop/9-8-2026/90982309.json,DavidFreelan,0,1,0.5952,Dragapult
90983045,/Users/nickzwart/Desktop/9-8-2026/90983045.json,Boseiju,0,1,0.4839,Alakazam
90983053,/Users/nickzwart/Desktop/9-8-2026/90983053.json,cm391,1,0,0.4286,Grimmsnarl
90983100,/Users/nickzwart/Desktop/9-8-2026/90983100.json,insuperabilehart,0,0,0.529,M-Lopunny
90983100,/Users/nickzwart/Desktop/9-8-2026/90983100.json,DavidFreelan,1,1,0.5952,M-Lopunny
90984709,/Users/nickzwart/Desktop/9-8-2026/90984709.json,cm391,0,0,0.4286,M-Lopunny
90984709,/Users/nickzwart/Desktop/9-8-2026/90984709.json,DavidFreelan,1,1,0.5952,M-Lopunny
90984739,/Users/nickzwart/Desktop/9-8-2026/90984739.json,DavidFreelan,0,1,0.5952,M-Lopunny
90984739,/Users/nickzwart/Desktop/9-8-2026/90984739.json,Boseiju,1,0,0.4839,M-Lopunny
90984782,/Users/nickzwart/Desktop/9-8-2026/90984782.json,DavidFreelan,1,1,0.5952,Ogerpon
90984910,/Users/nickzwart/Desktop/9-8-2026/90984910.json,M Sato,0,0,0.5857,M-Kangaskhan
90983882,/Users/nickzwart/Desktop/9-8-2026/90983882.json,cm391,1,1,0.4286,Grimmsnarl
90983939,/Users/nickzwart/Desktop/9-8-2026/90983939.json,DavidFreelan,1,0,0.5952,Grimmsnarl
90984633,/Users/nickzwart/Desktop/9-8-2026/90984633.json,sadwat,1,0,0.5339,Alakazam
90985404,/Users/nickzwart/Desktop/9-8-2026/90985404.json,M Sato,0,1,0.5857,Ogerpon
90983880,/Users/nickzwart/Desktop/9-8-2026/90983880.json,Boseiju,0,1,0.4839,Grimmsnarl
90985600,/Users/nickzwart/Desktop/9-8-2026/90985600.json,Boseiju,0,0,0.4839,M-Lopunny
90985600,/Users/nickzwart/Desktop/9-8-2026/90985600.json,Roman Stupin,1,1,0.3333,M-Lopunny
90985716,/Users/nickzwart/Desktop/9-8-2026/90985716.json,Benarg,0,0,0.4853,Dragapult
90987238,/Users/nickzwart/Desktop/9-8-2026/90987238.json,Boseiju,1,0,0.4839,Alakazam
90987283,/Users/nickzwart/Desktop/9-8-2026/90987283.json,DavidFreelan,1,0,0.5952,M-Lucario
90987290,/Users/nickzwart/Desktop/9-8-2026/90987290.json,M Sato,0,0,0.5857,M-Lucario
90986299,/Users/nickzwart/Desktop/9-8-2026/90986299.json,sadwat,1,0,0.5339,Alakazam
90986432,/Users/nickzwart/Desktop/9-8-2026/90986432.json,Octavi Grau,0,0,0.325,M-Lopunny
90986432,/Users/nickzwart/Desktop/9-8-2026/90986432.json,Boseiju,1,1,0.4839,M-Lopunny
90987970,/Users/nickzwart/Desktop/9-8-2026/90987970.json,loIzpo + emonga,1,1,0.5057,Alakazam
90988070,/Users/nickzwart/Desktop/9-8-2026/90988070.json,typeIIIfairy,1,1,0.3696,Grimmsnarl
90988103,/Users/nickzwart/Desktop/9-8-2026/90988103.json,cm391,1,0,0.4286,Alakazam
90988130,/Users/nickzwart/Desktop/9-8-2026/90988130.json,wwwwwwwwwwwwwwwwwwwwwwwwwwwwww,0,1,0.6714,Grimmsnarl
90988142,/Users/nickzwart/Desktop/9-8-2026/90988142.json,loIzpo + emonga,0,0,0.5057,Dragapult
90988708,/Users/nickzwart/Desktop/9-8-2026/90988708.json,kanno,1,0,0.5161,Alakazam
90988745,/Users/nickzwart/Desktop/9-8-2026/90988745.json,M Sato,1,0,0.5857,M-Lucario
90986434,/Users/nickzwart/Desktop/9-8-2026/90986434.json,cm391,0,1,0.4286,Dragapult
90986475,/Users/nickzwart/Desktop/9-8-2026/90986475.json,DavidFreelan,0,1,0.5952,Alakazam
90987067,/Users/nickzwart/Desktop/9-8-2026/90987067.json,sadwat,0,0,0.5339,M-Lopunny
90987067,/Users/nickzwart/Desktop/9-8-2026/90987067.json,M Sato,1,1,0.5857,M-Lopunny
90987100,/Users/nickzwart/Desktop/9-8-2026/90987100.json,Benarg,0,1,0.4853,Grimmsnarl
90988884,/Users/nickzwart/Desktop/9-8-2026/90988884.json,loIzpo + emonga,0,0,0.5057,Hydrapple
90989756,/Users/nickzwart/Desktop/9-8-2026/90989756.json,JB Bryant,1,0,0.5657,M-Lucario
90989779,/Users/nickzwart/Desktop/9-8-2026/90989779.json,cm391,0,0,0.4286,Grimmsnarl
90989849,/Users/nickzwart/Desktop/9-8-2026/90989849.json,loIzpo + emonga,1,1,0.5057,Alakazam
90989554,/Users/nickzwart/Desktop/9-8-2026/90989554.json,S4nkurero,0,0,0.2727,Ogerpon
90989585,/Users/nickzwart/Desktop/9-8-2026/90989585.json,M Sato,0,1,0.5857,Grimmsnarl
90989612,/Users/nickzwart/Desktop/9-8-2026/90989612.json,Brahim,0,1,0.4167,Grimmsnarl
90990586,/Users/nickzwart/Desktop/9-8-2026/90990586.json,ポケカ前線,0,0,0.3636,Grimmsnarl
90990618,/Users/nickzwart/Desktop/9-8-2026/90990618.json,cm391,1,0,0.4286,Ogerpon
90988919,/Users/nickzwart/Desktop/9-8-2026/90988919.json,M Sato,1,1,0.5857,Alakazam
90988945,/Users/nickzwart/Desktop/9-8-2026/90988945.json,cm391,1,0,0.4286,Alakazam
90988999,/Users/nickzwart/Desktop/9-8-2026/90988999.json,DavidFreelan,1,1,0.5952,Dragapult
90989038,/Users/nickzwart/Desktop/9-8-2026/90989038.json,LiamK,1,0,0.4444,Grimmsnarl
90991252,/Users/nickzwart/Desktop/9-8-2026/90991252.json,M Sato,0,1,0.5857,Alakazam
90991360,/Users/nickzwart/Desktop/9-8-2026/90991360.json,Roman Stupin,0,0,0.3333,Alakazam
90992124,/Users/nickzwart/Desktop/9-8-2026/90992124.json,M Sato,0,1,0.5857,M-Lopunny
90992124,/Users/nickzwart/Desktop/9-8-2026/90992124.json,LiamK,1,0,0.4444,M-Lopunny
90992990,/Users/nickzwart/Desktop/9-8-2026/90992990.json,M Sato,1,0,0.5857,Grimmsnarl
90992396,/Users/nickzwart/Desktop/9-8-2026/90992396.json,M Sato,0,1,0.5857,Grimmsnarl
90992398,/Users/nickzwart/Desktop/9-8-2026/90992398.json,cm391,0,0,0.4286,M-Lucario
90992399,/Users/nickzwart/Desktop/9-8-2026/90992399.json,cm391,1,0,0.4286,Grimmsnarl
90992404,/Users/nickzwart/Desktop/9-8-2026/90992404.json,matsurih,0,0,0.5393,Alakazam
90992411,/Users/nickzwart/Desktop/9-8-2026/90992411.json,Boseiju,1,0,0.4839,Alakazam
90991448,/Users/nickzwart/Desktop/9-8-2026/90991448.json,M Sato,1,1,0.5857,Grimmsnarl
90991449,/Users/nickzwart/Desktop/9-8-2026/90991449.json,cm391,0,1,0.4286,Grimmsnarl
90993081,/Users/nickzwart/Desktop/9-8-2026/90993081.json,M Sato,1,0,0.5857,Grimmsnarl
90993796,/Users/nickzwart/Desktop/9-8-2026/90993796.json,M Sato,0,1,0.5857,Grimmsnarl
90993964,/Users/nickzwart/Desktop/9-8-2026/90993964.json,Roman Stupin,1,0,0.3333,Grimmsnarl
90994614,/Users/nickzwart/Desktop/9-8-2026/90994614.json,M Sato,0,0,0.5857,Grimmsnarl
90995408,/Users/nickzwart/Desktop/9-8-2026/90995408.json,Benarg,0,0,0.4853,other
90995419,/Users/nickzwart/Desktop/9-8-2026/90995419.json,kanno,0,0,0.5161,Alakazam
90995422,/Users/nickzwart/Desktop/9-8-2026/90995422.json,cm391,0,1,0.4286,Ogerpon
90995450,/Users/nickzwart/Desktop/9-8-2026/90995450.json,M Sato,1,1,0.5857,Grimmsnarl
90995500,/Users/nickzwart/Desktop/9-8-2026/90995500.json,DavidFreelan,1,0,0.5952,Alakazam
90995580,/Users/nickzwart/Desktop/9-8-2026/90995580.json,想要成为kaggle大师,1,0,0.5906,Hydrapple
90994002,/Users/nickzwart/Desktop/9-8-2026/90994002.json,NIWATORI,1,1,0.5357,Grimmsnarl
90996243,/Users/nickzwart/Desktop/9-8-2026/90996243.json,kanno,0,1,0.5161,M-Kangaskhan
90996323,/Users/nickzwart/Desktop/9-8-2026/90996323.json,M Sato,0,1,0.5857,Grimmsnarl
90999532,/Users/nickzwart/Desktop/9-8-2026/90999532.json,Benarg,1,1,0.4853,Grimmsnarl
90997986,/Users/nickzwart/Desktop/9-8-2026/90997986.json,M Sato,1,0,0.5857,M-Kangaskhan
90998206,/Users/nickzwart/Desktop/9-8-2026/90998206.json,NIWATORI,0,1,0.5357,Ogerpon
90997262,/Users/nickzwart/Desktop/9-8-2026/90997262.json,Octavi Grau,0,0,0.325,Grimmsnarl
90997939,/Users/nickzwart/Desktop/9-8-2026/90997939.json,cm391,0,1,0.4286,other
90997971,/Users/nickzwart/Desktop/9-8-2026/90997971.json,stnick,1,1,0.5246,Ogerpon
90997984,/Users/nickzwart/Desktop/9-8-2026/90997984.json,Jack,1,1,0.5227,Dragapult
90997130,/Users/nickzwart/Desktop/9-8-2026/90997130.json,M Sato,1,0,0.5857,Alakazam
90997135,/Users/nickzwart/Desktop/9-8-2026/90997135.json,wwwwwwwwwwwwwwwwwwwwwwwwwwwwww,0,1,0.6714,Dragapult
90997209,/Users/nickzwart/Desktop/9-8-2026/90997209.json,想要成为kaggle大师,1,0,0.5906,Grimmsnarl
90998818,/Users/nickzwart/Desktop/9-8-2026/90998818.json,M Sato,0,0,0.5857,Grimmsnarl
90999789,/Users/nickzwart/Desktop/9-8-2026/90999789.json,M Sato,1,0,0.5857,Ogerpon
91000385,/Users/nickzwart/Desktop/9-8-2026/91000385.json,Benarg,0,1,0.4853,Hydrapple
91001302,/Users/nickzwart/Desktop/9-8-2026/91001302.json,Benarg,1,0,0.4853,Grimmsnarl
91001340,/Users/nickzwart/Desktop/9-8-2026/91001340.json,M Sato,0,1,0.5857,M-Kangaskhan
91000508,/Users/nickzwart/Desktop/9-8-2026/91000508.json,M Sato,0,1,0.5857,Hydrapple
91002340,/Users/nickzwart/Desktop/9-8-2026/91002340.json,M Sato,0,1,0.5857,Alakazam
91002910,/Users/nickzwart/Desktop/9-8-2026/91002910.json,Benarg,1,1,0.4853,other
91003029,/Users/nickzwart/Desktop/9-8-2026/91003029.json,M Sato,0,1,0.5857,Dragapult
91001527,/Users/nickzwart/Desktop/9-8-2026/91001527.json,wwwwwwwwwwwwwwwwwwwwwwwwwwwwww,1,1,0.6714,Grimmsnarl
91002191,/Users/nickzwart/Desktop/9-8-2026/91002191.json,M Sato,0,1,0.5857,Ogerpon
91003742,/Users/nickzwart/Desktop/9-8-2026/91003742.json,Benarg,0,1,0.4853,Grimmsnarl
91003859,/Users/nickzwart/Desktop/9-8-2026/91003859.json,kanno,1,1,0.5161,Ogerpon
91003866,/Users/nickzwart/Desktop/9-8-2026/91003866.json,M Sato,0,1,0.5857,M-Lopunny
91003866,/Users/nickzwart/Desktop/9-8-2026/91003866.json,matsurih,1,0,0.5393,M-Lopunny
91003903,/Users/nickzwart/Desktop/9-8-2026/91003903.json,M Sato,0,1,0.5857,Ogerpon
91003905,/Users/nickzwart/Desktop/9-8-2026/91003905.json,Brahim,0,0,0.4167,Alakazam
91003909,/Users/nickzwart/Desktop/9-8-2026/91003909.json,DavidFreelan,1,1,0.5952,Grimmsnarl
91004591,/Users/nickzwart/Desktop/9-8-2026/91004591.json,Benarg,0,1,0.4853,M-Lopunny
91004591,/Users/nickzwart/Desktop/9-8-2026/91004591.json,Jack,1,0,0.5227,M-Lopunny
91004691,/Users/nickzwart/Desktop/9-8-2026/91004691.json,M Sato,1,0,0.5857,Alakazam
91005510,/Users/nickzwart/Desktop/9-8-2026/91005510.json,M Sato,0,0,0.5857,Grimmsnarl
91006262,/Users/nickzwart/Desktop/9-8-2026/91006262.json,Benarg,1,0,0.4853,M-Kangaskhan
91006290,/Users/nickzwart/Desktop/9-8-2026/91006290.json,wwwwwwwwwwwwwwwwwwwwwwwwwwwwww,1,1,0.6714,Grimmsnarl
91006343,/Users/nickzwart/Desktop/9-8-2026/91006343.json,typeIIIfairy,0,0,0.3696,Alakazam
91007102,/Users/nickzwart/Desktop/9-8-2026/91007102.json,Benarg,1,0,0.4853,M-Kangaskhan
91007230,/Users/nickzwart/Desktop/9-8-2026/91007230.json,cm391,0,1,0.4286,Grimmsnarl
91007240,/Users/nickzwart/Desktop/9-8-2026/91007240.json,M Sato,0,1,0.5857,Grimmsnarl
91006387,/Users/nickzwart/Desktop/9-8-2026/91006387.json,kanno,1,1,0.5161,Hydrapple
91006400,/Users/nickzwart/Desktop/9-8-2026/91006400.json,M Sato,1,0,0.5857,Grimmsnarl
91007415,/Users/nickzwart/Desktop/9-8-2026/91007415.json,wwwwwwwwwwwwwwwwwwwwwwwwwwwwww,1,0,0.6714,M-Lucario
91007940,/Users/nickzwart/Desktop/9-8-2026/91007940.json,Octavi Grau,0,1,0.325,Grimmsnarl
91007970,/Users/nickzwart/Desktop/9-8-2026/91007970.json,Benarg,1,0,0.4853,Garchomp
91008077,/Users/nickzwart/Desktop/9-8-2026/91008077.json,M Sato,0,0,0.5857,Ogerpon
91008080,/Users/nickzwart/Desktop/9-8-2026/91008080.json,kanno,1,1,0.5161,Grimmsnarl
91008103,/Users/nickzwart/Desktop/9-8-2026/91008103.json,M Sato,0,1,0.5857,Grimmsnarl
91008129,/Users/nickzwart/Desktop/9-8-2026/91008129.json,LiamK,0,0,0.4444,Alakazam
91008779,/Users/nickzwart/Desktop/9-8-2026/91008779.json,insuperabilehart,0,0,0.529,M-Lopunny
91008779,/Users/nickzwart/Desktop/9-8-2026/91008779.json,213tubo,1,1,0.6,M-Lopunny
91008790,/Users/nickzwart/Desktop/9-8-2026/91008790.json,S4nkurero,0,0,0.2727,Grimmsnarl
91008888,/Users/nickzwart/Desktop/9-8-2026/91008888.json,S4nkurero,1,0,0.2727,Alakazam
91008927,/Users/nickzwart/Desktop/9-8-2026/91008927.json,kanno,1,1,0.5161,Grimmsnarl
91009632,/Users/nickzwart/Desktop/9-8-2026/91009632.json,insuperabilehart,0,1,0.529,Grimmsnarl
91009650,/Users/nickzwart/Desktop/9-8-2026/91009650.json,Benarg,0,0,0.4853,Grimmsnarl
91009731,/Users/nickzwart/Desktop/9-8-2026/91009731.json,M Sato,1,1,0.5857,Ogerpon
91009740,/Users/nickzwart/Desktop/9-8-2026/91009740.json,matsurih,0,1,0.5393,Ogerpon
91008990,/Users/nickzwart/Desktop/9-8-2026/91008990.json,Team KASA.,0,1,0.5079,Grimmsnarl
91009000,/Users/nickzwart/Desktop/9-8-2026/91009000.json,想要成为kaggle大师,0,1,0.5906,Alakazam
91009599,/Users/nickzwart/Desktop/9-8-2026/91009599.json,insuperabilehart,1,0,0.529,M-Froslass
91009767,/Users/nickzwart/Desktop/9-8-2026/91009767.json,kanno,0,1,0.5161,Grimmsnarl
91009775,/Users/nickzwart/Desktop/9-8-2026/91009775.json,M Sato,0,1,0.5857,Grimmsnarl
91009865,/Users/nickzwart/Desktop/9-8-2026/91009865.json,想要成为kaggle大师,1,1,0.5906,Grimmsnarl
91010460,/Users/nickzwart/Desktop/9-8-2026/91010460.json,213tubo,0,0,0.6,Grimmsnarl
91010487,/Users/nickzwart/Desktop/9-8-2026/91010487.json,Benarg,1,0,0.4853,Grimmsnarl
91010633,/Users/nickzwart/Desktop/9-8-2026/91010633.json,M Sato,1,1,0.5857,Ogerpon
91011293,/Users/nickzwart/Desktop/9-8-2026/91011293.json,ポケカ前線,0,1,0.3636,Grimmsnarl
91011424,/Users/nickzwart/Desktop/9-8-2026/91011424.json,Brahim,1,1,0.4167,Ogerpon
91011425,/Users/nickzwart/Desktop/9-8-2026/91011425.json,kanno,0,1,0.5161,other
91011452,/Users/nickzwart/Desktop/9-8-2026/91011452.json,M Sato,1,1,0.5857,Grimmsnarl
91010671,/Users/nickzwart/Desktop/9-8-2026/91010671.json,想要成为kaggle大师,1,0,0.5906,Grimmsnarl
91011253,/Users/nickzwart/Desktop/9-8-2026/91011253.json,matsurih,1,0,0.5393,Grimmsnarl
91012069,/Users/nickzwart/Desktop/9-8-2026/91012069.json,S4nkurero,0,1,0.2727,Alakazam
91012205,/Users/nickzwart/Desktop/9-8-2026/91012205.json,kanno,1,1,0.5161,Grimmsnarl
91014087,/Users/nickzwart/Desktop/9-8-2026/91014087.json,kanno,0,0,0.5161,Dragapult
91014665,/Users/nickzwart/Desktop/9-8-2026/91014665.json,213tubo,0,1,0.6,Alakazam
91013938,/Users/nickzwart/Desktop/9-8-2026/91013938.json,Team KASA.,0,0,0.5079,Garchomp
91013961,/Users/nickzwart/Desktop/9-8-2026/91013961.json,cm391,1,1,0.4286,Grimmsnarl
91013981,/Users/nickzwart/Desktop/9-8-2026/91013981.json,M Sato,1,0,0.5857,Grimmsnarl
91014005,/Users/nickzwart/Desktop/9-8-2026/91014005.json,想要成为kaggle大师,1,0,0.5906,Grimmsnarl
91012325,/Users/nickzwart/Desktop/9-8-2026/91012325.json,sadwat,0,1,0.5339,Dragapult
91012333,/Users/nickzwart/Desktop/9-8-2026/91012333.json,M Sato,1,0,0.5857,Grimmsnarl
91013119,/Users/nickzwart/Desktop/9-8-2026/91013119.json,想要成为kaggle大师,0,0,0.5906,Dragapult
91013140,/Users/nickzwart/Desktop/9-8-2026/91013140.json,JB Bryant,0,0,0.5657,M-Lopunny
91013140,/Users/nickzwart/Desktop/9-8-2026/91013140.json,M Sato,1,1,0.5857,M-Lopunny
91013152,/Users/nickzwart/Desktop/9-8-2026/91013152.json,LiamK,0,1,0.4444,Alakazam
91013814,/Users/nickzwart/Desktop/9-8-2026/91013814.json,Brahim,0,0,0.4167,Grimmsnarl
91014794,/Users/nickzwart/Desktop/9-8-2026/91014794.json,kanno,1,1,0.5161,Grimmsnarl
91014826,/Users/nickzwart/Desktop/9-8-2026/91014826.json,kanno,0,0,0.5161,Dragapult
91014838,/Users/nickzwart/Desktop/9-8-2026/91014838.json,M Sato,0,0,0.5857,M-Kangaskhan
91014917,/Users/nickzwart/Desktop/9-8-2026/91014917.json,DavidFreelan,0,0,0.5952,Alakazam
91015472,/Users/nickzwart/Desktop/9-8-2026/91015472.json,wwwwwwwwwwwwwwwwwwwwwwwwwwwwww,1,0,0.6714,Grimmsnarl
91015522,/Users/nickzwart/Desktop/9-8-2026/91015522.json,213tubo,1,0,0.6,Grimmsnarl
91015642,/Users/nickzwart/Desktop/9-8-2026/91015642.json,kanno,0,1,0.5161,Grimmsnarl
91015675,/Users/nickzwart/Desktop/9-8-2026/91015675.json,loIzpo + emonga,0,0,0.5057,M-Lopunny
91015675,/Users/nickzwart/Desktop/9-8-2026/91015675.json,insuperabilehart,1,1,0.529,M-Lopunny
91015686,/Users/nickzwart/Desktop/9-8-2026/91015686.json,M Sato,0,1,0.5857,Grimmsnarl
91016421,/Users/nickzwart/Desktop/9-8-2026/91016421.json,Brahim,1,0,0.4167,Garchomp
91016478,/Users/nickzwart/Desktop/9-8-2026/91016478.json,kanno,0,1,0.5161,Grimmsnarl
91016508,/Users/nickzwart/Desktop/9-8-2026/91016508.json,M Sato,1,1,0.5857,Grimmsnarl
91017274,/Users/nickzwart/Desktop/9-8-2026/91017274.json,kanno,0,1,0.5161,Grimmsnarl
91017315,/Users/nickzwart/Desktop/9-8-2026/91017315.json,M Sato,1,0,0.5857,Alakazam
91018053,/Users/nickzwart/Desktop/9-8-2026/91018053.json,213tubo,0,1,0.6,Hydrapple
91018085,/Users/nickzwart/Desktop/9-8-2026/91018085.json,Benarg,0,1,0.4853,Ogerpon
91018119,/Users/nickzwart/Desktop/9-8-2026/91018119.json,kanno,0,0,0.5161,Hydrapple
91018176,/Users/nickzwart/Desktop/9-8-2026/91018176.json,M Sato,0,1,0.5857,Grimmsnarl
91019054,/Users/nickzwart/Desktop/9-8-2026/91019054.json,M Sato,0,1,0.5857,Grimmsnarl
91018937,/Users/nickzwart/Desktop/9-8-2026/91018937.json,Benarg,1,1,0.4853,Grimmsnarl
91019024,/Users/nickzwart/Desktop/9-8-2026/91019024.json,kanno,0,1,0.5161,M-Lopunny
91019024,/Users/nickzwart/Desktop/9-8-2026/91019024.json,ポケカ前線,1,0,0.3636,M-Lopunny
91019742,/Users/nickzwart/Desktop/9-8-2026/91019742.json,213tubo,1,1,0.6,Grimmsnarl
91019773,/Users/nickzwart/Desktop/9-8-2026/91019773.json,DavidFreelan,1,1,0.5952,Grimmsnarl
91019882,/Users/nickzwart/Desktop/9-8-2026/91019882.json,kanno,0,0,0.5161,Alakazam
91019888,/Users/nickzwart/Desktop/9-8-2026/91019888.json,kanno,1,1,0.5161,Grimmsnarl
91019896,/Users/nickzwart/Desktop/9-8-2026/91019896.json,LiamK,0,1,0.4444,other
91019900,/Users/nickzwart/Desktop/9-8-2026/91019900.json,typeIIIfairy,0,0,0.3696,Dragapult
91020741,/Users/nickzwart/Desktop/9-8-2026/91020741.json,insuperabilehart,0,1,0.529,Ogerpon
91020743,/Users/nickzwart/Desktop/9-8-2026/91020743.json,kanno,0,0,0.5161,Ogerpon
91020595,/Users/nickzwart/Desktop/9-8-2026/91020595.json,213tubo,0,0,0.6,Grimmsnarl
91021453,/Users/nickzwart/Desktop/9-8-2026/91021453.json,213tubo,0,1,0.6,Alakazam
91021459,/Users/nickzwart/Desktop/9-8-2026/91021459.json,Jack,0,0,0.5227,Grimmsnarl
91021509,/Users/nickzwart/Desktop/9-8-2026/91021509.json,Benarg,1,1,0.4853,Grimmsnarl
91021608,/Users/nickzwart/Desktop/9-8-2026/91021608.json,kanno,1,0,0.5161,M-Kangaskhan
91022459,/Users/nickzwart/Desktop/9-8-2026/91022459.json,Benarg,1,1,0.4853,M-Kangaskhan
91023186,/Users/nickzwart/Desktop/9-8-2026/91023186.json,Benarg,1,1,0.4853,Grimmsnarl
91023945,/Users/nickzwart/Desktop/9-8-2026/91023945.json,insuperabilehart,1,0,0.529,Grimmsnarl
91024130,/Users/nickzwart/Desktop/9-8-2026/91024130.json,NIWATORI,0,0,0.5357,M-Lopunny
91024130,/Users/nickzwart/Desktop/9-8-2026/91024130.json,Team KASA.,1,1,0.5079,M-Lopunny
91024653,/Users/nickzwart/Desktop/9-8-2026/91024653.json,Benarg,0,0,0.4853,Garchomp
91024766,/Users/nickzwart/Desktop/9-8-2026/91024766.json,DavidFreelan,1,0,0.5952,Grimmsnarl
91024800,/Users/nickzwart/Desktop/9-8-2026/91024800.json,Octavi Grau,1,1,0.325,Grimmsnarl
91024833,/Users/nickzwart/Desktop/9-8-2026/91024833.json,213tubo,1,1,0.6,Alakazam
91025709,/Users/nickzwart/Desktop/9-8-2026/91025709.json,Benarg,1,1,0.4853,Hydrapple
91025832,/Users/nickzwart/Desktop/9-8-2026/91025832.json,Brahim,0,0,0.4167,M-Lopunny
91025832,/Users/nickzwart/Desktop/9-8-2026/91025832.json,M Sato,1,1,0.5857,M-Lopunny
91025524,/Users/nickzwart/Desktop/9-8-2026/91025524.json,matsurih,1,1,0.5393,Ogerpon
91025661,/Users/nickzwart/Desktop/9-8-2026/91025661.json,213tubo,0,0,0.6,M-Kangaskhan
91027365,/Users/nickzwart/Desktop/9-8-2026/91027365.json,213tubo,0,0,0.6,Garchomp
91027366,/Users/nickzwart/Desktop/9-8-2026/91027366.json,stnick,0,1,0.5246,Grimmsnarl
91027409,/Users/nickzwart/Desktop/9-8-2026/91027409.json,Benarg,1,1,0.4853,Alakazam
91026495,/Users/nickzwart/Desktop/9-8-2026/91026495.json,Octavi Grau,0,0,0.325,M-Lopunny
91026495,/Users/nickzwart/Desktop/9-8-2026/91026495.json,213tubo,1,1,0.6,M-Lopunny
91026536,/Users/nickzwart/Desktop/9-8-2026/91026536.json,Benarg,0,0,0.4853,Grimmsnarl
91028906,/Users/nickzwart/Desktop/9-8-2026/91028906.json,matsurih,1,0,0.5393,M-Lucario
91028198,/Users/nickzwart/Desktop/9-8-2026/91028198.json,213tubo,0,1,0.6,M-Kangaskhan
91028246,/Users/nickzwart/Desktop/9-8-2026/91028246.json,Benarg,1,0,0.4853,M-Kangaskhan
91029091,/Users/nickzwart/Desktop/9-8-2026/91029091.json,Benarg,1,0,0.4853,Alakazam
91029896,/Users/nickzwart/Desktop/9-8-2026/91029896.json,213tubo,0,1,0.6,Grimmsnarl
91030762,/Users/nickzwart/Desktop/9-8-2026/91030762.json,213tubo,0,0,0.6,Alakazam
91031641,/Users/nickzwart/Desktop/9-8-2026/91031641.json,cm391,0,0,0.4286,M-Lopunny
91031641,/Users/nickzwart/Desktop/9-8-2026/91031641.json,Benarg,1,1,0.4853,M-Lopunny
91032355,/Users/nickzwart/Desktop/9-8-2026/91032355.json,213tubo,0,1,0.6,M-Froslass
91032444,/Users/nickzwart/Desktop/9-8-2026/91032444.json,DavidFreelan,1,0,0.5952,M-Lucario
91032535,/Users/nickzwart/Desktop/9-8-2026/91032535.json,Benarg,1,0,0.4853,Alakazam
91033376,/Users/nickzwart/Desktop/9-8-2026/91033376.json,M Sato,0,1,0.5857,M-Lopunny
91033376,/Users/nickzwart/Desktop/9-8-2026/91033376.json,Benarg,1,0,0.4853,M-Lopunny
91034234,/Users/nickzwart/Desktop/9-8-2026/91034234.json,NIWATORI,0,1,0.5357,M-Lopunny
91034234,/Users/nickzwart/Desktop/9-8-2026/91034234.json,kanno,1,0,0.5161,M-Lopunny
91035783,/Users/nickzwart/Desktop/9-8-2026/91035783.json,cm391,1,0,0.4286,Grimmsnarl
91035816,/Users/nickzwart/Desktop/9-8-2026/91035816.json,213tubo,1,1,0.6,Ogerpon
91035821,/Users/nickzwart/Desktop/9-8-2026/91035821.json,loIzpo + emonga,1,1,0.5057,Alakazam
91035847,/Users/nickzwart/Desktop/9-8-2026/91035847.json,ポケカ前線,0,0,0.3636,Grimmsnarl
91035669,/Users/nickzwart/Desktop/9-8-2026/91035669.json,matsurih,1,1,0.5393,Alakazam
91035757,/Users/nickzwart/Desktop/9-8-2026/91035757.json,cm391,1,0,0.4286,Grimmsnarl
91036547,/Users/nickzwart/Desktop/9-8-2026/91036547.json,matsurih,0,1,0.5393,Dragapult
91037392,/Users/nickzwart/Desktop/9-8-2026/91037392.json,matsurih,0,1,0.5393,M-Lopunny
91037392,/Users/nickzwart/Desktop/9-8-2026/91037392.json,Roman Stupin,1,0,0.3333,M-Lopunny
91037466,/Users/nickzwart/Desktop/9-8-2026/91037466.json,matsurih,1,0,0.5393,Grimmsnarl
91036677,/Users/nickzwart/Desktop/9-8-2026/91036677.json,213tubo,0,0,0.6,Grimmsnarl
91037555,/Users/nickzwart/Desktop/9-8-2026/91037555.json,213tubo,0,1,0.6,Ogerpon
91037567,/Users/nickzwart/Desktop/9-8-2026/91037567.json,213tubo,0,0,0.6,Alakazam
91038254,/Users/nickzwart/Desktop/9-8-2026/91038254.json,matsurih,0,0,0.5393,M-Lucario
91038325,/Users/nickzwart/Desktop/9-8-2026/91038325.json,Octavi Grau,0,1,0.325,Grimmsnarl
91038337,/Users/nickzwart/Desktop/9-8-2026/91038337.json,matsurih,0,1,0.5393,Grimmsnarl
91038396,/Users/nickzwart/Desktop/9-8-2026/91038396.json,Brahim,1,0,0.4167,Grimmsnarl
91038459,/Users/nickzwart/Desktop/9-8-2026/91038459.json,M Sato,0,1,0.5857,M-Lopunny
91038459,/Users/nickzwart/Desktop/9-8-2026/91038459.json,sadwat,1,0,0.5339,M-Lopunny
91039019,/Users/nickzwart/Desktop/9-8-2026/91039019.json,loIzpo + emonga,1,1,0.5057,Grimmsnarl
91039095,/Users/nickzwart/Desktop/9-8-2026/91039095.json,matsurih,1,1,0.5393,Crustle
91039153,/Users/nickzwart/Desktop/9-8-2026/91039153.json,loIzpo + emonga,1,1,0.5057,Grimmsnarl
91040074,/Users/nickzwart/Desktop/9-8-2026/91040074.json,JB Bryant,1,0,0.5657,M-Kangaskhan
91039884,/Users/nickzwart/Desktop/9-8-2026/91039884.json,wwwwwwwwwwwwwwwwwwwwwwwwwwwwww,1,1,0.6714,Ogerpon
91039963,/Users/nickzwart/Desktop/9-8-2026/91039963.json,matsurih,0,1,0.5393,Grimmsnarl
91040921,/Users/nickzwart/Desktop/9-8-2026/91040921.json,JB Bryant,0,1,0.5657,Grimmsnarl
91041598,/Users/nickzwart/Desktop/9-8-2026/91041598.json,wwwwwwwwwwwwwwwwwwwwwwwwwwwwww,0,1,0.6714,Alakazam
91041657,/Users/nickzwart/Desktop/9-8-2026/91041657.json,Team KASA.,1,0,0.5079,Alakazam
91041670,/Users/nickzwart/Desktop/9-8-2026/91041670.json,matsurih,1,0,0.5393,Alakazam
91041758,/Users/nickzwart/Desktop/9-8-2026/91041758.json,stnick,1,0,0.5246,Hydrapple
91040742,/Users/nickzwart/Desktop/9-8-2026/91040742.json,wwwwwwwwwwwwwwwwwwwwwwwwwwwwww,0,1,0.6714,Grimmsnarl
91040819,/Users/nickzwart/Desktop/9-8-2026/91040819.json,matsurih,0,0,0.5393,Grimmsnarl
91043278,/Users/nickzwart/Desktop/9-8-2026/91043278.json,wwwwwwwwwwwwwwwwwwwwwwwwwwwwww,0,1,0.6714,other
91041779,/Users/nickzwart/Desktop/9-8-2026/91041779.json,cm391,1,1,0.4286,M-Kangaskhan
91042440,/Users/nickzwart/Desktop/9-8-2026/91042440.json,wwwwwwwwwwwwwwwwwwwwwwwwwwwwww,0,1,0.6714,Grimmsnarl
91042483,/Users/nickzwart/Desktop/9-8-2026/91042483.json,matsurih,1,1,0.5393,Alakazam
91044149,/Users/nickzwart/Desktop/9-8-2026/91044149.json,wwwwwwwwwwwwwwwwwwwwwwwwwwwwww,0,0,0.6714,M-Lopunny
91044149,/Users/nickzwart/Desktop/9-8-2026/91044149.json,Jack,1,1,0.5227,M-Lopunny
91044228,/Users/nickzwart/Desktop/9-8-2026/91044228.json,matsurih,0,1,0.5393,Grimmsnarl
91044313,/Users/nickzwart/Desktop/9-8-2026/91044313.json,typeIIIfairy,1,0,0.3696,Grimmsnarl
91045806,/Users/nickzwart/Desktop/9-8-2026/91045806.json,wwwwwwwwwwwwwwwwwwwwwwwwwwwwww,0,1,0.6714,other
91045894,/Users/nickzwart/Desktop/9-8-2026/91045894.json,matsurih,1,1,0.5393,M-Kangaskhan
91045986,/Users/nickzwart/Desktop/9-8-2026/91045986.json,LiamK,0,0,0.4444,Alakazam
91045030,/Users/nickzwart/Desktop/9-8-2026/91045030.json,wwwwwwwwwwwwwwwwwwwwwwwwwwwwww,0,1,0.6714,Grimmsnarl
91045078,/Users/nickzwart/Desktop/9-8-2026/91045078.json,matsurih,0,1,0.5393,M-Kangaskhan
91046643,/Users/nickzwart/Desktop/9-8-2026/91046643.json,wwwwwwwwwwwwwwwwwwwwwwwwwwwwww,1,1,0.6714,Grimmsnarl
91046732,/Users/nickzwart/Desktop/9-8-2026/91046732.json,loIzpo + emonga,0,0,0.5057,M-Lopunny
91046732,/Users/nickzwart/Desktop/9-8-2026/91046732.json,matsurih,1,1,0.5393,M-Lopunny
91047545,/Users/nickzwart/Desktop/9-8-2026/91047545.json,Benarg,1,1,0.4853,M-Kangaskhan
91047580,/Users/nickzwart/Desktop/9-8-2026/91047580.json,matsurih,0,0,0.5393,Ogerpon
91047673,/Users/nickzwart/Desktop/9-8-2026/91047673.json,cm391,0,0,0.4286,M-Lopunny
91047673,/Users/nickzwart/Desktop/9-8-2026/91047673.json,wwwwwwwwwwwwwwwwwwwwwwwwwwwwww,1,1,0.6714,M-Lopunny
91048232,/Users/nickzwart/Desktop/9-8-2026/91048232.json,LiamK,1,1,0.4444,Grimmsnarl
91048424,/Users/nickzwart/Desktop/9-8-2026/91048424.json,matsurih,0,1,0.5393,Ogerpon
91048536,/Users/nickzwart/Desktop/9-8-2026/91048536.json,Benarg,1,1,0.4853,M-Kangaskhan
91049186,/Users/nickzwart/Desktop/9-8-2026/91049186.json,wwwwwwwwwwwwwwwwwwwwwwwwwwwwww,0,0,0.6714,Alakazam
91049261,/Users/nickzwart/Desktop/9-8-2026/91049261.json,matsurih,0,1,0.5393,Hydrapple
91050023,/Users/nickzwart/Desktop/9-8-2026/91050023.json,matsurih,0,1,0.5393,Ogerpon
91050139,/Users/nickzwart/Desktop/9-8-2026/91050139.json,wwwwwwwwwwwwwwwwwwwwwwwwwwwwww,1,0,0.6714,M-Lucario
91050883,/Users/nickzwart/Desktop/9-8-2026/91050883.json,wwwwwwwwwwwwwwwwwwwwwwwwwwwwww,1,0,0.6714,Grimmsnarl
91050972,/Users/nickzwart/Desktop/9-8-2026/91050972.json,matsurih,0,1,0.5393,Dragapult
91050982,/Users/nickzwart/Desktop/9-8-2026/91050982.json,cm391,0,0,0.4286,Alakazam
91051640,/Users/nickzwart/Desktop/9-8-2026/91051640.json,loIzpo + emonga,0,1,0.5057,Grimmsnarl
91051701,/Users/nickzwart/Desktop/9-8-2026/91051701.json,wwwwwwwwwwwwwwwwwwwwwwwwwwwwww,1,1,0.6714,Grimmsnarl
91052484,/Users/nickzwart/Desktop/9-8-2026/91052484.json,matsurih,1,0,0.5393,Dragapult
91052521,/Users/nickzwart/Desktop/9-8-2026/91052521.json,stnick,1,1,0.5246,Alakazam
91052689,/Users/nickzwart/Desktop/9-8-2026/91052689.json,matsurih,0,0,0.5393,M-Lopunny
91052689,/Users/nickzwart/Desktop/9-8-2026/91052689.json,M Sato,1,1,0.5857,M-Lopunny
91052738,/Users/nickzwart/Desktop/9-8-2026/91052738.json,Brahim,0,0,0.4167,M-Lopunny
91052738,/Users/nickzwart/Desktop/9-8-2026/91052738.json,wwwwwwwwwwwwwwwwwwwwwwwwwwwwww,1,1,0.6714,M-Lopunny
91053466,/Users/nickzwart/Desktop/9-8-2026/91053466.json,wwwwwwwwwwwwwwwwwwwwwwwwwwwwww,1,1,0.6714,M-Kangaskhan
91053554,/Users/nickzwart/Desktop/9-8-2026/91053554.json,Benarg,0,0,0.4853,M-Froslass
91053608,/Users/nickzwart/Desktop/9-8-2026/91053608.json,insuperabilehart,1,0,0.529,Alakazam
91054193,/Users/nickzwart/Desktop/9-8-2026/91054193.json,Jack,0,1,0.5227,Dragapult
91055171,/Users/nickzwart/Desktop/9-8-2026/91055171.json,wwwwwwwwwwwwwwwwwwwwwwwwwwwwww,0,1,0.6714,Dragapult
91055251,/Users/nickzwart/Desktop/9-8-2026/91055251.json,matsurih,0,0,0.5393,Grimmsnarl
91054311,/Users/nickzwart/Desktop/9-8-2026/91054311.json,wwwwwwwwwwwwwwwwwwwwwwwwwwwwww,1,1,0.6714,M-Kangaskhan
91054413,/Users/nickzwart/Desktop/9-8-2026/91054413.json,matsurih,1,0,0.5393,M-Kangaskhan
91054425,/Users/nickzwart/Desktop/9-8-2026/91054425.json,DavidFreelan,1,1,0.5952,Alakazam
91055052,/Users/nickzwart/Desktop/9-8-2026/91055052.json,cm391,0,1,0.4286,Dragapult
91055964,/Users/nickzwart/Desktop/9-8-2026/91055964.json,wwwwwwwwwwwwwwwwwwwwwwwwwwwwww,1,0,0.6714,Grimmsnarl
91056064,/Users/nickzwart/Desktop/9-8-2026/91056064.json,kanno,1,1,0.5161,Grimmsnarl
91056683,/Users/nickzwart/Desktop/9-8-2026/91056683.json,Benarg,0,0,0.4853,Dragapult
91056847,/Users/nickzwart/Desktop/9-8-2026/91056847.json,wwwwwwwwwwwwwwwwwwwwwwwwwwwwww,1,1,0.6714,Hydrapple
91057692,/Users/nickzwart/Desktop/9-8-2026/91057692.json,wwwwwwwwwwwwwwwwwwwwwwwwwwwwww,0,1,0.6714,Dragapult
91057800,/Users/nickzwart/Desktop/9-8-2026/91057800.json,DavidFreelan,0,0,0.5952,Dragapult
91058334,/Users/nickzwart/Desktop/9-8-2026/91058334.json,stnick,0,0,0.5246,Alakazam
91056907,/Users/nickzwart/Desktop/9-8-2026/91056907.json,loIzpo + emonga,0,0,0.5057,Grimmsnarl
91057523,/Users/nickzwart/Desktop/9-8-2026/91057523.json,Dakuma,1,1,0.4444,Grimmsnarl
91057541,/Users/nickzwart/Desktop/9-8-2026/91057541.json,Team KASA.,0,0,0.5079,Dragapult
91059289,/Users/nickzwart/Desktop/9-8-2026/91059289.json,Jonathan Coletti,0,1,0.4706,Ogerpon
91059359,/Users/nickzwart/Desktop/9-8-2026/91059359.json,Brahim,1,0,0.4167,Grimmsnarl
91058456,/Users/nickzwart/Desktop/9-8-2026/91058456.json,insuperabilehart,1,0,0.529,Dragapult
91058552,/Users/nickzwart/Desktop/9-8-2026/91058552.json,wwwwwwwwwwwwwwwwwwwwwwwwwwwwww,1,0,0.6714,M-Kangaskhan
91059239,/Users/nickzwart/Desktop/9-8-2026/91059239.json,Dakuma,0,1,0.4444,Grimmsnarl
91060110,/Users/nickzwart/Desktop/9-8-2026/91060110.json,Dakuma,0,1,0.4444,Ogerpon
91060119,/Users/nickzwart/Desktop/9-8-2026/91060119.json,Octavi Grau,1,0,0.325,Dragapult
91060292,/Users/nickzwart/Desktop/9-8-2026/91060292.json,wwwwwwwwwwwwwwwwwwwwwwwwwwwwww,0,1,0.6714,Ogerpon
91060984,/Users/nickzwart/Desktop/9-8-2026/91060984.json,Dakuma,0,0,0.4444,Alakazam
91061172,/Users/nickzwart/Desktop/9-8-2026/91061172.json,wwwwwwwwwwwwwwwwwwwwwwwwwwwwww,0,1,0.6714,Alakazam
91061233,/Users/nickzwart/Desktop/9-8-2026/91061233.json,stnick,0,0,0.5246,M-Lopunny
91061233,/Users/nickzwart/Desktop/9-8-2026/91061233.json,M Sato,1,1,0.5857,M-Lopunny
91061867,/Users/nickzwart/Desktop/9-8-2026/91061867.json,Dakuma,0,1,0.4444,Grimmsnarl
91062048,/Users/nickzwart/Desktop/9-8-2026/91062048.json,Octavi Grau,0,0,0.325,M-Lopunny
91062048,/Users/nickzwart/Desktop/9-8-2026/91062048.json,wwwwwwwwwwwwwwwwwwwwwwwwwwwwww,1,1,0.6714,M-Lopunny
91062759,/Users/nickzwart/Desktop/9-8-2026/91062759.json,Jonathan Coletti,1,0,0.4706,Alakazam
91062776,/Users/nickzwart/Desktop/9-8-2026/91062776.json,Jack,0,0,0.5227,M-Lopunny
91062776,/Users/nickzwart/Desktop/9-8-2026/91062776.json,wwwwwwwwwwwwwwwwwwwwwwwwwwwwww,1,1,0.6714,M-Lopunny
91062818,/Users/nickzwart/Desktop/9-8-2026/91062818.json,Benarg,1,0,0.4853,Ogerpon
91062841,/Users/nickzwart/Desktop/9-8-2026/91062841.json,Dakuma,1,0,0.4444,Dragapult
91063616,/Users/nickzwart/Desktop/9-8-2026/91063616.json,Dakuma,0,1,0.4444,Ogerpon
91064395,/Users/nickzwart/Desktop/9-8-2026/91064395.json,Jonathan Coletti,1,1,0.4706,Grimmsnarl
91064444,/Users/nickzwart/Desktop/9-8-2026/91064444.json,M Sato,0,1,0.5857,Ogerpon
91064462,/Users/nickzwart/Desktop/9-8-2026/91064462.json,Dakuma,1,0,0.4444,Grimmsnarl
91064653,/Users/nickzwart/Desktop/9-8-2026/91064653.json,wwwwwwwwwwwwwwwwwwwwwwwwwwwwww,1,1,0.6714,Grimmsnarl
91065535,/Users/nickzwart/Desktop/9-8-2026/91065535.json,wwwwwwwwwwwwwwwwwwwwwwwwwwwwww,1,1,0.6714,M-Kangaskhan
91065356,/Users/nickzwart/Desktop/9-8-2026/91065356.json,Dakuma,0,0,0.4444,Alakazam
91066381,/Users/nickzwart/Desktop/9-8-2026/91066381.json,Brahim,1,0,0.4167,Grimmsnarl
91066405,/Users/nickzwart/Desktop/9-8-2026/91066405.json,wwwwwwwwwwwwwwwwwwwwwwwwwwwwww,0,1,0.6714,Hydrapple
91066234,/Users/nickzwart/Desktop/9-8-2026/91066234.json,Dakuma,1,1,0.4444,Grimmsnarl
91067123,/Users/nickzwart/Desktop/9-8-2026/91067123.json,Dakuma,0,1,0.4444,Grimmsnarl
91067290,/Users/nickzwart/Desktop/9-8-2026/91067290.json,wwwwwwwwwwwwwwwwwwwwwwwwwwwwww,0,0,0.6714,Grimmsnarl
91068064,/Users/nickzwart/Desktop/9-8-2026/91068064.json,Octavi Grau,0,0,0.325,M-Kangaskhan
91068099,/Users/nickzwart/Desktop/9-8-2026/91068099.json,M Sato,0,0,0.5857,M-Lucario
91068161,/Users/nickzwart/Desktop/9-8-2026/91068161.json,matsurih,0,0,0.5393,Alakazam
91067979,/Users/nickzwart/Desktop/9-8-2026/91067979.json,Dakuma,1,0,0.4444,Grimmsnarl
91068053,/Users/nickzwart/Desktop/9-8-2026/91068053.json,Jonathan Coletti,1,1,0.4706,M-Kangaskhan
91069034,/Users/nickzwart/Desktop/9-8-2026/91069034.json,Octavi Grau,0,1,0.325,Hydrapple
91069744,/Users/nickzwart/Desktop/9-8-2026/91069744.json,Dakuma,1,0,0.4444,Grimmsnarl
91070711,/Users/nickzwart/Desktop/9-8-2026/91070711.json,Dakuma,0,0,0.4444,M-Lopunny
91070711,/Users/nickzwart/Desktop/9-8-2026/91070711.json,M Sato,1,1,0.5857,M-Lopunny
91068174,/Users/nickzwart/Desktop/9-8-2026/91068174.json,sadwat,0,0,0.5339,Alakazam
91068957,/Users/nickzwart/Desktop/9-8-2026/91068957.json,Jack,0,1,0.5227,Dragapult
91070727,/Users/nickzwart/Desktop/9-8-2026/91070727.json,Jonathan Coletti,1,0,0.4706,Alakazam
91071494,/Users/nickzwart/Desktop/9-8-2026/91071494.json,Benarg,0,0,0.4853,Hydrapple
91071500,/Users/nickzwart/Desktop/9-8-2026/91071500.json,Dakuma,1,1,0.4444,Ogerpon
91072438,/Users/nickzwart/Desktop/9-8-2026/91072438.json,loIzpo + emonga,1,0,0.5057,Grimmsnarl
91072454,/Users/nickzwart/Desktop/9-8-2026/91072454.json,Jonathan Coletti,0,1,0.4706,Ogerpon
91072538,/Users/nickzwart/Desktop/9-8-2026/91072538.json,Octavi Grau,0,0,0.325,Grimmsnarl
91073224,/Users/nickzwart/Desktop/9-8-2026/91073224.json,Dakuma,0,1,0.4444,Ogerpon
91073343,/Users/nickzwart/Desktop/9-8-2026/91073343.json,NIWATORI,0,1,0.5357,Grimmsnarl
91073416,/Users/nickzwart/Desktop/9-8-2026/91073416.json,Benarg,0,0,0.4853,Grimmsnarl
91074136,/Users/nickzwart/Desktop/9-8-2026/91074136.json,Dakuma,1,0,0.4444,Hydrapple
91074215,/Users/nickzwart/Desktop/9-8-2026/91074215.json,matsurih,0,1,0.5393,M-Lopunny
91074215,/Users/nickzwart/Desktop/9-8-2026/91074215.json,Jonathan Coletti,1,0,0.4706,M-Lopunny
91074306,/Users/nickzwart/Desktop/9-8-2026/91074306.json,sadwat,0,1,0.5339,Grimmsnarl
91075172,/Users/nickzwart/Desktop/9-8-2026/91075172.json,LiamK,0,1,0.4444,Dragapult
91075215,/Users/nickzwart/Desktop/9-8-2026/91075215.json,JB Bryant,0,1,0.5657,Grimmsnarl
91075216,/Users/nickzwart/Desktop/9-8-2026/91075216.json,wwwwwwwwwwwwwwwwwwwwwwwwwwwwww,0,1,0.6714,Dragapult
91075017,/Users/nickzwart/Desktop/9-8-2026/91075017.json,想要成为kaggle大师,0,1,0.5906,M-Lopunny
91075017,/Users/nickzwart/Desktop/9-8-2026/91075017.json,Dakuma,1,0,0.4444,M-Lopunny
91075091,/Users/nickzwart/Desktop/9-8-2026/91075091.json,Jonathan Coletti,1,0,0.4706,Alakazam
91076626,/Users/nickzwart/Desktop/9-8-2026/91076626.json,NIWATORI,0,1,0.5357,Ogerpon
91076774,/Users/nickzwart/Desktop/9-8-2026/91076774.json,Dakuma,1,1,0.4444,Grimmsnarl
91076794,/Users/nickzwart/Desktop/9-8-2026/91076794.json,DavidFreelan,1,0,0.5952,Hydrapple
91075785,/Users/nickzwart/Desktop/9-8-2026/91075785.json,Dakuma,0,0,0.4444,Grimmsnarl
91077682,/Users/nickzwart/Desktop/9-8-2026/91077682.json,cm391,1,0,0.4286,Grimmsnarl
91077725,/Users/nickzwart/Desktop/9-8-2026/91077725.json,Dakuma,0,0,0.4444,M-Kangaskhan
91077734,/Users/nickzwart/Desktop/9-8-2026/91077734.json,Jonathan Coletti,0,0,0.4706,Dragapult
91076844,/Users/nickzwart/Desktop/9-8-2026/91076844.json,M Sato,0,1,0.5857,M-Lopunny
91076844,/Users/nickzwart/Desktop/9-8-2026/91076844.json,Jonathan Coletti,1,0,0.4706,M-Lopunny
91076876,/Users/nickzwart/Desktop/9-8-2026/91076876.json,Roman Stupin,0,0,0.3333,Dragapult
91077836,/Users/nickzwart/Desktop/9-8-2026/91077836.json,M Sato,0,1,0.5857,Ogerpon
91078547,/Users/nickzwart/Desktop/9-8-2026/91078547.json,Dakuma,1,0,0.4444,M-Kangaskhan
91078575,/Users/nickzwart/Desktop/9-8-2026/91078575.json,M Sato,1,1,0.5857,Dragapult
91080311,/Users/nickzwart/Desktop/9-8-2026/91080311.json,Boseiju,1,0,0.4839,M-Froslass
91081322,/Users/nickzwart/Desktop/9-8-2026/91081322.json,wwwwwwwwwwwwwwwwwwwwwwwwwwwwww,1,1,0.6714,Alakazam
91081848,/Users/nickzwart/Desktop/9-8-2026/91081848.json,matsurih,1,0,0.5393,M-Lucario
91081979,/Users/nickzwart/Desktop/9-8-2026/91081979.json,Dakuma,1,1,0.4444,M-Kangaskhan
91081130,/Users/nickzwart/Desktop/9-8-2026/91081130.json,M Sato,0,1,0.5857,Alakazam
91081196,/Users/nickzwart/Desktop/9-8-2026/91081196.json,Octavi Grau,0,1,0.325,M-Kangaskhan
91082883,/Users/nickzwart/Desktop/9-8-2026/91082883.json,Dakuma,0,1,0.4444,Ogerpon
91082897,/Users/nickzwart/Desktop/9-8-2026/91082897.json,cm391,0,0,0.4286,Hydrapple
91082042,/Users/nickzwart/Desktop/9-8-2026/91082042.json,想要成为kaggle大师,0,1,0.5906,Ogerpon
91082118,/Users/nickzwart/Desktop/9-8-2026/91082118.json,M Sato,0,1,0.5857,Grimmsnarl
91082172,/Users/nickzwart/Desktop/9-8-2026/91082172.json,Team KASA.,0,1,0.5079,Grimmsnarl
91083794,/Users/nickzwart/Desktop/9-8-2026/91083794.json,Dakuma,0,0,0.4444,Alakazam
91083917,/Users/nickzwart/Desktop/9-8-2026/91083917.json,Dakuma,1,0,0.4444,M-Kangaskhan
91084648,/Users/nickzwart/Desktop/9-8-2026/91084648.json,想要成为kaggle大师,1,1,0.5906,Grimmsnarl
91084668,/Users/nickzwart/Desktop/9-8-2026/91084668.json,Dakuma,1,1,0.4444,Alakazam
91085565,/Users/nickzwart/Desktop/9-8-2026/91085565.json,insuperabilehart,1,0,0.529,Dragapult
91085603,/Users/nickzwart/Desktop/9-8-2026/91085603.json,M Sato,1,0,0.5857,Grimmsnarl
91085686,/Users/nickzwart/Desktop/9-8-2026/91085686.json,wwwwwwwwwwwwwwwwwwwwwwwwwwwwww,1,0,0.6714,Dragapult
91086404,/Users/nickzwart/Desktop/9-8-2026/91086404.json,想要成为kaggle大师,0,1,0.5906,M-Lopunny
91086404,/Users/nickzwart/Desktop/9-8-2026/91086404.json,Boseiju,1,0,0.4839,M-Lopunny
91087160,/Users/nickzwart/Desktop/9-8-2026/91087160.json,M Sato,0,1,0.5857,Hydrapple
91087243,/Users/nickzwart/Desktop/9-8-2026/91087243.json,Funky,1,1,0.54,Ogerpon
91087309,/Users/nickzwart/Desktop/9-8-2026/91087309.json,Dakuma,1,0,0.4444,Alakazam
91088165,/Users/nickzwart/Desktop/9-8-2026/91088165.json,Brahim,1,0,0.4167,Hydrapple
91088884,/Users/nickzwart/Desktop/9-8-2026/91088884.json,loIzpo + emonga,1,1,0.5057,Ogerpon
91088159,/Users/nickzwart/Desktop/9-8-2026/91088159.json,想要成为kaggle大师,1,1,0.5906,Grimmsnarl
91088974,/Users/nickzwart/Desktop/9-8-2026/91088974.json,想要成为kaggle大师,1,0,0.5906,Alakazam
91088989,/Users/nickzwart/Desktop/9-8-2026/91088989.json,想要成为kaggle大师,1,0,0.5906,Hydrapple
91089009,/Users/nickzwart/Desktop/9-8-2026/91089009.json,Octavi Grau,1,1,0.325,Dudunsparce
91089191,/Users/nickzwart/Desktop/9-8-2026/91089191.json,Funky,1,0,0.54,Ogerpon
91089743,/Users/nickzwart/Desktop/9-8-2026/91089743.json,typeIIIfairy,1,1,0.3696,Ogerpon
91089864,/Users/nickzwart/Desktop/9-8-2026/91089864.json,Funky,1,0,0.54,Grimmsnarl
91089119,/Users/nickzwart/Desktop/9-8-2026/91089119.json,Dakuma,1,0,0.4444,Garchomp
91089186,/Users/nickzwart/Desktop/9-8-2026/91089186.json,想要成为kaggle大师,0,0,0.5906,Grimmsnarl
91090678,/Users/nickzwart/Desktop/9-8-2026/91090678.json,wwwwwwwwwwwwwwwwwwwwwwwwwwwwww,1,0,0.6714,Alakazam
91090826,/Users/nickzwart/Desktop/9-8-2026/91090826.json,Dakuma,0,1,0.4444,Grimmsnarl
91091414,/Users/nickzwart/Desktop/9-8-2026/91091414.json,matsurih,1,1,0.5393,Alakazam
91091511,/Users/nickzwart/Desktop/9-8-2026/91091511.json,stnick,0,1,0.5246,other
91091697,/Users/nickzwart/Desktop/9-8-2026/91091697.json,matsurih,1,1,0.5393,Ogerpon
91092299,/Users/nickzwart/Desktop/9-8-2026/91092299.json,matsurih,0,1,0.5393,Grimmsnarl
91092396,/Users/nickzwart/Desktop/9-8-2026/91092396.json,Jonathan Coletti,0,0,0.4706,Alakazam
91092477,/Users/nickzwart/Desktop/9-8-2026/91092477.json,da da,0,1,0.875,Ogerpon
91092504,/Users/nickzwart/Desktop/9-8-2026/91092504.json,DavidFreelan,1,0,0.5952,Ogerpon
91093235,/Users/nickzwart/Desktop/9-8-2026/91093235.json,Brahim,1,1,0.4167,M-Kangaskhan
91093508,/Users/nickzwart/Desktop/9-8-2026/91093508.json,想要成为kaggle大师,1,1,0.5906,Ogerpon
91094044,/Users/nickzwart/Desktop/9-8-2026/91094044.json,LiamK,0,1,0.4444,M-Lopunny
91094044,/Users/nickzwart/Desktop/9-8-2026/91094044.json,matsurih,1,0,0.5393,M-Lopunny
91094108,/Users/nickzwart/Desktop/9-8-2026/91094108.json,cm391,1,1,0.4286,Ogerpon
91094214,/Users/nickzwart/Desktop/9-8-2026/91094214.json,DavidFreelan,1,0,0.5952,Hydrapple
91094917,/Users/nickzwart/Desktop/9-8-2026/91094917.json,matsurih,0,1,0.5393,Grimmsnarl
91095030,/Users/nickzwart/Desktop/9-8-2026/91095030.json,stnick,1,0,0.5246,M-Lucario
91095129,/Users/nickzwart/Desktop/9-8-2026/91095129.json,insuperabilehart,1,0,0.529,Dragapult
91095189,/Users/nickzwart/Desktop/9-8-2026/91095189.json,Jonathan Coletti,0,1,0.4706,M-Kangaskhan
91095252,/Users/nickzwart/Desktop/9-8-2026/91095252.json,Jack,1,1,0.5227,M-Kangaskhan
91095793,/Users/nickzwart/Desktop/9-8-2026/91095793.json,matsurih,0,1,0.5393,Grimmsnarl
91095885,/Users/nickzwart/Desktop/9-8-2026/91095885.json,NIWATORI,0,0,0.5357,Alakazam
91095915,/Users/nickzwart/Desktop/9-8-2026/91095915.json,stnick,1,1,0.5246,M-Kangaskhan
91096113,/Users/nickzwart/Desktop/9-8-2026/91096113.json,wwwwwwwwwwwwwwwwwwwwwwwwwwwwww,1,1,0.6714,Alakazam
91096115,/Users/nickzwart/Desktop/9-8-2026/91096115.json,typeIIIfairy,1,1,0.3696,Alakazam
91096667,/Users/nickzwart/Desktop/9-8-2026/91096667.json,matsurih,0,1,0.5393,Ogerpon
91097726,/Users/nickzwart/Desktop/9-8-2026/91097726.json,Funky,0,0,0.54,Grimmsnarl
91097775,/Users/nickzwart/Desktop/9-8-2026/91097775.json,DavidFreelan,1,0,0.5952,M-Lucario
91097776,/Users/nickzwart/Desktop/9-8-2026/91097776.json,LiamK,0,0,0.4444,Dragapult
91096875,/Users/nickzwart/Desktop/9-8-2026/91096875.json,Dakuma,0,0,0.4444,Alakazam
91096891,/Users/nickzwart/Desktop/9-8-2026/91096891.json,matsurih,0,1,0.5393,Alakazam
91096968,/Users/nickzwart/Desktop/9-8-2026/91096968.json,DavidFreelan,0,0,0.5952,Dragapult
91097546,/Users/nickzwart/Desktop/9-8-2026/91097546.json,matsurih,1,1,0.5393,Ogerpon
91097874,/Users/nickzwart/Desktop/9-8-2026/91097874.json,wwwwwwwwwwwwwwwwwwwwwwwwwwwwww,1,0,0.6714,Grimmsnarl
91098421,/Users/nickzwart/Desktop/9-8-2026/91098421.json,matsurih,0,1,0.5393,Grimmsnarl
91098621,/Users/nickzwart/Desktop/9-8-2026/91098621.json,sadwat,0,1,0.5339,Ogerpon
91098705,/Users/nickzwart/Desktop/9-8-2026/91098705.json,DavidFreelan,0,1,0.5952,Grimmsnarl
91099289,/Users/nickzwart/Desktop/9-8-2026/91099289.json,matsurih,0,0,0.5393,other
91099344,/Users/nickzwart/Desktop/9-8-2026/91099344.json,LiamK,0,1,0.4444,M-Kangaskhan
91099560,/Users/nickzwart/Desktop/9-8-2026/91099560.json,M Sato,0,0,0.5857,Hydrapple
91100176,/Users/nickzwart/Desktop/9-8-2026/91100176.json,matsurih,0,1,0.5393,M-Lopunny
91100176,/Users/nickzwart/Desktop/9-8-2026/91100176.json,JB Bryant,1,0,0.5657,M-Lopunny
91100188,/Users/nickzwart/Desktop/9-8-2026/91100188.json,NIWATORI,0,1,0.5357,M-Kangaskhan
91101347,/Users/nickzwart/Desktop/9-8-2026/91101347.json,matsurih,1,1,0.5393,Grimmsnarl
91101371,/Users/nickzwart/Desktop/9-8-2026/91101371.json,M Sato,0,1,0.5857,Grimmsnarl
91101052,/Users/nickzwart/Desktop/9-8-2026/91101052.json,matsurih,1,1,0.5393,Grimmsnarl
91101127,/Users/nickzwart/Desktop/9-8-2026/91101127.json,JB Bryant,0,0,0.5657,Hydrapple
91101282,/Users/nickzwart/Desktop/9-8-2026/91101282.json,wwwwwwwwwwwwwwwwwwwwwwwwwwwwww,1,1,0.6714,Dragapult
91102031,/Users/nickzwart/Desktop/9-8-2026/91102031.json,Octavi Grau,0,0,0.325,Dragapult
91102210,/Users/nickzwart/Desktop/9-8-2026/91102210.json,matsurih,0,1,0.5393,M-Kangaskhan
91102793,/Users/nickzwart/Desktop/9-8-2026/91102793.json,matsurih,1,0,0.5393,Grimmsnarl
91102964,/Users/nickzwart/Desktop/9-8-2026/91102964.json,Brahim,0,1,0.4167,M-Kangaskhan
91103082,/Users/nickzwart/Desktop/9-8-2026/91103082.json,da da,1,1,0.875,Ogerpon
91103678,/Users/nickzwart/Desktop/9-8-2026/91103678.json,matsurih,1,1,0.5393,Grimmsnarl
91103696,/Users/nickzwart/Desktop/9-8-2026/91103696.json,Octavi Grau,0,1,0.325,M-Kangaskhan
91103815,/Users/nickzwart/Desktop/9-8-2026/91103815.json,Dakuma,1,0,0.4444,Dudunsparce
91103887,/Users/nickzwart/Desktop/9-8-2026/91103887.json,sadwat,0,1,0.5339,Alakazam
91103975,/Users/nickzwart/Desktop/9-8-2026/91103975.json,typeIIIfairy,1,1,0.3696,Alakazam
91104834,/Users/nickzwart/Desktop/9-8-2026/91104834.json,Funky,1,1,0.54,Alakazam
91105416,/Users/nickzwart/Desktop/9-8-2026/91105416.json,wwwwwwwwwwwwwwwwwwwwwwwwwwwwww,0,1,0.6714,M-Lopunny
91105416,/Users/nickzwart/Desktop/9-8-2026/91105416.json,matsurih,1,0,0.5393,M-Lopunny
91105450,/Users/nickzwart/Desktop/9-8-2026/91105450.json,JB Bryant,0,1,0.5657,M-Kangaskhan
91104554,/Users/nickzwart/Desktop/9-8-2026/91104554.json,matsurih,1,1,0.5393,Ogerpon
91104628,/Users/nickzwart/Desktop/9-8-2026/91104628.json,M Sato,1,0,0.5857,Hydrapple
91105648,/Users/nickzwart/Desktop/9-8-2026/91105648.json,M Sato,1,0,0.5857,Alakazam
91106296,/Users/nickzwart/Desktop/9-8-2026/91106296.json,matsurih,1,0,0.5393,M-Kangaskhan
91106427,/Users/nickzwart/Desktop/9-8-2026/91106427.json,Brahim,1,0,0.4167,Dudunsparce
91106459,/Users/nickzwart/Desktop/9-8-2026/91106459.json,Roman Stupin,0,0,0.3333,Grimmsnarl
91108363,/Users/nickzwart/Desktop/9-8-2026/91108363.json,LiamK,1,0,0.4444,M-Kangaskhan
91108966,/Users/nickzwart/Desktop/9-8-2026/91108966.json,matsurih,0,0,0.5393,Grimmsnarl
91108075,/Users/nickzwart/Desktop/9-8-2026/91108075.json,matsurih,1,0,0.5393,Grimmsnarl
91108076,/Users/nickzwart/Desktop/9-8-2026/91108076.json,da da,1,1,0.875,Alakazam
91107189,/Users/nickzwart/Desktop/9-8-2026/91107189.json,matsurih,1,0,0.5393,Grimmsnarl
91107248,/Users/nickzwart/Desktop/9-8-2026/91107248.json,M Sato,0,1,0.5857,Hydrapple
91107315,/Users/nickzwart/Desktop/9-8-2026/91107315.json,Jack,1,1,0.5227,Dudunsparce
91107324,/Users/nickzwart/Desktop/9-8-2026/91107324.json,NIWATORI,0,1,0.5357,Alakazam
91107462,/Users/nickzwart/Desktop/9-8-2026/91107462.json,matsurih,1,0,0.5393,Grimmsnarl
91109802,/Users/nickzwart/Desktop/9-8-2026/91109802.json,wwwwwwwwwwwwwwwwwwwwwwwwwwwwww,1,1,0.6714,Grimmsnarl
91109924,/Users/nickzwart/Desktop/9-8-2026/91109924.json,matsurih,1,0,0.5393,Hydrapple
91110092,/Users/nickzwart/Desktop/9-8-2026/91110092.json,typeIIIfairy,0,1,0.3696,M-Lopunny
91110092,/Users/nickzwart/Desktop/9-8-2026/91110092.json,loIzpo + emonga,1,0,0.5057,M-Lopunny
91110661,/Users/nickzwart/Desktop/9-8-2026/91110661.json,DavidFreelan,0,1,0.5952,M-Kangaskhan
91110685,/Users/nickzwart/Desktop/9-8-2026/91110685.json,loIzpo + emonga,1,0,0.5057,Grimmsnarl
91111741,/Users/nickzwart/Desktop/9-8-2026/91111741.json,matsurih,1,1,0.5393,Alakazam
91112455,/Users/nickzwart/Desktop/9-8-2026/91112455.json,matsurih,1,1,0.5393,Ogerpon
91111528,/Users/nickzwart/Desktop/9-8-2026/91111528.json,DavidFreelan,1,0,0.5952,Grimmsnarl
91111607,/Users/nickzwart/Desktop/9-8-2026/91111607.json,matsurih,1,0,0.5393,Garchomp
91111663,/Users/nickzwart/Desktop/9-8-2026/91111663.json,loIzpo + emonga,1,1,0.5057,Hydrapple
91110707,/Users/nickzwart/Desktop/9-8-2026/91110707.json,M Sato,1,1,0.5857,Dragapult
91110733,/Users/nickzwart/Desktop/9-8-2026/91110733.json,loIzpo + emonga,0,0,0.5057,Alakazam
91110739,/Users/nickzwart/Desktop/9-8-2026/91110739.json,matsurih,1,0,0.5393,Grimmsnarl
91110907,/Users/nickzwart/Desktop/9-8-2026/91110907.json,cm391,0,1,0.4286,Grimmsnarl
91112511,/Users/nickzwart/Desktop/9-8-2026/91112511.json,M Sato,1,0,0.5857,Dragapult
91112613,/Users/nickzwart/Desktop/9-8-2026/91112613.json,NIWATORI,0,1,0.5357,Alakazam
91113273,/Users/nickzwart/Desktop/9-8-2026/91113273.json,DavidFreelan,0,1,0.5952,M-Lopunny
91113273,/Users/nickzwart/Desktop/9-8-2026/91113273.json,Jack,1,0,0.5227,M-Lopunny
91113358,/Users/nickzwart/Desktop/9-8-2026/91113358.json,matsurih,0,1,0.5393,M-Kangaskhan
91114223,/Users/nickzwart/Desktop/9-8-2026/91114223.json,Team KASA.,1,0,0.5079,Alakazam
91114229,/Users/nickzwart/Desktop/9-8-2026/91114229.json,matsurih,0,1,0.5393,Grimmsnarl
91114281,/Users/nickzwart/Desktop/9-8-2026/91114281.json,JB Bryant,0,1,0.5657,Dragapult
91114413,/Users/nickzwart/Desktop/9-8-2026/91114413.json,Funky,0,1,0.54,Ogerpon
91113513,/Users/nickzwart/Desktop/9-8-2026/91113513.json,Brahim,0,0,0.4167,M-Lopunny
91113513,/Users/nickzwart/Desktop/9-8-2026/91113513.json,matsurih,1,1,0.5393,M-Lopunny
91114146,/Users/nickzwart/Desktop/9-8-2026/91114146.json,DavidFreelan,1,0,0.5952,Grimmsnarl
91114149,/Users/nickzwart/Desktop/9-8-2026/91114149.json,Jack,1,0,0.5227,Grimmsnarl
91114480,/Users/nickzwart/Desktop/9-8-2026/91114480.json,wwwwwwwwwwwwwwwwwwwwwwwwwwwwww,1,1,0.6714,Ogerpon
91115019,/Users/nickzwart/Desktop/9-8-2026/91115019.json,DavidFreelan,0,1,0.5952,Grimmsnarl
91115344,/Users/nickzwart/Desktop/9-8-2026/91115344.json,Octavi Grau,1,0,0.325,Dudunsparce
91115356,/Users/nickzwart/Desktop/9-8-2026/91115356.json,insuperabilehart,0,0,0.529,Alakazam
91115910,/Users/nickzwart/Desktop/9-8-2026/91115910.json,DavidFreelan,1,0,0.5952,Grimmsnarl
91115988,/Users/nickzwart/Desktop/9-8-2026/91115988.json,matsurih,0,0,0.5393,Dragapult
91116099,/Users/nickzwart/Desktop/9-8-2026/91116099.json,DavidFreelan,0,1,0.5952,Ogerpon
91116789,/Users/nickzwart/Desktop/9-8-2026/91116789.json,DavidFreelan,0,1,0.5952,Ogerpon
91116927,/Users/nickzwart/Desktop/9-8-2026/91116927.json,DavidFreelan,1,0,0.5952,Hydrapple
91117758,/Users/nickzwart/Desktop/9-8-2026/91117758.json,matsurih,0,1,0.5393,Grimmsnarl
91117803,/Users/nickzwart/Desktop/9-8-2026/91117803.json,matsurih,0,1,0.5393,Hydrapple
91117916,/Users/nickzwart/Desktop/9-8-2026/91117916.json,cm391,1,0,0.4286,Garchomp
91118566,/Users/nickzwart/Desktop/9-8-2026/91118566.json,DavidFreelan,1,0,0.5952,Alakazam
91117698,/Users/nickzwart/Desktop/9-8-2026/91117698.json,matsurih,1,0,0.5393,Grimmsnarl
91118643,/Users/nickzwart/Desktop/9-8-2026/91118643.json,matsurih,0,1,0.5393,Grimmsnarl
91118718,/Users/nickzwart/Desktop/9-8-2026/91118718.json,Jack,1,1,0.5227,Ogerpon
91118802,/Users/nickzwart/Desktop/9-8-2026/91118802.json,wwwwwwwwwwwwwwwwwwwwwwwwwwwwww,1,0,0.6714,Alakazam
91118860,/Users/nickzwart/Desktop/9-8-2026/91118860.json,Funky,0,1,0.54,M-Kangaskhan
91119527,/Users/nickzwart/Desktop/9-8-2026/91119527.json,matsurih,1,0,0.5393,Dragapult
91119461,/Users/nickzwart/Desktop/9-8-2026/91119461.json,insuperabilehart,1,0,0.529,Grimmsnarl
91119677,/Users/nickzwart/Desktop/9-8-2026/91119677.json,M Sato,0,1,0.5857,Crustle
91120564,/Users/nickzwart/Desktop/9-8-2026/91120564.json,wwwwwwwwwwwwwwwwwwwwwwwwwwwwww,1,0,0.6714,Alakazam
91121143,/Users/nickzwart/Desktop/9-8-2026/91121143.json,loIzpo + emonga,0,0,0.5057,Grimmsnarl
91120454,/Users/nickzwart/Desktop/9-8-2026/91120454.json,DavidFreelan,0,1,0.5952,Alakazam
91120469,/Users/nickzwart/Desktop/9-8-2026/91120469.json,matsurih,0,1,0.5393,M-Lopunny
91120469,/Users/nickzwart/Desktop/9-8-2026/91120469.json,typeIIIfairy,1,0,0.3696,M-Lopunny
91120509,/Users/nickzwart/Desktop/9-8-2026/91120509.json,M Sato,1,1,0.5857,Hydrapple
91121268,/Users/nickzwart/Desktop/9-8-2026/91121268.json,matsurih,0,1,0.5393,Alakazam
91122065,/Users/nickzwart/Desktop/9-8-2026/91122065.json,DavidFreelan,1,1,0.5952,Ogerpon
91122138,/Users/nickzwart/Desktop/9-8-2026/91122138.json,matsurih,0,1,0.5393,Grimmsnarl
91123154,/Users/nickzwart/Desktop/9-8-2026/91123154.json,matsurih,0,1,0.5393,Crustle
91122883,/Users/nickzwart/Desktop/9-8-2026/91122883.json,DavidFreelan,1,1,0.5952,M-Kangaskhan
91123908,/Users/nickzwart/Desktop/9-8-2026/91123908.json,matsurih,0,0,0.5393,M-Kangaskhan
91124089,/Users/nickzwart/Desktop/9-8-2026/91124089.json,Funky,0,0,0.54,Garchomp
91124707,/Users/nickzwart/Desktop/9-8-2026/91124707.json,DavidFreelan,0,1,0.5952,M-Lopunny
91124707,/Users/nickzwart/Desktop/9-8-2026/91124707.json,Octavi Grau,1,0,0.325,M-Lopunny
91124792,/Users/nickzwart/Desktop/9-8-2026/91124792.json,matsurih,0,1,0.5393,M-Kangaskhan
91125489,/Users/nickzwart/Desktop/9-8-2026/91125489.json,DavidFreelan,0,1,0.5952,Alakazam
91125674,/Users/nickzwart/Desktop/9-8-2026/91125674.json,matsurih,1,1,0.5393,Grimmsnarl
91126525,/Users/nickzwart/Desktop/9-8-2026/91126525.json,matsurih,0,1,0.5393,Hydrapple
91125737,/Users/nickzwart/Desktop/9-8-2026/91125737.json,LiamK,0,0,0.4444,Grimmsnarl
91126441,/Users/nickzwart/Desktop/9-8-2026/91126441.json,DavidFreelan,1,1,0.5952,Alakazam
91127325,/Users/nickzwart/Desktop/9-8-2026/91127325.json,DavidFreelan,0,1,0.5952,Grimmsnarl
91127331,/Users/nickzwart/Desktop/9-8-2026/91127331.json,cm391,0,0,0.4286,Grimmsnarl
91127405,/Users/nickzwart/Desktop/9-8-2026/91127405.json,matsurih,0,1,0.5393,Grimmsnarl
91128189,/Users/nickzwart/Desktop/9-8-2026/91128189.json,matsurih,1,1,0.5393,Ogerpon
91128232,/Users/nickzwart/Desktop/9-8-2026/91128232.json,matsurih,0,1,0.5393,M-Kangaskhan
91128245,/Users/nickzwart/Desktop/9-8-2026/91128245.json,DavidFreelan,1,1,0.5952,Alakazam
91128250,/Users/nickzwart/Desktop/9-8-2026/91128250.json,DavidFreelan,1,0,0.5952,Alakazam
91128972,/Users/nickzwart/Desktop/9-8-2026/91128972.json,Oleksandr_Savsunenko,0,1,0.3902,M-Kangaskhan
91129032,/Users/nickzwart/Desktop/9-8-2026/91129032.json,insuperabilehart,0,1,0.529,Grimmsnarl
91129078,/Users/nickzwart/Desktop/9-8-2026/91129078.json,DavidFreelan,1,0,0.5952,M-Lucario
91129080,/Users/nickzwart/Desktop/9-8-2026/91129080.json,sadwat,1,1,0.5339,Grimmsnarl
91129216,/Users/nickzwart/Desktop/9-8-2026/91129216.json,DavidFreelan,0,0,0.5952,M-Lopunny
91129216,/Users/nickzwart/Desktop/9-8-2026/91129216.json,sadwat,1,1,0.5339,M-Lopunny
91129226,/Users/nickzwart/Desktop/9-8-2026/91129226.json,loIzpo + emonga,0,0,0.5057,Dragapult
91129904,/Users/nickzwart/Desktop/9-8-2026/91129904.json,Oleksandr_Savsunenko,1,1,0.3902,Ogerpon
91130815,/Users/nickzwart/Desktop/9-8-2026/91130815.json,Jack,0,1,0.5227,Alakazam
91130834,/Users/nickzwart/Desktop/9-8-2026/91130834.json,DavidFreelan,0,0,0.5952,Alakazam
91130126,/Users/nickzwart/Desktop/9-8-2026/91130126.json,wwwwwwwwwwwwwwwwwwwwwwwwwwwwww,1,1,0.6714,Grimmsnarl
91130720,/Users/nickzwart/Desktop/9-8-2026/91130720.json,Oleksandr_Savsunenko,0,1,0.3902,M-Lopunny
91130720,/Users/nickzwart/Desktop/9-8-2026/91130720.json,insuperabilehart,1,0,0.529,M-Lopunny
91129944,/Users/nickzwart/Desktop/9-8-2026/91129944.json,DavidFreelan,1,1,0.5952,Dragapult
91130029,/Users/nickzwart/Desktop/9-8-2026/91130029.json,matsurih,0,1,0.5393,Ogerpon
91130900,/Users/nickzwart/Desktop/9-8-2026/91130900.json,matsurih,1,0,0.5393,Grimmsnarl
91131008,/Users/nickzwart/Desktop/9-8-2026/91131008.json,Dakuma,0,1,0.4444,Grimmsnarl
91131015,/Users/nickzwart/Desktop/9-8-2026/91131015.json,NIWATORI,1,1,0.5357,M-Kangaskhan
91131019,/Users/nickzwart/Desktop/9-8-2026/91131019.json,DavidFreelan,0,0,0.5952,Ogerpon
91131069,/Users/nickzwart/Desktop/9-8-2026/91131069.json,da da,0,1,0.875,Alakazam
91131074,/Users/nickzwart/Desktop/9-8-2026/91131074.json,DavidFreelan,0,1,0.5952,Dragapult
91131713,/Users/nickzwart/Desktop/9-8-2026/91131713.json,DavidFreelan,1,0,0.5952,Grimmsnarl
91131770,/Users/nickzwart/Desktop/9-8-2026/91131770.json,matsurih,1,1,0.5393,M-Kangaskhan
91131837,/Users/nickzwart/Desktop/9-8-2026/91131837.json,matsurih,0,0,0.5393,M-Lucario
91132443,/Users/nickzwart/Desktop/9-8-2026/91132443.json,cm391,1,0,0.4286,M-Kangaskhan
91132458,/Users/nickzwart/Desktop/9-8-2026/91132458.json,Oleksandr_Savsunenko,1,0,0.3902,M-Kangaskhan
91132582,/Users/nickzwart/Desktop/9-8-2026/91132582.json,DavidFreelan,0,1,0.5952,M-Kangaskhan
91132601,/Users/nickzwart/Desktop/9-8-2026/91132601.json,wwwwwwwwwwwwwwwwwwwwwwwwwwwwww,0,1,0.6714,Dragapult
91132642,/Users/nickzwart/Desktop/9-8-2026/91132642.json,matsurih,0,0,0.5393,Ogerpon
91133384,/Users/nickzwart/Desktop/9-8-2026/91133384.json,NIWATORI,0,0,0.5357,M-Lopunny
91133384,/Users/nickzwart/Desktop/9-8-2026/91133384.json,DavidFreelan,1,1,0.5952,M-Lopunny
91132686,/Users/nickzwart/Desktop/9-8-2026/91132686.json,JB Bryant,1,0,0.5657,Garchomp
91132724,/Users/nickzwart/Desktop/9-8-2026/91132724.json,Funky,0,0,0.54,Grimmsnarl
91132810,/Users/nickzwart/Desktop/9-8-2026/91132810.json,Team KASA.,1,0,0.5079,Hydrapple
91134188,/Users/nickzwart/Desktop/9-8-2026/91134188.json,Team KASA.,0,0,0.5079,Grimmsnarl
91134198,/Users/nickzwart/Desktop/9-8-2026/91134198.json,Oleksandr_Savsunenko,0,1,0.3902,other
91133424,/Users/nickzwart/Desktop/9-8-2026/91133424.json,matsurih,0,0,0.5393,M-Lopunny
91133424,/Users/nickzwart/Desktop/9-8-2026/91133424.json,M Sato,1,1,0.5857,M-Lopunny
91133547,/Users/nickzwart/Desktop/9-8-2026/91133547.json,Oleksandr_Savsunenko,1,0,0.3902,M-Lucario
91134541,/Users/nickzwart/Desktop/9-8-2026/91134541.json,M Sato,1,1,0.5857,Grimmsnarl
91134315,/Users/nickzwart/Desktop/9-8-2026/91134315.json,DavidFreelan,1,1,0.5952,Grimmsnarl
91134402,/Users/nickzwart/Desktop/9-8-2026/91134402.json,LiamK,1,0,0.4444,M-Lucario
91134414,/Users/nickzwart/Desktop/9-8-2026/91134414.json,matsurih,0,1,0.5393,Alakazam
91135077,/Users/nickzwart/Desktop/9-8-2026/91135077.json,Oleksandr_Savsunenko,1,0,0.3902,Grimmsnarl
91135173,/Users/nickzwart/Desktop/9-8-2026/91135173.json,JB Bryant,1,0,0.5657,Dragapult
91135283,/Users/nickzwart/Desktop/9-8-2026/91135283.json,loIzpo + emonga,0,1,0.5057,M-Lopunny
91135283,/Users/nickzwart/Desktop/9-8-2026/91135283.json,matsurih,1,0,0.5393,M-Lopunny
91135920,/Users/nickzwart/Desktop/9-8-2026/91135920.json,sobameshi,0,0,0.4737,Alakazam
91135945,/Users/nickzwart/Desktop/9-8-2026/91135945.json,Oleksandr_Savsunenko,0,0,0.3902,Alakazam
91136071,/Users/nickzwart/Desktop/9-8-2026/91136071.json,DavidFreelan,1,1,0.5952,Ogerpon
91136148,/Users/nickzwart/Desktop/9-8-2026/91136148.json,Funky,1,1,0.54,Ogerpon
91136835,/Users/nickzwart/Desktop/9-8-2026/91136835.json,Oleksandr_Savsunenko,1,0,0.3902,Grimmsnarl
91136860,/Users/nickzwart/Desktop/9-8-2026/91136860.json,insuperabilehart,1,1,0.529,M-Kangaskhan
91136951,/Users/nickzwart/Desktop/9-8-2026/91136951.json,DavidFreelan,0,1,0.5952,Grimmsnarl
91138658,/Users/nickzwart/Desktop/9-8-2026/91138658.json,DavidFreelan,0,0,0.5952,Alakazam
91137829,/Users/nickzwart/Desktop/9-8-2026/91137829.json,DavidFreelan,0,1,0.5952,other
91137156,/Users/nickzwart/Desktop/9-8-2026/91137156.json,wwwwwwwwwwwwwwwwwwwwwwwwwwwwww,1,0,0.6714,M-Kangaskhan
91137715,/Users/nickzwart/Desktop/9-8-2026/91137715.json,Oleksandr_Savsunenko,0,0,0.3902,Grimmsnarl
91137762,/Users/nickzwart/Desktop/9-8-2026/91137762.json,matsurih,1,0,0.5393,Grimmsnarl
91138702,/Users/nickzwart/Desktop/9-8-2026/91138702.json,Brahim,1,1,0.4167,Ogerpon
91138707,/Users/nickzwart/Desktop/9-8-2026/91138707.json,cm391,1,0,0.4286,Grimmsnarl
91138749,/Users/nickzwart/Desktop/9-8-2026/91138749.json,LiamK,0,0,0.4444,M-Lucario
91139464,/Users/nickzwart/Desktop/9-8-2026/91139464.json,Oleksandr_Savsunenko,0,1,0.3902,Ogerpon
91139504,/Users/nickzwart/Desktop/9-8-2026/91139504.json,Roman Stupin,0,1,0.3333,Hydrapple
91139584,/Users/nickzwart/Desktop/9-8-2026/91139584.json,DavidFreelan,1,1,0.5952,Grimmsnarl
91139701,/Users/nickzwart/Desktop/9-8-2026/91139701.json,typeIIIfairy,0,1,0.3696,Grimmsnarl
91139755,/Users/nickzwart/Desktop/9-8-2026/91139755.json,Oleksandr_Savsunenko,1,0,0.3902,M-Kangaskhan
91140358,/Users/nickzwart/Desktop/9-8-2026/91140358.json,Oleksandr_Savsunenko,1,0,0.3902,Alakazam
91140448,/Users/nickzwart/Desktop/9-8-2026/91140448.json,M Sato,1,0,0.5857,Grimmsnarl
91141417,/Users/nickzwart/Desktop/9-8-2026/91141417.json,DavidFreelan,0,0,0.5952,Grimmsnarl
91141242,/Users/nickzwart/Desktop/9-8-2026/91141242.json,matsurih,1,0,0.5393,Dragapult
91142121,/Users/nickzwart/Desktop/9-8-2026/91142121.json,Oleksandr_Savsunenko,0,0,0.3902,Grimmsnarl
91142153,/Users/nickzwart/Desktop/9-8-2026/91142153.json,Roman Stupin,1,0,0.3333,Grimmsnarl
91142176,/Users/nickzwart/Desktop/9-8-2026/91142176.json,cm391,1,0,0.4286,Dudunsparce
91142232,/Users/nickzwart/Desktop/9-8-2026/91142232.json,DavidFreelan,1,1,0.5952,Alakazam
91142410,/Users/nickzwart/Desktop/9-8-2026/91142410.json,Team KASA.,0,1,0.5079,Grimmsnarl
91143030,/Users/nickzwart/Desktop/9-8-2026/91143030.json,Roman Stupin,1,0,0.3333,Grimmsnarl
91142352,/Users/nickzwart/Desktop/9-8-2026/91142352.json,sadwat,0,1,0.5339,Alakazam
91142364,/Users/nickzwart/Desktop/9-8-2026/91142364.json,matsurih,0,0,0.5393,Alakazam
91143870,/Users/nickzwart/Desktop/9-8-2026/91143870.json,Brahim,0,1,0.4167,Ogerpon
91143878,/Users/nickzwart/Desktop/9-8-2026/91143878.json,Roman Stupin,0,0,0.3333,Grimmsnarl
91143948,/Users/nickzwart/Desktop/9-8-2026/91143948.json,Jack,0,1,0.5227,M-Kangaskhan
91143105,/Users/nickzwart/Desktop/9-8-2026/91143105.json,Roman Stupin,0,1,0.3333,Ogerpon
91143111,/Users/nickzwart/Desktop/9-8-2026/91143111.json,DavidFreelan,0,1,0.5952,Grimmsnarl
91143173,/Users/nickzwart/Desktop/9-8-2026/91143173.json,sadwat,0,0,0.5339,Dragapult
91144104,/Users/nickzwart/Desktop/9-8-2026/91144104.json,DavidFreelan,0,1,0.5952,Ogerpon
91144869,/Users/nickzwart/Desktop/9-8-2026/91144869.json,M Sato,0,1,0.5857,M-Lopunny
91144869,/Users/nickzwart/Desktop/9-8-2026/91144869.json,DavidFreelan,1,0,0.5952,M-Lopunny
91144758,/Users/nickzwart/Desktop/9-8-2026/91144758.json,NIWATORI,0,0,0.5357,Hydrapple
91144788,/Users/nickzwart/Desktop/9-8-2026/91144788.json,Roman Stupin,0,0,0.3333,Grimmsnarl
91144832,/Users/nickzwart/Desktop/9-8-2026/91144832.json,LiamK,1,0,0.4444,Ogerpon
91145554,/Users/nickzwart/Desktop/9-8-2026/91145554.json,typeIIIfairy,1,0,0.3696,Garchomp
91145647,/Users/nickzwart/Desktop/9-8-2026/91145647.json,Oleksandr_Savsunenko,0,1,0.3902,Grimmsnarl
91145848,/Users/nickzwart/Desktop/9-8-2026/91145848.json,wwwwwwwwwwwwwwwwwwwwwwwwwwwwww,0,1,0.6714,Ogerpon
91145731,/Users/nickzwart/Desktop/9-8-2026/91145731.json,loIzpo + emonga,0,0,0.5057,Dragapult
91145749,/Users/nickzwart/Desktop/9-8-2026/91145749.json,DavidFreelan,0,0,0.5952,Grimmsnarl
91146615,/Users/nickzwart/Desktop/9-8-2026/91146615.json,Oleksandr_Savsunenko,0,1,0.3902,Grimmsnarl
91146626,/Users/nickzwart/Desktop/9-8-2026/91146626.json,DavidFreelan,0,0,0.5952,Grimmsnarl
91146694,/Users/nickzwart/Desktop/9-8-2026/91146694.json,M Sato,0,0,0.5857,Alakazam
91146750,/Users/nickzwart/Desktop/9-8-2026/91146750.json,LiamK,0,0,0.4444,M-Kangaskhan
91147374,/Users/nickzwart/Desktop/9-8-2026/91147374.json,stnick,0,0,0.5246,Grimmsnarl
91147397,/Users/nickzwart/Desktop/9-8-2026/91147397.json,Oleksandr_Savsunenko,0,0,0.3902,M-Kangaskhan
91145909,/Users/nickzwart/Desktop/9-8-2026/91145909.json,matsurih,1,1,0.5393,Dragapult
91146589,/Users/nickzwart/Desktop/9-8-2026/91146589.json,M Sato,1,1,0.5857,Alakazam
91147445,/Users/nickzwart/Desktop/9-8-2026/91147445.json,sadwat,0,0,0.5339,Grimmsnarl
91147490,/Users/nickzwart/Desktop/9-8-2026/91147490.json,Funky,0,1,0.54,Grimmsnarl
91148200,/Users/nickzwart/Desktop/9-8-2026/91148200.json,loIzpo + emonga,0,0,0.5057,Garchomp
91148406,/Users/nickzwart/Desktop/9-8-2026/91148406.json,DavidFreelan,0,0,0.5952,Dragapult
91149406,/Users/nickzwart/Desktop/9-8-2026/91149406.json,Octavi Grau,0,0,0.325,Grimmsnarl
91150068,/Users/nickzwart/Desktop/9-8-2026/91150068.json,cm391,0,0,0.4286,M-Kangaskhan
91151058,/Users/nickzwart/Desktop/9-8-2026/91151058.json,Benarg,0,0,0.4853,Alakazam
91151736,/Users/nickzwart/Desktop/9-8-2026/91151736.json,loIzpo + emonga,0,0,0.5057,M-Froslass
91151819,/Users/nickzwart/Desktop/9-8-2026/91151819.json,da da,1,1,0.875,M-Kangaskhan
91150980,/Users/nickzwart/Desktop/9-8-2026/91150980.json,Roman Stupin,0,1,0.3333,Grimmsnarl
91152601,/Users/nickzwart/Desktop/9-8-2026/91152601.json,Brahim,0,1,0.4167,M-Lopunny
91152601,/Users/nickzwart/Desktop/9-8-2026/91152601.json,Team KASA.,1,0,0.5079,M-Lopunny
91152722,/Users/nickzwart/Desktop/9-8-2026/91152722.json,loIzpo + emonga,0,1,0.5057,Hydrapple
91152742,/Users/nickzwart/Desktop/9-8-2026/91152742.json,Octavi Grau,0,0,0.325,M-Lopunny
91152742,/Users/nickzwart/Desktop/9-8-2026/91152742.json,Oleksandr_Savsunenko,1,1,0.3902,M-Lopunny
91152756,/Users/nickzwart/Desktop/9-8-2026/91152756.json,Roman Stupin,1,0,0.3333,Alakazam
91152806,/Users/nickzwart/Desktop/9-8-2026/91152806.json,M Sato,0,1,0.5857,Grimmsnarl
91152847,/Users/nickzwart/Desktop/9-8-2026/91152847.json,JB Bryant,1,0,0.5657,Grimmsnarl
91152937,/Users/nickzwart/Desktop/9-8-2026/91152937.json,Team KASA.,0,1,0.5079,Alakazam
91749517,/Users/nickzwart/Desktop/kdcyberdude/91749517.json,カントー地方マスター(KantoRegionMaster),1,0,0.6786,Grimmsnarl
91778190,/Users/nickzwart/Desktop/kdcyberdude/91778190.json,kanno,1,0,0.5161,Grimmsnarl
91778293,/Users/nickzwart/Desktop/kdcyberdude/91778293.json,matsurih,0,1,0.5393,Grimmsnarl
91889896,/Users/nickzwart/Desktop/kdcyberdude/91889896.json,Yopta,1,0,0.5566,Grimmsnarl
91891713,/Users/nickzwart/Desktop/kdcyberdude/91891713.json,kyuuuuro,1,0,0.3333,Grimmsnarl
91963710,kd_fresh/_kdcyberdude/91963710.json,Team KASA.,0,1,0.5079,M-Kangaskhan
91982354,kd_fresh/_kdcyberdude/91982354.json,LumenLiquidity,0,0,0.5455,M-Kangaskhan
92161799,kd_fresh/_kdcyberdude/92161799.json,Yopta,0,1,0.5566,M-Kangaskhan
92168319,kd_fresh/_kdcyberdude/92168319.json,Yopta,1,0,0.5566,M-Kangaskhan
92170188,kd_fresh/_kdcyberdude/92170188.json,Yopta,1,0,0.5566,M-Kangaskhan
92173005,kd_fresh/_kdcyberdude/92173005.json,Yopta,1,1,0.5566,Crustle
91807810,/Users/nickzwart/Desktop/11082026/91807810.json,JB Bryant,0,1,0.5657,Dragapult
91804091,/Users/nickzwart/Desktop/11082026/91804091.json,Yopta,1,1,0.5566,Grimmsnarl
91804332,/Users/nickzwart/Desktop/11082026/91804332.json,Funky,0,0,0.54,Grimmsnarl
91805062,/Users/nickzwart/Desktop/11082026/91805062.json,stnick,1,1,0.5246,M-Kangaskhan
91806873,/Users/nickzwart/Desktop/11082026/91806873.json,Yopta,1,1,0.5566,Alakazam
91806912,/Users/nickzwart/Desktop/11082026/91806912.json,stnick,1,1,0.5246,Grimmsnarl
91805140,/Users/nickzwart/Desktop/11082026/91805140.json,szlachetny snieg,0,0,0.5455,Alakazam
91805170,/Users/nickzwart/Desktop/11082026/91805170.json,motono0223,0,1,0.6341,Alakazam
91805254,/Users/nickzwart/Desktop/11082026/91805254.json,Roman Stupin,0,0,0.3333,Alakazam
91803202,/Users/nickzwart/Desktop/11082026/91803202.json,stnick,0,1,0.5246,Grimmsnarl
91805932,/Users/nickzwart/Desktop/11082026/91805932.json,Yopta,1,0,0.5566,Dragapult
91809695,/Users/nickzwart/Desktop/11082026/91809695.json,stnick,0,1,0.5246,Grimmsnarl
91810608,/Users/nickzwart/Desktop/11082026/91810608.json,Yopta,0,1,0.5566,other
91810620,/Users/nickzwart/Desktop/11082026/91810620.json,stnick,1,0,0.5246,Dragapult
91811558,/Users/nickzwart/Desktop/11082026/91811558.json,JB Bryant,1,1,0.5657,M-Kangaskhan
91809692,/Users/nickzwart/Desktop/11082026/91809692.json,Yopta,1,1,0.5566,Grimmsnarl
91808749,/Users/nickzwart/Desktop/11082026/91808749.json,Yopta,0,1,0.5566,Grimmsnarl
91808779,/Users/nickzwart/Desktop/11082026/91808779.json,stnick,1,1,0.5246,Grimmsnarl
91808881,/Users/nickzwart/Desktop/11082026/91808881.json,dasfds,0,0,0.1429,Dragapult
91811577,/Users/nickzwart/Desktop/11082026/91811577.json,stnick,0,1,0.5246,Grimmsnarl
91811750,/Users/nickzwart/Desktop/11082026/91811750.json,motono0223,1,0,0.6341,Alakazam
91812480,/Users/nickzwart/Desktop/11082026/91812480.json,Yopta,0,0,0.5566,Ogerpon
91812532,/Users/nickzwart/Desktop/11082026/91812532.json,stnick,1,1,0.5246,Alakazam
91812694,/Users/nickzwart/Desktop/11082026/91812694.json,kanno,1,0,0.5161,M-Lucario
91813414,/Users/nickzwart/Desktop/11082026/91813414.json,Yopta,1,1,0.5566,Alakazam
91813444,/Users/nickzwart/Desktop/11082026/91813444.json,NIWATORI,0,0,0.5357,M-Lopunny
91813444,/Users/nickzwart/Desktop/11082026/91813444.json,stnick,1,1,0.5246,M-Lopunny
91813452,/Users/nickzwart/Desktop/11082026/91813452.json,JB Bryant,1,1,0.5657,Grimmsnarl
91814335,/Users/nickzwart/Desktop/11082026/91814335.json,Yopta,1,1,0.5566,Alakazam
91815282,/Users/nickzwart/Desktop/11082026/91815282.json,JB Bryant,1,0,0.5657,Grimmsnarl
91815370,/Users/nickzwart/Desktop/11082026/91815370.json,Yopta,0,1,0.5566,M-Lopunny
91815370,/Users/nickzwart/Desktop/11082026/91815370.json,Rmy,1,0,0.5821,M-Lopunny
91815402,/Users/nickzwart/Desktop/11082026/91815402.json,stnick,1,0,0.5246,M-Lucario
91816219,/Users/nickzwart/Desktop/11082026/91816219.json,Yopta,1,0,0.5566,M-Kangaskhan
91817194,/Users/nickzwart/Desktop/11082026/91817194.json,stnick,0,1,0.5246,Grimmsnarl
91817207,/Users/nickzwart/Desktop/11082026/91817207.json,JB Bryant,1,1,0.5657,Grimmsnarl
91817377,/Users/nickzwart/Desktop/11082026/91817377.json,motono0223,0,1,0.6341,Grimmsnarl
91818037,/Users/nickzwart/Desktop/11082026/91818037.json,matsurih,1,1,0.5393,Grimmsnarl
91816247,/Users/nickzwart/Desktop/11082026/91816247.json,stnick,1,1,0.5246,Alakazam
91816328,/Users/nickzwart/Desktop/11082026/91816328.json,dasfds,0,0,0.1429,M-Lucario
91817099,/Users/nickzwart/Desktop/11082026/91817099.json,matsurih,0,1,0.5393,Dragapult
91817168,/Users/nickzwart/Desktop/11082026/91817168.json,Yopta,1,1,0.5566,Alakazam
91814365,/Users/nickzwart/Desktop/11082026/91814365.json,カントー地方マスター(KantoRegionMaster),0,1,0.6786,M-Lopunny
91814365,/Users/nickzwart/Desktop/11082026/91814365.json,stnick,1,0,0.5246,M-Lopunny
91814374,/Users/nickzwart/Desktop/11082026/91814374.json,JB Bryant,0,1,0.5657,Grimmsnarl
91818107,/Users/nickzwart/Desktop/11082026/91818107.json,Yopta,0,1,0.5566,M-Kangaskhan
91818126,/Users/nickzwart/Desktop/11082026/91818126.json,stnick,0,1,0.5246,Alakazam
91819054,/Users/nickzwart/Desktop/11082026/91819054.json,Yopta,0,0,0.5566,Ogerpon
91819095,/Users/nickzwart/Desktop/11082026/91819095.json,JB Bryant,0,1,0.5657,Alakazam
91819172,/Users/nickzwart/Desktop/11082026/91819172.json,cm391,0,0,0.4286,Alakazam
91819260,/Users/nickzwart/Desktop/11082026/91819260.json,motono0223,1,1,0.6341,Hydrapple
91819919,/Users/nickzwart/Desktop/11082026/91819919.json,LiamK,0,1,0.4444,M-Lopunny
91819919,/Users/nickzwart/Desktop/11082026/91819919.json,matsurih,1,0,0.5393,M-Lopunny
91820022,/Users/nickzwart/Desktop/11082026/91820022.json,stnick,0,0,0.5246,M-Lucario
91820037,/Users/nickzwart/Desktop/11082026/91820037.json,JB Bryant,1,0,0.5657,M-Kangaskhan
91820207,/Users/nickzwart/Desktop/11082026/91820207.json,motono0223,0,1,0.6341,M-Kangaskhan
91820862,/Users/nickzwart/Desktop/11082026/91820862.json,szlachetny snieg,0,0,0.5455,M-Lopunny
91820862,/Users/nickzwart/Desktop/11082026/91820862.json,matsurih,1,1,0.5393,M-Lopunny
91820894,/Users/nickzwart/Desktop/11082026/91820894.json,Yopta,1,1,0.5566,Alakazam
91820946,/Users/nickzwart/Desktop/11082026/91820946.json,kwa,1,0,0.5802,Hydrapple
91821109,/Users/nickzwart/Desktop/11082026/91821109.json,Yopta,1,0,0.5566,M-Lucario
91821884,/Users/nickzwart/Desktop/11082026/91821884.json,Yopta,1,1,0.5566,Hydrapple
91823744,/Users/nickzwart/Desktop/11082026/91823744.json,stnick,0,1,0.5246,M-Kangaskhan
91823750,/Users/nickzwart/Desktop/11082026/91823750.json,Yopta,0,0,0.5566,Dragapult
91823809,/Users/nickzwart/Desktop/11082026/91823809.json,JB Bryant,0,0,0.5657,M-Lucario
91822916,/Users/nickzwart/Desktop/11082026/91822916.json,Rmy,1,1,0.5821,Alakazam
91823003,/Users/nickzwart/Desktop/11082026/91823003.json,motono0223,1,0,0.6341,Grimmsnarl
91823038,/Users/nickzwart/Desktop/11082026/91823038.json,kanno,0,1,0.5161,Grimmsnarl
91823660,/Users/nickzwart/Desktop/11082026/91823660.json,matsurih,0,1,0.5393,Grimmsnarl
91822726,/Users/nickzwart/Desktop/11082026/91822726.json,matsurih,0,1,0.5393,Grimmsnarl
91822795,/Users/nickzwart/Desktop/11082026/91822795.json,djschmit,0,0,0.2857,Grimmsnarl
91822806,/Users/nickzwart/Desktop/11082026/91822806.json,Yopta,0,0,0.5566,Grimmsnarl
91824601,/Users/nickzwart/Desktop/11082026/91824601.json,matsurih,1,0,0.5393,Dragapult
91824687,/Users/nickzwart/Desktop/11082026/91824687.json,stnick,0,0,0.5246,M-Lucario
91824702,/Users/nickzwart/Desktop/11082026/91824702.json,kanno,0,0,0.5161,M-Froslass
91824720,/Users/nickzwart/Desktop/11082026/91824720.json,JB Bryant,0,1,0.5657,M-Kangaskhan
91824878,/Users/nickzwart/Desktop/11082026/91824878.json,motono0223,0,1,0.6341,Grimmsnarl
91825719,/Users/nickzwart/Desktop/11082026/91825719.json,JB Bryant,1,0,0.5657,Grimmsnarl
91826484,/Users/nickzwart/Desktop/11082026/91826484.json,matsurih,1,0,0.5393,Alakazam
91826504,/Users/nickzwart/Desktop/11082026/91826504.json,Rmy,0,0,0.5821,Ogerpon
91827414,/Users/nickzwart/Desktop/11082026/91827414.json,matsurih,1,1,0.5393,Grimmsnarl
91825543,/Users/nickzwart/Desktop/11082026/91825543.json,stnick,1,0,0.5246,Hydrapple
91825633,/Users/nickzwart/Desktop/11082026/91825633.json,matsurih,0,1,0.5393,M-Lopunny
91825633,/Users/nickzwart/Desktop/11082026/91825633.json,kanno,1,0,0.5161,M-Lopunny
91825673,/Users/nickzwart/Desktop/11082026/91825673.json,Rmy,0,0,0.5821,Grimmsnarl
91825707,/Users/nickzwart/Desktop/11082026/91825707.json,Yopta,0,1,0.5566,Grimmsnarl
91826558,/Users/nickzwart/Desktop/11082026/91826558.json,stnick,1,1,0.5246,Dragapult
91826604,/Users/nickzwart/Desktop/11082026/91826604.json,JB Bryant,0,1,0.5657,Grimmsnarl
91826605,/Users/nickzwart/Desktop/11082026/91826605.json,Yopta,1,0,0.5566,Grimmsnarl
91826764,/Users/nickzwart/Desktop/11082026/91826764.json,sadwat,0,1,0.5339,Alakazam
91827497,/Users/nickzwart/Desktop/11082026/91827497.json,stnick,1,1,0.5246,Ogerpon
91827515,/Users/nickzwart/Desktop/11082026/91827515.json,Yopta,1,0,0.5566,Grimmsnarl
91827535,/Users/nickzwart/Desktop/11082026/91827535.json,JB Bryant,0,1,0.5657,M-Kangaskhan
91828423,/Users/nickzwart/Desktop/11082026/91828423.json,matsurih,0,0,0.5393,M-Lopunny
91828423,/Users/nickzwart/Desktop/11082026/91828423.json,sadwat,1,1,0.5339,M-Lopunny
91828471,/Users/nickzwart/Desktop/11082026/91828471.json,stnick,0,1,0.5246,Hydrapple
91828478,/Users/nickzwart/Desktop/11082026/91828478.json,JB Bryant,0,0,0.5657,M-Lopunny
91828478,/Users/nickzwart/Desktop/11082026/91828478.json,szlachetny snieg,1,1,0.5455,M-Lopunny
91828482,/Users/nickzwart/Desktop/11082026/91828482.json,Yopta,1,1,0.5566,Alakazam
91829382,/Users/nickzwart/Desktop/11082026/91829382.json,stnick,0,0,0.5246,Grimmsnarl
91830257,/Users/nickzwart/Desktop/11082026/91830257.json,matsurih,1,0,0.5393,Grimmsnarl
91830315,/Users/nickzwart/Desktop/11082026/91830315.json,sadwat,0,1,0.5339,M-Lopunny
91830315,/Users/nickzwart/Desktop/11082026/91830315.json,stnick,1,0,0.5246,M-Lopunny
91830329,/Users/nickzwart/Desktop/11082026/91830329.json,Yopta,0,1,0.5566,Grimmsnarl
91830348,/Users/nickzwart/Desktop/11082026/91830348.json,JB Bryant,0,1,0.5657,Hydrapple
91830443,/Users/nickzwart/Desktop/11082026/91830443.json,Funky,1,1,0.54,Grimmsnarl
91830476,/Users/nickzwart/Desktop/11082026/91830476.json,insuperabilehart,0,0,0.529,Alakazam
91830512,/Users/nickzwart/Desktop/11082026/91830512.json,motono0223,0,1,0.6341,M-Lopunny
91830512,/Users/nickzwart/Desktop/11082026/91830512.json,cm391,1,0,0.4286,M-Lopunny
91831137,/Users/nickzwart/Desktop/11082026/91831137.json,Yopta,1,1,0.5566,Hydrapple
91831176,/Users/nickzwart/Desktop/11082026/91831176.json,matsurih,0,1,0.5393,Grimmsnarl
91831249,/Users/nickzwart/Desktop/11082026/91831249.json,stnick,0,0,0.5246,M-Lopunny
91831249,/Users/nickzwart/Desktop/11082026/91831249.json,insuperabilehart,1,1,0.529,M-Lopunny
91831254,/Users/nickzwart/Desktop/11082026/91831254.json,Roman Stupin,0,0,0.3333,Garchomp
91832190,/Users/nickzwart/Desktop/11082026/91832190.json,stnick,0,0,0.5246,M-Lucario
91832201,/Users/nickzwart/Desktop/11082026/91832201.json,Rmy,0,0,0.5821,M-Lopunny
91832201,/Users/nickzwart/Desktop/11082026/91832201.json,Yopta,1,1,0.5566,M-Lopunny
91832203,/Users/nickzwart/Desktop/11082026/91832203.json,Rmy,0,0,0.5821,M-Lopunny
91832203,/Users/nickzwart/Desktop/11082026/91832203.json,JB Bryant,1,1,0.5657,M-Lopunny
91831262,/Users/nickzwart/Desktop/11082026/91831262.json,Yopta,1,0,0.5566,Dragapult
91832113,/Users/nickzwart/Desktop/11082026/91832113.json,matsurih,0,0,0.5393,Alakazam
91833123,/Users/nickzwart/Desktop/11082026/91833123.json,sadwat,0,1,0.5339,Grimmsnarl
91833139,/Users/nickzwart/Desktop/11082026/91833139.json,stnick,1,0,0.5246,Ogerpon
91833143,/Users/nickzwart/Desktop/11082026/91833143.json,Yopta,0,1,0.5566,Alakazam
91833146,/Users/nickzwart/Desktop/11082026/91833146.json,JB Bryant,1,1,0.5657,Grimmsnarl
91833241,/Users/nickzwart/Desktop/11082026/91833241.json,kanno,0,1,0.5161,Alakazam
91833067,/Users/nickzwart/Desktop/11082026/91833067.json,matsurih,1,0,0.5393,Dragapult
91833878,/Users/nickzwart/Desktop/11082026/91833878.json,ONE PIECE,0,1,0.4615,Grimmsnarl
91833929,/Users/nickzwart/Desktop/11082026/91833929.json,ONE PIECE,0,0,0.4615,M-Kangaskhan
91833984,/Users/nickzwart/Desktop/11082026/91833984.json,JB Bryant,0,0,0.5657,Ogerpon
91834017,/Users/nickzwart/Desktop/11082026/91834017.json,stnick,0,0,0.5246,Ogerpon
91834018,/Users/nickzwart/Desktop/11082026/91834018.json,JB Bryant,0,1,0.5657,M-Kangaskhan
91834046,/Users/nickzwart/Desktop/11082026/91834046.json,matsurih,1,1,0.5393,Alakazam
91834163,/Users/nickzwart/Desktop/11082026/91834163.json,Brahim,0,0,0.4167,Ogerpon
91834201,/Users/nickzwart/Desktop/11082026/91834201.json,Yopta,0,1,0.5566,Grimmsnarl
91834817,/Users/nickzwart/Desktop/11082026/91834817.json,Rmy,0,1,0.5821,Dragapult
91834872,/Users/nickzwart/Desktop/11082026/91834872.json,NIWATORI,1,0,0.5357,Hydrapple
91834914,/Users/nickzwart/Desktop/11082026/91834914.json,matsurih,0,0,0.5393,M-Lopunny
91834914,/Users/nickzwart/Desktop/11082026/91834914.json,sadwat,1,1,0.5339,M-Lopunny
91834925,/Users/nickzwart/Desktop/11082026/91834925.json,cm391,1,0,0.4286,Grimmsnarl
91835058,/Users/nickzwart/Desktop/11082026/91835058.json,Yopta,1,0,0.5566,Dragapult
91835064,/Users/nickzwart/Desktop/11082026/91835064.json,stnick,1,0,0.5246,Ogerpon
91835087,/Users/nickzwart/Desktop/11082026/91835087.json,JB Bryant,1,1,0.5657,Alakazam
91835803,/Users/nickzwart/Desktop/11082026/91835803.json,想要成为kaggle大师,1,1,0.5906,Grimmsnarl
91835888,/Users/nickzwart/Desktop/11082026/91835888.json,matsurih,1,1,0.5393,Alakazam
91836734,/Users/nickzwart/Desktop/11082026/91836734.json,想要成为kaggle大师,0,1,0.5906,Alakazam
91835968,/Users/nickzwart/Desktop/11082026/91835968.json,カントー地方マスター(KantoRegionMaster),0,1,0.6786,M-Lopunny
91835968,/Users/nickzwart/Desktop/11082026/91835968.json,Yopta,1,0,0.5566,M-Lopunny
91835974,/Users/nickzwart/Desktop/11082026/91835974.json,stnick,0,0,0.5246,Grimmsnarl
91835981,/Users/nickzwart/Desktop/11082026/91835981.json,JB Bryant,0,1,0.5657,M-Kangaskhan
91836823,/Users/nickzwart/Desktop/11082026/91836823.json,matsurih,0,0,0.5393,Dragapult
91836903,/Users/nickzwart/Desktop/11082026/91836903.json,Yopta,1,0,0.5566,Hydrapple
91836909,/Users/nickzwart/Desktop/11082026/91836909.json,JB Bryant,1,1,0.5657,Dudunsparce
91837034,/Users/nickzwart/Desktop/11082026/91837034.json,motono0223,0,1,0.6341,Alakazam
91837645,/Users/nickzwart/Desktop/11082026/91837645.json,JB Bryant,0,1,0.5657,Alakazam
91837664,/Users/nickzwart/Desktop/11082026/91837664.json,想要成为kaggle大师,0,1,0.5906,Alakazam
91837702,/Users/nickzwart/Desktop/11082026/91837702.json,tw_shin,0,1,0.3158,M-Kangaskhan
91837769,/Users/nickzwart/Desktop/11082026/91837769.json,matsurih,0,0,0.5393,M-Kangaskhan
91837772,/Users/nickzwart/Desktop/11082026/91837772.json,JB Bryant,1,1,0.5657,Grimmsnarl
91837836,/Users/nickzwart/Desktop/11082026/91837836.json,stnick,0,1,0.5246,Grimmsnarl
91837849,/Users/nickzwart/Desktop/11082026/91837849.json,Yopta,1,1,0.5566,Alakazam
91837862,/Users/nickzwart/Desktop/11082026/91837862.json,カントー地方マスター(KantoRegionMaster),1,0,0.6786,M-Lucario
91838535,/Users/nickzwart/Desktop/11082026/91838535.json,kanno,1,1,0.5161,Grimmsnarl
91838789,/Users/nickzwart/Desktop/11082026/91838789.json,Yopta,1,0,0.5566,Grimmsnarl
91838792,/Users/nickzwart/Desktop/11082026/91838792.json,JB Bryant,0,1,0.5657,Grimmsnarl
91839538,/Users/nickzwart/Desktop/11082026/91839538.json,想要成为kaggle大师,0,0,0.5906,Hydrapple
91838714,/Users/nickzwart/Desktop/11082026/91838714.json,insuperabilehart,1,1,0.529,Grimmsnarl
91838775,/Users/nickzwart/Desktop/11082026/91838775.json,stnick,0,0,0.5246,M-Lopunny
91838775,/Users/nickzwart/Desktop/11082026/91838775.json,JB Bryant,1,1,0.5657,M-Lopunny
91838786,/Users/nickzwart/Desktop/11082026/91838786.json,想要成为kaggle大师,0,1,0.5906,Grimmsnarl
91839639,/Users/nickzwart/Desktop/11082026/91839639.json,matsurih,1,0,0.5393,Grimmsnarl
91839676,/Users/nickzwart/Desktop/11082026/91839676.json,Yopta,0,1,0.5566,Ogerpon
91839705,/Users/nickzwart/Desktop/11082026/91839705.json,stnick,1,1,0.5246,other
91839723,/Users/nickzwart/Desktop/11082026/91839723.json,JB Bryant,0,1,0.5657,Alakazam
91839724,/Users/nickzwart/Desktop/11082026/91839724.json,Yopta,1,1,0.5566,Alakazam
91840500,/Users/nickzwart/Desktop/11082026/91840500.json,想要成为kaggle大师,0,0,0.5906,Alakazam
91840600,/Users/nickzwart/Desktop/11082026/91840600.json,matsurih,1,1,0.5393,Alakazam
91841644,/Users/nickzwart/Desktop/11082026/91841644.json,Yopta,1,0,0.5566,Hydrapple
91842366,/Users/nickzwart/Desktop/11082026/91842366.json,stnick,0,1,0.5246,other
91842379,/Users/nickzwart/Desktop/11082026/91842379.json,想要成为kaggle大师,0,0,0.5906,Dragapult
91842470,/Users/nickzwart/Desktop/11082026/91842470.json,matsurih,0,1,0.5393,Grimmsnarl
91840666,/Users/nickzwart/Desktop/11082026/91840666.json,stnick,0,1,0.5246,M-Kangaskhan
91840676,/Users/nickzwart/Desktop/11082026/91840676.json,JB Bryant,1,1,0.5657,Grimmsnarl
91840678,/Users/nickzwart/Desktop/11082026/91840678.json,JB Bryant,0,0,0.5657,M-Lopunny
91840678,/Users/nickzwart/Desktop/11082026/91840678.json,Yopta,1,1,0.5566,M-Lopunny
91841442,/Users/nickzwart/Desktop/11082026/91841442.json,想要成为kaggle大师,0,1,0.5906,Alakazam
91841541,/Users/nickzwart/Desktop/11082026/91841541.json,matsurih,1,0,0.5393,Alakazam
91841611,/Users/nickzwart/Desktop/11082026/91841611.json,stnick,1,0,0.5246,Grimmsnarl
91843329,/Users/nickzwart/Desktop/11082026/91843329.json,想要成为kaggle大师,1,1,0.5906,Dragapult
91843418,/Users/nickzwart/Desktop/11082026/91843418.json,matsurih,1,0,0.5393,Alakazam
91842521,/Users/nickzwart/Desktop/11082026/91842521.json,kwa,1,1,0.5802,Ogerpon
91842541,/Users/nickzwart/Desktop/11082026/91842541.json,stnick,1,1,0.5246,Ogerpon
91844256,/Users/nickzwart/Desktop/11082026/91844256.json,想要成为kaggle大师,0,1,0.5906,Meganium
91844349,/Users/nickzwart/Desktop/11082026/91844349.json,matsurih,1,0,0.5393,Grimmsnarl
91845279,/Users/nickzwart/Desktop/11082026/91845279.json,matsurih,0,0,0.5393,Dragapult
91845332,/Users/nickzwart/Desktop/11082026/91845332.json,NIWATORI,0,0,0.5357,Ogerpon
91846074,/Users/nickzwart/Desktop/11082026/91846074.json,kanno,0,1,0.5161,M-Kangaskhan
91844496,/Users/nickzwart/Desktop/11082026/91844496.json,motono0223,0,0,0.6341,Grimmsnarl
91845181,/Users/nickzwart/Desktop/11082026/91845181.json,kkanayj,1,0,0.3438,Alakazam
91845189,/Users/nickzwart/Desktop/11082026/91845189.json,想要成为kaggle大师,1,1,0.5906,Grimmsnarl
91846125,/Users/nickzwart/Desktop/11082026/91846125.json,NIWATORI,1,0,0.5357,Alakazam
91846129,/Users/nickzwart/Desktop/11082026/91846129.json,Roman Stupin,0,0,0.3333,M-Froslass
91846225,/Users/nickzwart/Desktop/11082026/91846225.json,matsurih,0,0,0.5393,M-Lopunny
91846225,/Users/nickzwart/Desktop/11082026/91846225.json,Rmy,1,1,0.5821,M-Lopunny
91847072,/Users/nickzwart/Desktop/11082026/91847072.json,想要成为kaggle大师,0,1,0.5906,M-Kangaskhan
91847106,/Users/nickzwart/Desktop/11082026/91847106.json,djschmit,0,1,0.2857,M-Kangaskhan
91847138,/Users/nickzwart/Desktop/11082026/91847138.json,sadwat,0,1,0.5339,Hydrapple
91847276,/Users/nickzwart/Desktop/11082026/91847276.json,JB Bryant,0,1,0.5657,Grimmsnarl
91847949,/Users/nickzwart/Desktop/11082026/91847949.json,JB Bryant,1,1,0.5657,Hydrapple
91848050,/Users/nickzwart/Desktop/11082026/91848050.json,想要成为kaggle大师,0,0,0.5906,M-Lucario
91848067,/Users/nickzwart/Desktop/11082026/91848067.json,matsurih,1,1,0.5393,M-Kangaskhan
91848833,/Users/nickzwart/Desktop/11082026/91848833.json,kanno,0,1,0.5161,Alakazam
91849033,/Users/nickzwart/Desktop/11082026/91849033.json,カントー地方マスター(KantoRegionMaster),1,1,0.6786,Alakazam
91849045,/Users/nickzwart/Desktop/11082026/91849045.json,想要成为kaggle大师,0,1,0.5906,Hydrapple
91849106,/Users/nickzwart/Desktop/11082026/91849106.json,Yopta,0,0,0.5566,Ogerpon
91849770,/Users/nickzwart/Desktop/11082026/91849770.json,Funky,0,1,0.54,Hydrapple
91850821,/Users/nickzwart/Desktop/11082026/91850821.json,想要成为kaggle大师,1,0,0.5906,M-Lucario
91850914,/Users/nickzwart/Desktop/11082026/91850914.json,matsurih,0,1,0.5393,M-Kangaskhan
91851003,/Users/nickzwart/Desktop/11082026/91851003.json,NIWATORI,1,0,0.5357,Ogerpon
91849818,/Users/nickzwart/Desktop/11082026/91849818.json,cm391,0,1,0.4286,Dudunsparce
91849905,/Users/nickzwart/Desktop/11082026/91849905.json,想要成为kaggle大师,0,1,0.5906,Hydrapple
91849923,/Users/nickzwart/Desktop/11082026/91849923.json,matsurih,1,1,0.5393,Alakazam
91852507,/Users/nickzwart/Desktop/11082026/91852507.json,Yopta,1,1,0.5566,Dragapult
91852630,/Users/nickzwart/Desktop/11082026/91852630.json,kanno,1,1,0.5161,M-Kangaskhan
91852667,/Users/nickzwart/Desktop/11082026/91852667.json,stnick,1,1,0.5246,Alakazam
91852684,/Users/nickzwart/Desktop/11082026/91852684.json,想要成为kaggle大师,0,0,0.5906,Alakazam
91853524,/Users/nickzwart/Desktop/11082026/91853524.json,Funky,1,1,0.54,M-Kangaskhan
91853620,/Users/nickzwart/Desktop/11082026/91853620.json,想要成为kaggle大师,0,0,0.5906,M-Lopunny
91853620,/Users/nickzwart/Desktop/11082026/91853620.json,szlachetny snieg,1,1,0.5455,M-Lopunny
91853729,/Users/nickzwart/Desktop/11082026/91853729.json,LiamK,1,0,0.4444,M-Lucario
91853765,/Users/nickzwart/Desktop/11082026/91853765.json,LiamK,1,1,0.4444,Grimmsnarl
91854485,/Users/nickzwart/Desktop/11082026/91854485.json,kanno,1,0,0.5161,Alakazam
91854548,/Users/nickzwart/Desktop/11082026/91854548.json,想要成为kaggle大师,0,1,0.5906,Grimmsnarl
91857214,/Users/nickzwart/Desktop/11082026/91857214.json,Roman Stupin,0,1,0.3333,other
91857268,/Users/nickzwart/Desktop/11082026/91857268.json,Funky,1,1,0.54,Alakazam
91857296,/Users/nickzwart/Desktop/11082026/91857296.json,kanno,1,1,0.5161,M-Kangaskhan
91855496,/Users/nickzwart/Desktop/11082026/91855496.json,想要成为kaggle大师,1,1,0.5906,Grimmsnarl
91855551,/Users/nickzwart/Desktop/11082026/91855551.json,dasfds,0,0,0.1429,M-Kangaskhan
91856284,/Users/nickzwart/Desktop/11082026/91856284.json,kanno,1,0,0.5161,Alakazam
91856353,/Users/nickzwart/Desktop/11082026/91856353.json,想要成为kaggle大师,1,0,0.5906,Ogerpon
91857352,/Users/nickzwart/Desktop/11082026/91857352.json,想要成为kaggle大师,0,1,0.5906,other
91857499,/Users/nickzwart/Desktop/11082026/91857499.json,JB Bryant,0,0,0.5657,Alakazam
91857501,/Users/nickzwart/Desktop/11082026/91857501.json,NIWATORI,1,0,0.5357,Grimmsnarl
91858138,/Users/nickzwart/Desktop/11082026/91858138.json,ONE PIECE,0,0,0.4615,Ogerpon
91858199,/Users/nickzwart/Desktop/11082026/91858199.json,Funky,1,1,0.54,Grimmsnarl
91858227,/Users/nickzwart/Desktop/11082026/91858227.json,kanno,1,0,0.5161,Grimmsnarl
91858234,/Users/nickzwart/Desktop/11082026/91858234.json,JB Bryant,0,1,0.5657,Dudunsparce
91858286,/Users/nickzwart/Desktop/11082026/91858286.json,kkanayj,0,1,0.3438,M-Lopunny
91858286,/Users/nickzwart/Desktop/11082026/91858286.json,想要成为kaggle大师,1,0,0.5906,M-Lopunny
91858337,/Users/nickzwart/Desktop/11082026/91858337.json,想要成为kaggle大师,1,0,0.5906,M-Kangaskhan
91858990,/Users/nickzwart/Desktop/11082026/91858990.json,cm391,1,0,0.4286,Grimmsnarl
91858996,/Users/nickzwart/Desktop/11082026/91858996.json,Funky,0,1,0.54,Crustle
91859032,/Users/nickzwart/Desktop/11082026/91859032.json,Rmy,1,0,0.5821,M-Lucario
91859049,/Users/nickzwart/Desktop/11082026/91859049.json,cm391,0,0,0.4286,Dragapult
91859052,/Users/nickzwart/Desktop/11082026/91859052.json,szlachetny snieg,1,0,0.5455,Ogerpon
91859107,/Users/nickzwart/Desktop/11082026/91859107.json,Funky,0,1,0.54,Alakazam
91860171,/Users/nickzwart/Desktop/11082026/91860171.json,想要成为kaggle大师,0,1,0.5906,Alakazam
91860864,/Users/nickzwart/Desktop/11082026/91860864.json,Funky,1,1,0.54,Hydrapple
91859246,/Users/nickzwart/Desktop/11082026/91859246.json,想要成为kaggle大师,0,0,0.5906,M-Kangaskhan
91859924,/Users/nickzwart/Desktop/11082026/91859924.json,szlachetny snieg,0,1,0.5455,Grimmsnarl
91859996,/Users/nickzwart/Desktop/11082026/91859996.json,カントー地方マスター(KantoRegionMaster),1,0,0.6786,Ogerpon
91860056,/Users/nickzwart/Desktop/11082026/91860056.json,Funky,0,1,0.54,Grimmsnarl
91860097,/Users/nickzwart/Desktop/11082026/91860097.json,kanno,0,1,0.5161,Alakazam
91860915,/Users/nickzwart/Desktop/11082026/91860915.json,insuperabilehart,0,1,0.529,Dragapult
91860938,/Users/nickzwart/Desktop/11082026/91860938.json,stnick,0,0,0.5246,Ogerpon
91860978,/Users/nickzwart/Desktop/11082026/91860978.json,POKEN,0,0,0.5682,M-Lucario
91860986,/Users/nickzwart/Desktop/11082026/91860986.json,Funky,0,0,0.54,Garchomp
91861026,/Users/nickzwart/Desktop/11082026/91861026.json,kanno,1,1,0.5161,Grimmsnarl
91861183,/Users/nickzwart/Desktop/11082026/91861183.json,stnick,1,1,0.5246,Grimmsnarl
91861787,/Users/nickzwart/Desktop/11082026/91861787.json,Funky,1,0,0.54,M-Lucario
91861858,/Users/nickzwart/Desktop/11082026/91861858.json,Rmy,0,1,0.5821,Ogerpon
91861917,/Users/nickzwart/Desktop/11082026/91861917.json,Funky,1,0,0.54,Grimmsnarl
91862952,/Users/nickzwart/Desktop/11082026/91862952.json,JB Bryant,0,1,0.5657,Dudunsparce
91862966,/Users/nickzwart/Desktop/11082026/91862966.json,Funky,0,0,0.54,M-Lopunny
91862966,/Users/nickzwart/Desktop/11082026/91862966.json,sadwat,1,1,0.5339,M-Lopunny
91862973,/Users/nickzwart/Desktop/11082026/91862973.json,想要成为kaggle大师,1,1,0.5906,Ogerpon
91861947,/Users/nickzwart/Desktop/11082026/91861947.json,ONE PIECE,0,1,0.4615,M-Lopunny
91861947,/Users/nickzwart/Desktop/11082026/91861947.json,kanno,1,0,0.5161,M-Lopunny
91862016,/Users/nickzwart/Desktop/11082026/91862016.json,想要成为kaggle大师,1,1,0.5906,Grimmsnarl
91862064,/Users/nickzwart/Desktop/11082026/91862064.json,JB Bryant,0,0,0.5657,Ogerpon
91863674,/Users/nickzwart/Desktop/11082026/91863674.json,Funky,0,1,0.54,Grimmsnarl
91864616,/Users/nickzwart/Desktop/11082026/91864616.json,Funky,1,0,0.54,Grimmsnarl
91864643,/Users/nickzwart/Desktop/11082026/91864643.json,POKEN,1,0,0.5682,M-Lucario
91863800,/Users/nickzwart/Desktop/11082026/91863800.json,Funky,1,0,0.54,Grimmsnarl
91864763,/Users/nickzwart/Desktop/11082026/91864763.json,Team KASA.,1,0,0.5079,Grimmsnarl
91864768,/Users/nickzwart/Desktop/11082026/91864768.json,kanno,1,1,0.5161,Grimmsnarl
91864782,/Users/nickzwart/Desktop/11082026/91864782.json,Rmy,1,0,0.5821,Dudunsparce
91864824,/Users/nickzwart/Desktop/11082026/91864824.json,想要成为kaggle大师,1,1,0.5906,Ogerpon
91864891,/Users/nickzwart/Desktop/11082026/91864891.json,szlachetny snieg,1,0,0.5455,Ogerpon
91864927,/Users/nickzwart/Desktop/11082026/91864927.json,matsurih,0,0,0.5393,Hydrapple
91865503,/Users/nickzwart/Desktop/11082026/91865503.json,kkanayj,0,1,0.3438,Grimmsnarl
91863857,/Users/nickzwart/Desktop/11082026/91863857.json,kanno,1,1,0.5161,Ogerpon
91863884,/Users/nickzwart/Desktop/11082026/91863884.json,想要成为kaggle大师,1,1,0.5906,Grimmsnarl
91865558,/Users/nickzwart/Desktop/11082026/91865558.json,Funky,0,1,0.54,Hydrapple
91865690,/Users/nickzwart/Desktop/11082026/91865690.json,Funky,0,1,0.54,Dragapult
91865703,/Users/nickzwart/Desktop/11082026/91865703.json,Roman Stupin,0,0,0.3333,M-Lopunny
91865703,/Users/nickzwart/Desktop/11082026/91865703.json,kanno,1,1,0.5161,M-Lopunny
91866529,/Users/nickzwart/Desktop/11082026/91866529.json,sadwat,1,0,0.5339,Ogerpon
91866612,/Users/nickzwart/Desktop/11082026/91866612.json,Funky,1,0,0.54,Dudunsparce
91866626,/Users/nickzwart/Desktop/11082026/91866626.json,kanno,1,0,0.5161,Alakazam
91866645,/Users/nickzwart/Desktop/11082026/91866645.json,sadwat,1,1,0.5339,Dragapult
91866768,/Users/nickzwart/Desktop/11082026/91866768.json,LiamK,0,1,0.4444,Hydrapple
91867367,/Users/nickzwart/Desktop/11082026/91867367.json,kkanayj,0,0,0.3438,M-Lopunny
91867367,/Users/nickzwart/Desktop/11082026/91867367.json,sadwat,1,1,0.5339,M-Lopunny
91865758,/Users/nickzwart/Desktop/11082026/91865758.json,insuperabilehart,0,1,0.529,M-Froslass
91866422,/Users/nickzwart/Desktop/11082026/91866422.json,kkanayj,0,1,0.3438,M-Lopunny
91866422,/Users/nickzwart/Desktop/11082026/91866422.json,JB Bryant,1,0,0.5657,M-Lopunny
91866475,/Users/nickzwart/Desktop/11082026/91866475.json,Funky,0,1,0.54,Grimmsnarl
91866521,/Users/nickzwart/Desktop/11082026/91866521.json,stnick,0,1,0.5246,Dragapult
91867647,/Users/nickzwart/Desktop/11082026/91867647.json,Rmy,0,1,0.5821,Grimmsnarl
91867652,/Users/nickzwart/Desktop/11082026/91867652.json,Funky,0,1,0.54,Ogerpon
91868318,/Users/nickzwart/Desktop/11082026/91868318.json,kkanayj,0,0,0.3438,M-Kangaskhan
91867418,/Users/nickzwart/Desktop/11082026/91867418.json,JB Bryant,1,0,0.5657,M-Lucario
91867420,/Users/nickzwart/Desktop/11082026/91867420.json,Funky,0,0,0.54,Ogerpon
91867442,/Users/nickzwart/Desktop/11082026/91867442.json,カントー地方マスター(KantoRegionMaster),0,0,0.6786,M-Lucario
91867454,/Users/nickzwart/Desktop/11082026/91867454.json,LiamK,0,1,0.4444,Ogerpon
91867462,/Users/nickzwart/Desktop/11082026/91867462.json,Rikito Kanda,0,1,0.25,Dragapult
91867537,/Users/nickzwart/Desktop/11082026/91867537.json,想要成为kaggle大师,1,0,0.5906,M-Lucario
91867563,/Users/nickzwart/Desktop/11082026/91867563.json,POKEN,1,0,0.5682,M-Lucario
91867617,/Users/nickzwart/Desktop/11082026/91867617.json,kanno,1,1,0.5161,Grimmsnarl
91868413,/Users/nickzwart/Desktop/11082026/91868413.json,Brahim,1,0,0.4167,Ogerpon
91868503,/Users/nickzwart/Desktop/11082026/91868503.json,Funky,1,1,0.54,Grimmsnarl
91868517,/Users/nickzwart/Desktop/11082026/91868517.json,kanno,1,0,0.5161,Grimmsnarl
91868645,/Users/nickzwart/Desktop/11082026/91868645.json,motono0223,1,1,0.6341,Grimmsnarl
91869276,/Users/nickzwart/Desktop/11082026/91869276.json,kkanayj,0,1,0.3438,Grimmsnarl
91869284,/Users/nickzwart/Desktop/11082026/91869284.json,john jiang zhifeng,1,0,0.3243,Grimmsnarl
91869330,/Users/nickzwart/Desktop/11082026/91869330.json,Funky,0,1,0.54,Alakazam
91869464,/Users/nickzwart/Desktop/11082026/91869464.json,kkanayj,0,1,0.3438,M-Lopunny
91869464,/Users/nickzwart/Desktop/11082026/91869464.json,Funky,1,0,0.54,M-Lopunny
91869481,/Users/nickzwart/Desktop/11082026/91869481.json,kanno,0,1,0.5161,Grimmsnarl
91870296,/Users/nickzwart/Desktop/11082026/91870296.json,Funky,1,1,0.54,Grimmsnarl
91870349,/Users/nickzwart/Desktop/11082026/91870349.json,kanno,0,0,0.5161,Ogerpon
91869497,/Users/nickzwart/Desktop/11082026/91869497.json,Rmy,0,0,0.5821,Dragapult
91870214,/Users/nickzwart/Desktop/11082026/91870214.json,kkanayj,0,1,0.3438,M-Lopunny
91870214,/Users/nickzwart/Desktop/11082026/91870214.json,Brahim,1,0,0.4167,M-Lopunny
91872140,/Users/nickzwart/Desktop/11082026/91872140.json,Funky,1,0,0.54,Hydrapple
91872165,/Users/nickzwart/Desktop/11082026/91872165.json,kkanayj,1,0,0.3438,M-Lucario
91871336,/Users/nickzwart/Desktop/11082026/91871336.json,Funky,0,0,0.54,M-Kangaskhan
91872093,/Users/nickzwart/Desktop/11082026/91872093.json,kkanayj,1,0,0.3438,Dragapult
91871161,/Users/nickzwart/Desktop/11082026/91871161.json,Rmy,1,1,0.5821,Alakazam
91871162,/Users/nickzwart/Desktop/11082026/91871162.json,kkanayj,0,1,0.3438,M-Lopunny
91871162,/Users/nickzwart/Desktop/11082026/91871162.json,カントー地方マスター(KantoRegionMaster),1,0,0.6786,M-Lopunny
91871216,/Users/nickzwart/Desktop/11082026/91871216.json,Funky,1,1,0.54,Hydrapple
91873070,/Users/nickzwart/Desktop/11082026/91873070.json,Funky,1,0,0.54,M-Kangaskhan
91873095,/Users/nickzwart/Desktop/11082026/91873095.json,Funky,0,0,0.54,M-Lucario
91873231,/Users/nickzwart/Desktop/11082026/91873231.json,Funky,0,1,0.54,Grimmsnarl
91873316,/Users/nickzwart/Desktop/11082026/91873316.json,matsurih,0,0,0.5393,Ogerpon
91872280,/Users/nickzwart/Desktop/11082026/91872280.json,Funky,1,1,0.54,Dragapult
91873039,/Users/nickzwart/Desktop/11082026/91873039.json,kkanayj,1,0,0.3438,Grimmsnarl
91874843,/Users/nickzwart/Desktop/11082026/91874843.json,Yopta,1,1,0.5566,Alakazam
91874921,/Users/nickzwart/Desktop/11082026/91874921.json,kkanayj,0,0,0.3438,M-Lucario
91873975,/Users/nickzwart/Desktop/11082026/91873975.json,ONE PIECE,0,1,0.4615,M-Lopunny
91873975,/Users/nickzwart/Desktop/11082026/91873975.json,kkanayj,1,0,0.3438,M-Lopunny
91874027,/Users/nickzwart/Desktop/11082026/91874027.json,Funky,0,0,0.54,M-Lopunny
91874027,/Users/nickzwart/Desktop/11082026/91874027.json,Rmy,1,1,0.5821,M-Lopunny
91874143,/Users/nickzwart/Desktop/11082026/91874143.json,Funky,0,1,0.54,M-Kangaskhan
91874976,/Users/nickzwart/Desktop/11082026/91874976.json,Funky,0,0,0.54,Alakazam
91875004,/Users/nickzwart/Desktop/11082026/91875004.json,ONE PIECE,0,0,0.4615,M-Lucario
91875994,/Users/nickzwart/Desktop/11082026/91875994.json,Rmy,1,1,0.5821,Dragapult
91876002,/Users/nickzwart/Desktop/11082026/91876002.json,cm391,1,0,0.4286,M-Kangaskhan
91875854,/Users/nickzwart/Desktop/11082026/91875854.json,Funky,1,0,0.54,Alakazam
91875867,/Users/nickzwart/Desktop/11082026/91875867.json,stnick,1,1,0.5246,Grimmsnarl
91875874,/Users/nickzwart/Desktop/11082026/91875874.json,kkanayj,0,1,0.3438,M-Lopunny
91875874,/Users/nickzwart/Desktop/11082026/91875874.json,NIWATORI,1,0,0.5357,M-Lopunny
91876016,/Users/nickzwart/Desktop/11082026/91876016.json,tw_shin,0,0,0.3158,M-Lucario
91876032,/Users/nickzwart/Desktop/11082026/91876032.json,Funky,1,1,0.54,Grimmsnarl
91876796,/Users/nickzwart/Desktop/11082026/91876796.json,kkanayj,0,0,0.3438,M-Lopunny
91876796,/Users/nickzwart/Desktop/11082026/91876796.json,Roman Stupin,1,1,0.3333,M-Lopunny
91876849,/Users/nickzwart/Desktop/11082026/91876849.json,Funky,0,1,0.54,Grimmsnarl
91876874,/Users/nickzwart/Desktop/11082026/91876874.json,stnick,0,0,0.5246,M-Lucario
91877002,/Users/nickzwart/Desktop/11082026/91877002.json,カントー地方マスター(KantoRegionMaster),0,1,0.6786,Grimmsnarl
91877743,/Users/nickzwart/Desktop/11082026/91877743.json,kkanayj,0,0,0.3438,Grimmsnarl
91877775,/Users/nickzwart/Desktop/11082026/91877775.json,ONE PIECE,0,1,0.4615,M-Kangaskhan
91877790,/Users/nickzwart/Desktop/11082026/91877790.json,Funky,0,0,0.54,Alakazam
91877858,/Users/nickzwart/Desktop/11082026/91877858.json,NIWATORI,1,0,0.5357,M-Kangaskhan
91877865,/Users/nickzwart/Desktop/11082026/91877865.json,djschmit,1,1,0.2857,Dragapult
91877892,/Users/nickzwart/Desktop/11082026/91877892.json,Funky,0,1,0.54,M-Lopunny
91878676,/Users/nickzwart/Desktop/11082026/91878676.json,Funky,1,1,0.54,M-Kangaskhan
91878723,/Users/nickzwart/Desktop/11082026/91878723.json,Funky,0,0,0.54,M-Kangaskhan
91878916,/Users/nickzwart/Desktop/11082026/91878916.json,motono0223,1,1,0.6341,Ogerpon
91879510,/Users/nickzwart/Desktop/11082026/91879510.json,Funky,0,0,0.54,Alakazam
91879641,/Users/nickzwart/Desktop/11082026/91879641.json,kkanayj,1,0,0.3438,Ogerpon
91879693,/Users/nickzwart/Desktop/11082026/91879693.json,Funky,1,0,0.54,Alakazam
91879749,/Users/nickzwart/Desktop/11082026/91879749.json,POKEN,0,0,0.5682,M-Kangaskhan
91880731,/Users/nickzwart/Desktop/11082026/91880731.json,Funky,0,1,0.54,M-Kangaskhan
91880786,/Users/nickzwart/Desktop/11082026/91880786.json,kanno,0,1,0.5161,Grimmsnarl
91880658,/Users/nickzwart/Desktop/11082026/91880658.json,Funky,1,0,0.54,Alakazam
91879769,/Users/nickzwart/Desktop/11082026/91879769.json,Funky,1,1,0.54,Alakazam
91880583,/Users/nickzwart/Desktop/11082026/91880583.json,kkanayj,0,0,0.3438,Alakazam
91881530,/Users/nickzwart/Desktop/11082026/91881530.json,kkanayj,1,1,0.3438,Alakazam
91881605,/Users/nickzwart/Desktop/11082026/91881605.json,LiamK,0,0,0.4444,Ogerpon
91881606,/Users/nickzwart/Desktop/11082026/91881606.json,Rmy,0,1,0.5821,M-Lopunny
91881606,/Users/nickzwart/Desktop/11082026/91881606.json,Funky,1,0,0.54,M-Lopunny
91882478,/Users/nickzwart/Desktop/11082026/91882478.json,Rmy,0,1,0.5821,M-Lopunny
91882478,/Users/nickzwart/Desktop/11082026/91882478.json,kkanayj,1,0,0.3438,M-Lopunny
91882551,/Users/nickzwart/Desktop/11082026/91882551.json,Funky,0,0,0.54,Grimmsnarl
91882307,/Users/nickzwart/Desktop/11082026/91882307.json,kyuuuuro,0,1,0.3333,Grimmsnarl
91882466,/Users/nickzwart/Desktop/11082026/91882466.json,tw_shin,1,0,0.3158,Alakazam
91884404,/Users/nickzwart/Desktop/11082026/91884404.json,JB Bryant,1,0,0.5657,Dragapult
91885117,/Users/nickzwart/Desktop/11082026/91885117.json,kyuuuuro,0,0,0.3333,Hydrapple
91885149,/Users/nickzwart/Desktop/11082026/91885149.json,Rmy,0,1,0.5821,Alakazam
91883483,/Users/nickzwart/Desktop/11082026/91883483.json,Rmy,0,0,0.5821,M-Lucario
91884401,/Users/nickzwart/Desktop/11082026/91884401.json,kkanayj,1,0,0.3438,Alakazam
91883238,/Users/nickzwart/Desktop/11082026/91883238.json,kyuuuuro,1,1,0.3333,Hydrapple
91883421,/Users/nickzwart/Desktop/11082026/91883421.json,szlachetny snieg,0,1,0.5455,Dragapult
91885385,/Users/nickzwart/Desktop/11082026/91885385.json,Funky,0,1,0.54,M-Lopunny
91885385,/Users/nickzwart/Desktop/11082026/91885385.json,djschmit,1,0,0.2857,M-Lopunny
91886060,/Users/nickzwart/Desktop/11082026/91886060.json,kyuuuuro,0,0,0.3333,Grimmsnarl
91886206,/Users/nickzwart/Desktop/11082026/91886206.json,john jiang zhifeng,1,0,0.3243,Alakazam
91886379,/Users/nickzwart/Desktop/11082026/91886379.json,matsurih,1,0,0.5393,other
91887038,/Users/nickzwart/Desktop/11082026/91887038.json,DavidFreelan,1,1,0.5952,Grimmsnarl
91888867,/Users/nickzwart/Desktop/11082026/91888867.json,john jiang zhifeng,0,0,0.3243,Dragapult
91888893,/Users/nickzwart/Desktop/11082026/91888893.json,kyuuuuro,0,1,0.3333,Grimmsnarl
91888935,/Users/nickzwart/Desktop/11082026/91888935.json,DavidFreelan,0,1,0.5952,other
91888985,/Users/nickzwart/Desktop/11082026/91888985.json,kanno,1,0,0.5161,Alakazam
91887227,/Users/nickzwart/Desktop/11082026/91887227.json,JB Bryant,0,0,0.5657,M-Lucario
91887962,/Users/nickzwart/Desktop/11082026/91887962.json,kyuuuuro,1,0,0.3333,M-Lopunny
91887991,/Users/nickzwart/Desktop/11082026/91887991.json,kyuuuuro,0,1,0.3333,Alakazam
91887998,/Users/nickzwart/Desktop/11082026/91887998.json,DavidFreelan,1,0,0.5952,Grimmsnarl
91889053,/Users/nickzwart/Desktop/11082026/91889053.json,NIWATORI,0,0,0.5357,M-Lucario
91889104,/Users/nickzwart/Desktop/11082026/91889104.json,DavidFreelan,0,0,0.5952,Alakazam
91889937,/Users/nickzwart/Desktop/11082026/91889937.json,DavidFreelan,0,1,0.5952,M-Kangaskhan
91889986,/Users/nickzwart/Desktop/11082026/91889986.json,NIWATORI,0,0,0.5357,M-Lucario
91890055,/Users/nickzwart/Desktop/11082026/91890055.json,kkanayj,0,1,0.3438,other
91889133,/Users/nickzwart/Desktop/11082026/91889133.json,想要成为kaggle大师,0,1,0.5906,M-Lucario
91889817,/Users/nickzwart/Desktop/11082026/91889817.json,kyuuuuro,1,1,0.3333,M-Kangaskhan
91890847,/Users/nickzwart/Desktop/11082026/91890847.json,kyuuuuro,1,1,0.3333,Alakazam
91890858,/Users/nickzwart/Desktop/11082026/91890858.json,kkanayj,0,0,0.3438,Alakazam
91890865,/Users/nickzwart/Desktop/11082026/91890865.json,stnick,1,0,0.5246,M-Lucario
91890945,/Users/nickzwart/Desktop/11082026/91890945.json,DavidFreelan,0,1,0.5952,M-Kangaskhan
91891748,/Users/nickzwart/Desktop/11082026/91891748.json,DavidFreelan,1,0,0.5952,Alakazam
91892671,/Users/nickzwart/Desktop/11082026/91892671.json,kyuuuuro,1,0,0.3333,Grimmsnarl
91892878,/Users/nickzwart/Desktop/11082026/91892878.json,kyuuuuro,0,0,0.3333,M-Lucario
91892932,/Users/nickzwart/Desktop/11082026/91892932.json,dasfds,0,0,0.1429,Alakazam
91892934,/Users/nickzwart/Desktop/11082026/91892934.json,motono0223,1,0,0.6341,Garchomp
91893623,/Users/nickzwart/Desktop/11082026/91893623.json,kyuuuuro,1,0,0.3333,Grimmsnarl
91893654,/Users/nickzwart/Desktop/11082026/91893654.json,DavidFreelan,1,1,0.5952,Grimmsnarl
91893818,/Users/nickzwart/Desktop/11082026/91893818.json,カントー地方マスター(KantoRegionMaster),0,1,0.6786,Dragapult
91894553,/Users/nickzwart/Desktop/11082026/91894553.json,kyuuuuro,0,0,0.3333,Alakazam
91894574,/Users/nickzwart/Desktop/11082026/91894574.json,DavidFreelan,1,0,0.5952,Alakazam
91894658,/Users/nickzwart/Desktop/11082026/91894658.json,matsurih,1,0,0.5393,M-Lucario
91896470,/Users/nickzwart/Desktop/11082026/91896470.json,DavidFreelan,1,0,0.5952,Grimmsnarl
91896589,/Users/nickzwart/Desktop/11082026/91896589.json,Yopta,0,0,0.5566,Dragapult
91900184,/Users/nickzwart/Desktop/11082026/91900184.json,DavidFreelan,0,1,0.5952,M-Lopunny
91900184,/Users/nickzwart/Desktop/11082026/91900184.json,kyuuuuro,1,0,0.3333,M-Lopunny
91901317,/Users/nickzwart/Desktop/11082026/91901317.json,ONE PIECE,1,0,0.4615,other
91901101,/Users/nickzwart/Desktop/11082026/91901101.json,kyuuuuro,1,0,0.3333,Alakazam
91901144,/Users/nickzwart/Desktop/11082026/91901144.json,DavidFreelan,1,1,0.5952,Ogerpon
91901177,/Users/nickzwart/Desktop/11082026/91901177.json,DavidFreelan,1,0,0.5952,Grimmsnarl
91902080,/Users/nickzwart/Desktop/11082026/91902080.json,stnick,0,1,0.5246,M-Lopunny
91902080,/Users/nickzwart/Desktop/11082026/91902080.json,kyuuuuro,1,0,0.3333,M-Lopunny
91902137,/Users/nickzwart/Desktop/11082026/91902137.json,DavidFreelan,0,0,0.5952,Alakazam
91902181,/Users/nickzwart/Desktop/11082026/91902181.json,DavidFreelan,0,0,0.5952,Alakazam
91903094,/Users/nickzwart/Desktop/11082026/91903094.json,DavidFreelan,0,1,0.5952,Alakazam
91903956,/Users/nickzwart/Desktop/11082026/91903956.json,motono0223,1,0,0.6341,Dragapult
91904036,/Users/nickzwart/Desktop/11082026/91904036.json,DavidFreelan,1,1,0.5952,Grimmsnarl
91904080,/Users/nickzwart/Desktop/11082026/91904080.json,Funky,0,1,0.54,M-Lucario
91904756,/Users/nickzwart/Desktop/11082026/91904756.json,Funky,0,0,0.54,Dragapult
91905913,/Users/nickzwart/Desktop/11082026/91905913.json,DavidFreelan,1,1,0.5952,Alakazam
91904885,/Users/nickzwart/Desktop/11082026/91904885.json,DavidFreelan,0,1,0.5952,Dragapult
91904967,/Users/nickzwart/Desktop/11082026/91904967.json,NIWATORI,1,0,0.5357,Dragapult
91906677,/Users/nickzwart/Desktop/11082026/91906677.json,dasfds,1,0,0.1429,Alakazam
91906846,/Users/nickzwart/Desktop/11082026/91906846.json,DavidFreelan,1,1,0.5952,Grimmsnarl
91906882,/Users/nickzwart/Desktop/11082026/91906882.json,Roman Stupin,0,0,0.3333,Alakazam
91906928,/Users/nickzwart/Desktop/11082026/91906928.json,Funky,1,1,0.54,Alakazam
91907666,/Users/nickzwart/Desktop/11082026/91907666.json,ONE PIECE,1,0,0.4615,Dragapult
91907788,/Users/nickzwart/Desktop/11082026/91907788.json,DavidFreelan,1,1,0.5952,Crustle
91909452,/Users/nickzwart/Desktop/11082026/91909452.json,Funky,1,0,0.54,Dragapult
91909459,/Users/nickzwart/Desktop/11082026/91909459.json,Rmy,1,0,0.5821,Dragapult
91909595,/Users/nickzwart/Desktop/11082026/91909595.json,insuperabilehart,0,1,0.529,Grimmsnarl
91909670,/Users/nickzwart/Desktop/11082026/91909670.json,DavidFreelan,0,1,0.5952,M-Lopunny
91909670,/Users/nickzwart/Desktop/11082026/91909670.json,kyuuuuro,1,0,0.3333,M-Lopunny
91909748,/Users/nickzwart/Desktop/11082026/91909748.json,Rmy,0,1,0.5821,Ogerpon
91910412,/Users/nickzwart/Desktop/11082026/91910412.json,sadwat,1,0,0.5339,Dragapult
91910465,/Users/nickzwart/Desktop/11082026/91910465.json,Funky,0,1,0.54,Alakazam
91910541,/Users/nickzwart/Desktop/11082026/91910541.json,ONE PIECE,0,0,0.4615,M-Lopunny
91910541,/Users/nickzwart/Desktop/11082026/91910541.json,insuperabilehart,1,1,0.529,M-Lopunny
91910619,/Users/nickzwart/Desktop/11082026/91910619.json,DavidFreelan,0,1,0.5952,Dragapult
91911391,/Users/nickzwart/Desktop/11082026/91911391.json,想要成为kaggle大师,0,1,0.5906,Ogerpon
91892715,/Users/nickzwart/Desktop/11082026/91892715.json,DavidFreelan,1,1,0.5952,Ogerpon
91892841,/Users/nickzwart/Desktop/11082026/91892841.json,sadwat,0,1,0.5339,Dragapult
91892856,/Users/nickzwart/Desktop/11082026/91892856.json,szlachetny snieg,1,0,0.5455,M-Lucario
91913237,/Users/nickzwart/Desktop/11082026/91913237.json,insuperabilehart,1,0,0.529,M-Lucario
91913328,/Users/nickzwart/Desktop/11082026/91913328.json,Rikito Kanda,0,0,0.25,Alakazam
91911540,/Users/nickzwart/Desktop/11082026/91911540.json,DavidFreelan,0,0,0.5952,Grimmsnarl
91912370,/Users/nickzwart/Desktop/11082026/91912370.json,sadwat,0,1,0.5339,Dragapult
91912478,/Users/nickzwart/Desktop/11082026/91912478.json,insuperabilehart,1,1,0.529,M-Kangaskhan
91913198,/Users/nickzwart/Desktop/11082026/91913198.json,djschmit,0,1,0.2857,Dragapult
91914334,/Users/nickzwart/Desktop/11082026/91914334.json,insuperabilehart,0,0,0.529,M-Kangaskhan
91914397,/Users/nickzwart/Desktop/11082026/91914397.json,JB Bryant,0,1,0.5657,Alakazam
91913389,/Users/nickzwart/Desktop/11082026/91913389.json,insuperabilehart,1,0,0.529,Alakazam
91914399,/Users/nickzwart/Desktop/11082026/91914399.json,LiamK,1,0,0.4444,Dragapult
91916015,/Users/nickzwart/Desktop/11082026/91916015.json,stnick,1,0,0.5246,Dragapult
91916165,/Users/nickzwart/Desktop/11082026/91916165.json,Yopta,0,0,0.5566,Dragapult
91916199,/Users/nickzwart/Desktop/11082026/91916199.json,Yopta,1,0,0.5566,Dragapult
91916306,/Users/nickzwart/Desktop/11082026/91916306.json,カントー地方マスター(KantoRegionMaster),1,1,0.6786,M-Lucario
91917224,/Users/nickzwart/Desktop/11082026/91917224.json,ONE PIECE,1,1,0.4615,Grimmsnarl
91917931,/Users/nickzwart/Desktop/11082026/91917931.json,カントー地方マスター(KantoRegionMaster),0,0,0.6786,Dragapult
91918829,/Users/nickzwart/Desktop/11082026/91918829.json,Rmy,1,0,0.5821,M-Lucario
91918905,/Users/nickzwart/Desktop/11082026/91918905.json,insuperabilehart,1,1,0.529,M-Lopunny
91917950,/Users/nickzwart/Desktop/11082026/91917950.json,tw_shin,1,0,0.3158,Dragapult
91918074,/Users/nickzwart/Desktop/11082026/91918074.json,insuperabilehart,1,0,0.529,Alakazam
91918979,/Users/nickzwart/Desktop/11082026/91918979.json,Yopta,0,1,0.5566,Alakazam
91919795,/Users/nickzwart/Desktop/11082026/91919795.json,Rmy,0,0,0.5821,Dragapult
91919854,/Users/nickzwart/Desktop/11082026/91919854.json,Funky,1,0,0.54,Dragapult
91919987,/Users/nickzwart/Desktop/11082026/91919987.json,insuperabilehart,0,1,0.529,other
91921721,/Users/nickzwart/Desktop/11082026/91921721.json,DavidFreelan,0,0,0.5952,Dragapult
91920792,/Users/nickzwart/Desktop/11082026/91920792.json,stnick,1,0,0.5246,Dragapult
91921888,/Users/nickzwart/Desktop/11082026/91921888.json,Brahim,0,0,0.4167,Ogerpon
91922664,/Users/nickzwart/Desktop/11082026/91922664.json,カントー地方マスター(KantoRegionMaster),0,0,0.6786,Dragapult
91923638,/Users/nickzwart/Desktop/11082026/91923638.json,カントー地方マスター(KantoRegionMaster),0,1,0.6786,Alakazam
91923727,/Users/nickzwart/Desktop/11082026/91923727.json,Funky,1,1,0.54,Grimmsnarl
91922768,/Users/nickzwart/Desktop/11082026/91922768.json,JB Bryant,0,0,0.5657,Dragapult
91923757,/Users/nickzwart/Desktop/11082026/91923757.json,matsurih,1,0,0.5393,Dudunsparce
91924547,/Users/nickzwart/Desktop/11082026/91924547.json,JB Bryant,0,0,0.5657,Dragapult
91926441,/Users/nickzwart/Desktop/11082026/91926441.json,Funky,0,0,0.54,M-Lucario
91926532,/Users/nickzwart/Desktop/11082026/91926532.json,sadwat,0,0,0.5339,Dragapult
91928272,/Users/nickzwart/Desktop/11082026/91928272.json,カントー地方マスター(KantoRegionMaster),0,0,0.6786,Dragapult
91928340,/Users/nickzwart/Desktop/11082026/91928340.json,stnick,0,1,0.5246,Alakazam
91928383,/Users/nickzwart/Desktop/11082026/91928383.json,Funky,1,0,0.54,M-Lucario
91928432,/Users/nickzwart/Desktop/11082026/91928432.json,motono0223,0,1,0.6341,Alakazam
91929232,/Users/nickzwart/Desktop/11082026/91929232.json,Rmy,0,0,0.5821,Dragapult
91930174,/Users/nickzwart/Desktop/11082026/91930174.json,szlachetny snieg,0,0,0.5455,Dragapult
91932747,/Users/nickzwart/Desktop/11082026/91932747.json,NIWATORI,0,1,0.5357,Ogerpon
91931225,/Users/nickzwart/Desktop/11082026/91931225.json,insuperabilehart,0,0,0.529,Dudunsparce
91931842,/Users/nickzwart/Desktop/11082026/91931842.json,DavidFreelan,1,1,0.5952,Dragapult
91934825,/Users/nickzwart/Desktop/11082026/91934825.json,sadwat,0,0,0.5339,Dragapult
91934872,/Users/nickzwart/Desktop/11082026/91934872.json,NIWATORI,0,0,0.5357,Ogerpon
91935546,/Users/nickzwart/Desktop/11082026/91935546.json,NIWATORI,1,0,0.5357,M-Kangaskhan
91936490,/Users/nickzwart/Desktop/11082026/91936490.json,NIWATORI,0,1,0.5357,Alakazam
91936736,/Users/nickzwart/Desktop/11082026/91936736.json,Yopta,0,1,0.5566,M-Lucario
91937431,/Users/nickzwart/Desktop/11082026/91937431.json,sadwat,1,1,0.5339,M-Kangaskhan
91937517,/Users/nickzwart/Desktop/11082026/91937517.json,fishcat,0,1,0.5714,M-Lopunny
91937517,/Users/nickzwart/Desktop/11082026/91937517.json,szlachetny snieg,1,0,0.5455,M-Lopunny
91937559,/Users/nickzwart/Desktop/11082026/91937559.json,tw_shin,0,0,0.3158,Dragapult
91937708,/Users/nickzwart/Desktop/11082026/91937708.json,sadwat,0,0,0.5339,Dragapult
91938392,/Users/nickzwart/Desktop/11082026/91938392.json,szlachetny snieg,1,1,0.5455,Dragapult
91940227,/Users/nickzwart/Desktop/11082026/91940227.json,Funky,0,1,0.54,Alakazam
91941203,/Users/nickzwart/Desktop/11082026/91941203.json,NIWATORI,1,1,0.5357,M-Kangaskhan
91941222,/Users/nickzwart/Desktop/11082026/91941222.json,insuperabilehart,1,1,0.529,Grimmsnarl
91942391,/Users/nickzwart/Desktop/11082026/91942391.json,szlachetny snieg,0,0,0.5455,Alakazam
91942407,/Users/nickzwart/Desktop/11082026/91942407.json,Yopta,1,1,0.5566,Dragapult
91943081,/Users/nickzwart/Desktop/11082026/91943081.json,NIWATORI,0,1,0.5357,M-Kangaskhan
91943210,/Users/nickzwart/Desktop/11082026/91943210.json,fishcat,0,1,0.5714,Alakazam
91945884,/Users/nickzwart/Desktop/11082026/91945884.json,NIWATORI,0,1,0.5357,Grimmsnarl
91945897,/Users/nickzwart/Desktop/11082026/91945897.json,insuperabilehart,0,0,0.529,M-Lopunny
91945897,/Users/nickzwart/Desktop/11082026/91945897.json,ONE PIECE,1,1,0.4615,M-Lopunny
91944146,/Users/nickzwart/Desktop/11082026/91944146.json,fishcat,0,0,0.5714,Grimmsnarl
91944947,/Users/nickzwart/Desktop/11082026/91944947.json,NIWATORI,1,0,0.5357,Alakazam
91943963,/Users/nickzwart/Desktop/11082026/91943963.json,Yopta,1,1,0.5566,Garchomp
91946713,/Users/nickzwart/Desktop/11082026/91946713.json,Team KASA.,0,1,0.5079,Alakazam
91947651,/Users/nickzwart/Desktop/11082026/91947651.json,Rmy,1,1,0.5821,Alakazam
91947658,/Users/nickzwart/Desktop/11082026/91947658.json,Team KASA.,0,1,0.5079,Grimmsnarl
91947685,/Users/nickzwart/Desktop/11082026/91947685.json,matsurih,0,1,0.5393,M-Lopunny
91947685,/Users/nickzwart/Desktop/11082026/91947685.json,kanno,1,0,0.5161,M-Lopunny
91946828,/Users/nickzwart/Desktop/11082026/91946828.json,NIWATORI,0,1,0.5357,Alakazam
91946901,/Users/nickzwart/Desktop/11082026/91946901.json,Funky,1,1,0.54,Dragapult
91946929,/Users/nickzwart/Desktop/11082026/91946929.json,motono0223,1,0,0.6341,Grimmsnarl
91946966,/Users/nickzwart/Desktop/11082026/91946966.json,fishcat,1,0,0.5714,Grimmsnarl
91947777,/Users/nickzwart/Desktop/11082026/91947777.json,insuperabilehart,1,1,0.529,Ogerpon
91947784,/Users/nickzwart/Desktop/11082026/91947784.json,LiamK,1,0,0.4444,Alakazam
91947887,/Users/nickzwart/Desktop/11082026/91947887.json,fishcat,0,1,0.5714,Grimmsnarl
91948594,/Users/nickzwart/Desktop/11082026/91948594.json,Team KASA.,1,1,0.5079,Ogerpon
91948895,/Users/nickzwart/Desktop/11082026/91948895.json,DavidFreelan,1,1,0.5952,M-Kangaskhan
91949527,/Users/nickzwart/Desktop/11082026/91949527.json,HCRL,1,1,0.5769,Alakazam
91949550,/Users/nickzwart/Desktop/11082026/91949550.json,ONE PIECE,0,0,0.4615,Alakazam
91949552,/Users/nickzwart/Desktop/11082026/91949552.json,Team KASA.,0,1,0.5079,Alakazam
91949587,/Users/nickzwart/Desktop/11082026/91949587.json,Dipam Chakraborty,1,1,0.641,Hydrapple
91949682,/Users/nickzwart/Desktop/11082026/91949682.json,NIWATORI,0,1,0.5357,Alakazam
91949690,/Users/nickzwart/Desktop/11082026/91949690.json,insuperabilehart,0,0,0.529,Grimmsnarl
91950534,/Users/nickzwart/Desktop/11082026/91950534.json,Dipam Chakraborty,1,0,0.641,Alakazam
91950546,/Users/nickzwart/Desktop/11082026/91950546.json,NIWATORI,0,1,0.5357,Ogerpon
91950627,/Users/nickzwart/Desktop/11082026/91950627.json,NIWATORI,0,0,0.5357,Grimmsnarl
91949868,/Users/nickzwart/Desktop/11082026/91949868.json,kyuuuuro,1,1,0.3333,M-Lucario
91950475,/Users/nickzwart/Desktop/11082026/91950475.json,HCRL,1,1,0.5769,Grimmsnarl
91950501,/Users/nickzwart/Desktop/11082026/91950501.json,Team KASA.,0,0,0.5079,M-Lucario
91950529,/Users/nickzwart/Desktop/11082026/91950529.json,Team KASA.,0,0,0.5079,Dragapult
91950639,/Users/nickzwart/Desktop/11082026/91950639.json,insuperabilehart,0,0,0.529,M-Lucario
91950796,/Users/nickzwart/Desktop/11082026/91950796.json,fishcat,1,0,0.5714,M-Lucario
91951410,/Users/nickzwart/Desktop/11082026/91951410.json,szlachetny snieg,0,0,0.5455,Garchomp
91951411,/Users/nickzwart/Desktop/11082026/91951411.json,HCRL,1,1,0.5769,Alakazam
91951457,/Users/nickzwart/Desktop/11082026/91951457.json,Team KASA.,1,1,0.5079,Alakazam
91951469,/Users/nickzwart/Desktop/11082026/91951469.json,stnick,0,0,0.5246,Dragapult
91951513,/Users/nickzwart/Desktop/11082026/91951513.json,HCRL,1,0,0.5769,Alakazam
91951577,/Users/nickzwart/Desktop/11082026/91951577.json,NIWATORI,1,1,0.5357,Alakazam
91951582,/Users/nickzwart/Desktop/11082026/91951582.json,insuperabilehart,1,0,0.529,Grimmsnarl
91952393,/Users/nickzwart/Desktop/11082026/91952393.json,kwa,0,1,0.5802,M-Lopunny
91952393,/Users/nickzwart/Desktop/11082026/91952393.json,Team KASA.,1,0,0.5079,M-Lopunny
91952514,/Users/nickzwart/Desktop/11082026/91952514.json,NIWATORI,0,1,0.5357,Grimmsnarl
91953315,/Users/nickzwart/Desktop/11082026/91953315.json,HCRL,0,0,0.5769,Alakazam
91953351,/Users/nickzwart/Desktop/11082026/91953351.json,Team KASA.,1,0,0.5079,Alakazam
91953475,/Users/nickzwart/Desktop/11082026/91953475.json,NIWATORI,0,1,0.5357,Grimmsnarl
91953486,/Users/nickzwart/Desktop/11082026/91953486.json,insuperabilehart,1,1,0.529,Grimmsnarl
91953568,/Users/nickzwart/Desktop/11082026/91953568.json,JB Bryant,1,1,0.5657,Alakazam
91953569,/Users/nickzwart/Desktop/11082026/91953569.json,stnick,1,0,0.5246,M-Lucario
91954194,/Users/nickzwart/Desktop/11082026/91954194.json,Rmy,1,0,0.5821,Grimmsnarl
91955190,/Users/nickzwart/Desktop/11082026/91955190.json,HCRL,0,1,0.5769,Hydrapple
91955254,/Users/nickzwart/Desktop/11082026/91955254.json,Dipam Chakraborty,0,1,0.641,Dragapult
91955347,/Users/nickzwart/Desktop/11082026/91955347.json,NIWATORI,1,0,0.5357,M-Lucario
91954313,/Users/nickzwart/Desktop/11082026/91954313.json,HCRL,0,1,0.5769,M-Lopunny
91954313,/Users/nickzwart/Desktop/11082026/91954313.json,kanno,1,0,0.5161,M-Lopunny
91954350,/Users/nickzwart/Desktop/11082026/91954350.json,Team KASA.,0,1,0.5079,Grimmsnarl
91954364,/Users/nickzwart/Desktop/11082026/91954364.json,NIWATORI,0,1,0.5357,M-Kangaskhan
91956105,/Users/nickzwart/Desktop/11082026/91956105.json,POKEN,0,1,0.5682,Grimmsnarl
91956137,/Users/nickzwart/Desktop/11082026/91956137.json,HCRL,1,1,0.5769,Grimmsnarl
91956307,/Users/nickzwart/Desktop/11082026/91956307.json,NIWATORI,1,0,0.5357,M-Lucario
91956315,/Users/nickzwart/Desktop/11082026/91956315.json,JB Bryant,0,0,0.5657,Alakazam
91957068,/Users/nickzwart/Desktop/11082026/91957068.json,Dipam Chakraborty,0,1,0.641,M-Lopunny
91957068,/Users/nickzwart/Desktop/11082026/91957068.json,HCRL,1,0,0.5769,M-Lopunny
91957146,/Users/nickzwart/Desktop/11082026/91957146.json,Team KASA.,0,1,0.5079,Grimmsnarl
91957151,/Users/nickzwart/Desktop/11082026/91957151.json,Dipam Chakraborty,1,1,0.641,Grimmsnarl
91957241,/Users/nickzwart/Desktop/11082026/91957241.json,NIWATORI,0,0,0.5357,Grimmsnarl
91957305,/Users/nickzwart/Desktop/11082026/91957305.json,Funky,1,1,0.54,Grimmsnarl
91957310,/Users/nickzwart/Desktop/11082026/91957310.json,insuperabilehart,0,0,0.529,Grimmsnarl
91958006,/Users/nickzwart/Desktop/11082026/91958006.json,kyuuuuro,0,0,0.3333,Grimmsnarl
91958028,/Users/nickzwart/Desktop/11082026/91958028.json,HCRL,1,0,0.5769,Hydrapple
91959141,/Users/nickzwart/Desktop/11082026/91959141.json,NIWATORI,1,0,0.5357,Alakazam
91959142,/Users/nickzwart/Desktop/11082026/91959142.json,Yopta,0,1,0.5566,Alakazam
91959849,/Users/nickzwart/Desktop/11082026/91959849.json,Dipam Chakraborty,0,0,0.641,Hydrapple
91958204,/Users/nickzwart/Desktop/11082026/91958204.json,insuperabilehart,0,1,0.529,Grimmsnarl
91958974,/Users/nickzwart/Desktop/11082026/91958974.json,HCRL,0,0,0.5769,Grimmsnarl
91958072,/Users/nickzwart/Desktop/11082026/91958072.json,Team KASA.,1,0,0.5079,Grimmsnarl
91958085,/Users/nickzwart/Desktop/11082026/91958085.json,Dipam Chakraborty,0,1,0.641,Grimmsnarl
91959031,/Users/nickzwart/Desktop/11082026/91959031.json,Dipam Chakraborty,0,1,0.641,Grimmsnarl
91959896,/Users/nickzwart/Desktop/11082026/91959896.json,kanno,0,1,0.5161,Grimmsnarl
91959934,/Users/nickzwart/Desktop/11082026/91959934.json,kanno,0,1,0.5161,Grimmsnarl
91959947,/Users/nickzwart/Desktop/11082026/91959947.json,HCRL,0,1,0.5769,Grimmsnarl
91960027,/Users/nickzwart/Desktop/11082026/91960027.json,Team KASA.,1,1,0.5079,Dragapult
91960030,/Users/nickzwart/Desktop/11082026/91960030.json,insuperabilehart,0,1,0.529,Dragapult
91961976,/Users/nickzwart/Desktop/11082026/91961976.json,カントー地方マスター(KantoRegionMaster),0,1,0.6786,Grimmsnarl
91962772,/Users/nickzwart/Desktop/11082026/91962772.json,insuperabilehart,0,0,0.529,M-Lopunny
91962772,/Users/nickzwart/Desktop/11082026/91962772.json,Team KASA.,1,1,0.5079,M-Lopunny
91962781,/Users/nickzwart/Desktop/11082026/91962781.json,Dipam Chakraborty,1,1,0.641,Alakazam
91961800,/Users/nickzwart/Desktop/11082026/91961800.json,sadwat,1,0,0.5339,Dragapult
91961803,/Users/nickzwart/Desktop/11082026/91961803.json,Team KASA.,1,0,0.5079,Alakazam
91961817,/Users/nickzwart/Desktop/11082026/91961817.json,Dipam Chakraborty,1,1,0.641,Hydrapple
91961942,/Users/nickzwart/Desktop/11082026/91961942.json,Rmy,0,1,0.5821,Hydrapple
91960885,/Users/nickzwart/Desktop/11082026/91960885.json,HCRL,1,0,0.5769,Grimmsnarl
91960945,/Users/nickzwart/Desktop/11082026/91960945.json,NIWATORI,1,0,0.5357,Dudunsparce
91961006,/Users/nickzwart/Desktop/11082026/91961006.json,motono0223,0,1,0.6341,M-Kangaskhan
91961026,/Users/nickzwart/Desktop/11082026/91961026.json,sadwat,0,0,0.5339,Alakazam
91961071,/Users/nickzwart/Desktop/11082026/91961071.json,Dipam Chakraborty,0,1,0.641,Alakazam
91963690,/Users/nickzwart/Desktop/11082026/91963690.json,LiamK,0,1,0.4444,Dragapult
91963816,/Users/nickzwart/Desktop/11082026/91963816.json,JB Bryant,1,0,0.5657,Ogerpon
91963657,/Users/nickzwart/Desktop/11082026/91963657.json,HCRL,0,1,0.5769,Grimmsnarl
91966490,/Users/nickzwart/Desktop/11082026/91966490.json,HCRL,0,0,0.5769,Alakazam
91966511,/Users/nickzwart/Desktop/11082026/91966511.json,Dipam Chakraborty,1,1,0.641,M-Lucario
91967281,/Users/nickzwart/Desktop/11082026/91967281.json,miya,1,1,0.5476,Grimmsnarl
91967436,/Users/nickzwart/Desktop/11082026/91967436.json,HCRL,0,1,0.5769,Grimmsnarl
91967495,/Users/nickzwart/Desktop/11082026/91967495.json,LiamK,0,0,0.4444,M-Lopunny
91967495,/Users/nickzwart/Desktop/11082026/91967495.json,Dipam Chakraborty,1,1,0.641,M-Lopunny
91968244,/Users/nickzwart/Desktop/11082026/91968244.json,NIWATORI,1,0,0.5357,M-Lucario
91964594,/Users/nickzwart/Desktop/11082026/91964594.json,HCRL,1,1,0.5769,Dudunsparce
91964812,/Users/nickzwart/Desktop/11082026/91964812.json,fishcat,1,1,0.5714,Grimmsnarl
91965544,/Users/nickzwart/Desktop/11082026/91965544.json,HCRL,1,1,0.5769,Grimmsnarl
91965611,/Users/nickzwart/Desktop/11082026/91965611.json,Funky,0,0,0.54,M-Lopunny
91965611,/Users/nickzwart/Desktop/11082026/91965611.json,Dipam Chakraborty,1,1,0.641,M-Lopunny
91968569,/Users/nickzwart/Desktop/11082026/91968569.json,insuperabilehart,0,0,0.529,Ogerpon
91969194,/Users/nickzwart/Desktop/11082026/91969194.json,miya,1,1,0.5476,M-Kangaskhan
91969330,/Users/nickzwart/Desktop/11082026/91969330.json,HCRL,0,1,0.5769,Ogerpon
91969400,/Users/nickzwart/Desktop/11082026/91969400.json,Dipam Chakraborty,1,1,0.641,Grimmsnarl
91970133,/Users/nickzwart/Desktop/11082026/91970133.json,miya,0,0,0.5476,M-Lucario
91970268,/Users/nickzwart/Desktop/11082026/91970268.json,HCRL,0,1,0.5769,M-Kangaskhan
91970336,/Users/nickzwart/Desktop/11082026/91970336.json,Dipam Chakraborty,0,1,0.641,Grimmsnarl
91968447,/Users/nickzwart/Desktop/11082026/91968447.json,Dipam Chakraborty,1,1,0.641,Grimmsnarl
91968459,/Users/nickzwart/Desktop/11082026/91968459.json,Team KASA.,0,0,0.5079,Grimmsnarl
91972027,/Users/nickzwart/Desktop/11082026/91972027.json,miya,1,1,0.5476,Grimmsnarl
91972156,/Users/nickzwart/Desktop/11082026/91972156.json,HCRL,0,1,0.5769,Hydrapple
91971076,/Users/nickzwart/Desktop/11082026/91971076.json,DavidFreelan,0,1,0.5952,M-Lopunny
91971076,/Users/nickzwart/Desktop/11082026/91971076.json,miya,1,0,0.5476,M-Lopunny
91971208,/Users/nickzwart/Desktop/11082026/91971208.json,HCRL,1,0,0.5769,Garchomp
91971272,/Users/nickzwart/Desktop/11082026/91971272.json,Dipam Chakraborty,1,1,0.641,Grimmsnarl
91972197,/Users/nickzwart/Desktop/11082026/91972197.json,Dipam Chakraborty,1,1,0.641,Dragapult
91972971,/Users/nickzwart/Desktop/11082026/91972971.json,miya,0,1,0.5476,M-Kangaskhan
91973952,/Users/nickzwart/Desktop/11082026/91973952.json,kanno,1,0,0.5161,Ogerpon
91974086,/Users/nickzwart/Desktop/11082026/91974086.json,Dipam Chakraborty,1,1,0.641,M-Kangaskhan
91974090,/Users/nickzwart/Desktop/11082026/91974090.json,NIWATORI,1,0,0.5357,Garchomp
91973100,/Users/nickzwart/Desktop/11082026/91973100.json,HCRL,0,1,0.5769,M-Lucario
91973912,/Users/nickzwart/Desktop/11082026/91973912.json,miya,0,1,0.5476,Grimmsnarl
91974831,/Users/nickzwart/Desktop/11082026/91974831.json,miya,1,0,0.5476,M-Lucario
91975860,/Users/nickzwart/Desktop/11082026/91975860.json,HCRL,1,0,0.5769,Garchomp
91975933,/Users/nickzwart/Desktop/11082026/91975933.json,Dipam Chakraborty,0,1,0.641,Hydrapple
91976724,/Users/nickzwart/Desktop/11082026/91976724.json,miya,0,1,0.5476,Dragapult
91976839,/Users/nickzwart/Desktop/11082026/91976839.json,HCRL,1,1,0.5769,Ogerpon
91976899,/Users/nickzwart/Desktop/11082026/91976899.json,Dipam Chakraborty,0,0,0.641,Dragapult
91977657,/Users/nickzwart/Desktop/11082026/91977657.json,miya,0,0,0.5476,Grimmsnarl
91975024,/Users/nickzwart/Desktop/11082026/91975024.json,Dipam Chakraborty,0,1,0.641,Dragapult
91975736,/Users/nickzwart/Desktop/11082026/91975736.json,Dipam Chakraborty,0,1,0.641,Dragapult
91975747,/Users/nickzwart/Desktop/11082026/91975747.json,miya,1,1,0.5476,M-Lucario
91975841,/Users/nickzwart/Desktop/11082026/91975841.json,DavidFreelan,0,0,0.5952,Ogerpon
91977773,/Users/nickzwart/Desktop/11082026/91977773.json,HCRL,0,1,0.5769,Grimmsnarl
91977843,/Users/nickzwart/Desktop/11082026/91977843.json,Dipam Chakraborty,0,0,0.641,Dragapult
91978605,/Users/nickzwart/Desktop/11082026/91978605.json,Funky,0,1,0.54,M-Lopunny
91978605,/Users/nickzwart/Desktop/11082026/91978605.json,miya,1,0,0.5476,M-Lopunny
91978700,/Users/nickzwart/Desktop/11082026/91978700.json,HCRL,1,0,0.5769,Grimmsnarl
91978705,/Users/nickzwart/Desktop/11082026/91978705.json,Rmy,0,1,0.5821,Ogerpon
91978740,/Users/nickzwart/Desktop/11082026/91978740.json,カントー地方マスター(KantoRegionMaster),0,1,0.6786,Dragapult
91978745,/Users/nickzwart/Desktop/11082026/91978745.json,Dipam Chakraborty,1,0,0.641,M-Kangaskhan
91980457,/Users/nickzwart/Desktop/11082026/91980457.json,HCRL,1,1,0.5769,Dragapult
91980489,/Users/nickzwart/Desktop/11082026/91980489.json,miya,1,1,0.5476,Alakazam
91980505,/Users/nickzwart/Desktop/11082026/91980505.json,cm391,1,0,0.4286,M-Lucario
91981401,/Users/nickzwart/Desktop/11082026/91981401.json,LumenLiquidity,1,1,0.5455,Alakazam
91981430,/Users/nickzwart/Desktop/11082026/91981430.json,miya,0,0,0.5476,M-Kangaskhan
91981491,/Users/nickzwart/Desktop/11082026/91981491.json,Funky,0,0,0.54,Ogerpon
91981516,/Users/nickzwart/Desktop/11082026/91981516.json,kwa,1,1,0.5802,Ogerpon
91981551,/Users/nickzwart/Desktop/11082026/91981551.json,HCRL,0,0,0.5769,Alakazam
91979658,/Users/nickzwart/Desktop/11082026/91979658.json,HCRL,1,1,0.5769,M-Kangaskhan
91982388,/Users/nickzwart/Desktop/11082026/91982388.json,miya,1,0,0.5476,Grimmsnarl
91982502,/Users/nickzwart/Desktop/11082026/91982502.json,HCRL,0,1,0.5769,M-Lopunny
91982502,/Users/nickzwart/Desktop/11082026/91982502.json,szlachetny snieg,1,0,0.5455,M-Lopunny
91982277,/Users/nickzwart/Desktop/11082026/91982277.json,stnick,0,1,0.5246,Alakazam
91982361,/Users/nickzwart/Desktop/11082026/91982361.json,kwa,1,0,0.5802,Dragapult
91983316,/Users/nickzwart/Desktop/11082026/91983316.json,LumenLiquidity,0,0,0.5455,M-Lopunny
91983316,/Users/nickzwart/Desktop/11082026/91983316.json,Rmy,1,1,0.5821,M-Lopunny
91983340,/Users/nickzwart/Desktop/11082026/91983340.json,Rmy,0,1,0.5821,M-Lopunny
91983340,/Users/nickzwart/Desktop/11082026/91983340.json,miya,1,0,0.5476,M-Lopunny
91983457,/Users/nickzwart/Desktop/11082026/91983457.json,HCRL,0,0,0.5769,Grimmsnarl
91985335,/Users/nickzwart/Desktop/11082026/91985335.json,HCRL,0,1,0.5769,M-Lopunny
91985335,/Users/nickzwart/Desktop/11082026/91985335.json,szlachetny snieg,1,0,0.5455,M-Lopunny
91983467,/Users/nickzwart/Desktop/11082026/91983467.json,matsurih,0,1,0.5393,Grimmsnarl
91984290,/Users/nickzwart/Desktop/11082026/91984290.json,miya,0,1,0.5476,M-Lopunny
91984290,/Users/nickzwart/Desktop/11082026/91984290.json,insuperabilehart,1,0,0.529,M-Lopunny
91984406,/Users/nickzwart/Desktop/11082026/91984406.json,HCRL,1,1,0.5769,M-Lucario
91985196,/Users/nickzwart/Desktop/11082026/91985196.json,LumenLiquidity,0,1,0.5455,Alakazam
91986281,/Users/nickzwart/Desktop/11082026/91986281.json,HCRL,0,0,0.5769,Grimmsnarl
91987106,/Users/nickzwart/Desktop/11082026/91987106.json,LumenLiquidity,0,1,0.5455,Dragapult
91987128,/Users/nickzwart/Desktop/11082026/91987128.json,miya,0,1,0.5476,Grimmsnarl
91989723,/Users/nickzwart/Desktop/11082026/91989723.json,LumenLiquidity,0,0,0.5455,M-Lucario
91988889,/Users/nickzwart/Desktop/11082026/91988889.json,miya,0,0,0.5476,M-Lopunny
91988889,/Users/nickzwart/Desktop/11082026/91988889.json,Yopta,1,1,0.5566,M-Lopunny
91988043,/Users/nickzwart/Desktop/11082026/91988043.json,LumenLiquidity,1,1,0.5455,Dragapult
91988067,/Users/nickzwart/Desktop/11082026/91988067.json,miya,0,1,0.5476,Grimmsnarl
91989087,/Users/nickzwart/Desktop/11082026/91989087.json,LumenLiquidity,0,1,0.5455,M-Kangaskhan
91991741,/Users/nickzwart/Desktop/11082026/91991741.json,LiamK,0,0,0.4444,Ogerpon
91991796,/Users/nickzwart/Desktop/11082026/91991796.json,motono0223,0,1,0.6341,Ogerpon
91989874,/Users/nickzwart/Desktop/11082026/91989874.json,motono0223,0,0,0.6341,M-Lucario
91989943,/Users/nickzwart/Desktop/11082026/91989943.json,miya,0,1,0.5476,Grimmsnarl
91990879,/Users/nickzwart/Desktop/11082026/91990879.json,LumenLiquidity,0,0,0.5455,Alakazam
91990909,/Users/nickzwart/Desktop/11082026/91990909.json,miya,1,1,0.5476,Ogerpon
91992824,/Users/nickzwart/Desktop/11082026/91992824.json,miya,0,0,0.5476,Dragapult
91992753,/Users/nickzwart/Desktop/11082026/91992753.json,insuperabilehart,0,0,0.529,M-Lopunny
91992753,/Users/nickzwart/Desktop/11082026/91992753.json,motono0223,1,1,0.6341,M-Lopunny
91992783,/Users/nickzwart/Desktop/11082026/91992783.json,LumenLiquidity,0,0,0.5455,Alakazam
91994623,/Users/nickzwart/Desktop/11082026/91994623.json,Rmy,1,1,0.5821,M-Kangaskhan
91994660,/Users/nickzwart/Desktop/11082026/91994660.json,Brahim,0,0,0.4167,M-Lopunny
91994660,/Users/nickzwart/Desktop/11082026/91994660.json,LumenLiquidity,1,1,0.5455,M-Lopunny
91994670,/Users/nickzwart/Desktop/11082026/91994670.json,LumenLiquidity,0,1,0.5455,Grimmsnarl
91993839,/Users/nickzwart/Desktop/11082026/91993839.json,motono0223,1,0,0.6341,M-Froslass
91994496,/Users/nickzwart/Desktop/11082026/91994496.json,LumenLiquidity,1,1,0.5455,Hydrapple
91993658,/Users/nickzwart/Desktop/11082026/91993658.json,Rmy,1,1,0.5821,Alakazam
91993693,/Users/nickzwart/Desktop/11082026/91993693.json,motono0223,0,0,0.6341,Dragapult
91993729,/Users/nickzwart/Desktop/11082026/91993729.json,LumenLiquidity,1,0,0.5455,Garchomp
91995617,/Users/nickzwart/Desktop/11082026/91995617.json,LumenLiquidity,0,0,0.5455,M-Froslass
91995657,/Users/nickzwart/Desktop/11082026/91995657.json,miya,0,0,0.5476,Hydrapple
91996567,/Users/nickzwart/Desktop/11082026/91996567.json,cm391,1,1,0.4286,Dragapult
91996568,/Users/nickzwart/Desktop/11082026/91996568.json,LumenLiquidity,0,0,0.5455,Hydrapple
91997241,/Users/nickzwart/Desktop/11082026/91997241.json,Funky,1,0,0.54,M-Kangaskhan
91998471,/Users/nickzwart/Desktop/11082026/91998471.json,LumenLiquidity,1,1,0.5455,Alakazam
91997481,/Users/nickzwart/Desktop/11082026/91997481.json,motono0223,1,1,0.6341,Grimmsnarl
91997514,/Users/nickzwart/Desktop/11082026/91997514.json,kwa,1,1,0.5802,Grimmsnarl
91997524,/Users/nickzwart/Desktop/11082026/91997524.json,LumenLiquidity,1,1,0.5455,Grimmsnarl
91997570,/Users/nickzwart/Desktop/11082026/91997570.json,miya,0,0,0.5476,Grimmsnarl
91999375,/Users/nickzwart/Desktop/11082026/91999375.json,szlachetny snieg,1,1,0.5455,M-Kangaskhan
91999413,/Users/nickzwart/Desktop/11082026/91999413.json,LumenLiquidity,0,1,0.5455,Grimmsnarl
91999102,/Users/nickzwart/Desktop/11082026/91999102.json,Dipam Chakraborty,0,0,0.641,M-Lucario
92000271,/Users/nickzwart/Desktop/11082026/92000271.json,szlachetny snieg,0,1,0.5455,Grimmsnarl
92000293,/Users/nickzwart/Desktop/11082026/92000293.json,sadwat,1,1,0.5339,Ogerpon
92000345,/Users/nickzwart/Desktop/11082026/92000345.json,LumenLiquidity,0,0,0.5455,Grimmsnarl
92002166,/Users/nickzwart/Desktop/11082026/92002166.json,HCRL,0,1,0.5769,Ogerpon
92002176,/Users/nickzwart/Desktop/11082026/92002176.json,motono0223,1,1,0.6341,Alakazam
92003003,/Users/nickzwart/Desktop/11082026/92003003.json,motono0223,1,0,0.6341,Ogerpon
92003888,/Users/nickzwart/Desktop/11082026/92003888.json,Jack,0,1,0.5227,Ogerpon
92003125,/Users/nickzwart/Desktop/11082026/92003125.json,motono0223,0,1,0.6341,Grimmsnarl
92003786,/Users/nickzwart/Desktop/11082026/92003786.json,kwa,1,1,0.5802,Alakazam
92003793,/Users/nickzwart/Desktop/11082026/92003793.json,matsurih,1,1,0.5393,Alakazam
92004043,/Users/nickzwart/Desktop/11082026/92004043.json,motono0223,1,1,0.6341,Grimmsnarl
92004103,/Users/nickzwart/Desktop/11082026/92004103.json,matsurih,0,0,0.5393,Alakazam
92004806,/Users/nickzwart/Desktop/11082026/92004806.json,szlachetny snieg,1,1,0.5455,Hydrapple
92007595,/Users/nickzwart/Desktop/11082026/92007595.json,Rmy,0,1,0.5821,other
92007598,/Users/nickzwart/Desktop/11082026/92007598.json,Funky,1,0,0.54,M-Kangaskhan
92007721,/Users/nickzwart/Desktop/11082026/92007721.json,sadwat,0,0,0.5339,Ogerpon
92007777,/Users/nickzwart/Desktop/11082026/92007777.json,kanno,1,0,0.5161,Alakazam
92008456,/Users/nickzwart/Desktop/11082026/92008456.json,HCRL,0,0,0.5769,Grimmsnarl
92009478,/Users/nickzwart/Desktop/11082026/92009478.json,stnick,0,1,0.5246,Dragapult
92010383,/Users/nickzwart/Desktop/11082026/92010383.json,szlachetny snieg,0,0,0.5455,Alakazam
92010434,/Users/nickzwart/Desktop/11082026/92010434.json,LumenLiquidity,1,1,0.5455,Alakazam
92011394,/Users/nickzwart/Desktop/11082026/92011394.json,Yopta,0,1,0.5566,Dragapult
92011424,/Users/nickzwart/Desktop/11082026/92011424.json,HCRL,1,1,0.5769,Alakazam
92011491,/Users/nickzwart/Desktop/11082026/92011491.json,stnick,0,1,0.5246,Hydrapple
92010647,/Users/nickzwart/Desktop/11082026/92010647.json,DavidFreelan,1,1,0.5952,Dragapult
92011551,/Users/nickzwart/Desktop/11082026/92011551.json,Brahim,0,0,0.4167,Grimmsnarl
92012334,/Users/nickzwart/Desktop/11082026/92012334.json,Brahim,0,0,0.4167,Dragapult
92014170,/Users/nickzwart/Desktop/11082026/92014170.json,Funky,1,0,0.54,M-Lucario
92014201,/Users/nickzwart/Desktop/11082026/92014201.json,szlachetny snieg,1,1,0.5455,Grimmsnarl
92013260,/Users/nickzwart/Desktop/11082026/92013260.json,miya,0,1,0.5476,other
92014247,/Users/nickzwart/Desktop/11082026/92014247.json,DavidFreelan,1,1,0.5952,M-Kangaskhan
92014322,/Users/nickzwart/Desktop/11082026/92014322.json,szlachetny snieg,1,1,0.5455,Dragapult
92016970,/Users/nickzwart/Desktop/11082026/92016970.json,djschmit,0,0,0.2857,M-Lucario
92016999,/Users/nickzwart/Desktop/11082026/92016999.json,DavidFreelan,1,1,0.5952,M-Kangaskhan
92016190,/Users/nickzwart/Desktop/11082026/92016190.json,cm391,0,1,0.4286,Alakazam
92016069,/Users/nickzwart/Desktop/11082026/92016069.json,Rmy,1,0,0.5821,M-Lucario
92016164,/Users/nickzwart/Desktop/11082026/92016164.json,szlachetny snieg,0,1,0.5455,M-Kangaskhan
92017050,/Users/nickzwart/Desktop/11082026/92017050.json,HCRL,0,0,0.5769,Ogerpon
92017978,/Users/nickzwart/Desktop/11082026/92017978.json,Team KASA.,0,1,0.5079,Grimmsnarl
92019692,/Users/nickzwart/Desktop/11082026/92019692.json,kyuuuuro,1,0,0.3333,Alakazam
92019799,/Users/nickzwart/Desktop/11082026/92019799.json,miya,1,0,0.5476,Grimmsnarl
92018967,/Users/nickzwart/Desktop/11082026/92018967.json,LumenLiquidity,0,0,0.5455,Alakazam
92018028,/Users/nickzwart/Desktop/11082026/92018028.json,miya,0,1,0.5476,M-Kangaskhan
92018806,/Users/nickzwart/Desktop/11082026/92018806.json,stnick,1,0,0.5246,Ogerpon
92018860,/Users/nickzwart/Desktop/11082026/92018860.json,LiamK,1,0,0.4444,M-Lucario
92020642,/Users/nickzwart/Desktop/11082026/92020642.json,Rmy,0,1,0.5821,Ogerpon
92020738,/Users/nickzwart/Desktop/11082026/92020738.json,stnick,1,0,0.5246,M-Lucario
92020847,/Users/nickzwart/Desktop/11082026/92020847.json,stnick,1,0,0.5246,M-Kangaskhan
92021591,/Users/nickzwart/Desktop/11082026/92021591.json,Rmy,1,1,0.5821,other
92021671,/Users/nickzwart/Desktop/11082026/92021671.json,Yopta,1,1,0.5566,Dragapult
92021673,/Users/nickzwart/Desktop/11082026/92021673.json,szlachetny snieg,1,1,0.5455,Ogerpon
92021922,/Users/nickzwart/Desktop/11082026/92021922.json,Brahim,1,0,0.4167,M-Kangaskhan
92022725,/Users/nickzwart/Desktop/11082026/92022725.json,HCRL,0,0,0.5769,Dragapult
92022732,/Users/nickzwart/Desktop/11082026/92022732.json,Rmy,1,1,0.5821,M-Kangaskhan
92023638,/Users/nickzwart/Desktop/11082026/92023638.json,DavidFreelan,0,0,0.5952,Grimmsnarl
92023718,/Users/nickzwart/Desktop/11082026/92023718.json,Dipam Chakraborty,0,0,0.641,M-Lucario
92024390,/Users/nickzwart/Desktop/11082026/92024390.json,HCRL,1,1,0.5769,M-Lucario
92024439,/Users/nickzwart/Desktop/11082026/92024439.json,miya,1,1,0.5476,Ogerpon
92026309,/Users/nickzwart/Desktop/11082026/92026309.json,szlachetny snieg,0,1,0.5455,Ogerpon
92028173,/Users/nickzwart/Desktop/11082026/92028173.json,stnick,0,1,0.5246,Alakazam
92028207,/Users/nickzwart/Desktop/11082026/92028207.json,kanno,0,1,0.5161,M-Kangaskhan
92027232,/Users/nickzwart/Desktop/11082026/92027232.json,matsurih,0,1,0.5393,Ogerpon
92027253,/Users/nickzwart/Desktop/11082026/92027253.json,kanno,1,1,0.5161,Grimmsnarl
92028258,/Users/nickzwart/Desktop/11082026/92028258.json,insuperabilehart,0,1,0.529,Dragapult
92028259,/Users/nickzwart/Desktop/11082026/92028259.json,motono0223,0,1,0.6341,Ogerpon
92028374,/Users/nickzwart/Desktop/11082026/92028374.json,Funky,0,0,0.54,Dragapult
92026481,/Users/nickzwart/Desktop/11082026/92026481.json,Funky,1,1,0.54,Grimmsnarl
92026493,/Users/nickzwart/Desktop/11082026/92026493.json,sadwat,0,1,0.5339,Dragapult
92026494,/Users/nickzwart/Desktop/11082026/92026494.json,szlachetny snieg,1,1,0.5455,Alakazam
92027306,/Users/nickzwart/Desktop/11082026/92027306.json,Brahim,0,0,0.4167,M-Lucario
92027329,/Users/nickzwart/Desktop/11082026/92027329.json,POKEN,1,1,0.5682,Grimmsnarl
92031056,/Users/nickzwart/Desktop/11082026/92031056.json,kanno,0,0,0.5161,M-Lucario
92031117,/Users/nickzwart/Desktop/11082026/92031117.json,Dipam Chakraborty,1,0,0.641,Alakazam
92031119,/Users/nickzwart/Desktop/11082026/92031119.json,Funky,1,0,0.54,Dragapult
92030257,/Users/nickzwart/Desktop/11082026/92030257.json,Brahim,0,0,0.4167,Alakazam
92030260,/Users/nickzwart/Desktop/11082026/92030260.json,kwa,1,0,0.5802,Grimmsnarl
92030261,/Users/nickzwart/Desktop/11082026/92030261.json,DavidFreelan,1,1,0.5952,Dragapult
92030308,/Users/nickzwart/Desktop/11082026/92030308.json,kkanayj,0,0,0.3438,Garchomp
92031996,/Users/nickzwart/Desktop/11082026/92031996.json,kanno,1,0,0.5161,Grimmsnarl
92032859,/Users/nickzwart/Desktop/11082026/92032859.json,Rikito Kanda,1,0,0.25,Dragapult
92033174,/Users/nickzwart/Desktop/11082026/92033174.json,miya,0,1,0.5476,Crustle
92032952,/Users/nickzwart/Desktop/11082026/92032952.json,kanno,0,0,0.5161,Grimmsnarl
92033057,/Users/nickzwart/Desktop/11082026/92033057.json,insuperabilehart,1,1,0.529,Alakazam
92034750,/Users/nickzwart/Desktop/11082026/92034750.json,szlachetny snieg,0,1,0.5455,M-Kangaskhan
92034827,/Users/nickzwart/Desktop/11082026/92034827.json,sadwat,1,0,0.5339,other
92034980,/Users/nickzwart/Desktop/11082026/92034980.json,DavidFreelan,1,0,0.5952,Alakazam
92035787,/Users/nickzwart/Desktop/11082026/92035787.json,Team KASA.,1,1,0.5079,Alakazam
92035808,/Users/nickzwart/Desktop/11082026/92035808.json,kanno,0,0,0.5161,M-Lopunny
92035808,/Users/nickzwart/Desktop/11082026/92035808.json,Rmy,1,1,0.5821,M-Lopunny
92035824,/Users/nickzwart/Desktop/11082026/92035824.json,motono0223,0,1,0.6341,Ogerpon
92036761,/Users/nickzwart/Desktop/11082026/92036761.json,kanno,1,1,0.5161,Ogerpon
92037620,/Users/nickzwart/Desktop/11082026/92037620.json,cm391,1,1,0.4286,Ogerpon
92037729,/Users/nickzwart/Desktop/11082026/92037729.json,kanno,0,0,0.5161,Grimmsnarl
92039553,/Users/nickzwart/Desktop/11082026/92039553.json,Funky,0,1,0.54,Grimmsnarl
92040489,/Users/nickzwart/Desktop/11082026/92040489.json,motono0223,1,1,0.6341,Dragapult
92040560,/Users/nickzwart/Desktop/11082026/92040560.json,Rmy,0,0,0.5821,M-Lucario
92041366,/Users/nickzwart/Desktop/11082026/92041366.json,stnick,1,1,0.5246,Dragapult
92041520,/Users/nickzwart/Desktop/11082026/92041520.json,Dipam Chakraborty,0,0,0.641,M-Lucario
92041555,/Users/nickzwart/Desktop/11082026/92041555.json,kanno,0,1,0.5161,Grimmsnarl
92042278,/Users/nickzwart/Desktop/11082026/92042278.json,cm391,0,0,0.4286,Grimmsnarl
92042522,/Users/nickzwart/Desktop/11082026/92042522.json,Yopta,0,0,0.5566,M-Lucario
92043429,/Users/nickzwart/Desktop/11082026/92043429.json,motono0223,1,1,0.6341,M-Lucario
92045311,/Users/nickzwart/Desktop/11082026/92045311.json,Rmy,0,0,0.5821,M-Lucario
92047989,/Users/nickzwart/Desktop/11082026/92047989.json,kanno,1,0,0.5161,Alakazam
92048051,/Users/nickzwart/Desktop/11082026/92048051.json,Rmy,0,1,0.5821,Dragapult
92048159,/Users/nickzwart/Desktop/11082026/92048159.json,Funky,0,1,0.54,Alakazam
92049222,/Users/nickzwart/Desktop/11082026/92049222.json,HCRL,1,1,0.5769,Grimmsnarl
92050043,/Users/nickzwart/Desktop/11082026/92050043.json,stnick,0,0,0.5246,M-Lucario
92051095,/Users/nickzwart/Desktop/11082026/92051095.json,john jiang zhifeng,1,0,0.3243,Dragapult
92052662,/Users/nickzwart/Desktop/11082026/92052662.json,Rmy,1,1,0.5821,Grimmsnarl
92053602,/Users/nickzwart/Desktop/11082026/92053602.json,matsurih,0,0,0.5393,Grimmsnarl
92053879,/Users/nickzwart/Desktop/11082026/92053879.json,sadwat,1,0,0.5339,Alakazam
92055673,/Users/nickzwart/Desktop/11082026/92055673.json,Rmy,0,1,0.5821,Grimmsnarl
92055684,/Users/nickzwart/Desktop/11082026/92055684.json,miya,0,1,0.5476,Grimmsnarl
92056425,/Users/nickzwart/Desktop/11082026/92056425.json,POKEN,1,1,0.5682,M-Kangaskhan
92056457,/Users/nickzwart/Desktop/11082026/92056457.json,insuperabilehart,1,0,0.529,Alakazam
92056650,/Users/nickzwart/Desktop/11082026/92056650.json,LiamK,0,1,0.4444,Hydrapple
92057357,/Users/nickzwart/Desktop/11082026/92057357.json,POKEN,1,0,0.5682,Grimmsnarl
92057387,/Users/nickzwart/Desktop/11082026/92057387.json,LiamK,1,0,0.4444,Alakazam
92057628,/Users/nickzwart/Desktop/11082026/92057628.json,Rikito Kanda,1,0,0.25,Grimmsnarl
92058324,/Users/nickzwart/Desktop/11082026/92058324.json,miya,0,0,0.5476,Ogerpon
92058519,/Users/nickzwart/Desktop/11082026/92058519.json,Rikito Kanda,0,0,0.25,Grimmsnarl
92060208,/Users/nickzwart/Desktop/11082026/92060208.json,szlachetny snieg,0,1,0.5455,M-Lopunny
92060208,/Users/nickzwart/Desktop/11082026/92060208.json,POKEN,1,0,0.5682,M-Lopunny
92060254,/Users/nickzwart/Desktop/11082026/92060254.json,szlachetny snieg,1,1,0.5455,Grimmsnarl
92060261,/Users/nickzwart/Desktop/11082026/92060261.json,kanno,1,0,0.5161,Alakazam
92060491,/Users/nickzwart/Desktop/11082026/92060491.json,dasfds,1,0,0.1429,M-Kangaskhan
92061165,/Users/nickzwart/Desktop/11082026/92061165.json,kanno,0,0,0.5161,Alakazam
92061178,/Users/nickzwart/Desktop/11082026/92061178.json,Rmy,0,0,0.5821,Grimmsnarl
92063009,/Users/nickzwart/Desktop/11082026/92063009.json,matsurih,0,1,0.5393,Grimmsnarl
92063230,/Users/nickzwart/Desktop/11082026/92063230.json,Dipam Chakraborty,1,0,0.641,Grimmsnarl
92063917,/Users/nickzwart/Desktop/11082026/92063917.json,matsurih,1,0,0.5393,Alakazam
92064004,/Users/nickzwart/Desktop/11082026/92064004.json,kanno,0,0,0.5161,Grimmsnarl
92064092,/Users/nickzwart/Desktop/11082026/92064092.json,Rmy,0,1,0.5821,M-Kangaskhan
92064893,/Users/nickzwart/Desktop/11082026/92064893.json,Dipam Chakraborty,0,0,0.641,Dragapult
92064975,/Users/nickzwart/Desktop/11082026/92064975.json,miya,0,0,0.5476,Ogerpon
92064995,/Users/nickzwart/Desktop/11082026/92064995.json,DavidFreelan,0,1,0.5952,Dragapult
92065063,/Users/nickzwart/Desktop/11082026/92065063.json,Rmy,1,0,0.5821,Dragapult
92065178,/Users/nickzwart/Desktop/11082026/92065178.json,motono0223,0,1,0.6341,Grimmsnarl
92065830,/Users/nickzwart/Desktop/11082026/92065830.json,Funky,1,0,0.54,Dragapult
92065898,/Users/nickzwart/Desktop/11082026/92065898.json,insuperabilehart,0,1,0.529,M-Lopunny
92065898,/Users/nickzwart/Desktop/11082026/92065898.json,POKEN,1,0,0.5682,M-Lopunny
92066132,/Users/nickzwart/Desktop/11082026/92066132.json,matsurih,1,1,0.5393,Ogerpon
92065936,/Users/nickzwart/Desktop/11082026/92065936.json,insuperabilehart,0,1,0.529,Grimmsnarl
92065957,/Users/nickzwart/Desktop/11082026/92065957.json,kanno,0,0,0.5161,Alakazam
92068024,/Users/nickzwart/Desktop/11082026/92068024.json,HCRL,1,1,0.5769,M-Lucario
92067857,/Users/nickzwart/Desktop/11082026/92067857.json,Brahim,1,1,0.4167,Grimmsnarl
92067901,/Users/nickzwart/Desktop/11082026/92067901.json,Brahim,1,0,0.4167,Dragapult
92068776,/Users/nickzwart/Desktop/11082026/92068776.json,Rmy,0,1,0.5821,Alakazam
92068976,/Users/nickzwart/Desktop/11082026/92068976.json,Rikito Kanda,1,0,0.25,Ogerpon
92069597,/Users/nickzwart/Desktop/11082026/92069597.json,Rmy,0,1,0.5821,Grimmsnarl
92070554,/Users/nickzwart/Desktop/11082026/92070554.json,szlachetny snieg,0,1,0.5455,Grimmsnarl
92070695,/Users/nickzwart/Desktop/11082026/92070695.json,motono0223,1,1,0.6341,Dragapult
92071561,/Users/nickzwart/Desktop/11082026/92071561.json,sadwat,1,0,0.5339,Dragapult
92071658,/Users/nickzwart/Desktop/11082026/92071658.json,matsurih,0,1,0.5393,Grimmsnarl
92071672,/Users/nickzwart/Desktop/11082026/92071672.json,matsurih,1,0,0.5393,Alakazam
92071874,/Users/nickzwart/Desktop/11082026/92071874.json,DavidFreelan,1,1,0.5952,Alakazam
92072583,/Users/nickzwart/Desktop/11082026/92072583.json,sadwat,1,1,0.5339,Alakazam
92072679,/Users/nickzwart/Desktop/11082026/92072679.json,Team KASA.,1,0,0.5079,Alakazam
92072683,/Users/nickzwart/Desktop/11082026/92072683.json,Brahim,0,1,0.4167,Grimmsnarl
92073463,/Users/nickzwart/Desktop/11082026/92073463.json,DavidFreelan,0,0,0.5952,Alakazam
92073532,/Users/nickzwart/Desktop/11082026/92073532.json,Rmy,0,0,0.5821,Ogerpon
92073656,/Users/nickzwart/Desktop/11082026/92073656.json,Rmy,0,0,0.5821,M-Lucario
92075345,/Users/nickzwart/Desktop/11082026/92075345.json,Yopta,1,1,0.5566,Grimmsnarl
92075366,/Users/nickzwart/Desktop/11082026/92075366.json,insuperabilehart,1,0,0.529,Garchomp
92074430,/Users/nickzwart/Desktop/11082026/92074430.json,HCRL,1,0,0.5769,Dragapult
92074518,/Users/nickzwart/Desktop/11082026/92074518.json,Rikito Kanda,1,1,0.25,Ogerpon
92074524,/Users/nickzwart/Desktop/11082026/92074524.json,POKEN,0,1,0.5682,M-Lopunny
92074524,/Users/nickzwart/Desktop/11082026/92074524.json,Rmy,1,0,0.5821,M-Lopunny
92075471,/Users/nickzwart/Desktop/11082026/92075471.json,szlachetny snieg,0,0,0.5455,Alakazam
92075474,/Users/nickzwart/Desktop/11082026/92075474.json,Brahim,0,1,0.4167,Ogerpon
92075476,/Users/nickzwart/Desktop/11082026/92075476.json,POKEN,0,1,0.5682,Ogerpon
92075511,/Users/nickzwart/Desktop/11082026/92075511.json,sadwat,1,1,0.5339,Grimmsnarl
92076345,/Users/nickzwart/Desktop/11082026/92076345.json,sadwat,1,1,0.5339,Dragapult
92076419,/Users/nickzwart/Desktop/11082026/92076419.json,kanno,0,0,0.5161,Grimmsnarl
92076599,/Users/nickzwart/Desktop/11082026/92076599.json,motono0223,0,1,0.6341,M-Kangaskhan
92077249,/Users/nickzwart/Desktop/11082026/92077249.json,stnick,0,0,0.5246,M-Lopunny
92077249,/Users/nickzwart/Desktop/11082026/92077249.json,Yopta,1,1,0.5566,M-Lopunny
92077274,/Users/nickzwart/Desktop/11082026/92077274.json,Funky,0,1,0.54,Alakazam
92077298,/Users/nickzwart/Desktop/11082026/92077298.json,Dipam Chakraborty,1,1,0.641,Dragapult
92076538,/Users/nickzwart/Desktop/11082026/92076538.json,Brahim,0,0,0.4167,M-Lopunny
92076538,/Users/nickzwart/Desktop/11082026/92076538.json,insuperabilehart,1,1,0.529,M-Lopunny
92077409,/Users/nickzwart/Desktop/11082026/92077409.json,DavidFreelan,0,1,0.5952,Dragapult
92078333,/Users/nickzwart/Desktop/11082026/92078333.json,POKEN,1,0,0.5682,Ogerpon
92078349,/Users/nickzwart/Desktop/11082026/92078349.json,DavidFreelan,1,0,0.5952,Dragapult
92078495,/Users/nickzwart/Desktop/11082026/92078495.json,LiamK,1,0,0.4444,Dragapult
92078532,/Users/nickzwart/Desktop/11082026/92078532.json,Rmy,0,1,0.5821,Alakazam
92079175,/Users/nickzwart/Desktop/11082026/92079175.json,Rmy,1,0,0.5821,Garchomp
92079225,/Users/nickzwart/Desktop/11082026/92079225.json,Yopta,0,1,0.5566,M-Lopunny
92079225,/Users/nickzwart/Desktop/11082026/92079225.json,Brahim,1,0,0.4167,M-Lopunny
92079254,/Users/nickzwart/Desktop/11082026/92079254.json,sadwat,1,0,0.5339,Dragapult
92079294,/Users/nickzwart/Desktop/11082026/92079294.json,POKEN,1,0,0.5682,Garchomp
92080077,/Users/nickzwart/Desktop/11082026/92080077.json,Yopta,1,0,0.5566,M-Lucario
92080217,/Users/nickzwart/Desktop/11082026/92080217.json,miya,0,1,0.5476,M-Lopunny
92080217,/Users/nickzwart/Desktop/11082026/92080217.json,kanno,1,0,0.5161,M-Lopunny
92081013,/Users/nickzwart/Desktop/11082026/92081013.json,Yopta,1,1,0.5566,Hydrapple
92081177,/Users/nickzwart/Desktop/11082026/92081177.json,kanno,1,0,0.5161,Grimmsnarl
92081281,/Users/nickzwart/Desktop/11082026/92081281.json,motono0223,0,0,0.6341,Grimmsnarl
92081942,/Users/nickzwart/Desktop/11082026/92081942.json,Yopta,1,1,0.5566,Garchomp
92081987,/Users/nickzwart/Desktop/11082026/92081987.json,Yopta,1,0,0.5566,Dragapult
92081989,/Users/nickzwart/Desktop/11082026/92081989.json,kanno,0,0,0.5161,Alakazam
92082077,/Users/nickzwart/Desktop/11082026/92082077.json,matsurih,0,1,0.5393,Alakazam
92082827,/Users/nickzwart/Desktop/11082026/92082827.json,kwa,1,1,0.5802,Grimmsnarl
92082832,/Users/nickzwart/Desktop/11082026/92082832.json,POKEN,1,0,0.5682,Hydrapple
92082868,/Users/nickzwart/Desktop/11082026/92082868.json,Yopta,1,0,0.5566,Grimmsnarl
92082941,/Users/nickzwart/Desktop/11082026/92082941.json,Rmy,0,1,0.5821,M-Kangaskhan
92083748,/Users/nickzwart/Desktop/11082026/92083748.json,Yopta,1,1,0.5566,Alakazam
92083851,/Users/nickzwart/Desktop/11082026/92083851.json,kwa,0,0,0.5802,M-Kangaskhan
92084679,/Users/nickzwart/Desktop/11082026/92084679.json,kwa,1,1,0.5802,Grimmsnarl
92084720,/Users/nickzwart/Desktop/11082026/92084720.json,Yopta,0,1,0.5566,Grimmsnarl
92085024,/Users/nickzwart/Desktop/11082026/92085024.json,Team KASA.,0,0,0.5079,Grimmsnarl
92085573,/Users/nickzwart/Desktop/11082026/92085573.json,Gijs Smit,1,1,0.48,Dudunsparce
92085618,/Users/nickzwart/Desktop/11082026/92085618.json,Rikito Kanda,0,0,0.25,M-Lopunny
92085618,/Users/nickzwart/Desktop/11082026/92085618.json,kwa,1,1,0.5802,M-Lopunny
92085648,/Users/nickzwart/Desktop/11082026/92085648.json,Yopta,1,0,0.5566,Grimmsnarl
92086557,/Users/nickzwart/Desktop/11082026/92086557.json,kwa,1,0,0.5802,Alakazam
92086598,/Users/nickzwart/Desktop/11082026/92086598.json,Yopta,0,1,0.5566,Hydrapple
92086746,/Users/nickzwart/Desktop/11082026/92086746.json,sadwat,1,0,0.5339,M-Lucario
92086774,/Users/nickzwart/Desktop/11082026/92086774.json,sadwat,0,1,0.5339,other
92086783,/Users/nickzwart/Desktop/11082026/92086783.json,sadwat,1,0,0.5339,Dragapult
92086832,/Users/nickzwart/Desktop/11082026/92086832.json,motono0223,0,0,0.6341,M-Lopunny
92086832,/Users/nickzwart/Desktop/11082026/92086832.json,LiamK,1,1,0.4444,M-Lopunny
92086862,/Users/nickzwart/Desktop/11082026/92086862.json,motono0223,1,1,0.6341,Dragapult
92086877,/Users/nickzwart/Desktop/11082026/92086877.json,kanno,1,0,0.5161,Hydrapple
92086878,/Users/nickzwart/Desktop/11082026/92086878.json,LiamK,1,1,0.4444,Alakazam
92087454,/Users/nickzwart/Desktop/11082026/92087454.json,Gijs Smit,0,1,0.48,Dragapult
92087762,/Users/nickzwart/Desktop/11082026/92087762.json,Yopta,0,0,0.5566,M-Lucario
92088384,/Users/nickzwart/Desktop/11082026/92088384.json,Gijs Smit,1,0,0.48,other
92088417,/Users/nickzwart/Desktop/11082026/92088417.json,kwa,1,1,0.5802,Ogerpon
92088456,/Users/nickzwart/Desktop/11082026/92088456.json,Yopta,0,0,0.5566,Grimmsnarl
92088666,/Users/nickzwart/Desktop/11082026/92088666.json,insuperabilehart,0,1,0.529,Ogerpon
92089392,/Users/nickzwart/Desktop/11082026/92089392.json,Yopta,0,1,0.5566,Alakazam
92090611,/Users/nickzwart/Desktop/11082026/92090611.json,Dipam Chakraborty,0,0,0.641,Alakazam
92091262,/Users/nickzwart/Desktop/11082026/92091262.json,Yopta,0,1,0.5566,Dragapult
92090328,/Users/nickzwart/Desktop/11082026/92090328.json,Yopta,1,1,0.5566,Dragapult
92090557,/Users/nickzwart/Desktop/11082026/92090557.json,sadwat,0,0,0.5339,Dragapult
92091480,/Users/nickzwart/Desktop/11082026/92091480.json,insuperabilehart,0,0,0.529,Grimmsnarl
92092155,/Users/nickzwart/Desktop/11082026/92092155.json,kwa,0,1,0.5802,Grimmsnarl
92091444,/Users/nickzwart/Desktop/11082026/92091444.json,sadwat,0,0,0.5339,Dragapult
92092201,/Users/nickzwart/Desktop/11082026/92092201.json,Yopta,0,1,0.5566,Dragapult
92094022,/Users/nickzwart/Desktop/11082026/92094022.json,kwa,1,1,0.5802,Ogerpon
92094042,/Users/nickzwart/Desktop/11082026/92094042.json,Funky,1,1,0.54,Hydrapple
92094064,/Users/nickzwart/Desktop/11082026/92094064.json,Yopta,0,0,0.5566,M-Kangaskhan
92093061,/Users/nickzwart/Desktop/11082026/92093061.json,kwa,1,1,0.5802,Hydrapple
92093135,/Users/nickzwart/Desktop/11082026/92093135.json,Yopta,0,1,0.5566,Alakazam
92093297,/Users/nickzwart/Desktop/11082026/92093297.json,motono0223,0,0,0.6341,Dragapult
92094212,/Users/nickzwart/Desktop/11082026/92094212.json,Brahim,0,1,0.4167,Ogerpon
92094239,/Users/nickzwart/Desktop/11082026/92094239.json,miya,0,1,0.5476,Grimmsnarl
92094950,/Users/nickzwart/Desktop/11082026/92094950.json,insuperabilehart,0,1,0.529,M-Lopunny
92094950,/Users/nickzwart/Desktop/11082026/92094950.json,kwa,1,0,0.5802,M-Lopunny
92094994,/Users/nickzwart/Desktop/11082026/92094994.json,Yopta,0,1,0.5566,Grimmsnarl
92095877,/Users/nickzwart/Desktop/11082026/92095877.json,Gijs Smit,0,1,0.48,Alakazam
92095894,/Users/nickzwart/Desktop/11082026/92095894.json,kwa,1,0,0.5802,Ogerpon
92095931,/Users/nickzwart/Desktop/11082026/92095931.json,Yopta,1,1,0.5566,Grimmsnarl
92095955,/Users/nickzwart/Desktop/11082026/92095955.json,HCRL,0,0,0.5769,Dragapult
92095977,/Users/nickzwart/Desktop/11082026/92095977.json,Rmy,1,1,0.5821,Crustle
92096045,/Users/nickzwart/Desktop/11082026/92096045.json,sadwat,0,0,0.5339,Ogerpon
92096897,/Users/nickzwart/Desktop/11082026/92096897.json,Yopta,0,1,0.5566,M-Lopunny
92096897,/Users/nickzwart/Desktop/11082026/92096897.json,szlachetny snieg,1,0,0.5455,M-Lopunny
92098027,/Users/nickzwart/Desktop/11082026/92098027.json,kanno,1,1,0.5161,M-Kangaskhan
92097762,/Users/nickzwart/Desktop/11082026/92097762.json,kwa,0,1,0.5802,Hydrapple
92097778,/Users/nickzwart/Desktop/11082026/92097778.json,szlachetny snieg,0,1,0.5455,Hydrapple
92097804,/Users/nickzwart/Desktop/11082026/92097804.json,matsurih,0,0,0.5393,Alakazam
92097808,/Users/nickzwart/Desktop/11082026/92097808.json,Yopta,1,1,0.5566,Hydrapple
92098691,/Users/nickzwart/Desktop/11082026/92098691.json,Gijs Smit,0,0,0.48,Grimmsnarl
92098718,/Users/nickzwart/Desktop/11082026/92098718.json,kwa,0,0,0.5802,Alakazam
92098759,/Users/nickzwart/Desktop/11082026/92098759.json,sadwat,0,1,0.5339,M-Lopunny
92098759,/Users/nickzwart/Desktop/11082026/92098759.json,Yopta,1,0,0.5566,M-Lopunny
92099684,/Users/nickzwart/Desktop/11082026/92099684.json,kwa,1,0,0.5802,Dragapult
92099725,/Users/nickzwart/Desktop/11082026/92099725.json,Yopta,1,1,0.5566,Dragapult
92100629,/Users/nickzwart/Desktop/11082026/92100629.json,kwa,0,1,0.5802,Grimmsnarl
92100756,/Users/nickzwart/Desktop/11082026/92100756.json,Yopta,1,0,0.5566,M-Lucario
92101528,/Users/nickzwart/Desktop/11082026/92101528.json,motono0223,0,0,0.6341,Dragapult
92101548,/Users/nickzwart/Desktop/11082026/92101548.json,kkanayj,0,0,0.3438,Grimmsnarl
92101596,/Users/nickzwart/Desktop/11082026/92101596.json,kwa,0,1,0.5802,M-Lucario
92101629,/Users/nickzwart/Desktop/11082026/92101629.json,Yopta,1,0,0.5566,Grimmsnarl
92103415,/Users/nickzwart/Desktop/11082026/92103415.json,Rmy,1,0,0.5821,Dragapult
92103468,/Users/nickzwart/Desktop/11082026/92103468.json,john jiang zhifeng,0,0,0.3243,Alakazam
92102513,/Users/nickzwart/Desktop/11082026/92102513.json,kwa,1,1,0.5802,Alakazam
92102523,/Users/nickzwart/Desktop/11082026/92102523.json,Gijs Smit,0,0,0.48,Dragapult
92102551,/Users/nickzwart/Desktop/11082026/92102551.json,kwa,0,1,0.5802,Alakazam
92102591,/Users/nickzwart/Desktop/11082026/92102591.json,Yopta,0,1,0.5566,Alakazam
92103514,/Users/nickzwart/Desktop/11082026/92103514.json,kwa,1,0,0.5802,M-Lucario
92103553,/Users/nickzwart/Desktop/11082026/92103553.json,Yopta,1,0,0.5566,Ogerpon
92103605,/Users/nickzwart/Desktop/11082026/92103605.json,DavidFreelan,1,0,0.5952,Ogerpon
92104365,/Users/nickzwart/Desktop/11082026/92104365.json,Brahim,1,0,0.4167,Dragapult
92104468,/Users/nickzwart/Desktop/11082026/92104468.json,kwa,1,0,0.5802,Hydrapple
92104509,/Users/nickzwart/Desktop/11082026/92104509.json,Yopta,1,0,0.5566,M-Lucario
92104592,/Users/nickzwart/Desktop/11082026/92104592.json,stnick,0,1,0.5246,Grimmsnarl
92105563,/Users/nickzwart/Desktop/11082026/92105563.json,HCRL,0,1,0.5769,other
92106291,/Users/nickzwart/Desktop/11082026/92106291.json,Gijs Smit,0,1,0.48,Grimmsnarl
92105394,/Users/nickzwart/Desktop/11082026/92105394.json,insuperabilehart,0,1,0.529,Alakazam
92105432,/Users/nickzwart/Desktop/11082026/92105432.json,kwa,1,0,0.5802,Grimmsnarl
92105466,/Users/nickzwart/Desktop/11082026/92105466.json,Yopta,0,0,0.5566,Grimmsnarl
92106357,/Users/nickzwart/Desktop/11082026/92106357.json,Yopta,1,1,0.5566,Grimmsnarl
92107276,/Users/nickzwart/Desktop/11082026/92107276.json,miya,1,0,0.5476,Alakazam
92107312,/Users/nickzwart/Desktop/11082026/92107312.json,kwa,1,0,0.5802,Alakazam
92107351,/Users/nickzwart/Desktop/11082026/92107351.json,Yopta,0,1,0.5566,Grimmsnarl
92106407,/Users/nickzwart/Desktop/11082026/92106407.json,kwa,1,1,0.5802,Ogerpon
92106496,/Users/nickzwart/Desktop/11082026/92106496.json,miya,0,0,0.5476,Alakazam
92106601,/Users/nickzwart/Desktop/11082026/92106601.json,Rmy,0,1,0.5821,Grimmsnarl
92108195,/Users/nickzwart/Desktop/11082026/92108195.json,Gijs Smit,0,1,0.48,M-Lopunny
92108195,/Users/nickzwart/Desktop/11082026/92108195.json,kanno,1,0,0.5161,M-Lopunny
92108239,/Users/nickzwart/Desktop/11082026/92108239.json,kwa,0,1,0.5802,Alakazam
92108272,/Users/nickzwart/Desktop/11082026/92108272.json,Yopta,1,1,0.5566,M-Lucario
92108318,/Users/nickzwart/Desktop/11082026/92108318.json,stnick,0,0,0.5246,M-Lucario
92109118,/Users/nickzwart/Desktop/11082026/92109118.json,Gijs Smit,0,0,0.48,Alakazam
92109164,/Users/nickzwart/Desktop/11082026/92109164.json,kwa,0,1,0.5802,M-Lopunny
92109164,/Users/nickzwart/Desktop/11082026/92109164.json,szlachetny snieg,1,0,0.5455,M-Lopunny
92109054,/Users/nickzwart/Desktop/11082026/92109054.json,Funky,0,0,0.54,Garchomp
92109061,/Users/nickzwart/Desktop/11082026/92109061.json,motono0223,0,0,0.6341,other
92109085,/Users/nickzwart/Desktop/11082026/92109085.json,Yopta,1,1,0.5566,Dragapult
92109194,/Users/nickzwart/Desktop/11082026/92109194.json,Yopta,1,0,0.5566,Dragapult
92110042,/Users/nickzwart/Desktop/11082026/92110042.json,Gijs Smit,1,1,0.48,Grimmsnarl
92110046,/Users/nickzwart/Desktop/11082026/92110046.json,miya,1,1,0.5476,Alakazam
92110084,/Users/nickzwart/Desktop/11082026/92110084.json,kwa,1,0,0.5802,Hydrapple
92110097,/Users/nickzwart/Desktop/11082026/92110097.json,stnick,1,0,0.5246,Hydrapple
92110121,/Users/nickzwart/Desktop/11082026/92110121.json,Yopta,0,0,0.5566,M-Lopunny
92110121,/Users/nickzwart/Desktop/11082026/92110121.json,matsurih,1,1,0.5393,M-Lopunny
92111836,/Users/nickzwart/Desktop/11082026/92111836.json,HCRL,0,0,0.5769,Dragapult
92111837,/Users/nickzwart/Desktop/11082026/92111837.json,Funky,1,1,0.54,Grimmsnarl
92111858,/Users/nickzwart/Desktop/11082026/92111858.json,Rmy,0,1,0.5821,M-Kangaskhan
92111887,/Users/nickzwart/Desktop/11082026/92111887.json,insuperabilehart,0,1,0.529,Alakazam
92110896,/Users/nickzwart/Desktop/11082026/92110896.json,Funky,0,1,0.54,Grimmsnarl
92110938,/Users/nickzwart/Desktop/11082026/92110938.json,Gijs Smit,0,0,0.48,Grimmsnarl
92110962,/Users/nickzwart/Desktop/11082026/92110962.json,kwa,0,0,0.5802,Alakazam
92111029,/Users/nickzwart/Desktop/11082026/92111029.json,Yopta,0,0,0.5566,Alakazam
92111167,/Users/nickzwart/Desktop/11082026/92111167.json,Rikito Kanda,1,0,0.25,Grimmsnarl
92111899,/Users/nickzwart/Desktop/11082026/92111899.json,Gijs Smit,0,0,0.48,M-Lucario
92111951,/Users/nickzwart/Desktop/11082026/92111951.json,kwa,0,1,0.5802,Grimmsnarl
92111978,/Users/nickzwart/Desktop/11082026/92111978.json,Yopta,0,0,0.5566,M-Lopunny
92111978,/Users/nickzwart/Desktop/11082026/92111978.json,sadwat,1,1,0.5339,M-Lopunny
92112843,/Users/nickzwart/Desktop/11082026/92112843.json,Gijs Smit,1,1,0.48,Grimmsnarl
92112874,/Users/nickzwart/Desktop/11082026/92112874.json,cm391,0,0,0.4286,M-Lopunny
92112874,/Users/nickzwart/Desktop/11082026/92112874.json,kwa,1,1,0.5802,M-Lopunny
92112886,/Users/nickzwart/Desktop/11082026/92112886.json,stnick,1,0,0.5246,Hydrapple
92112899,/Users/nickzwart/Desktop/11082026/92112899.json,cm391,1,0,0.4286,Alakazam
92112913,/Users/nickzwart/Desktop/11082026/92112913.json,Rmy,0,1,0.5821,M-Lopunny
92112913,/Users/nickzwart/Desktop/11082026/92112913.json,Yopta,1,0,0.5566,M-Lopunny
92113770,/Users/nickzwart/Desktop/11082026/92113770.json,Gijs Smit,0,1,0.48,Ogerpon
92113800,/Users/nickzwart/Desktop/11082026/92113800.json,kwa,0,0,0.5802,Grimmsnarl
92113834,/Users/nickzwart/Desktop/11082026/92113834.json,HCRL,1,1,0.5769,Alakazam
92113699,/Users/nickzwart/Desktop/11082026/92113699.json,Funky,0,1,0.54,M-Lopunny
92113699,/Users/nickzwart/Desktop/11082026/92113699.json,john jiang zhifeng,1,0,0.3243,M-Lopunny
92114615,/Users/nickzwart/Desktop/11082026/92114615.json,Brahim,0,1,0.4167,Grimmsnarl
92114652,/Users/nickzwart/Desktop/11082026/92114652.json,szlachetny snieg,0,0,0.5455,M-Lopunny
92114652,/Users/nickzwart/Desktop/11082026/92114652.json,Funky,1,1,0.54,M-Lopunny
92114759,/Users/nickzwart/Desktop/11082026/92114759.json,kwa,0,1,0.5802,Hydrapple
92114911,/Users/nickzwart/Desktop/11082026/92114911.json,Funky,0,1,0.54,Alakazam
92115591,/Users/nickzwart/Desktop/11082026/92115591.json,Funky,0,1,0.54,Grimmsnarl
92115593,/Users/nickzwart/Desktop/11082026/92115593.json,sadwat,0,1,0.5339,Dragapult
92115597,/Users/nickzwart/Desktop/11082026/92115597.json,insuperabilehart,1,0,0.529,other
92115702,/Users/nickzwart/Desktop/11082026/92115702.json,kwa,0,1,0.5802,Alakazam
92115805,/Users/nickzwart/Desktop/11082026/92115805.json,Rmy,1,1,0.5821,Dragapult
92116428,/Users/nickzwart/Desktop/11082026/92116428.json,loIzpo + emonga,0,1,0.5057,Grimmsnarl
92117353,/Users/nickzwart/Desktop/11082026/92117353.json,loIzpo + emonga,1,0,0.5057,Dragapult
92117438,/Users/nickzwart/Desktop/11082026/92117438.json,Brahim,1,0,0.4167,Dragapult
92117448,/Users/nickzwart/Desktop/11082026/92117448.json,Funky,1,1,0.54,M-Lucario
92116576,/Users/nickzwart/Desktop/11082026/92116576.json,Gijs Smit,1,1,0.48,Grimmsnarl
92116612,/Users/nickzwart/Desktop/11082026/92116612.json,kwa,1,0,0.5802,Alakazam
92117640,/Users/nickzwart/Desktop/11082026/92117640.json,kkanayj,0,1,0.3438,Ogerpon
92118334,/Users/nickzwart/Desktop/11082026/92118334.json,Funky,0,0,0.54,M-Lopunny
92118334,/Users/nickzwart/Desktop/11082026/92118334.json,kwa,1,1,0.5802,M-Lopunny
92118356,/Users/nickzwart/Desktop/11082026/92118356.json,miya,0,0,0.5476,other
92117463,/Users/nickzwart/Desktop/11082026/92117463.json,sadwat,1,0,0.5339,Dragapult
92117466,/Users/nickzwart/Desktop/11082026/92117466.json,insuperabilehart,1,1,0.529,Alakazam
92117505,/Users/nickzwart/Desktop/11082026/92117505.json,Gijs Smit,0,0,0.48,Alakazam
92117535,/Users/nickzwart/Desktop/11082026/92117535.json,kwa,1,1,0.5802,Grimmsnarl
92118435,/Users/nickzwart/Desktop/11082026/92118435.json,Gijs Smit,1,1,0.48,Grimmsnarl
92118462,/Users/nickzwart/Desktop/11082026/92118462.json,kwa,1,0,0.5802,Alakazam
92119293,/Users/nickzwart/Desktop/11082026/92119293.json,Funky,1,1,0.54,Grimmsnarl
92119360,/Users/nickzwart/Desktop/11082026/92119360.json,Gijs Smit,1,0,0.48,Ogerpon
92119393,/Users/nickzwart/Desktop/11082026/92119393.json,kwa,0,0,0.5802,M-Lopunny
92119393,/Users/nickzwart/Desktop/11082026/92119393.json,miya,1,1,0.5476,M-Lopunny
92120157,/Users/nickzwart/Desktop/11082026/92120157.json,カントー地方マスター(KantoRegionMaster),1,1,0.6786,Grimmsnarl
92120214,/Users/nickzwart/Desktop/11082026/92120214.json,Gijs Smit,1,0,0.48,other
92120216,/Users/nickzwart/Desktop/11082026/92120216.json,Funky,1,1,0.54,M-Kangaskhan
92120291,/Users/nickzwart/Desktop/11082026/92120291.json,Gijs Smit,0,0,0.48,Ogerpon
92120318,/Users/nickzwart/Desktop/11082026/92120318.json,kwa,1,1,0.5802,Grimmsnarl
92121045,/Users/nickzwart/Desktop/11082026/92121045.json,loIzpo + emonga,0,1,0.5057,M-Kangaskhan
92121076,/Users/nickzwart/Desktop/11082026/92121076.json,カントー地方マスター(KantoRegionMaster),1,1,0.6786,Alakazam
92121130,/Users/nickzwart/Desktop/11082026/92121130.json,miya,0,1,0.5476,other
92121135,/Users/nickzwart/Desktop/11082026/92121135.json,Funky,1,1,0.54,Dragapult
92121180,/Users/nickzwart/Desktop/11082026/92121180.json,matsurih,1,0,0.5393,Grimmsnarl
92121981,/Users/nickzwart/Desktop/11082026/92121981.json,loIzpo + emonga,0,1,0.5057,Ogerpon
92122013,/Users/nickzwart/Desktop/11082026/92122013.json,カントー地方マスター(KantoRegionMaster),1,1,0.6786,Grimmsnarl
92121209,/Users/nickzwart/Desktop/11082026/92121209.json,Gijs Smit,0,0,0.48,Alakazam
92121235,/Users/nickzwart/Desktop/11082026/92121235.json,kwa,0,1,0.5802,Dragapult
92122068,/Users/nickzwart/Desktop/11082026/92122068.json,Funky,0,1,0.54,Crustle
92122911,/Users/nickzwart/Desktop/11082026/92122911.json,loIzpo + emonga,0,1,0.5057,Dragapult
92122946,/Users/nickzwart/Desktop/11082026/92122946.json,カントー地方マスター(KantoRegionMaster),0,0,0.6786,M-Kangaskhan
92122996,/Users/nickzwart/Desktop/11082026/92122996.json,Funky,0,0,0.54,Grimmsnarl
92122998,/Users/nickzwart/Desktop/11082026/92122998.json,Rmy,1,0,0.5821,other
92123877,/Users/nickzwart/Desktop/11082026/92123877.json,loIzpo + emonga,1,1,0.5057,M-Kangaskhan
92123911,/Users/nickzwart/Desktop/11082026/92123911.json,カントー地方マスター(KantoRegionMaster),1,1,0.6786,Grimmsnarl
92123967,/Users/nickzwart/Desktop/11082026/92123967.json,Funky,0,1,0.54,Grimmsnarl
92123970,/Users/nickzwart/Desktop/11082026/92123970.json,Rmy,0,0,0.5821,other
92124047,/Users/nickzwart/Desktop/11082026/92124047.json,cm391,0,0,0.4286,Grimmsnarl
92124133,/Users/nickzwart/Desktop/11082026/92124133.json,HCRL,0,1,0.5769,Hydrapple
92124834,/Users/nickzwart/Desktop/11082026/92124834.json,loIzpo + emonga,0,1,0.5057,M-Lopunny
92124834,/Users/nickzwart/Desktop/11082026/92124834.json,Yopta,1,0,0.5566,M-Lopunny
92124867,/Users/nickzwart/Desktop/11082026/92124867.json,カントー地方マスター(KantoRegionMaster),1,0,0.6786,Grimmsnarl
92124915,/Users/nickzwart/Desktop/11082026/92124915.json,Funky,0,1,0.54,Alakazam
92124934,/Users/nickzwart/Desktop/11082026/92124934.json,Yopta,0,1,0.5566,M-Kangaskhan
92125001,/Users/nickzwart/Desktop/11082026/92125001.json,insuperabilehart,1,1,0.529,Grimmsnarl
92125008,/Users/nickzwart/Desktop/11082026/92125008.json,Gijs Smit,1,1,0.48,Ogerpon
92125049,/Users/nickzwart/Desktop/11082026/92125049.json,Rmy,1,0,0.5821,Ogerpon
92125800,/Users/nickzwart/Desktop/11082026/92125800.json,loIzpo + emonga,1,0,0.5057,Grimmsnarl
92125883,/Users/nickzwart/Desktop/11082026/92125883.json,Funky,1,0,0.54,other
92125890,/Users/nickzwart/Desktop/11082026/92125890.json,sadwat,1,0,0.5339,other
92126933,/Users/nickzwart/Desktop/11082026/92126933.json,Gijs Smit,1,1,0.48,Grimmsnarl
92126769,/Users/nickzwart/Desktop/11082026/92126769.json,loIzpo + emonga,1,0,0.5057,Grimmsnarl
92126840,/Users/nickzwart/Desktop/11082026/92126840.json,Funky,1,0,0.54,Dragapult
92126971,/Users/nickzwart/Desktop/11082026/92126971.json,szlachetny snieg,0,1,0.5455,Grimmsnarl
92127720,/Users/nickzwart/Desktop/11082026/92127720.json,loIzpo + emonga,0,1,0.5057,M-Lopunny
92127730,/Users/nickzwart/Desktop/11082026/92127730.json,カントー地方マスター(KantoRegionMaster),1,1,0.6786,M-Kangaskhan
92127799,/Users/nickzwart/Desktop/11082026/92127799.json,Funky,1,1,0.54,Hydrapple
92127818,/Users/nickzwart/Desktop/11082026/92127818.json,insuperabilehart,1,0,0.529,M-Kangaskhan
92127885,/Users/nickzwart/Desktop/11082026/92127885.json,Gijs Smit,0,0,0.48,M-Froslass
92128763,/Users/nickzwart/Desktop/11082026/92128763.json,Funky,0,0,0.54,Garchomp
92131546,/Users/nickzwart/Desktop/11082026/92131546.json,loIzpo + emonga,1,0,0.5057,Ogerpon
92131553,/Users/nickzwart/Desktop/11082026/92131553.json,カントー地方マスター(KantoRegionMaster),0,1,0.6786,Hydrapple
92131612,/Users/nickzwart/Desktop/11082026/92131612.json,Funky,0,0,0.54,Alakazam
92129665,/Users/nickzwart/Desktop/11082026/92129665.json,kanno,0,0,0.5161,M-Lopunny
92129665,/Users/nickzwart/Desktop/11082026/92129665.json,カントー地方マスター(KantoRegionMaster),1,1,0.6786,M-Lopunny
92130624,/Users/nickzwart/Desktop/11082026/92130624.json,カントー地方マスター(KantoRegionMaster),1,1,0.6786,Grimmsnarl
92130686,/Users/nickzwart/Desktop/11082026/92130686.json,Funky,1,1,0.54,Grimmsnarl
92130829,/Users/nickzwart/Desktop/11082026/92130829.json,kwa,1,0,0.5802,Grimmsnarl
92131661,/Users/nickzwart/Desktop/11082026/92131661.json,insuperabilehart,1,1,0.529,Grimmsnarl
92132397,/Users/nickzwart/Desktop/11082026/92132397.json,insuperabilehart,0,1,0.529,Grimmsnarl
92132457,/Users/nickzwart/Desktop/11082026/92132457.json,Brahim,0,1,0.4167,Grimmsnarl
92132479,/Users/nickzwart/Desktop/11082026/92132479.json,loIzpo + emonga,1,1,0.5057,Hydrapple
92132487,/Users/nickzwart/Desktop/11082026/92132487.json,カントー地方マスター(KantoRegionMaster),0,0,0.6786,Grimmsnarl
92133644,/Users/nickzwart/Desktop/11082026/92133644.json,dasfds,0,1,0.1429,Alakazam
92134349,/Users/nickzwart/Desktop/11082026/92134349.json,loIzpo + emonga,0,1,0.5057,Grimmsnarl
92134354,/Users/nickzwart/Desktop/11082026/92134354.json,カントー地方マスター(KantoRegionMaster),0,1,0.6786,Alakazam
92132677,/Users/nickzwart/Desktop/11082026/92132677.json,Rmy,0,1,0.5821,Alakazam
92133395,/Users/nickzwart/Desktop/11082026/92133395.json,insuperabilehart,0,0,0.529,Grimmsnarl
92133423,/Users/nickzwart/Desktop/11082026/92133423.json,loIzpo + emonga,0,1,0.5057,Alakazam
92134604,/Users/nickzwart/Desktop/11082026/92134604.json,HCRL,0,0,0.5769,Dragapult
92133470,/Users/nickzwart/Desktop/11082026/92133470.json,Gijs Smit,0,0,0.48,Alakazam
92133488,/Users/nickzwart/Desktop/11082026/92133488.json,Funky,0,1,0.54,Dragapult
92135279,/Users/nickzwart/Desktop/11082026/92135279.json,loIzpo + emonga,1,1,0.5057,M-Kangaskhan
92135282,/Users/nickzwart/Desktop/11082026/92135282.json,loIzpo + emonga,0,0,0.5057,M-Lopunny
92135282,/Users/nickzwart/Desktop/11082026/92135282.json,カントー地方マスター(KantoRegionMaster),1,1,0.6786,M-Lopunny
92135339,/Users/nickzwart/Desktop/11082026/92135339.json,Brahim,0,1,0.4167,M-Lopunny
92135339,/Users/nickzwart/Desktop/11082026/92135339.json,Funky,1,0,0.54,M-Lopunny
92135340,/Users/nickzwart/Desktop/11082026/92135340.json,カントー地方マスター(KantoRegionMaster),1,1,0.6786,other
92135351,/Users/nickzwart/Desktop/11082026/92135351.json,Rmy,0,0,0.5821,Dragapult
92136266,/Users/nickzwart/Desktop/11082026/92136266.json,カントー地方マスター(KantoRegionMaster),1,0,0.6786,Ogerpon
92136308,/Users/nickzwart/Desktop/11082026/92136308.json,Funky,1,1,0.54,Grimmsnarl
92137390,/Users/nickzwart/Desktop/11082026/92137390.json,kwa,0,0,0.5802,Ogerpon
92136403,/Users/nickzwart/Desktop/11082026/92136403.json,loIzpo + emonga,0,0,0.5057,Hydrapple
92137219,/Users/nickzwart/Desktop/11082026/92137219.json,カントー地方マスター(KantoRegionMaster),1,1,0.6786,Grimmsnarl
92137265,/Users/nickzwart/Desktop/11082026/92137265.json,Funky,0,0,0.54,Grimmsnarl
92222570,/Users/nickzwart/Desktop/2 Dipam Chakraborty (Ogerpon)/92222570.json,john jiang zhifeng,0,0,0.3243,Ogerpon
92226307,/Users/nickzwart/Desktop/2 Dipam Chakraborty (Ogerpon)/92226307.json,Yopta,0,0,0.5566,Ogerpon
92214991,/Users/nickzwart/Desktop/2 Dipam Chakraborty (Ogerpon)/92214991.json,Brahim,0,1,0.4167,Ogerpon
92220698,/Users/nickzwart/Desktop/2 Dipam Chakraborty (Ogerpon)/92220698.json,miya,1,0,0.5476,Ogerpon
92241403,/Users/nickzwart/Desktop/2 Dipam Chakraborty (Ogerpon)/92241403.json,Yopta,0,0,0.5566,Ogerpon
92231032,/Users/nickzwart/Desktop/2 Dipam Chakraborty (Ogerpon)/92231032.json,kwa,0,0,0.5802,Ogerpon
92231969,/Users/nickzwart/Desktop/2 Dipam Chakraborty (Ogerpon)/92231969.json,HCRL,1,0,0.5769,Ogerpon
92232919,/Users/nickzwart/Desktop/2 Dipam Chakraborty (Ogerpon)/92232919.json,HCRL,1,0,0.5769,Ogerpon
92198029,/Users/nickzwart/Desktop/5 Luca (M-Lucario/92198029.json,Yopta,1,0,0.5566,M-Lucario
92202781,/Users/nickzwart/Desktop/5 Luca (M-Lucario/92202781.json,motono0223,0,1,0.6341,M-Lucario
92210358,/Users/nickzwart/Desktop/5 Luca (M-Lucario/92210358.json,Yopta,0,0,0.5566,M-Lucario
92217176,/Users/nickzwart/Desktop/5 Luca (M-Lucario/92217176.json,Yopta,0,0,0.5566,M-Lucario
