episode,path,player,side,won,player_winrate,opp_deck
90885133,/Users/nickzwart/Desktop/Palsystem 2/90885133.json,Majkel1337,1,1,0.5355,Ogerpon
90939953,/Users/nickzwart/Desktop/Palsystem 2/90939953.json,Majkel1337,1,0,0.5355,Ogerpon
90976510,/Users/nickzwart/Desktop/Palsystem 2/90976510.json,Majkel1337,0,1,0.5355,Ogerpon
91131017,/Users/nickzwart/Desktop/Palsystem 2/91131017.json,Majkel1337,0,1,0.5355,Ogerpon
91026658,/Users/nickzwart/Desktop/Palsystem 2/91026658.json,Majkel1337,1,1,0.5355,Ogerpon
91148404,/Users/nickzwart/Desktop/Palsystem 2/91148404.json,Majkel1337,0,1,0.5355,Ogerpon
91155598,/Users/nickzwart/Desktop/Palsystem 2/91155598.json,Majkel1337,1,1,0.5355,Ogerpon
91289085,/Users/nickzwart/Desktop/Palsystem 2/91289085.json,Majkel1337,0,1,0.5355,Ogerpon
91388266,/Users/nickzwart/Desktop/Palsystem 2/91388266.json,M Sato,1,0,0.5824,Ogerpon
91397002,/Users/nickzwart/Desktop/Palsystem 2/91397002.json,M Sato,1,0,0.5824,Ogerpon
91724674,/Users/nickzwart/Desktop/Palsystem 2/91724674.json,李秉叡（ntumlnoob）,1,0,0.6436,Ogerpon
91724725,/Users/nickzwart/Desktop/Palsystem 2/91724725.json,李秉叡（ntumlnoob）,0,1,0.6436,Ogerpon
91154707,/Users/nickzwart/Desktop/8-8-2026/91154707.json,Majkel1337,1,1,0.5355,Alakazam
91156301,/Users/nickzwart/Desktop/8-8-2026/91156301.json,Abhyuday,0,1,0.3704,Grimmsnarl
91156479,/Users/nickzwart/Desktop/8-8-2026/91156479.json,Majkel1337,1,1,0.5355,Alakazam
91157371,/Users/nickzwart/Desktop/8-8-2026/91157371.json,Majkel1337,0,1,0.5355,Alakazam
91158126,/Users/nickzwart/Desktop/8-8-2026/91158126.json,LiamK,0,0,0.6027,other
91158253,/Users/nickzwart/Desktop/8-8-2026/91158253.json,Majkel1337,1,0,0.5355,M-Kangaskhan
91160028,/Users/nickzwart/Desktop/8-8-2026/91160028.json,Majkel1337,0,1,0.5355,M-Kangaskhan
91160764,/Users/nickzwart/Desktop/8-8-2026/91160764.json,213tubo,0,0,0.7358,Grimmsnarl
91164217,/Users/nickzwart/Desktop/8-8-2026/91164217.json,李秉叡（ntumlnoob）,1,0,0.6436,Ogerpon
91165048,/Users/nickzwart/Desktop/8-8-2026/91165048.json,213tubo,0,1,0.7358,Ogerpon
91166943,/Users/nickzwart/Desktop/8-8-2026/91166943.json,LiamK,1,0,0.6027,Alakazam
91169696,/Users/nickzwart/Desktop/8-8-2026/91169696.json,wwwwwwwwwwwwwwwwwwwwwwwwwwwwww,1,1,0.5652,M-Lopunny
91172032,/Users/nickzwart/Desktop/8-8-2026/91172032.json,Pokemon Fan,0,0,0.5,Alakazam
91173854,/Users/nickzwart/Desktop/8-8-2026/91173854.json,LiamK,0,1,0.6027,other
91173750,/Users/nickzwart/Desktop/8-8-2026/91173750.json,李秉叡（ntumlnoob）,1,0,0.6436,Grimmsnarl
91174710,/Users/nickzwart/Desktop/8-8-2026/91174710.json,李秉叡（ntumlnoob）,1,0,0.6436,Grimmsnarl
91178230,/Users/nickzwart/Desktop/8-8-2026/91178230.json,李秉叡（ntumlnoob）,1,1,0.6436,M-Lopunny
91178299,/Users/nickzwart/Desktop/8-8-2026/91178299.json,213tubo,1,0,0.7358,Grimmsnarl
91178397,/Users/nickzwart/Desktop/8-8-2026/91178397.json,Majkel1337,0,0,0.5355,M-Kangaskhan
91186998,/Users/nickzwart/Desktop/8-8-2026/91186998.json,대답해드리는게인지상정,0,0,0.5532,Grimmsnarl
91187279,/Users/nickzwart/Desktop/8-8-2026/91187279.json,LiamK,1,1,0.6027,Grimmsnarl
91187909,/Users/nickzwart/Desktop/8-8-2026/91187909.json,대답해드리는게인지상정,1,1,0.5532,Crustle
91190555,/Users/nickzwart/Desktop/8-8-2026/91190555.json,대답해드리는게인지상정,1,0,0.5532,Grimmsnarl
91193208,/Users/nickzwart/Desktop/8-8-2026/91193208.json,대답해드리는게인지상정,0,1,0.5532,Ogerpon
91194044,/Users/nickzwart/Desktop/8-8-2026/91194044.json,대답해드리는게인지상정,0,1,0.5532,Grimmsnarl
91194970,/Users/nickzwart/Desktop/8-8-2026/91194970.json,대답해드리는게인지상정,0,0,0.5532,M-Kangaskhan
91193305,/Users/nickzwart/Desktop/8-8-2026/91193305.json,Abhyuday,0,0,0.3704,Grimmsnarl
91193341,/Users/nickzwart/Desktop/8-8-2026/91193341.json,LiamK,1,1,0.6027,M-Lopunny
91195871,/Users/nickzwart/Desktop/8-8-2026/91195871.json,wwwwwwwwwwwwwwwwwwwwwwwwwwwwww,0,0,0.5652,M-Lucario
91195871,/Users/nickzwart/Desktop/8-8-2026/91195871.json,대답해드리는게인지상정,1,1,0.5532,M-Lucario
91195894,/Users/nickzwart/Desktop/8-8-2026/91195894.json,213tubo,0,0,0.7358,Hydrapple
91197632,/Users/nickzwart/Desktop/8-8-2026/91197632.json,대답해드리는게인지상정,1,0,0.5532,Alakazam
91196705,/Users/nickzwart/Desktop/8-8-2026/91196705.json,대답해드리는게인지상정,1,0,0.5532,Grimmsnarl
91196853,/Users/nickzwart/Desktop/8-8-2026/91196853.json,213tubo,0,1,0.7358,Hydrapple
91199409,/Users/nickzwart/Desktop/8-8-2026/91199409.json,대답해드리는게인지상정,1,1,0.5532,M-Lopunny
91201177,/Users/nickzwart/Desktop/8-8-2026/91201177.json,대답해드리는게인지상정,0,1,0.5532,Alakazam
91200229,/Users/nickzwart/Desktop/8-8-2026/91200229.json,대답해드리는게인지상정,1,1,0.5532,Crustle
91200979,/Users/nickzwart/Desktop/8-8-2026/91200979.json,LiamK,0,0,0.6027,Crustle
91202063,/Users/nickzwart/Desktop/8-8-2026/91202063.json,대답해드리는게인지상정,0,1,0.5532,Grimmsnarl
91202945,/Users/nickzwart/Desktop/8-8-2026/91202945.json,대답해드리는게인지상정,1,1,0.5532,M-Lopunny
91203842,/Users/nickzwart/Desktop/8-8-2026/91203842.json,대답해드리는게인지상정,1,0,0.5532,Grimmsnarl
91205629,/Users/nickzwart/Desktop/8-8-2026/91205629.json,대답해드리는게인지상정,0,0,0.5532,Alakazam
91206525,/Users/nickzwart/Desktop/8-8-2026/91206525.json,대답해드리는게인지상정,0,1,0.5532,Crustle
91207411,/Users/nickzwart/Desktop/8-8-2026/91207411.json,대답해드리는게인지상정,0,1,0.5532,Hydrapple
91208262,/Users/nickzwart/Desktop/8-8-2026/91208262.json,대답해드리는게인지상정,0,1,0.5532,Grimmsnarl
91209123,/Users/nickzwart/Desktop/8-8-2026/91209123.json,대답해드리는게인지상정,0,1,0.5532,other
91208292,/Users/nickzwart/Desktop/8-8-2026/91208292.json,대답해드리는게인지상정,1,0,0.5532,Garchomp
91210079,/Users/nickzwart/Desktop/8-8-2026/91210079.json,LiamK,1,0,0.6027,Dragapult
91210084,/Users/nickzwart/Desktop/8-8-2026/91210084.json,대답해드리는게인지상정,1,0,0.5532,Grimmsnarl
91209947,/Users/nickzwart/Desktop/8-8-2026/91209947.json,213tubo,1,1,0.7358,Ogerpon
91210977,/Users/nickzwart/Desktop/8-8-2026/91210977.json,대답해드리는게인지상정,0,1,0.5532,Grimmsnarl
91211668,/Users/nickzwart/Desktop/8-8-2026/91211668.json,213tubo,0,0,0.7358,Grimmsnarl
91212831,/Users/nickzwart/Desktop/8-8-2026/91212831.json,대답해드리는게인지상정,0,1,0.5532,Alakazam
91213349,/Users/nickzwart/Desktop/8-8-2026/91213349.json,M Sato,1,0,0.5824,Alakazam
91213378,/Users/nickzwart/Desktop/8-8-2026/91213378.json,대답해드리는게인지상정,0,1,0.5532,Grimmsnarl
91214257,/Users/nickzwart/Desktop/8-8-2026/91214257.json,대답해드리는게인지상정,0,0,0.5532,Grimmsnarl
91215170,/Users/nickzwart/Desktop/8-8-2026/91215170.json,대답해드리는게인지상정,1,0,0.5532,Grimmsnarl
91216070,/Users/nickzwart/Desktop/8-8-2026/91216070.json,대답해드리는게인지상정,1,1,0.5532,Hydrapple
91216958,/Users/nickzwart/Desktop/8-8-2026/91216958.json,대답해드리는게인지상정,1,0,0.5532,Dudunsparce
91217834,/Users/nickzwart/Desktop/8-8-2026/91217834.json,대답해드리는게인지상정,0,1,0.5532,Alakazam
91218760,/Users/nickzwart/Desktop/8-8-2026/91218760.json,대답해드리는게인지상정,0,0,0.5532,Grimmsnarl
91222342,/Users/nickzwart/Desktop/8-8-2026/91222342.json,대답해드리는게인지상정,1,0,0.5532,M-Kangaskhan
91220530,/Users/nickzwart/Desktop/8-8-2026/91220530.json,대답해드리는게인지상정,0,1,0.5532,Alakazam
91221422,/Users/nickzwart/Desktop/8-8-2026/91221422.json,대답해드리는게인지상정,1,1,0.5532,Ogerpon
91224125,/Users/nickzwart/Desktop/8-8-2026/91224125.json,대답해드리는게인지상정,1,1,0.5532,M-Kangaskhan
91225159,/Users/nickzwart/Desktop/8-8-2026/91225159.json,213tubo,0,0,0.7358,M-Lopunny
91222554,/Users/nickzwart/Desktop/8-8-2026/91222554.json,대답해드리는게인지상정,1,1,0.5532,Grimmsnarl
91225937,/Users/nickzwart/Desktop/8-8-2026/91225937.json,Pokemon Fan,1,1,0.5,Hydrapple
91228516,/Users/nickzwart/Desktop/8-8-2026/91228516.json,대답해드리는게인지상정,0,0,0.5532,Grimmsnarl
91229464,/Users/nickzwart/Desktop/8-8-2026/91229464.json,대답해드리는게인지상정,0,0,0.5532,Alakazam
91230297,/Users/nickzwart/Desktop/8-8-2026/91230297.json,LiamK,1,1,0.6027,M-Kangaskhan
91230329,/Users/nickzwart/Desktop/8-8-2026/91230329.json,Pokemon Fan,0,1,0.5,Ogerpon
91230357,/Users/nickzwart/Desktop/8-8-2026/91230357.json,대답해드리는게인지상정,0,1,0.5532,M-Lopunny
91232113,/Users/nickzwart/Desktop/8-8-2026/91232113.json,대답해드리는게인지상정,1,0,0.5532,Dragapult
91231242,/Users/nickzwart/Desktop/8-8-2026/91231242.json,대답해드리는게인지상정,1,0,0.5532,Grimmsnarl
91232219,/Users/nickzwart/Desktop/8-8-2026/91232219.json,213tubo,0,1,0.7358,Grimmsnarl
91234001,/Users/nickzwart/Desktop/8-8-2026/91234001.json,대답해드리는게인지상정,0,1,0.5532,M-Lopunny
91237462,/Users/nickzwart/Desktop/8-8-2026/91237462.json,LiamK,1,0,0.6027,Grimmsnarl
91240955,/Users/nickzwart/Desktop/8-8-2026/91240955.json,대답해드리는게인지상정,0,1,0.5532,M-Lopunny
91240234,/Users/nickzwart/Desktop/8-8-2026/91240234.json,Majkel1337,0,1,0.5355,Alakazam
91241845,/Users/nickzwart/Desktop/8-8-2026/91241845.json,213tubo,1,1,0.7358,M-Lopunny
91246295,/Users/nickzwart/Desktop/8-8-2026/91246295.json,Pokemon Fan,1,0,0.5,Grimmsnarl
91257640,/Users/nickzwart/Desktop/8-8-2026/91257640.json,대답해드리는게인지상정,1,0,0.5532,Alakazam
91257905,/Users/nickzwart/Desktop/8-8-2026/91257905.json,LiamK,0,0,0.6027,Grimmsnarl
91260410,/Users/nickzwart/Desktop/8-8-2026/91260410.json,대답해드리는게인지상정,1,1,0.5532,Grimmsnarl
91263929,/Users/nickzwart/Desktop/8-8-2026/91263929.json,LiamK,1,0,0.6027,Alakazam
91264222,/Users/nickzwart/Desktop/8-8-2026/91264222.json,Majkel1337,0,1,0.5355,M-Lopunny
91263134,/Users/nickzwart/Desktop/8-8-2026/91263134.json,Pokemon Fan,0,1,0.5,Grimmsnarl
91264967,/Users/nickzwart/Desktop/8-8-2026/91264967.json,李秉叡（ntumlnoob）,0,1,0.6436,Grimmsnarl
91265773,/Users/nickzwart/Desktop/8-8-2026/91265773.json,대답해드리는게인지상정,0,1,0.5532,Dudunsparce
91265898,/Users/nickzwart/Desktop/8-8-2026/91265898.json,LiamK,0,1,0.6027,Alakazam
91267645,/Users/nickzwart/Desktop/8-8-2026/91267645.json,wwwwwwwwwwwwwwwwwwwwwwwwwwwwww,1,0,0.5652,Grimmsnarl
91275679,/Users/nickzwart/Desktop/8-8-2026/91275679.json,213tubo,1,1,0.7358,Dragapult
91278133,/Users/nickzwart/Desktop/8-8-2026/91278133.json,Senn88,0,0,0.2857,Alakazam
91279045,/Users/nickzwart/Desktop/8-8-2026/91279045.json,Senn88,0,1,0.2857,Ogerpon
91279938,/Users/nickzwart/Desktop/8-8-2026/91279938.json,Senn88,0,0,0.2857,Grimmsnarl
91281732,/Users/nickzwart/Desktop/8-8-2026/91281732.json,Senn88,1,0,0.2857,Alakazam
91281016,/Users/nickzwart/Desktop/8-8-2026/91281016.json,LiamK,1,1,0.6027,Dragapult
91283668,/Users/nickzwart/Desktop/8-8-2026/91283668.json,대답해드리는게인지상정,1,0,0.5532,Grimmsnarl
91285558,/Users/nickzwart/Desktop/8-8-2026/91285558.json,LiamK,0,1,0.6027,Grimmsnarl
91289027,/Users/nickzwart/Desktop/8-8-2026/91289027.json,213tubo,1,1,0.7358,Grimmsnarl
91294449,/Users/nickzwart/Desktop/8-8-2026/91294449.json,wwwwwwwwwwwwwwwwwwwwwwwwwwwwww,0,1,0.5652,Dragapult
91295120,/Users/nickzwart/Desktop/8-8-2026/91295120.json,Pokemon Fan,0,1,0.5,Ogerpon
91296897,/Users/nickzwart/Desktop/8-8-2026/91296897.json,DavidFreelan,0,1,0.5745,Grimmsnarl
91296988,/Users/nickzwart/Desktop/8-8-2026/91296988.json,wwwwwwwwwwwwwwwwwwwwwwwwwwwwww,1,0,0.5652,Alakazam
91297795,/Users/nickzwart/Desktop/8-8-2026/91297795.json,213tubo,1,1,0.7358,Grimmsnarl
91297819,/Users/nickzwart/Desktop/8-8-2026/91297819.json,DavidFreelan,0,0,0.5745,Grimmsnarl
91298678,/Users/nickzwart/Desktop/8-8-2026/91298678.json,DavidFreelan,1,1,0.5745,Grimmsnarl
91300496,/Users/nickzwart/Desktop/8-8-2026/91300496.json,DavidFreelan,0,1,0.5745,Grimmsnarl
91304124,/Users/nickzwart/Desktop/8-8-2026/91304124.json,DavidFreelan,1,1,0.5745,Grimmsnarl
91303228,/Users/nickzwart/Desktop/8-8-2026/91303228.json,Senn88,0,1,0.2857,M-Lopunny
91303286,/Users/nickzwart/Desktop/8-8-2026/91303286.json,DavidFreelan,1,1,0.5745,Grimmsnarl
91305031,/Users/nickzwart/Desktop/8-8-2026/91305031.json,DavidFreelan,0,1,0.5745,Alakazam
91305216,/Users/nickzwart/Desktop/8-8-2026/91305216.json,Senn88,1,0,0.2857,Grimmsnarl
91305295,/Users/nickzwart/Desktop/8-8-2026/91305295.json,wwwwwwwwwwwwwwwwwwwwwwwwwwwwww,1,1,0.5652,M-Kangaskhan
91305925,/Users/nickzwart/Desktop/8-8-2026/91305925.json,DavidFreelan,0,0,0.5745,Alakazam
91307854,/Users/nickzwart/Desktop/8-8-2026/91307854.json,대답해드리는게인지상정,1,0,0.5532,Garchomp
91307661,/Users/nickzwart/Desktop/8-8-2026/91307661.json,DavidFreelan,0,1,0.5745,Alakazam
91308612,/Users/nickzwart/Desktop/8-8-2026/91308612.json,DavidFreelan,0,1,0.5745,Alakazam
91310425,/Users/nickzwart/Desktop/8-8-2026/91310425.json,DavidFreelan,1,1,0.5745,Dragapult
91311488,/Users/nickzwart/Desktop/8-8-2026/91311488.json,Pokemon Fan,1,1,0.5,Ogerpon
91312214,/Users/nickzwart/Desktop/8-8-2026/91312214.json,DavidFreelan,1,1,0.5745,Dragapult
91311295,/Users/nickzwart/Desktop/8-8-2026/91311295.json,DavidFreelan,0,1,0.5745,Ogerpon
91311390,/Users/nickzwart/Desktop/8-8-2026/91311390.json,李秉叡（ntumlnoob）,1,0,0.6436,Grimmsnarl
91314946,/Users/nickzwart/Desktop/8-8-2026/91314946.json,DavidFreelan,0,1,0.5745,Grimmsnarl
91314039,/Users/nickzwart/Desktop/8-8-2026/91314039.json,DavidFreelan,1,0,0.5745,Grimmsnarl
91313109,/Users/nickzwart/Desktop/8-8-2026/91313109.json,DavidFreelan,0,0,0.5745,Alakazam
91315990,/Users/nickzwart/Desktop/8-8-2026/91315990.json,DavidFreelan,1,0,0.5745,Grimmsnarl
91316040,/Users/nickzwart/Desktop/8-8-2026/91316040.json,Majkel1337,1,0,0.5355,Alakazam
91316756,/Users/nickzwart/Desktop/8-8-2026/91316756.json,DavidFreelan,0,0,0.5745,M-Kangaskhan
91317738,/Users/nickzwart/Desktop/8-8-2026/91317738.json,Pokemon Fan,0,0,0.5,Hydrapple
91317682,/Users/nickzwart/Desktop/8-8-2026/91317682.json,DavidFreelan,0,1,0.5745,Grimmsnarl
91318583,/Users/nickzwart/Desktop/8-8-2026/91318583.json,DavidFreelan,0,1,0.5745,Alakazam
91320354,/Users/nickzwart/Desktop/8-8-2026/91320354.json,DavidFreelan,1,0,0.5745,Grimmsnarl
91321277,/Users/nickzwart/Desktop/8-8-2026/91321277.json,DavidFreelan,0,1,0.5745,M-Lopunny
91322350,/Users/nickzwart/Desktop/8-8-2026/91322350.json,DavidFreelan,0,1,0.5745,M-Lopunny
91323112,/Users/nickzwart/Desktop/8-8-2026/91323112.json,DavidFreelan,1,1,0.5745,M-Lopunny
91324009,/Users/nickzwart/Desktop/8-8-2026/91324009.json,DavidFreelan,1,1,0.5745,M-Lopunny
91325804,/Users/nickzwart/Desktop/8-8-2026/91325804.json,DavidFreelan,0,1,0.5745,other
91326469,/Users/nickzwart/Desktop/8-8-2026/91326469.json,대답해드리는게인지상정,1,1,0.5532,Grimmsnarl
91327640,/Users/nickzwart/Desktop/8-8-2026/91327640.json,DavidFreelan,0,0,0.5745,Ogerpon
91326698,/Users/nickzwart/Desktop/8-8-2026/91326698.json,DavidFreelan,0,0,0.5745,M-Lopunny
91328292,/Users/nickzwart/Desktop/8-8-2026/91328292.json,대답해드리는게인지상정,1,1,0.5532,Alakazam
91328527,/Users/nickzwart/Desktop/8-8-2026/91328527.json,DavidFreelan,0,0,0.5745,Dragapult
91329184,/Users/nickzwart/Desktop/8-8-2026/91329184.json,대답해드리는게인지상정,0,0,0.5532,Ogerpon
91329411,/Users/nickzwart/Desktop/8-8-2026/91329411.json,DavidFreelan,0,1,0.5745,Grimmsnarl
91330097,/Users/nickzwart/Desktop/8-8-2026/91330097.json,대답해드리는게인지상정,1,0,0.5532,Grimmsnarl
91330330,/Users/nickzwart/Desktop/8-8-2026/91330330.json,DavidFreelan,1,0,0.5745,M-Lopunny
91331008,/Users/nickzwart/Desktop/8-8-2026/91331008.json,대답해드리는게인지상정,0,1,0.5532,Grimmsnarl
91331078,/Users/nickzwart/Desktop/8-8-2026/91331078.json,DavidFreelan,1,0,0.5745,Alakazam
91331109,/Users/nickzwart/Desktop/8-8-2026/91331109.json,대답해드리는게인지상정,1,0,0.5532,Grimmsnarl
91332801,/Users/nickzwart/Desktop/8-8-2026/91332801.json,대답해드리는게인지상정,0,1,0.5532,Grimmsnarl
91333089,/Users/nickzwart/Desktop/8-8-2026/91333089.json,213tubo,0,0,0.7358,Alakazam
91333737,/Users/nickzwart/Desktop/8-8-2026/91333737.json,대답해드리는게인지상정,1,1,0.5532,M-Lopunny
91334628,/Users/nickzwart/Desktop/8-8-2026/91334628.json,대답해드리는게인지상정,1,1,0.5532,Grimmsnarl
91338222,/Users/nickzwart/Desktop/8-8-2026/91338222.json,LiamK,0,1,0.6027,Grimmsnarl
91338265,/Users/nickzwart/Desktop/8-8-2026/91338265.json,대답해드리는게인지상정,1,1,0.5532,M-Lopunny
91337375,/Users/nickzwart/Desktop/8-8-2026/91337375.json,대답해드리는게인지상정,1,1,0.5532,Grimmsnarl
91337522,/Users/nickzwart/Desktop/8-8-2026/91337522.json,李秉叡（ntumlnoob）,0,1,0.6436,Grimmsnarl
91339102,/Users/nickzwart/Desktop/8-8-2026/91339102.json,LiamK,0,1,0.6027,M-Lopunny
91335618,/Users/nickzwart/Desktop/8-8-2026/91335618.json,대답해드리는게인지상정,1,1,0.5532,M-Lopunny
91336452,/Users/nickzwart/Desktop/8-8-2026/91336452.json,대답해드리는게인지상정,1,0,0.5532,Alakazam
91340117,/Users/nickzwart/Desktop/8-8-2026/91340117.json,대답해드리는게인지상정,1,0,0.5532,Alakazam
91340211,/Users/nickzwart/Desktop/8-8-2026/91340211.json,Pokemon Fan,1,0,0.5,Grimmsnarl
91340949,/Users/nickzwart/Desktop/8-8-2026/91340949.json,DavidFreelan,1,0,0.5745,Dragapult
91341071,/Users/nickzwart/Desktop/8-8-2026/91341071.json,대답해드리는게인지상정,0,0,0.5532,Hydrapple
91341786,/Users/nickzwart/Desktop/8-8-2026/91341786.json,李秉叡（ntumlnoob）,1,0,0.6436,Grimmsnarl
91341910,/Users/nickzwart/Desktop/8-8-2026/91341910.json,대답해드리는게인지상정,1,1,0.5532,Grimmsnarl
91342790,/Users/nickzwart/Desktop/8-8-2026/91342790.json,대답해드리는게인지상정,0,0,0.5532,Grimmsnarl
91343789,/Users/nickzwart/Desktop/8-8-2026/91343789.json,대답해드리는게인지상정,1,1,0.5532,Alakazam
91344672,/Users/nickzwart/Desktop/8-8-2026/91344672.json,대답해드리는게인지상정,1,0,0.5532,Dragapult
91344690,/Users/nickzwart/Desktop/8-8-2026/91344690.json,대답해드리는게인지상정,1,1,0.5532,M-Lopunny
91344835,/Users/nickzwart/Desktop/8-8-2026/91344835.json,Majkel1337,0,0,0.5355,M-Kangaskhan
91345621,/Users/nickzwart/Desktop/8-8-2026/91345621.json,대답해드리는게인지상정,1,1,0.5532,Grimmsnarl
91346540,/Users/nickzwart/Desktop/8-8-2026/91346540.json,대답해드리는게인지상정,0,0,0.5532,Alakazam
91346629,/Users/nickzwart/Desktop/8-8-2026/91346629.json,李秉叡（ntumlnoob）,1,1,0.6436,Grimmsnarl
91347446,/Users/nickzwart/Desktop/8-8-2026/91347446.json,대답해드리는게인지상정,1,0,0.5532,Ogerpon
91348210,/Users/nickzwart/Desktop/8-8-2026/91348210.json,yumizu,0,1,0.4545,Ogerpon
91347294,/Users/nickzwart/Desktop/8-8-2026/91347294.json,yumizu,1,1,0.4545,Grimmsnarl
91348349,/Users/nickzwart/Desktop/8-8-2026/91348349.json,LiamK,1,1,0.6027,Dragapult
91348373,/Users/nickzwart/Desktop/8-8-2026/91348373.json,LiamK,1,1,0.6027,Alakazam
91348377,/Users/nickzwart/Desktop/8-8-2026/91348377.json,대답해드리는게인지상정,0,1,0.5532,Grimmsnarl
91348462,/Users/nickzwart/Desktop/8-8-2026/91348462.json,대답해드리는게인지상정,0,0,0.5532,Hydrapple
91349176,/Users/nickzwart/Desktop/8-8-2026/91349176.json,대답해드리는게인지상정,1,1,0.5532,Grimmsnarl
91349226,/Users/nickzwart/Desktop/8-8-2026/91349226.json,yumizu,1,0,0.4545,Ogerpon
91350023,/Users/nickzwart/Desktop/8-8-2026/91350023.json,yumizu,1,0,0.4545,Archaludon
91351018,/Users/nickzwart/Desktop/8-8-2026/91351018.json,LiamK,0,1,0.6027,M-Kangaskhan
91351771,/Users/nickzwart/Desktop/8-8-2026/91351771.json,대답해드리는게인지상정,1,1,0.5532,M-Starmie
91351866,/Users/nickzwart/Desktop/8-8-2026/91351866.json,yumizu,0,0,0.4545,Dragapult
91352787,/Users/nickzwart/Desktop/8-8-2026/91352787.json,yumizu,0,1,0.4545,Ogerpon
91352981,/Users/nickzwart/Desktop/8-8-2026/91352981.json,대답해드리는게인지상정,1,0,0.5532,Grimmsnarl
91353714,/Users/nickzwart/Desktop/8-8-2026/91353714.json,yumizu,1,1,0.4545,Alakazam
91353901,/Users/nickzwart/Desktop/8-8-2026/91353901.json,대답해드리는게인지상정,1,1,0.5532,Alakazam
91354791,/Users/nickzwart/Desktop/8-8-2026/91354791.json,대답해드리는게인지상정,1,1,0.5532,Alakazam
91355535,/Users/nickzwart/Desktop/8-8-2026/91355535.json,yumizu,0,1,0.4545,Grimmsnarl
91356424,/Users/nickzwart/Desktop/8-8-2026/91356424.json,yumizu,0,0,0.4545,Grimmsnarl
91356481,/Users/nickzwart/Desktop/8-8-2026/91356481.json,yumizu,1,0,0.4545,Grimmsnarl
91358280,/Users/nickzwart/Desktop/8-8-2026/91358280.json,yumizu,0,0,0.4545,Grimmsnarl
91358348,/Users/nickzwart/Desktop/8-8-2026/91358348.json,Abhyuday,1,1,0.3704,M-Lopunny
91360810,/Users/nickzwart/Desktop/8-8-2026/91360810.json,213tubo,1,1,0.7358,M-Lucario
91361814,/Users/nickzwart/Desktop/8-8-2026/91361814.json,DavidFreelan,1,0,0.5745,M-Kangaskhan
91364469,/Users/nickzwart/Desktop/8-8-2026/91364469.json,M Sato,0,1,0.5824,Grimmsnarl
91365372,/Users/nickzwart/Desktop/8-8-2026/91365372.json,M Sato,1,1,0.5824,Dragapult
91366290,/Users/nickzwart/Desktop/8-8-2026/91366290.json,M Sato,1,1,0.5824,Grimmsnarl
91367193,/Users/nickzwart/Desktop/8-8-2026/91367193.json,M Sato,1,1,0.5824,M-Kangaskhan
91369132,/Users/nickzwart/Desktop/8-8-2026/91369132.json,Pokemon Fan,0,1,0.5,M-Kangaskhan
91369953,/Users/nickzwart/Desktop/8-8-2026/91369953.json,李秉叡（ntumlnoob）,0,1,0.6436,M-Lucario
91369953,/Users/nickzwart/Desktop/8-8-2026/91369953.json,M Sato,1,0,0.5824,M-Lucario
91370864,/Users/nickzwart/Desktop/8-8-2026/91370864.json,M Sato,1,0,0.5824,Grimmsnarl
91373564,/Users/nickzwart/Desktop/8-8-2026/91373564.json,M Sato,0,0,0.5824,M-Lopunny
91372702,/Users/nickzwart/Desktop/8-8-2026/91372702.json,M Sato,0,1,0.5824,Grimmsnarl
91371774,/Users/nickzwart/Desktop/8-8-2026/91371774.json,M Sato,1,0,0.5824,Grimmsnarl
91373619,/Users/nickzwart/Desktop/8-8-2026/91373619.json,M Sato,1,1,0.5824,Ogerpon
91374424,/Users/nickzwart/Desktop/8-8-2026/91374424.json,M Sato,1,1,0.5824,M-Lopunny
91375458,/Users/nickzwart/Desktop/8-8-2026/91375458.json,M Sato,1,1,0.5824,Alakazam
91376486,/Users/nickzwart/Desktop/8-8-2026/91376486.json,M Sato,0,1,0.5824,M-Lopunny
91376509,/Users/nickzwart/Desktop/8-8-2026/91376509.json,M Sato,0,1,0.5824,Grimmsnarl
91377287,/Users/nickzwart/Desktop/8-8-2026/91377287.json,M Sato,1,0,0.5824,M-Kangaskhan
91378196,/Users/nickzwart/Desktop/8-8-2026/91378196.json,M Sato,0,1,0.5824,M-Lucario
91378196,/Users/nickzwart/Desktop/8-8-2026/91378196.json,LiamK,1,0,0.6027,M-Lucario
91379067,/Users/nickzwart/Desktop/8-8-2026/91379067.json,대답해드리는게인지상정,0,1,0.5532,Grimmsnarl
91380214,/Users/nickzwart/Desktop/8-8-2026/91380214.json,Majkel1337,0,0,0.5355,M-Kangaskhan
91380811,/Users/nickzwart/Desktop/8-8-2026/91380811.json,李秉叡（ntumlnoob）,1,0,0.6436,M-Kangaskhan
91379085,/Users/nickzwart/Desktop/8-8-2026/91379085.json,M Sato,0,1,0.5824,Alakazam
91379856,/Users/nickzwart/Desktop/8-8-2026/91379856.json,ONE PIECE,0,1,0.5254,Grimmsnarl
91380034,/Users/nickzwart/Desktop/8-8-2026/91380034.json,M Sato,1,1,0.5824,Alakazam
91381692,/Users/nickzwart/Desktop/8-8-2026/91381692.json,M Sato,1,0,0.5824,Alakazam
91381809,/Users/nickzwart/Desktop/8-8-2026/91381809.json,ONE PIECE,0,0,0.5254,Alakazam
91380929,/Users/nickzwart/Desktop/8-8-2026/91380929.json,M Sato,0,1,0.5824,M-Kangaskhan
91382740,/Users/nickzwart/Desktop/8-8-2026/91382740.json,M Sato,0,1,0.5824,M-Kangaskhan
91383483,/Users/nickzwart/Desktop/8-8-2026/91383483.json,ONE PIECE,0,0,0.5254,Ogerpon
91383629,/Users/nickzwart/Desktop/8-8-2026/91383629.json,M Sato,1,1,0.5824,M-Froslass
91381995,/Users/nickzwart/Desktop/8-8-2026/91381995.json,李秉叡（ntumlnoob）,1,0,0.6436,Hydrapple
91384512,/Users/nickzwart/Desktop/8-8-2026/91384512.json,ONE PIECE,1,0,0.5254,M-Lopunny
91384567,/Users/nickzwart/Desktop/8-8-2026/91384567.json,M Sato,1,1,0.5824,M-Lopunny
91385336,/Users/nickzwart/Desktop/8-8-2026/91385336.json,ONE PIECE,0,1,0.5254,M-Kangaskhan
91383663,/Users/nickzwart/Desktop/8-8-2026/91383663.json,대답해드리는게인지상정,1,0,0.5532,Grimmsnarl
91384385,/Users/nickzwart/Desktop/8-8-2026/91384385.json,대답해드리는게인지상정,0,1,0.5532,Dragapult
91384408,/Users/nickzwart/Desktop/8-8-2026/91384408.json,ONE PIECE,0,1,0.5254,M-Lopunny
91385458,/Users/nickzwart/Desktop/8-8-2026/91385458.json,M Sato,0,1,0.5824,M-Lopunny
91386155,/Users/nickzwart/Desktop/8-8-2026/91386155.json,대답해드리는게인지상정,0,0,0.5532,Grimmsnarl
91387110,/Users/nickzwart/Desktop/8-8-2026/91387110.json,ONE PIECE,0,1,0.5254,Alakazam
91387255,/Users/nickzwart/Desktop/8-8-2026/91387255.json,M Sato,1,1,0.5824,Alakazam
91386315,/Users/nickzwart/Desktop/8-8-2026/91386315.json,Pokemon Fan,0,0,0.5,other
91386372,/Users/nickzwart/Desktop/8-8-2026/91386372.json,M Sato,1,1,0.5824,M-Kangaskhan
91387072,/Users/nickzwart/Desktop/8-8-2026/91387072.json,대답해드리는게인지상정,1,1,0.5532,Dragapult
91388020,/Users/nickzwart/Desktop/8-8-2026/91388020.json,ONE PIECE,1,1,0.5254,Ogerpon
91388251,/Users/nickzwart/Desktop/8-8-2026/91388251.json,Abhyuday,1,1,0.3704,Grimmsnarl
91388920,/Users/nickzwart/Desktop/8-8-2026/91388920.json,ONE PIECE,0,1,0.5254,Dragapult
91389067,/Users/nickzwart/Desktop/8-8-2026/91389067.json,M Sato,1,1,0.5824,M-Kangaskhan
91389809,/Users/nickzwart/Desktop/8-8-2026/91389809.json,DavidFreelan,0,0,0.5745,Dragapult
91389836,/Users/nickzwart/Desktop/8-8-2026/91389836.json,ONE PIECE,1,0,0.5254,other
91389976,/Users/nickzwart/Desktop/8-8-2026/91389976.json,M Sato,0,0,0.5824,M-Kangaskhan
91390699,/Users/nickzwart/Desktop/8-8-2026/91390699.json,M Sato,0,0,0.5824,Grimmsnarl
91390750,/Users/nickzwart/Desktop/8-8-2026/91390750.json,ONE PIECE,0,0,0.5254,Alakazam
91390756,/Users/nickzwart/Desktop/8-8-2026/91390756.json,Pokemon Fan,1,0,0.5,Grimmsnarl
91391829,/Users/nickzwart/Desktop/8-8-2026/91391829.json,M Sato,1,0,0.5824,M-Kangaskhan
91392582,/Users/nickzwart/Desktop/8-8-2026/91392582.json,ONE PIECE,1,0,0.5254,Grimmsnarl
91392688,/Users/nickzwart/Desktop/8-8-2026/91392688.json,Abhyuday,0,1,0.3704,M-Lopunny
91391629,/Users/nickzwart/Desktop/8-8-2026/91391629.json,대답해드리는게인지상정,1,1,0.5532,Dragapult
91392715,/Users/nickzwart/Desktop/8-8-2026/91392715.json,M Sato,0,1,0.5824,M-Froslass
91393486,/Users/nickzwart/Desktop/8-8-2026/91393486.json,ONE PIECE,1,0,0.5254,Grimmsnarl
91393626,/Users/nickzwart/Desktop/8-8-2026/91393626.json,M Sato,1,0,0.5824,Grimmsnarl
91394284,/Users/nickzwart/Desktop/8-8-2026/91394284.json,李秉叡（ntumlnoob）,1,0,0.6436,Dragapult
91394402,/Users/nickzwart/Desktop/8-8-2026/91394402.json,ONE PIECE,1,0,0.5254,Grimmsnarl
91395498,/Users/nickzwart/Desktop/8-8-2026/91395498.json,M Sato,0,1,0.5824,M-Kangaskhan
91394531,/Users/nickzwart/Desktop/8-8-2026/91394531.json,M Sato,0,0,0.5824,M-Kangaskhan
91396298,/Users/nickzwart/Desktop/8-8-2026/91396298.json,Abhyuday,0,1,0.3704,M-Lopunny
91396357,/Users/nickzwart/Desktop/8-8-2026/91396357.json,M Sato,0,1,0.5824,Dragapult
91398937,/Users/nickzwart/Desktop/8-8-2026/91398937.json,213tubo,1,0,0.7358,Dragapult
91399847,/Users/nickzwart/Desktop/8-8-2026/91399847.json,ONE PIECE,1,1,0.5254,Grimmsnarl
91400612,/Users/nickzwart/Desktop/8-8-2026/91400612.json,ONE PIECE,0,1,0.5254,Dragapult
91400756,/Users/nickzwart/Desktop/8-8-2026/91400756.json,ONE PIECE,0,1,0.5254,Crustle
91400939,/Users/nickzwart/Desktop/8-8-2026/91400939.json,M Sato,1,1,0.5824,M-Froslass
91401651,/Users/nickzwart/Desktop/8-8-2026/91401651.json,ONE PIECE,1,0,0.5254,Alakazam
91401720,/Users/nickzwart/Desktop/8-8-2026/91401720.json,213tubo,1,1,0.7358,M-Lopunny
91402528,/Users/nickzwart/Desktop/8-8-2026/91402528.json,M Sato,0,0,0.5824,M-Starmie
91403436,/Users/nickzwart/Desktop/8-8-2026/91403436.json,대답해드리는게인지상정,1,0,0.5532,Dragapult
91403480,/Users/nickzwart/Desktop/8-8-2026/91403480.json,DavidFreelan,1,1,0.5745,M-Kangaskhan
91404273,/Users/nickzwart/Desktop/8-8-2026/91404273.json,213tubo,1,1,0.7358,Dragapult
91404371,/Users/nickzwart/Desktop/8-8-2026/91404371.json,ONE PIECE,1,1,0.5254,Grimmsnarl
91404403,/Users/nickzwart/Desktop/8-8-2026/91404403.json,DavidFreelan,1,1,0.5745,M-Lopunny
91406339,/Users/nickzwart/Desktop/8-8-2026/91406339.json,ONE PIECE,0,1,0.5254,Grimmsnarl
91407229,/Users/nickzwart/Desktop/8-8-2026/91407229.json,M Sato,0,1,0.5824,Grimmsnarl
91407028,/Users/nickzwart/Desktop/8-8-2026/91407028.json,Senn88,0,0,0.2857,Grimmsnarl
91408186,/Users/nickzwart/Desktop/8-8-2026/91408186.json,Majkel1337,0,1,0.5355,Grimmsnarl
91408744,/Users/nickzwart/Desktop/8-8-2026/91408744.json,213tubo,1,1,0.7358,Grimmsnarl
91408000,/Users/nickzwart/Desktop/8-8-2026/91408000.json,ONE PIECE,1,0,0.5254,Grimmsnarl
91408909,/Users/nickzwart/Desktop/8-8-2026/91408909.json,ONE PIECE,0,1,0.5254,Grimmsnarl
91409815,/Users/nickzwart/Desktop/8-8-2026/91409815.json,ONE PIECE,0,1,0.5254,other
91409954,/Users/nickzwart/Desktop/8-8-2026/91409954.json,M Sato,0,1,0.5824,Alakazam
91410783,/Users/nickzwart/Desktop/8-8-2026/91410783.json,M Sato,0,1,0.5824,M-Lopunny
91410883,/Users/nickzwart/Desktop/8-8-2026/91410883.json,ONE PIECE,1,0,0.5254,Grimmsnarl
91411623,/Users/nickzwart/Desktop/8-8-2026/91411623.json,李秉叡（ntumlnoob）,1,0,0.6436,Grimmsnarl
91411650,/Users/nickzwart/Desktop/8-8-2026/91411650.json,ONE PIECE,1,0,0.5254,Grimmsnarl
91411792,/Users/nickzwart/Desktop/8-8-2026/91411792.json,李秉叡（ntumlnoob）,0,1,0.6436,M-Kangaskhan
91412412,/Users/nickzwart/Desktop/8-8-2026/91412412.json,213tubo,0,1,0.7358,M-Lopunny
91412573,/Users/nickzwart/Desktop/8-8-2026/91412573.json,ONE PIECE,1,1,0.5254,Alakazam
91412606,/Users/nickzwart/Desktop/8-8-2026/91412606.json,LiamK,1,0,0.6027,Grimmsnarl
91413485,/Users/nickzwart/Desktop/8-8-2026/91413485.json,ONE PIECE,1,1,0.5254,Grimmsnarl
91414473,/Users/nickzwart/Desktop/8-8-2026/91414473.json,ONE PIECE,1,1,0.5254,Grimmsnarl
91416110,/Users/nickzwart/Desktop/8-8-2026/91416110.json,ONE PIECE,1,1,0.5254,Ogerpon
91416142,/Users/nickzwart/Desktop/8-8-2026/91416142.json,李秉叡（ntumlnoob）,0,0,0.6436,Grimmsnarl
91415367,/Users/nickzwart/Desktop/8-8-2026/91415367.json,M Sato,1,1,0.5824,M-Lopunny
91416264,/Users/nickzwart/Desktop/8-8-2026/91416264.json,대답해드리는게인지상정,0,1,0.5532,Dragapult
91417013,/Users/nickzwart/Desktop/8-8-2026/91417013.json,DavidFreelan,1,0,0.5745,Grimmsnarl
91417845,/Users/nickzwart/Desktop/8-8-2026/91417845.json,M Sato,0,1,0.5824,M-Lopunny
91419735,/Users/nickzwart/Desktop/8-8-2026/91419735.json,DavidFreelan,0,0,0.5745,Dragapult
91420637,/Users/nickzwart/Desktop/8-8-2026/91420637.json,M Sato,0,1,0.5824,Dragapult
91420732,/Users/nickzwart/Desktop/8-8-2026/91420732.json,ONE PIECE,0,1,0.5254,Ogerpon
91424158,/Users/nickzwart/Desktop/8-8-2026/91424158.json,DavidFreelan,1,1,0.5745,M-Lopunny
91424332,/Users/nickzwart/Desktop/8-8-2026/91424332.json,ONE PIECE,1,1,0.5254,Grimmsnarl
91424410,/Users/nickzwart/Desktop/8-8-2026/91424410.json,M Sato,1,0,0.5824,Ogerpon
91425000,/Users/nickzwart/Desktop/8-8-2026/91425000.json,DavidFreelan,0,0,0.5745,Grimmsnarl
91422509,/Users/nickzwart/Desktop/8-8-2026/91422509.json,Abhyuday,0,1,0.3704,Grimmsnarl
91425176,/Users/nickzwart/Desktop/8-8-2026/91425176.json,대답해드리는게인지상정,0,0,0.5532,Grimmsnarl
91427093,/Users/nickzwart/Desktop/8-8-2026/91427093.json,ONE PIECE,1,0,0.5254,Crustle
91429706,/Users/nickzwart/Desktop/8-8-2026/91429706.json,M Sato,0,0,0.5824,Alakazam
91429644,/Users/nickzwart/Desktop/8-8-2026/91429644.json,M Sato,1,1,0.5824,M-Kangaskhan
91429654,/Users/nickzwart/Desktop/8-8-2026/91429654.json,Majkel1337,0,1,0.5355,other
91430662,/Users/nickzwart/Desktop/8-8-2026/91430662.json,ONE PIECE,0,1,0.5254,Grimmsnarl
91431442,/Users/nickzwart/Desktop/8-8-2026/91431442.json,대답해드리는게인지상정,0,0,0.5532,M-Lopunny
91434033,/Users/nickzwart/Desktop/8-8-2026/91434033.json,ONE PIECE,0,0,0.5254,Grimmsnarl
91436076,/Users/nickzwart/Desktop/8-8-2026/91436076.json,213tubo,0,1,0.7358,Grimmsnarl
91436874,/Users/nickzwart/Desktop/8-8-2026/91436874.json,M Sato,1,1,0.5824,Alakazam
91437572,/Users/nickzwart/Desktop/8-8-2026/91437572.json,Abhyuday,0,0,0.3704,Dragapult
91437799,/Users/nickzwart/Desktop/8-8-2026/91437799.json,대답해드리는게인지상정,1,0,0.5532,Grimmsnarl
91439385,/Users/nickzwart/Desktop/8-8-2026/91439385.json,李秉叡（ntumlnoob）,1,0,0.6436,Alakazam
91439617,/Users/nickzwart/Desktop/8-8-2026/91439617.json,LiamK,0,1,0.6027,M-Kangaskhan
91440631,/Users/nickzwart/Desktop/8-8-2026/91440631.json,ONE PIECE,0,1,0.5254,M-Froslass
91442444,/Users/nickzwart/Desktop/8-8-2026/91442444.json,M Sato,0,1,0.5824,Alakazam
91442999,/Users/nickzwart/Desktop/8-8-2026/91442999.json,DavidFreelan,0,0,0.5745,Alakazam
91445026,/Users/nickzwart/Desktop/8-8-2026/91445026.json,Majkel1337,0,1,0.5355,M-Kangaskhan
91444167,/Users/nickzwart/Desktop/8-8-2026/91444167.json,213tubo,0,1,0.7358,M-Kangaskhan
91444182,/Users/nickzwart/Desktop/8-8-2026/91444182.json,대답해드리는게인지상정,1,0,0.5532,Alakazam
91445129,/Users/nickzwart/Desktop/8-8-2026/91445129.json,M Sato,0,1,0.5824,Alakazam
91445750,/Users/nickzwart/Desktop/8-8-2026/91445750.json,213tubo,0,0,0.7358,Alakazam
91445838,/Users/nickzwart/Desktop/8-8-2026/91445838.json,DavidFreelan,0,1,0.5745,Alakazam
91446874,/Users/nickzwart/Desktop/8-8-2026/91446874.json,ONE PIECE,0,0,0.5254,Dragapult
91447495,/Users/nickzwart/Desktop/8-8-2026/91447495.json,Abhyuday,0,0,0.3704,Alakazam
91448652,/Users/nickzwart/Desktop/8-8-2026/91448652.json,Majkel1337,0,0,0.5355,M-Lucario
91448652,/Users/nickzwart/Desktop/8-8-2026/91448652.json,M Sato,1,1,0.5824,M-Lucario
91450235,/Users/nickzwart/Desktop/8-8-2026/91450235.json,ONE PIECE,0,0,0.5254,Alakazam
91452973,/Users/nickzwart/Desktop/8-8-2026/91452973.json,대답해드리는게인지상정,1,0,0.5532,Dragapult
91451446,/Users/nickzwart/Desktop/8-8-2026/91451446.json,M Sato,0,1,0.5824,M-Kangaskhan
91452026,/Users/nickzwart/Desktop/8-8-2026/91452026.json,LiamK,1,1,0.6027,M-Froslass
91451208,/Users/nickzwart/Desktop/8-8-2026/91451208.json,대답해드리는게인지상정,1,0,0.5532,Alakazam
91454080,/Users/nickzwart/Desktop/8-8-2026/91454080.json,LiamK,0,0,0.6027,Grimmsnarl
91454948,/Users/nickzwart/Desktop/8-8-2026/91454948.json,M Sato,1,0,0.5824,Dragapult
91456589,/Users/nickzwart/Desktop/8-8-2026/91456589.json,Majkel1337,1,0,0.5355,Alakazam
91456870,/Users/nickzwart/Desktop/8-8-2026/91456870.json,ONE PIECE,0,0,0.5254,Alakazam
91457650,/Users/nickzwart/Desktop/8-8-2026/91457650.json,DavidFreelan,0,0,0.5745,Alakazam
91460382,/Users/nickzwart/Desktop/8-8-2026/91460382.json,M Sato,1,0,0.5824,Alakazam
91462897,/Users/nickzwart/Desktop/8-8-2026/91462897.json,Abhyuday,1,0,0.3704,M-Kangaskhan
91463120,/Users/nickzwart/Desktop/8-8-2026/91463120.json,213tubo,0,1,0.7358,M-Lopunny
91462161,/Users/nickzwart/Desktop/8-8-2026/91462161.json,대답해드리는게인지상정,0,0,0.5532,M-Kangaskhan
91464080,/Users/nickzwart/Desktop/8-8-2026/91464080.json,대답해드리는게인지상정,0,0,0.5532,M-Lopunny
91464082,/Users/nickzwart/Desktop/8-8-2026/91464082.json,Majkel1337,0,1,0.5355,M-Kangaskhan
91464742,/Users/nickzwart/Desktop/8-8-2026/91464742.json,ONE PIECE,1,1,0.5254,Archaludon
91465849,/Users/nickzwart/Desktop/8-8-2026/91465849.json,李秉叡（ntumlnoob）,0,1,0.6436,Hydrapple
91466732,/Users/nickzwart/Desktop/8-8-2026/91466732.json,M Sato,0,1,0.5824,other
91468503,/Users/nickzwart/Desktop/8-8-2026/91468503.json,Majkel1337,0,0,0.5355,Grimmsnarl
91470232,/Users/nickzwart/Desktop/8-8-2026/91470232.json,대답해드리는게인지상정,0,0,0.5532,Hydrapple
91471236,/Users/nickzwart/Desktop/8-8-2026/91471236.json,LiamK,0,1,0.6027,Ogerpon
91471237,/Users/nickzwart/Desktop/8-8-2026/91471237.json,DavidFreelan,0,1,0.5745,Grimmsnarl
91471239,/Users/nickzwart/Desktop/8-8-2026/91471239.json,213tubo,0,1,0.7358,Hydrapple
91472179,/Users/nickzwart/Desktop/8-8-2026/91472179.json,213tubo,0,1,0.7358,M-Lucario
91472179,/Users/nickzwart/Desktop/8-8-2026/91472179.json,M Sato,1,0,0.5824,M-Lucario
91472956,/Users/nickzwart/Desktop/8-8-2026/91472956.json,213tubo,1,1,0.7358,Alakazam
91473124,/Users/nickzwart/Desktop/8-8-2026/91473124.json,ONE PIECE,0,1,0.5254,Grimmsnarl
91473141,/Users/nickzwart/Desktop/8-8-2026/91473141.json,Majkel1337,1,0,0.5355,M-Kangaskhan
91474796,/Users/nickzwart/Desktop/8-8-2026/91474796.json,李秉叡（ntumlnoob）,1,0,0.6436,Hydrapple
90848904,/Users/nickzwart/Desktop/9-8-2026/90848904.json,Majkel1337,1,0,0.5355,M-Kangaskhan
90848967,/Users/nickzwart/Desktop/9-8-2026/90848967.json,Majkel1337,0,0,0.5355,M-Lucario
90848967,/Users/nickzwart/Desktop/9-8-2026/90848967.json,M Sato,1,1,0.5824,M-Lucario
90848975,/Users/nickzwart/Desktop/9-8-2026/90848975.json,Majkel1337,0,0,0.5355,M-Froslass
90849072,/Users/nickzwart/Desktop/9-8-2026/90849072.json,李秉叡（ntumlnoob）,1,1,0.6436,Grimmsnarl
90849798,/Users/nickzwart/Desktop/9-8-2026/90849798.json,Majkel1337,1,0,0.5355,M-Kangaskhan
90849867,/Users/nickzwart/Desktop/9-8-2026/90849867.json,Majkel1337,1,1,0.5355,Ogerpon
90849880,/Users/nickzwart/Desktop/9-8-2026/90849880.json,Majkel1337,1,1,0.5355,M-Lopunny
90850515,/Users/nickzwart/Desktop/9-8-2026/90850515.json,Majkel1337,0,1,0.5355,M-Lopunny
90850826,/Users/nickzwart/Desktop/9-8-2026/90850826.json,Majkel1337,1,0,0.5355,other
90851574,/Users/nickzwart/Desktop/9-8-2026/90851574.json,Majkel1337,0,1,0.5355,other
90851590,/Users/nickzwart/Desktop/9-8-2026/90851590.json,Majkel1337,1,1,0.5355,Alakazam
90851548,/Users/nickzwart/Desktop/9-8-2026/90851548.json,Majkel1337,0,1,0.5355,Ogerpon
90851560,/Users/nickzwart/Desktop/9-8-2026/90851560.json,Majkel1337,0,1,0.5355,M-Lopunny
90852314,/Users/nickzwart/Desktop/9-8-2026/90852314.json,Majkel1337,1,1,0.5355,M-Kangaskhan
90852382,/Users/nickzwart/Desktop/9-8-2026/90852382.json,Majkel1337,0,1,0.5355,Grimmsnarl
90852394,/Users/nickzwart/Desktop/9-8-2026/90852394.json,Majkel1337,1,1,0.5355,Grimmsnarl
90853060,/Users/nickzwart/Desktop/9-8-2026/90853060.json,李秉叡（ntumlnoob）,1,0,0.6436,Alakazam
90853153,/Users/nickzwart/Desktop/9-8-2026/90853153.json,Majkel1337,1,0,0.5355,M-Kangaskhan
90853220,/Users/nickzwart/Desktop/9-8-2026/90853220.json,Majkel1337,0,1,0.5355,M-Lopunny
90853227,/Users/nickzwart/Desktop/9-8-2026/90853227.json,Majkel1337,0,1,0.5355,Alakazam
90854003,/Users/nickzwart/Desktop/9-8-2026/90854003.json,Majkel1337,0,0,0.5355,other
90854925,/Users/nickzwart/Desktop/9-8-2026/90854925.json,Majkel1337,1,0,0.5355,Alakazam
90854929,/Users/nickzwart/Desktop/9-8-2026/90854929.json,Majkel1337,0,1,0.5355,Alakazam
90854932,/Users/nickzwart/Desktop/9-8-2026/90854932.json,Majkel1337,1,1,0.5355,M-Lopunny
90854848,/Users/nickzwart/Desktop/9-8-2026/90854848.json,Majkel1337,1,0,0.5355,other
90854069,/Users/nickzwart/Desktop/9-8-2026/90854069.json,Majkel1337,1,0,0.5355,M-Kangaskhan
90854073,/Users/nickzwart/Desktop/9-8-2026/90854073.json,Majkel1337,1,1,0.5355,Alakazam
90854084,/Users/nickzwart/Desktop/9-8-2026/90854084.json,Majkel1337,0,1,0.5355,M-Froslass
90855687,/Users/nickzwart/Desktop/9-8-2026/90855687.json,Majkel1337,0,0,0.5355,M-Kangaskhan
90855773,/Users/nickzwart/Desktop/9-8-2026/90855773.json,Majkel1337,1,1,0.5355,M-Kangaskhan
90855787,/Users/nickzwart/Desktop/9-8-2026/90855787.json,Majkel1337,1,0,0.5355,Alakazam
90856622,/Users/nickzwart/Desktop/9-8-2026/90856622.json,Majkel1337,1,0,0.5355,Grimmsnarl
90856636,/Users/nickzwart/Desktop/9-8-2026/90856636.json,Majkel1337,0,0,0.5355,Grimmsnarl
90857397,/Users/nickzwart/Desktop/9-8-2026/90857397.json,Majkel1337,0,0,0.5355,M-Kangaskhan
90857471,/Users/nickzwart/Desktop/9-8-2026/90857471.json,Majkel1337,1,0,0.5355,M-Lopunny
90858045,/Users/nickzwart/Desktop/9-8-2026/90858045.json,대답해드리는게인지상정,0,0,0.5532,M-Kangaskhan
90858117,/Users/nickzwart/Desktop/9-8-2026/90858117.json,Majkel1337,0,1,0.5355,Grimmsnarl
90858319,/Users/nickzwart/Desktop/9-8-2026/90858319.json,Majkel1337,0,1,0.5355,Grimmsnarl
90858946,/Users/nickzwart/Desktop/9-8-2026/90858946.json,李秉叡（ntumlnoob）,0,0,0.6436,Grimmsnarl
90859086,/Users/nickzwart/Desktop/9-8-2026/90859086.json,Majkel1337,0,0,0.5355,M-Kangaskhan
90859164,/Users/nickzwart/Desktop/9-8-2026/90859164.json,Majkel1337,1,1,0.5355,M-Froslass
90859948,/Users/nickzwart/Desktop/9-8-2026/90859948.json,Majkel1337,0,0,0.5355,other
90860021,/Users/nickzwart/Desktop/9-8-2026/90860021.json,Majkel1337,0,1,0.5355,Grimmsnarl
90860872,/Users/nickzwart/Desktop/9-8-2026/90860872.json,Majkel1337,0,1,0.5355,Alakazam
90861401,/Users/nickzwart/Desktop/9-8-2026/90861401.json,대답해드리는게인지상정,1,0,0.5532,Hydrapple
90861575,/Users/nickzwart/Desktop/9-8-2026/90861575.json,Majkel1337,1,0,0.5355,Grimmsnarl
90861674,/Users/nickzwart/Desktop/9-8-2026/90861674.json,Majkel1337,1,1,0.5355,M-Kangaskhan
90862531,/Users/nickzwart/Desktop/9-8-2026/90862531.json,Majkel1337,1,1,0.5355,M-Kangaskhan
90863127,/Users/nickzwart/Desktop/9-8-2026/90863127.json,李秉叡（ntumlnoob）,1,0,0.6436,Alakazam
90864847,/Users/nickzwart/Desktop/9-8-2026/90864847.json,wwwwwwwwwwwwwwwwwwwwwwwwwwwwww,0,1,0.5652,Grimmsnarl
90864942,/Users/nickzwart/Desktop/9-8-2026/90864942.json,Majkel1337,0,1,0.5355,Grimmsnarl
90865082,/Users/nickzwart/Desktop/9-8-2026/90865082.json,Majkel1337,1,0,0.5355,other
90865848,/Users/nickzwart/Desktop/9-8-2026/90865848.json,Abhyuday,1,0,0.3704,Grimmsnarl
90866784,/Users/nickzwart/Desktop/9-8-2026/90866784.json,Majkel1337,0,0,0.5355,M-Kangaskhan
90867505,/Users/nickzwart/Desktop/9-8-2026/90867505.json,Abhyuday,1,0,0.3704,Alakazam
90867650,/Users/nickzwart/Desktop/9-8-2026/90867650.json,Majkel1337,1,0,0.5355,M-Kangaskhan
90868347,/Users/nickzwart/Desktop/9-8-2026/90868347.json,Majkel1337,0,1,0.5355,Alakazam
90869354,/Users/nickzwart/Desktop/9-8-2026/90869354.json,Majkel1337,0,1,0.5355,M-Kangaskhan
90870215,/Users/nickzwart/Desktop/9-8-2026/90870215.json,Majkel1337,1,1,0.5355,M-Kangaskhan
90871064,/Users/nickzwart/Desktop/9-8-2026/90871064.json,Majkel1337,1,0,0.5355,other
90871888,/Users/nickzwart/Desktop/9-8-2026/90871888.json,Majkel1337,0,0,0.5355,other
90873611,/Users/nickzwart/Desktop/9-8-2026/90873611.json,Majkel1337,1,0,0.5355,M-Kangaskhan
90874448,/Users/nickzwart/Desktop/9-8-2026/90874448.json,Majkel1337,0,1,0.5355,M-Kangaskhan
90874463,/Users/nickzwart/Desktop/9-8-2026/90874463.json,李秉叡（ntumlnoob）,1,0,0.6436,Grimmsnarl
90875295,/Users/nickzwart/Desktop/9-8-2026/90875295.json,Majkel1337,0,0,0.5355,other
90876152,/Users/nickzwart/Desktop/9-8-2026/90876152.json,Majkel1337,1,0,0.5355,M-Kangaskhan
90876899,/Users/nickzwart/Desktop/9-8-2026/90876899.json,LiamK,0,1,0.6027,Grimmsnarl
90877541,/Users/nickzwart/Desktop/9-8-2026/90877541.json,李秉叡（ntumlnoob）,0,0,0.6436,Grimmsnarl
90878536,/Users/nickzwart/Desktop/9-8-2026/90878536.json,李秉叡（ntumlnoob）,1,1,0.6436,Grimmsnarl
90878608,/Users/nickzwart/Desktop/9-8-2026/90878608.json,李秉叡（ntumlnoob）,1,1,0.6436,Grimmsnarl
90882774,/Users/nickzwart/Desktop/9-8-2026/90882774.json,李秉叡（ntumlnoob）,1,0,0.6436,Grimmsnarl
90882888,/Users/nickzwart/Desktop/9-8-2026/90882888.json,Majkel1337,1,0,0.5355,other
90885097,/Users/nickzwart/Desktop/9-8-2026/90885097.json,LiamK,1,1,0.6027,Grimmsnarl
90884303,/Users/nickzwart/Desktop/9-8-2026/90884303.json,wwwwwwwwwwwwwwwwwwwwwwwwwwwwww,1,0,0.5652,M-Kangaskhan
90896266,/Users/nickzwart/Desktop/9-8-2026/90896266.json,LiamK,1,0,0.6027,Grimmsnarl
90897050,/Users/nickzwart/Desktop/9-8-2026/90897050.json,Majkel1337,1,0,0.5355,M-Kangaskhan
90897739,/Users/nickzwart/Desktop/9-8-2026/90897739.json,kanno,1,0,0.1667,Alakazam
90900409,/Users/nickzwart/Desktop/9-8-2026/90900409.json,Majkel1337,1,0,0.5355,M-Kangaskhan
90902976,/Users/nickzwart/Desktop/9-8-2026/90902976.json,Majkel1337,0,0,0.5355,M-Kangaskhan
90903836,/Users/nickzwart/Desktop/9-8-2026/90903836.json,M Sato,0,1,0.5824,Grimmsnarl
90903853,/Users/nickzwart/Desktop/9-8-2026/90903853.json,Majkel1337,1,1,0.5355,M-Kangaskhan
90904562,/Users/nickzwart/Desktop/9-8-2026/90904562.json,kanno,0,1,0.1667,M-Kangaskhan
90907227,/Users/nickzwart/Desktop/9-8-2026/90907227.json,Majkel1337,0,0,0.5355,M-Kangaskhan
90906417,/Users/nickzwart/Desktop/9-8-2026/90906417.json,Majkel1337,1,0,0.5355,M-Kangaskhan
90906976,/Users/nickzwart/Desktop/9-8-2026/90906976.json,李秉叡（ntumlnoob）,0,1,0.6436,Alakazam
90904719,/Users/nickzwart/Desktop/9-8-2026/90904719.json,Majkel1337,1,1,0.5355,M-Kangaskhan
90908051,/Users/nickzwart/Desktop/9-8-2026/90908051.json,Majkel1337,1,0,0.5355,M-Kangaskhan
90908876,/Users/nickzwart/Desktop/9-8-2026/90908876.json,Majkel1337,1,0,0.5355,M-Kangaskhan
90909537,/Users/nickzwart/Desktop/9-8-2026/90909537.json,Marshall Maximizer,0,1,0.4667,Ogerpon
90910558,/Users/nickzwart/Desktop/9-8-2026/90910558.json,Majkel1337,1,0,0.5355,other
90911402,/Users/nickzwart/Desktop/9-8-2026/90911402.json,Majkel1337,0,0,0.5355,M-Kangaskhan
90913116,/Users/nickzwart/Desktop/9-8-2026/90913116.json,Majkel1337,1,0,0.5355,M-Kangaskhan
90913746,/Users/nickzwart/Desktop/9-8-2026/90913746.json,Majkel1337,1,0,0.5355,Ogerpon
90912175,/Users/nickzwart/Desktop/9-8-2026/90912175.json,Pokemon Fan,0,0,0.5,Grimmsnarl
90913960,/Users/nickzwart/Desktop/9-8-2026/90913960.json,Majkel1337,1,1,0.5355,M-Kangaskhan
90914581,/Users/nickzwart/Desktop/9-8-2026/90914581.json,seven,0,1,0.4,Garchomp
90914846,/Users/nickzwart/Desktop/9-8-2026/90914846.json,Majkel1337,0,0,0.5355,other
90915407,/Users/nickzwart/Desktop/9-8-2026/90915407.json,seven,0,0,0.4,Grimmsnarl
90916462,/Users/nickzwart/Desktop/9-8-2026/90916462.json,Abhyuday,1,0,0.3704,M-Lopunny
90916245,/Users/nickzwart/Desktop/9-8-2026/90916245.json,seven,0,0,0.4,Grimmsnarl
90917205,/Users/nickzwart/Desktop/9-8-2026/90917205.json,Marshall Maximizer,0,0,0.4667,Grimmsnarl
90918774,/Users/nickzwart/Desktop/9-8-2026/90918774.json,seven,1,1,0.4,M-Lopunny
90919608,/Users/nickzwart/Desktop/9-8-2026/90919608.json,seven,1,0,0.4,M-Kangaskhan
90919907,/Users/nickzwart/Desktop/9-8-2026/90919907.json,wwwwwwwwwwwwwwwwwwwwwwwwwwwwww,1,0,0.5652,Grimmsnarl
90920464,/Users/nickzwart/Desktop/9-8-2026/90920464.json,seven,1,1,0.4,Grimmsnarl
90920587,/Users/nickzwart/Desktop/9-8-2026/90920587.json,Marshall Maximizer,0,1,0.4667,Ogerpon
90919642,/Users/nickzwart/Desktop/9-8-2026/90919642.json,Marshall Maximizer,0,1,0.4667,M-Lucario
90919642,/Users/nickzwart/Desktop/9-8-2026/90919642.json,kanno,1,0,0.1667,M-Lucario
90919698,/Users/nickzwart/Desktop/9-8-2026/90919698.json,seven,0,0,0.4,Grimmsnarl
90920728,/Users/nickzwart/Desktop/9-8-2026/90920728.json,李秉叡（ntumlnoob）,1,1,0.6436,M-Lopunny
90921295,/Users/nickzwart/Desktop/9-8-2026/90921295.json,seven,0,0,0.4,Alakazam
90921521,/Users/nickzwart/Desktop/9-8-2026/90921521.json,LiamK,0,1,0.6027,M-Kangaskhan
90922255,/Users/nickzwart/Desktop/9-8-2026/90922255.json,Abhyuday,0,0,0.3704,Dragapult
90923084,/Users/nickzwart/Desktop/9-8-2026/90923084.json,Marshall Maximizer,0,1,0.4667,Grimmsnarl
90923919,/Users/nickzwart/Desktop/9-8-2026/90923919.json,Marshall Maximizer,1,1,0.4667,M-Kangaskhan
90924050,/Users/nickzwart/Desktop/9-8-2026/90924050.json,LiamK,0,0,0.6027,Alakazam
90924801,/Users/nickzwart/Desktop/9-8-2026/90924801.json,LiamK,0,1,0.6027,M-Kangaskhan
90927272,/Users/nickzwart/Desktop/9-8-2026/90927272.json,Marshall Maximizer,0,0,0.4667,Grimmsnarl
90929068,/Users/nickzwart/Desktop/9-8-2026/90929068.json,Majkel1337,0,1,0.5355,Grimmsnarl
90929129,/Users/nickzwart/Desktop/9-8-2026/90929129.json,wwwwwwwwwwwwwwwwwwwwwwwwwwwwww,0,1,0.5652,M-Lopunny
90938260,/Users/nickzwart/Desktop/9-8-2026/90938260.json,李秉叡（ntumlnoob）,0,1,0.6436,Alakazam
90938293,/Users/nickzwart/Desktop/9-8-2026/90938293.json,Marshall Maximizer,0,1,0.4667,Ogerpon
90938912,/Users/nickzwart/Desktop/9-8-2026/90938912.json,LiamK,1,1,0.6027,other
90940679,/Users/nickzwart/Desktop/9-8-2026/90940679.json,李秉叡（ntumlnoob）,0,1,0.6436,M-Lucario
90940679,/Users/nickzwart/Desktop/9-8-2026/90940679.json,seven,1,0,0.4,M-Lucario
90939929,/Users/nickzwart/Desktop/9-8-2026/90939929.json,LiamK,0,1,0.6027,Alakazam
90942974,/Users/nickzwart/Desktop/9-8-2026/90942974.json,wwwwwwwwwwwwwwwwwwwwwwwwwwwwww,1,0,0.5652,Dragapult
90949886,/Users/nickzwart/Desktop/9-8-2026/90949886.json,LiamK,1,0,0.6027,Alakazam
90950754,/Users/nickzwart/Desktop/9-8-2026/90950754.json,Majkel1337,0,1,0.5355,Grimmsnarl
90953078,/Users/nickzwart/Desktop/9-8-2026/90953078.json,Majkel1337,0,1,0.5355,other
90959029,/Users/nickzwart/Desktop/9-8-2026/90959029.json,Marshall Maximizer,1,0,0.4667,Grimmsnarl
90963186,/Users/nickzwart/Desktop/9-8-2026/90963186.json,Majkel1337,0,1,0.5355,Alakazam
90963709,/Users/nickzwart/Desktop/9-8-2026/90963709.json,李秉叡（ntumlnoob）,1,1,0.6436,M-Froslass
90963759,/Users/nickzwart/Desktop/9-8-2026/90963759.json,kanno,1,0,0.1667,Alakazam
90965638,/Users/nickzwart/Desktop/9-8-2026/90965638.json,LiamK,1,0,0.6027,other
90967895,/Users/nickzwart/Desktop/9-8-2026/90967895.json,Marshall Maximizer,1,0,0.4667,Alakazam
90969497,/Users/nickzwart/Desktop/9-8-2026/90969497.json,seven,1,1,0.4,Grimmsnarl
90970346,/Users/nickzwart/Desktop/9-8-2026/90970346.json,seven,0,0,0.4,Alakazam
90970505,/Users/nickzwart/Desktop/9-8-2026/90970505.json,kanno,0,0,0.1667,Dragapult
90972018,/Users/nickzwart/Desktop/9-8-2026/90972018.json,seven,0,1,0.4,Grimmsnarl
90973705,/Users/nickzwart/Desktop/9-8-2026/90973705.json,seven,0,0,0.4,Alakazam
90973800,/Users/nickzwart/Desktop/9-8-2026/90973800.json,Oleksandr_Savsunenko,1,0,0.5714,Ogerpon
90974539,/Users/nickzwart/Desktop/9-8-2026/90974539.json,Marshall Maximizer,0,0,0.4667,Alakazam
90974566,/Users/nickzwart/Desktop/9-8-2026/90974566.json,seven,0,1,0.4,Alakazam
90974607,/Users/nickzwart/Desktop/9-8-2026/90974607.json,seven,1,1,0.4,Grimmsnarl
90975502,/Users/nickzwart/Desktop/9-8-2026/90975502.json,Oleksandr_Savsunenko,1,0,0.5714,M-Kangaskhan
90976390,/Users/nickzwart/Desktop/9-8-2026/90976390.json,kanno,1,0,0.1667,Alakazam
90977086,/Users/nickzwart/Desktop/9-8-2026/90977086.json,seven,1,0,0.4,Dudunsparce
90977913,/Users/nickzwart/Desktop/9-8-2026/90977913.json,seven,0,0,0.4,Grimmsnarl
90977986,/Users/nickzwart/Desktop/9-8-2026/90977986.json,seven,0,1,0.4,Alakazam
90979712,/Users/nickzwart/Desktop/9-8-2026/90979712.json,wwwwwwwwwwwwwwwwwwwwwwwwwwwwww,1,1,0.5652,M-Lopunny
90981294,/Users/nickzwart/Desktop/9-8-2026/90981294.json,seven,0,0,0.4,other
90981363,/Users/nickzwart/Desktop/9-8-2026/90981363.json,wwwwwwwwwwwwwwwwwwwwwwwwwwwwww,0,0,0.5652,M-Lopunny
90982206,/Users/nickzwart/Desktop/9-8-2026/90982206.json,Oleksandr_Savsunenko,0,1,0.5714,Grimmsnarl
90982903,/Users/nickzwart/Desktop/9-8-2026/90982903.json,Abhyuday,1,0,0.3704,M-Kangaskhan
90983739,/Users/nickzwart/Desktop/9-8-2026/90983739.json,李秉叡（ntumlnoob）,1,0,0.6436,Crustle
90983827,/Users/nickzwart/Desktop/9-8-2026/90983827.json,Abhyuday,0,1,0.3704,Hydrapple
90983865,/Users/nickzwart/Desktop/9-8-2026/90983865.json,Oleksandr_Savsunenko,1,0,0.5714,Grimmsnarl
90985599,/Users/nickzwart/Desktop/9-8-2026/90985599.json,Oleksandr_Savsunenko,1,1,0.5714,M-Kangaskhan
90987264,/Users/nickzwart/Desktop/9-8-2026/90987264.json,李秉叡（ntumlnoob）,0,1,0.6436,Hydrapple
90987283,/Users/nickzwart/Desktop/9-8-2026/90987283.json,李秉叡（ntumlnoob）,0,1,0.6436,M-Lopunny
90987290,/Users/nickzwart/Desktop/9-8-2026/90987290.json,Oleksandr_Savsunenko,1,1,0.5714,M-Lopunny
90988745,/Users/nickzwart/Desktop/9-8-2026/90988745.json,Oleksandr_Savsunenko,0,1,0.5714,M-Lopunny
90989756,/Users/nickzwart/Desktop/9-8-2026/90989756.json,Oleksandr_Savsunenko,0,1,0.5714,M-Lopunny
90990595,/Users/nickzwart/Desktop/9-8-2026/90990595.json,Oleksandr_Savsunenko,1,0,0.5714,Grimmsnarl
90990698,/Users/nickzwart/Desktop/9-8-2026/90990698.json,Majkel1337,1,0,0.5355,M-Kangaskhan
90988920,/Users/nickzwart/Desktop/9-8-2026/90988920.json,Oleksandr_Savsunenko,1,1,0.5714,Grimmsnarl
90992247,/Users/nickzwart/Desktop/9-8-2026/90992247.json,seven,1,0,0.4,Alakazam
90993020,/Users/nickzwart/Desktop/9-8-2026/90993020.json,Oleksandr_Savsunenko,1,1,0.5714,Crustle
90992398,/Users/nickzwart/Desktop/9-8-2026/90992398.json,Oleksandr_Savsunenko,1,1,0.5714,M-Lopunny
90993766,/Users/nickzwart/Desktop/9-8-2026/90993766.json,Oleksandr_Savsunenko,0,1,0.5714,M-Kangaskhan
90993957,/Users/nickzwart/Desktop/9-8-2026/90993957.json,Oleksandr_Savsunenko,1,0,0.5714,Grimmsnarl
90994785,/Users/nickzwart/Desktop/9-8-2026/90994785.json,Oleksandr_Savsunenko,0,1,0.5714,Grimmsnarl
90995385,/Users/nickzwart/Desktop/9-8-2026/90995385.json,Oleksandr_Savsunenko,0,1,0.5714,Hydrapple
90995617,/Users/nickzwart/Desktop/9-8-2026/90995617.json,Oleksandr_Savsunenko,1,1,0.5714,Grimmsnarl
90996466,/Users/nickzwart/Desktop/9-8-2026/90996466.json,Oleksandr_Savsunenko,1,0,0.5714,Grimmsnarl
90999068,/Users/nickzwart/Desktop/9-8-2026/90999068.json,Oleksandr_Savsunenko,1,0,0.5714,Grimmsnarl
90997356,/Users/nickzwart/Desktop/9-8-2026/90997356.json,Majkel1337,0,1,0.5355,Grimmsnarl
90997405,/Users/nickzwart/Desktop/9-8-2026/90997405.json,Oleksandr_Savsunenko,1,1,0.5714,Grimmsnarl
91001372,/Users/nickzwart/Desktop/9-8-2026/91001372.json,LiamK,0,1,0.6027,Grimmsnarl
91007415,/Users/nickzwart/Desktop/9-8-2026/91007415.json,Oleksandr_Savsunenko,0,1,0.5714,M-Lopunny
91010735,/Users/nickzwart/Desktop/9-8-2026/91010735.json,Majkel1337,1,0,0.5355,Alakazam
91011546,/Users/nickzwart/Desktop/9-8-2026/91011546.json,李秉叡（ntumlnoob）,0,1,0.6436,Dragapult
91015665,/Users/nickzwart/Desktop/9-8-2026/91015665.json,Abhyuday,1,1,0.3704,Dragapult
91017228,/Users/nickzwart/Desktop/9-8-2026/91017228.json,LiamK,0,0,0.6027,Grimmsnarl
91019113,/Users/nickzwart/Desktop/9-8-2026/91019113.json,Oleksandr_Savsunenko,1,1,0.5714,M-Froslass
91020752,/Users/nickzwart/Desktop/9-8-2026/91020752.json,Abhyuday,0,1,0.3704,Dragapult
91028146,/Users/nickzwart/Desktop/9-8-2026/91028146.json,Oleksandr_Savsunenko,0,0,0.5714,Grimmsnarl
91028906,/Users/nickzwart/Desktop/9-8-2026/91028906.json,LiamK,0,1,0.6027,M-Lopunny
91028216,/Users/nickzwart/Desktop/9-8-2026/91028216.json,LiamK,1,0,0.6027,M-Kangaskhan
91030806,/Users/nickzwart/Desktop/9-8-2026/91030806.json,Oleksandr_Savsunenko,0,1,0.5714,Grimmsnarl
91031369,/Users/nickzwart/Desktop/9-8-2026/91031369.json,wwwwwwwwwwwwwwwwwwwwwwwwwwwwww,1,1,0.5652,Grimmsnarl
91032444,/Users/nickzwart/Desktop/9-8-2026/91032444.json,Pokemon Fan,0,1,0.5,M-Lopunny
91033972,/Users/nickzwart/Desktop/9-8-2026/91033972.json,Oleksandr_Savsunenko,1,0,0.5714,Alakazam
91036464,/Users/nickzwart/Desktop/9-8-2026/91036464.json,wwwwwwwwwwwwwwwwwwwwwwwwwwwwww,1,1,0.5652,Grimmsnarl
91037290,/Users/nickzwart/Desktop/9-8-2026/91037290.json,wwwwwwwwwwwwwwwwwwwwwwwwwwwwww,1,0,0.5652,Grimmsnarl
91038254,/Users/nickzwart/Desktop/9-8-2026/91038254.json,wwwwwwwwwwwwwwwwwwwwwwwwwwwwww,1,1,0.5652,M-Lopunny
91038418,/Users/nickzwart/Desktop/9-8-2026/91038418.json,Oleksandr_Savsunenko,1,0,0.5714,Grimmsnarl
91039061,/Users/nickzwart/Desktop/9-8-2026/91039061.json,wwwwwwwwwwwwwwwwwwwwwwwwwwwwww,1,1,0.5652,Ogerpon
91040113,/Users/nickzwart/Desktop/9-8-2026/91040113.json,李秉叡（ntumlnoob）,1,0,0.6436,Dragapult
91039883,/Users/nickzwart/Desktop/9-8-2026/91039883.json,wwwwwwwwwwwwwwwwwwwwwwwwwwwwww,0,0,0.5652,other
91041592,/Users/nickzwart/Desktop/9-8-2026/91041592.json,wwwwwwwwwwwwwwwwwwwwwwwwwwwwww,1,1,0.5652,M-Kangaskhan
91043284,/Users/nickzwart/Desktop/9-8-2026/91043284.json,wwwwwwwwwwwwwwwwwwwwwwwwwwwwww,1,0,0.5652,Alakazam
91045799,/Users/nickzwart/Desktop/9-8-2026/91045799.json,李秉叡（ntumlnoob）,1,1,0.6436,Grimmsnarl
91046536,/Users/nickzwart/Desktop/9-8-2026/91046536.json,213tubo,1,1,0.7358,Grimmsnarl
91047329,/Users/nickzwart/Desktop/9-8-2026/91047329.json,213tubo,0,1,0.7358,Alakazam
91048506,/Users/nickzwart/Desktop/9-8-2026/91048506.json,Majkel1337,1,1,0.5355,other
91049199,/Users/nickzwart/Desktop/9-8-2026/91049199.json,wwwwwwwwwwwwwwwwwwwwwwwwwwwwww,0,1,0.5652,Ogerpon
91050139,/Users/nickzwart/Desktop/9-8-2026/91050139.json,Marshall Maximizer,0,1,0.4667,M-Lopunny
91050790,/Users/nickzwart/Desktop/9-8-2026/91050790.json,Marshall Maximizer,0,0,0.4667,Grimmsnarl
91057572,/Users/nickzwart/Desktop/9-8-2026/91057572.json,李秉叡（ntumlnoob）,1,0,0.6436,Grimmsnarl
91065480,/Users/nickzwart/Desktop/9-8-2026/91065480.json,213tubo,0,1,0.7358,Ogerpon
91065500,/Users/nickzwart/Desktop/9-8-2026/91065500.json,Pokemon Fan,0,0,0.5,Grimmsnarl
91065629,/Users/nickzwart/Desktop/9-8-2026/91065629.json,Oleksandr_Savsunenko,1,0,0.5714,M-Kangaskhan
91066439,/Users/nickzwart/Desktop/9-8-2026/91066439.json,LiamK,0,1,0.6027,Ogerpon
91067064,/Users/nickzwart/Desktop/9-8-2026/91067064.json,Pokemon Fan,1,0,0.5,Ogerpon
91066277,/Users/nickzwart/Desktop/9-8-2026/91066277.json,李秉叡（ntumlnoob）,0,0,0.6436,Hydrapple
91066356,/Users/nickzwart/Desktop/9-8-2026/91066356.json,213tubo,0,1,0.7358,Grimmsnarl
91067228,/Users/nickzwart/Desktop/9-8-2026/91067228.json,213tubo,1,1,0.7358,M-Kangaskhan
91068099,/Users/nickzwart/Desktop/9-8-2026/91068099.json,213tubo,1,1,0.7358,M-Lopunny
91068978,/Users/nickzwart/Desktop/9-8-2026/91068978.json,213tubo,1,1,0.7358,Grimmsnarl
91069753,/Users/nickzwart/Desktop/9-8-2026/91069753.json,Oleksandr_Savsunenko,1,0,0.5714,Dragapult
91069870,/Users/nickzwart/Desktop/9-8-2026/91069870.json,213tubo,1,1,0.7358,Grimmsnarl
91070610,/Users/nickzwart/Desktop/9-8-2026/91070610.json,Majkel1337,1,0,0.5355,Dragapult
91070777,/Users/nickzwart/Desktop/9-8-2026/91070777.json,213tubo,1,1,0.7358,Grimmsnarl
91071614,/Users/nickzwart/Desktop/9-8-2026/91071614.json,213tubo,1,1,0.7358,Ogerpon
91071652,/Users/nickzwart/Desktop/9-8-2026/91071652.json,Abhyuday,0,0,0.3704,Grimmsnarl
91072378,/Users/nickzwart/Desktop/9-8-2026/91072378.json,LiamK,0,0,0.6027,Hydrapple
91072497,/Users/nickzwart/Desktop/9-8-2026/91072497.json,213tubo,1,0,0.7358,Ogerpon
91073189,/Users/nickzwart/Desktop/9-8-2026/91073189.json,李秉叡（ntumlnoob）,0,0,0.6436,Ogerpon
91073378,/Users/nickzwart/Desktop/9-8-2026/91073378.json,213tubo,1,0,0.7358,Grimmsnarl
91074259,/Users/nickzwart/Desktop/9-8-2026/91074259.json,213tubo,0,1,0.7358,Hydrapple
91075002,/Users/nickzwart/Desktop/9-8-2026/91075002.json,Oleksandr_Savsunenko,1,1,0.5714,Ogerpon
91075140,/Users/nickzwart/Desktop/9-8-2026/91075140.json,213tubo,0,1,0.7358,Grimmsnarl
91079467,/Users/nickzwart/Desktop/9-8-2026/91079467.json,李秉叡（ntumlnoob）,0,1,0.6436,Grimmsnarl
91079529,/Users/nickzwart/Desktop/9-8-2026/91079529.json,213tubo,1,1,0.7358,Crustle
91081848,/Users/nickzwart/Desktop/9-8-2026/91081848.json,213tubo,0,1,0.7358,M-Lopunny
91084823,/Users/nickzwart/Desktop/9-8-2026/91084823.json,213tubo,0,1,0.7358,Alakazam
91085531,/Users/nickzwart/Desktop/9-8-2026/91085531.json,Oleksandr_Savsunenko,0,0,0.5714,Alakazam
91088291,/Users/nickzwart/Desktop/9-8-2026/91088291.json,213tubo,0,0,0.7358,Ogerpon
91088319,/Users/nickzwart/Desktop/9-8-2026/91088319.json,Oleksandr_Savsunenko,0,0,0.5714,Grimmsnarl
91088987,/Users/nickzwart/Desktop/9-8-2026/91088987.json,Majkel1337,0,0,0.5355,Alakazam
91093357,/Users/nickzwart/Desktop/9-8-2026/91093357.json,Oleksandr_Savsunenko,1,1,0.5714,Ogerpon
91093375,/Users/nickzwart/Desktop/9-8-2026/91093375.json,Majkel1337,1,1,0.5355,Dragapult
91093519,/Users/nickzwart/Desktop/9-8-2026/91093519.json,213tubo,0,1,0.7358,Alakazam
91095030,/Users/nickzwart/Desktop/9-8-2026/91095030.json,213tubo,0,1,0.7358,M-Lopunny
91097775,/Users/nickzwart/Desktop/9-8-2026/91097775.json,Abhyuday,0,1,0.3704,M-Lopunny
91099564,/Users/nickzwart/Desktop/9-8-2026/91099564.json,213tubo,1,0,0.7358,Ogerpon
91103861,/Users/nickzwart/Desktop/9-8-2026/91103861.json,李秉叡（ntumlnoob）,1,1,0.6436,Alakazam
91104838,/Users/nickzwart/Desktop/9-8-2026/91104838.json,Majkel1337,0,1,0.5355,Dragapult
91105645,/Users/nickzwart/Desktop/9-8-2026/91105645.json,213tubo,0,1,0.7358,Grimmsnarl
91108000,/Users/nickzwart/Desktop/9-8-2026/91108000.json,LiamK,0,0,0.6027,Grimmsnarl
91110640,/Users/nickzwart/Desktop/9-8-2026/91110640.json,李秉叡（ntumlnoob）,1,1,0.6436,Grimmsnarl
91112622,/Users/nickzwart/Desktop/9-8-2026/91112622.json,Majkel1337,0,1,0.5355,Dragapult
91113321,/Users/nickzwart/Desktop/9-8-2026/91113321.json,Oleksandr_Savsunenko,1,1,0.5714,Dragapult
91116151,/Users/nickzwart/Desktop/9-8-2026/91116151.json,Majkel1337,0,0,0.5355,M-Kangaskhan
91117967,/Users/nickzwart/Desktop/9-8-2026/91117967.json,Majkel1337,0,0,0.5355,other
91117096,/Users/nickzwart/Desktop/9-8-2026/91117096.json,213tubo,0,0,0.7358,M-Kangaskhan
91119682,/Users/nickzwart/Desktop/9-8-2026/91119682.json,Majkel1337,1,0,0.5355,Dragapult
91120386,/Users/nickzwart/Desktop/9-8-2026/91120386.json,Pokemon Fan,0,1,0.5,Alakazam
91121432,/Users/nickzwart/Desktop/9-8-2026/91121432.json,Majkel1337,1,0,0.5355,Alakazam
91122187,/Users/nickzwart/Desktop/9-8-2026/91122187.json,LiamK,0,1,0.6027,M-Kangaskhan
91122287,/Users/nickzwart/Desktop/9-8-2026/91122287.json,Oleksandr_Savsunenko,0,1,0.5714,Alakazam
91123096,/Users/nickzwart/Desktop/9-8-2026/91123096.json,Majkel1337,1,0,0.5355,Alakazam
91125711,/Users/nickzwart/Desktop/9-8-2026/91125711.json,Majkel1337,0,0,0.5355,M-Kangaskhan
91125718,/Users/nickzwart/Desktop/9-8-2026/91125718.json,213tubo,0,1,0.7358,Grimmsnarl
91127562,/Users/nickzwart/Desktop/9-8-2026/91127562.json,Majkel1337,1,1,0.5355,M-Kangaskhan
91128217,/Users/nickzwart/Desktop/9-8-2026/91128217.json,Majkel1337,0,0,0.5355,Grimmsnarl
91128297,/Users/nickzwart/Desktop/9-8-2026/91128297.json,213tubo,1,0,0.7358,Grimmsnarl
91129078,/Users/nickzwart/Desktop/9-8-2026/91129078.json,LiamK,0,1,0.6027,M-Lopunny
91129312,/Users/nickzwart/Desktop/9-8-2026/91129312.json,Majkel1337,1,1,0.5355,other
91130833,/Users/nickzwart/Desktop/9-8-2026/91130833.json,LiamK,0,0,0.6027,Grimmsnarl
91131837,/Users/nickzwart/Desktop/9-8-2026/91131837.json,Majkel1337,1,1,0.5355,M-Lopunny
91133310,/Users/nickzwart/Desktop/9-8-2026/91133310.json,Majkel1337,0,1,0.5355,Alakazam
91132682,/Users/nickzwart/Desktop/9-8-2026/91132682.json,Majkel1337,0,0,0.5355,Alakazam
91133644,/Users/nickzwart/Desktop/9-8-2026/91133644.json,Majkel1337,1,1,0.5355,Dragapult
91133547,/Users/nickzwart/Desktop/9-8-2026/91133547.json,wwwwwwwwwwwwwwwwwwwwwwwwwwwwww,0,1,0.5652,M-Lopunny
91134402,/Users/nickzwart/Desktop/9-8-2026/91134402.json,Majkel1337,0,1,0.5355,M-Lopunny
91135258,/Users/nickzwart/Desktop/9-8-2026/91135258.json,Majkel1337,1,1,0.5355,M-Froslass
91135365,/Users/nickzwart/Desktop/9-8-2026/91135365.json,Majkel1337,1,1,0.5355,other
91136137,/Users/nickzwart/Desktop/9-8-2026/91136137.json,Majkel1337,0,0,0.5355,M-Froslass
91137884,/Users/nickzwart/Desktop/9-8-2026/91137884.json,Majkel1337,0,0,0.5355,Alakazam
91137010,/Users/nickzwart/Desktop/9-8-2026/91137010.json,Majkel1337,1,1,0.5355,other
91138749,/Users/nickzwart/Desktop/9-8-2026/91138749.json,Majkel1337,1,1,0.5355,M-Lopunny
91139621,/Users/nickzwart/Desktop/9-8-2026/91139621.json,Majkel1337,0,1,0.5355,M-Froslass
91142265,/Users/nickzwart/Desktop/9-8-2026/91142265.json,Majkel1337,1,1,0.5355,other
91143076,/Users/nickzwart/Desktop/9-8-2026/91143076.json,LiamK,1,1,0.6027,Ogerpon
91142351,/Users/nickzwart/Desktop/9-8-2026/91142351.json,Pokemon Fan,0,0,0.5,Dragapult
91143140,/Users/nickzwart/Desktop/9-8-2026/91143140.json,Majkel1337,1,1,0.5355,Alakazam
91144068,/Users/nickzwart/Desktop/9-8-2026/91144068.json,Marshall Maximizer,1,0,0.4667,Garchomp
91144082,/Users/nickzwart/Desktop/9-8-2026/91144082.json,Majkel1337,1,1,0.5355,Dragapult
91144880,/Users/nickzwart/Desktop/9-8-2026/91144880.json,Majkel1337,1,1,0.5355,Alakazam
91145751,/Users/nickzwart/Desktop/9-8-2026/91145751.json,Marshall Maximizer,1,0,0.4667,Alakazam
91145755,/Users/nickzwart/Desktop/9-8-2026/91145755.json,Majkel1337,0,1,0.5355,Grimmsnarl
91146630,/Users/nickzwart/Desktop/9-8-2026/91146630.json,Majkel1337,0,0,0.5355,Dragapult
91146635,/Users/nickzwart/Desktop/9-8-2026/91146635.json,Majkel1337,0,1,0.5355,other
91147513,/Users/nickzwart/Desktop/9-8-2026/91147513.json,Majkel1337,0,1,0.5355,other
91147530,/Users/nickzwart/Desktop/9-8-2026/91147530.json,Majkel1337,1,0,0.5355,other
91147595,/Users/nickzwart/Desktop/9-8-2026/91147595.json,Majkel1337,1,0,0.5355,M-Kangaskhan
91148350,/Users/nickzwart/Desktop/9-8-2026/91148350.json,213tubo,1,1,0.7358,Dudunsparce
91149168,/Users/nickzwart/Desktop/9-8-2026/91149168.json,Majkel1337,1,1,0.5355,Garchomp
91150162,/Users/nickzwart/Desktop/9-8-2026/91150162.json,Majkel1337,1,0,0.5355,M-Kangaskhan
91151044,/Users/nickzwart/Desktop/9-8-2026/91151044.json,Majkel1337,1,0,0.5355,Grimmsnarl
91151915,/Users/nickzwart/Desktop/9-8-2026/91151915.json,Majkel1337,1,1,0.5355,M-Kangaskhan
91152810,/Users/nickzwart/Desktop/9-8-2026/91152810.json,Majkel1337,0,1,0.5355,Dragapult
91606981,/Users/nickzwart/Desktop/kdcyberdude/91606981.json,M Sato,0,0,0.5824,Grimmsnarl
91799436,/Users/nickzwart/Desktop/kdcyberdude/91799436.json,Oshbocker,1,0,0.6875,Grimmsnarl
92043481,/Users/nickzwart/Desktop/kdcyberdude/92043481.json,李秉叡（ntumlnoob）,0,0,0.6436,Grimmsnarl
91882533,/Users/nickzwart/Desktop/kdcyberdude/91882533.json,李秉叡（ntumlnoob）,1,0,0.6436,Grimmsnarl
92086623,kd_fresh/_kdcyberdude/92086623.json,Gyoukou,1,1,0.5,M-Kangaskhan
92023454,kd_fresh/_kdcyberdude/92023454.json,e-toppo + kurupical,0,1,0.5714,M-Kangaskhan
91807928,/Users/nickzwart/Desktop/11082026/91807928.json,Dipam Chakraborty,0,1,0.7436,M-Kangaskhan
91808093,/Users/nickzwart/Desktop/11082026/91808093.json,Majkel1337,1,0,0.5355,Ogerpon
91804333,/Users/nickzwart/Desktop/11082026/91804333.json,Oshbocker,0,1,0.6875,Grimmsnarl
91807096,/Users/nickzwart/Desktop/11082026/91807096.json,Oshbocker,1,1,0.6875,Grimmsnarl
91807182,/Users/nickzwart/Desktop/11082026/91807182.json,李秉叡（ntumlnoob）,0,0,0.6436,Ogerpon
91805262,/Users/nickzwart/Desktop/11082026/91805262.json,Oshbocker,1,1,0.6875,Grimmsnarl
91803376,/Users/nickzwart/Desktop/11082026/91803376.json,LiamK,0,0,0.6027,M-Lucario
91803376,/Users/nickzwart/Desktop/11082026/91803376.json,Oshbocker,1,1,0.6875,M-Lucario
91805329,/Users/nickzwart/Desktop/11082026/91805329.json,M Sato,0,1,0.5824,Grimmsnarl
91806197,/Users/nickzwart/Desktop/11082026/91806197.json,李秉叡（ntumlnoob）,0,1,0.6436,Ogerpon
91806204,/Users/nickzwart/Desktop/11082026/91806204.json,Oshbocker,0,1,0.6875,Crustle
91810646,/Users/nickzwart/Desktop/11082026/91810646.json,Dipam Chakraborty,0,0,0.7436,M-Kangaskhan
91810774,/Users/nickzwart/Desktop/11082026/91810774.json,M Sato,1,0,0.5824,Ogerpon
91809042,/Users/nickzwart/Desktop/11082026/91809042.json,Oshbocker,1,0,0.6875,Grimmsnarl
91808098,/Users/nickzwart/Desktop/11082026/91808098.json,Oshbocker,1,1,0.6875,Grimmsnarl
91808866,/Users/nickzwart/Desktop/11082026/91808866.json,Dipam Chakraborty,0,1,0.7436,Grimmsnarl
91812694,/Users/nickzwart/Desktop/11082026/91812694.json,Dipam Chakraborty,0,1,0.7436,M-Lopunny
91813539,/Users/nickzwart/Desktop/11082026/91813539.json,Dipam Chakraborty,0,1,0.7436,Alakazam
91815359,/Users/nickzwart/Desktop/11082026/91815359.json,Dipam Chakraborty,1,1,0.7436,Crustle
91815402,/Users/nickzwart/Desktop/11082026/91815402.json,Oshbocker,0,1,0.6875,M-Lopunny
91816328,/Users/nickzwart/Desktop/11082026/91816328.json,Dipam Chakraborty,1,1,0.7436,M-Lopunny
91814448,/Users/nickzwart/Desktop/11082026/91814448.json,Dipam Chakraborty,1,1,0.7436,Alakazam
91819134,/Users/nickzwart/Desktop/11082026/91819134.json,Dipam Chakraborty,0,1,0.7436,Grimmsnarl
91820022,/Users/nickzwart/Desktop/11082026/91820022.json,李秉叡（ntumlnoob）,1,1,0.6436,M-Lopunny
91820077,/Users/nickzwart/Desktop/11082026/91820077.json,Dipam Chakraborty,0,1,0.7436,Grimmsnarl
91821109,/Users/nickzwart/Desktop/11082026/91821109.json,Dipam Chakraborty,0,1,0.7436,M-Lopunny
91821946,/Users/nickzwart/Desktop/11082026/91821946.json,Dipam Chakraborty,0,0,0.7436,Grimmsnarl
91823809,/Users/nickzwart/Desktop/11082026/91823809.json,Dipam Chakraborty,1,1,0.7436,M-Lopunny
91822872,/Users/nickzwart/Desktop/11082026/91822872.json,Dipam Chakraborty,0,1,0.7436,Grimmsnarl
91824687,/Users/nickzwart/Desktop/11082026/91824687.json,李秉叡（ntumlnoob）,1,1,0.6436,M-Lopunny
91824739,/Users/nickzwart/Desktop/11082026/91824739.json,Dipam Chakraborty,0,0,0.7436,Grimmsnarl
91825729,/Users/nickzwart/Desktop/11082026/91825729.json,Oshbocker,0,1,0.6875,M-Lucario
91825729,/Users/nickzwart/Desktop/11082026/91825729.json,Dipam Chakraborty,1,0,0.7436,M-Lucario
91827379,/Users/nickzwart/Desktop/11082026/91827379.json,Majkel1337,0,1,0.5355,other
91826616,/Users/nickzwart/Desktop/11082026/91826616.json,Dipam Chakraborty,0,0,0.7436,Grimmsnarl
91827563,/Users/nickzwart/Desktop/11082026/91827563.json,Dipam Chakraborty,1,1,0.7436,M-Kangaskhan
91828494,/Users/nickzwart/Desktop/11082026/91828494.json,Dipam Chakraborty,0,1,0.7436,Ogerpon
91829442,/Users/nickzwart/Desktop/11082026/91829442.json,Dipam Chakraborty,0,0,0.7436,Dragapult
91830381,/Users/nickzwart/Desktop/11082026/91830381.json,Dipam Chakraborty,0,1,0.7436,Alakazam
91832190,/Users/nickzwart/Desktop/11082026/91832190.json,李秉叡（ntumlnoob）,1,1,0.6436,M-Lopunny
91832244,/Users/nickzwart/Desktop/11082026/91832244.json,LiamK,1,1,0.6027,Hydrapple
91831324,/Users/nickzwart/Desktop/11082026/91831324.json,Dipam Chakraborty,0,1,0.7436,Grimmsnarl
91832246,/Users/nickzwart/Desktop/11082026/91832246.json,Dipam Chakraborty,1,1,0.7436,Grimmsnarl
91833899,/Users/nickzwart/Desktop/11082026/91833899.json,Abhyuday,1,0,0.3704,Alakazam
91834150,/Users/nickzwart/Desktop/11082026/91834150.json,Dipam Chakraborty,0,1,0.7436,other
91835104,/Users/nickzwart/Desktop/11082026/91835104.json,Dipam Chakraborty,0,1,0.7436,Hydrapple
91835775,/Users/nickzwart/Desktop/11082026/91835775.json,LiamK,1,1,0.6027,Alakazam
91835982,/Users/nickzwart/Desktop/11082026/91835982.json,Dipam Chakraborty,1,0,0.7436,Grimmsnarl
91836928,/Users/nickzwart/Desktop/11082026/91836928.json,Dipam Chakraborty,0,1,0.7436,M-Lucario
91836928,/Users/nickzwart/Desktop/11082026/91836928.json,LiamK,1,0,0.6027,M-Lucario
91837862,/Users/nickzwart/Desktop/11082026/91837862.json,Dipam Chakraborty,0,1,0.7436,M-Lopunny
91838808,/Users/nickzwart/Desktop/11082026/91838808.json,Dipam Chakraborty,0,0,0.7436,Alakazam
91842415,/Users/nickzwart/Desktop/11082026/91842415.json,Majkel1337,1,1,0.5355,Hydrapple
91841584,/Users/nickzwart/Desktop/11082026/91841584.json,Dipam Chakraborty,1,0,0.7436,Ogerpon
91841599,/Users/nickzwart/Desktop/11082026/91841599.json,M Sato,1,0,0.5824,Garchomp
91848050,/Users/nickzwart/Desktop/11082026/91848050.json,LiamK,1,1,0.6027,M-Lopunny
91850821,/Users/nickzwart/Desktop/11082026/91850821.json,LiamK,0,1,0.6027,M-Lopunny
91851004,/Users/nickzwart/Desktop/11082026/91851004.json,Dipam Chakraborty,1,1,0.7436,Alakazam
91849933,/Users/nickzwart/Desktop/11082026/91849933.json,M Sato,0,0,0.5824,Grimmsnarl
91851645,/Users/nickzwart/Desktop/11082026/91851645.json,대답해드리는게인지상정,0,1,0.5532,Ogerpon
91852575,/Users/nickzwart/Desktop/11082026/91852575.json,대답해드리는게인지상정,1,0,0.5532,Grimmsnarl
91853729,/Users/nickzwart/Desktop/11082026/91853729.json,Oshbocker,0,1,0.6875,M-Lopunny
91854430,/Users/nickzwart/Desktop/11082026/91854430.json,대답해드리는게인지상정,1,1,0.5532,Grimmsnarl
91857382,/Users/nickzwart/Desktop/11082026/91857382.json,LiamK,1,1,0.6027,Hydrapple
91858097,/Users/nickzwart/Desktop/11082026/91858097.json,李秉叡（ntumlnoob）,0,1,0.6436,Garchomp
91859017,/Users/nickzwart/Desktop/11082026/91859017.json,李秉叡（ntumlnoob）,0,1,0.6436,Grimmsnarl
91859032,/Users/nickzwart/Desktop/11082026/91859032.json,李秉叡（ntumlnoob）,0,1,0.6436,M-Lopunny
91859127,/Users/nickzwart/Desktop/11082026/91859127.json,대답해드리는게인지상정,0,1,0.5532,Grimmsnarl
91860275,/Users/nickzwart/Desktop/11082026/91860275.json,Dipam Chakraborty,1,1,0.7436,Hydrapple
91859961,/Users/nickzwart/Desktop/11082026/91859961.json,李秉叡（ntumlnoob）,0,1,0.6436,Alakazam
91860038,/Users/nickzwart/Desktop/11082026/91860038.json,대답해드리는게인지상정,1,0,0.5532,Alakazam
91860892,/Users/nickzwart/Desktop/11082026/91860892.json,李秉叡（ntumlnoob）,0,0,0.6436,Grimmsnarl
91860978,/Users/nickzwart/Desktop/11082026/91860978.json,대답해드리는게인지상정,1,1,0.5532,M-Lopunny
91861157,/Users/nickzwart/Desktop/11082026/91861157.json,Oshbocker,1,0,0.6875,Alakazam
91861787,/Users/nickzwart/Desktop/11082026/91861787.json,M Sato,0,1,0.5824,M-Lopunny
91861848,/Users/nickzwart/Desktop/11082026/91861848.json,李秉叡（ntumlnoob）,0,1,0.6436,Dragapult
91861901,/Users/nickzwart/Desktop/11082026/91861901.json,대답해드리는게인지상정,0,1,0.5532,Alakazam
91862809,/Users/nickzwart/Desktop/11082026/91862809.json,LiamK,0,1,0.6027,M-Kangaskhan
91862868,/Users/nickzwart/Desktop/11082026/91862868.json,李秉叡（ntumlnoob）,0,1,0.6436,Grimmsnarl
91862891,/Users/nickzwart/Desktop/11082026/91862891.json,李秉叡（ntumlnoob）,0,1,0.6436,Alakazam
91862921,/Users/nickzwart/Desktop/11082026/91862921.json,대답해드리는게인지상정,0,1,0.5532,Dragapult
91862981,/Users/nickzwart/Desktop/11082026/91862981.json,DavidFreelan,0,1,0.5745,Hydrapple
91863675,/Users/nickzwart/Desktop/11082026/91863675.json,DavidFreelan,1,1,0.5745,Alakazam
91863706,/Users/nickzwart/Desktop/11082026/91863706.json,李秉叡（ntumlnoob）,0,1,0.6436,Grimmsnarl
91864643,/Users/nickzwart/Desktop/11082026/91864643.json,李秉叡（ntumlnoob）,0,1,0.6436,M-Lopunny
91864722,/Users/nickzwart/Desktop/11082026/91864722.json,대답해드리는게인지상정,0,0,0.5532,Grimmsnarl
91863760,/Users/nickzwart/Desktop/11082026/91863760.json,대답해드리는게인지상정,1,0,0.5532,Hydrapple
91864583,/Users/nickzwart/Desktop/11082026/91864583.json,DavidFreelan,0,1,0.5745,Grimmsnarl
91865552,/Users/nickzwart/Desktop/11082026/91865552.json,DavidFreelan,1,1,0.5745,Grimmsnarl
91865578,/Users/nickzwart/Desktop/11082026/91865578.json,李秉叡（ntumlnoob）,1,0,0.6436,Grimmsnarl
91865601,/Users/nickzwart/Desktop/11082026/91865601.json,李秉叡（ntumlnoob）,1,1,0.6436,Alakazam
91865654,/Users/nickzwart/Desktop/11082026/91865654.json,대답해드리는게인지상정,1,1,0.5532,Alakazam
91866583,/Users/nickzwart/Desktop/11082026/91866583.json,대답해드리는게인지상정,1,1,0.5532,Alakazam
91866469,/Users/nickzwart/Desktop/11082026/91866469.json,DavidFreelan,1,0,0.5745,Ogerpon
91866501,/Users/nickzwart/Desktop/11082026/91866501.json,李秉叡（ntumlnoob）,0,1,0.6436,Alakazam
91867418,/Users/nickzwart/Desktop/11082026/91867418.json,DavidFreelan,0,1,0.5745,M-Lopunny
91867424,/Users/nickzwart/Desktop/11082026/91867424.json,대답해드리는게인지상정,0,1,0.5532,Grimmsnarl
91867442,/Users/nickzwart/Desktop/11082026/91867442.json,李秉叡（ntumlnoob）,1,1,0.6436,M-Lopunny
91867537,/Users/nickzwart/Desktop/11082026/91867537.json,李秉叡（ntumlnoob）,0,1,0.6436,M-Lopunny
91867563,/Users/nickzwart/Desktop/11082026/91867563.json,대답해드리는게인지상정,0,1,0.5532,M-Lopunny
91868354,/Users/nickzwart/Desktop/11082026/91868354.json,DavidFreelan,0,0,0.5745,Ogerpon
91868393,/Users/nickzwart/Desktop/11082026/91868393.json,李秉叡（ntumlnoob）,0,1,0.6436,Grimmsnarl
91868480,/Users/nickzwart/Desktop/11082026/91868480.json,대답해드리는게인지상정,0,1,0.5532,Dragapult
91868631,/Users/nickzwart/Desktop/11082026/91868631.json,Dipam Chakraborty,0,1,0.7436,Alakazam
91869251,/Users/nickzwart/Desktop/11082026/91869251.json,대답해드리는게인지상정,1,1,0.5532,M-Kangaskhan
91869331,/Users/nickzwart/Desktop/11082026/91869331.json,DavidFreelan,1,0,0.5745,Grimmsnarl
91869343,/Users/nickzwart/Desktop/11082026/91869343.json,李秉叡（ntumlnoob）,0,0,0.6436,Dragapult
91869386,/Users/nickzwart/Desktop/11082026/91869386.json,Oshbocker,0,0,0.6875,Ogerpon
91869439,/Users/nickzwart/Desktop/11082026/91869439.json,대답해드리는게인지상정,1,0,0.5532,Grimmsnarl
91870251,/Users/nickzwart/Desktop/11082026/91870251.json,李秉叡（ntumlnoob）,0,1,0.6436,Hydrapple
91870265,/Users/nickzwart/Desktop/11082026/91870265.json,李秉叡（ntumlnoob）,0,1,0.6436,Grimmsnarl
91870363,/Users/nickzwart/Desktop/11082026/91870363.json,DavidFreelan,0,0,0.5745,Grimmsnarl
91870186,/Users/nickzwart/Desktop/11082026/91870186.json,やる気元気ミワハルキ,0,1,0.6557,Grimmsnarl
91870208,/Users/nickzwart/Desktop/11082026/91870208.json,李秉叡（ntumlnoob）,0,1,0.6436,Alakazam
91870450,/Users/nickzwart/Desktop/11082026/91870450.json,대답해드리는게인지상정,0,0,0.5532,other
91871123,/Users/nickzwart/Desktop/11082026/91871123.json,やる気元気ミワハルキ,0,1,0.6557,Hydrapple
91871127,/Users/nickzwart/Desktop/11082026/91871127.json,やる気元気ミワハルキ,1,1,0.6557,Grimmsnarl
91871140,/Users/nickzwart/Desktop/11082026/91871140.json,대답해드리는게인지상정,1,0,0.5532,Grimmsnarl
91872156,/Users/nickzwart/Desktop/11082026/91872156.json,やる気元気ミワハルキ,0,0,0.6557,M-Lucario
91872156,/Users/nickzwart/Desktop/11082026/91872156.json,DavidFreelan,1,1,0.5745,M-Lucario
91872165,/Users/nickzwart/Desktop/11082026/91872165.json,李秉叡（ntumlnoob）,0,1,0.6436,M-Lopunny
91872184,/Users/nickzwart/Desktop/11082026/91872184.json,李秉叡（ntumlnoob）,0,1,0.6436,Ogerpon
91871237,/Users/nickzwart/Desktop/11082026/91871237.json,李秉叡（ntumlnoob）,0,1,0.6436,Alakazam
91871250,/Users/nickzwart/Desktop/11082026/91871250.json,李秉叡（ntumlnoob）,0,1,0.6436,M-Lucario
91871250,/Users/nickzwart/Desktop/11082026/91871250.json,Oshbocker,1,0,0.6875,M-Lucario
91871328,/Users/nickzwart/Desktop/11082026/91871328.json,대답해드리는게인지상정,0,1,0.5532,Ogerpon
91872053,/Users/nickzwart/Desktop/11082026/91872053.json,やる気元気ミワハルキ,0,0,0.6557,M-Kangaskhan
91871222,/Users/nickzwart/Desktop/11082026/91871222.json,DavidFreelan,0,1,0.5745,Grimmsnarl
91873083,/Users/nickzwart/Desktop/11082026/91873083.json,DavidFreelan,0,1,0.5745,Grimmsnarl
91873095,/Users/nickzwart/Desktop/11082026/91873095.json,李秉叡（ntumlnoob）,1,1,0.6436,M-Lopunny
91873115,/Users/nickzwart/Desktop/11082026/91873115.json,李秉叡（ntumlnoob）,1,0,0.6436,Grimmsnarl
91873124,/Users/nickzwart/Desktop/11082026/91873124.json,M Sato,1,0,0.5824,Ogerpon
91873180,/Users/nickzwart/Desktop/11082026/91873180.json,대답해드리는게인지상정,0,1,0.5532,Grimmsnarl
91873307,/Users/nickzwart/Desktop/11082026/91873307.json,DavidFreelan,0,0,0.5745,Ogerpon
91872260,/Users/nickzwart/Desktop/11082026/91872260.json,대답해드리는게인지상정,1,1,0.5532,Grimmsnarl
91872995,/Users/nickzwart/Desktop/11082026/91872995.json,やる気元気ミワハルキ,0,1,0.6557,Grimmsnarl
91874883,/Users/nickzwart/Desktop/11082026/91874883.json,やる気元気ミワハルキ,1,0,0.6557,Dragapult
91874921,/Users/nickzwart/Desktop/11082026/91874921.json,LiamK,1,1,0.6027,M-Lopunny
91874963,/Users/nickzwart/Desktop/11082026/91874963.json,DavidFreelan,1,0,0.5745,Alakazam
91873938,/Users/nickzwart/Desktop/11082026/91873938.json,やる気元気ミワハルキ,0,1,0.6557,Garchomp
91873987,/Users/nickzwart/Desktop/11082026/91873987.json,Dipam Chakraborty,1,0,0.7436,Dragapult
91874970,/Users/nickzwart/Desktop/11082026/91874970.json,李秉叡（ntumlnoob）,1,1,0.6436,Hydrapple
91875004,/Users/nickzwart/Desktop/11082026/91875004.json,李秉叡（ntumlnoob）,1,1,0.6436,M-Lopunny
91875071,/Users/nickzwart/Desktop/11082026/91875071.json,대답해드리는게인지상정,1,0,0.5532,Grimmsnarl
91875890,/Users/nickzwart/Desktop/11082026/91875890.json,DavidFreelan,1,0,0.5745,Ogerpon
91875908,/Users/nickzwart/Desktop/11082026/91875908.json,M Sato,0,1,0.5824,M-Lucario
91875908,/Users/nickzwart/Desktop/11082026/91875908.json,李秉叡（ntumlnoob）,1,0,0.6436,M-Lucario
91875943,/Users/nickzwart/Desktop/11082026/91875943.json,李秉叡（ntumlnoob）,0,0,0.6436,Grimmsnarl
91875825,/Users/nickzwart/Desktop/11082026/91875825.json,やる気元気ミワハルキ,0,0,0.6557,Grimmsnarl
91876016,/Users/nickzwart/Desktop/11082026/91876016.json,대답해드리는게인지상정,1,1,0.5532,M-Lopunny
91876757,/Users/nickzwart/Desktop/11082026/91876757.json,やる気元気ミワハルキ,0,1,0.6557,Alakazam
91876830,/Users/nickzwart/Desktop/11082026/91876830.json,李秉叡（ntumlnoob）,0,1,0.6436,Alakazam
91876853,/Users/nickzwart/Desktop/11082026/91876853.json,DavidFreelan,1,1,0.5745,Alakazam
91876874,/Users/nickzwart/Desktop/11082026/91876874.json,李秉叡（ntumlnoob）,1,1,0.6436,M-Lopunny
91876877,/Users/nickzwart/Desktop/11082026/91876877.json,李秉叡（ntumlnoob）,0,1,0.6436,Ogerpon
91876961,/Users/nickzwart/Desktop/11082026/91876961.json,대답해드리는게인지상정,1,0,0.5532,Dragapult
91877768,/Users/nickzwart/Desktop/11082026/91877768.json,DavidFreelan,1,1,0.5745,Alakazam
91877786,/Users/nickzwart/Desktop/11082026/91877786.json,李秉叡（ntumlnoob）,0,0,0.6436,M-Froslass
91877814,/Users/nickzwart/Desktop/11082026/91877814.json,李秉叡（ntumlnoob）,1,1,0.6436,Dragapult
91877884,/Users/nickzwart/Desktop/11082026/91877884.json,대답해드리는게인지상정,1,0,0.5532,Alakazam
91878686,/Users/nickzwart/Desktop/11082026/91878686.json,대답해드리는게인지상정,0,1,0.5532,Alakazam
91878695,/Users/nickzwart/Desktop/11082026/91878695.json,Dipam Chakraborty,1,1,0.7436,Dragapult
91878713,/Users/nickzwart/Desktop/11082026/91878713.json,DavidFreelan,0,1,0.5745,Ogerpon
91878788,/Users/nickzwart/Desktop/11082026/91878788.json,李秉叡（ntumlnoob）,0,1,0.6436,Ogerpon
91878797,/Users/nickzwart/Desktop/11082026/91878797.json,李秉叡（ntumlnoob）,0,0,0.6436,Ogerpon
91878806,/Users/nickzwart/Desktop/11082026/91878806.json,李秉叡（ntumlnoob）,0,1,0.6436,Grimmsnarl
91879575,/Users/nickzwart/Desktop/11082026/91879575.json,やる気元気ミワハルキ,1,1,0.6557,Ogerpon
91879678,/Users/nickzwart/Desktop/11082026/91879678.json,李秉叡（ntumlnoob）,1,0,0.6436,Dragapult
91879698,/Users/nickzwart/Desktop/11082026/91879698.json,李秉叡（ntumlnoob）,1,1,0.6436,Ogerpon
91880777,/Users/nickzwart/Desktop/11082026/91880777.json,대답해드리는게인지상정,1,1,0.5532,Dragapult
91881470,/Users/nickzwart/Desktop/11082026/91881470.json,やる気元気ミワハルキ,0,0,0.6557,Ogerpon
91880612,/Users/nickzwart/Desktop/11082026/91880612.json,DavidFreelan,1,0,0.5745,Dragapult
91880631,/Users/nickzwart/Desktop/11082026/91880631.json,李秉叡（ntumlnoob）,0,0,0.6436,Ogerpon
91880647,/Users/nickzwart/Desktop/11082026/91880647.json,李秉叡（ntumlnoob）,1,0,0.6436,Grimmsnarl
91879775,/Users/nickzwart/Desktop/11082026/91879775.json,대답해드리는게인지상정,1,1,0.5532,Grimmsnarl
91881580,/Users/nickzwart/Desktop/11082026/91881580.json,李秉叡（ntumlnoob）,0,1,0.6436,Dragapult
91881592,/Users/nickzwart/Desktop/11082026/91881592.json,李秉叡（ntumlnoob）,0,1,0.6436,Ogerpon
91882509,/Users/nickzwart/Desktop/11082026/91882509.json,DavidFreelan,1,0,0.5745,M-Kangaskhan
91882520,/Users/nickzwart/Desktop/11082026/91882520.json,李秉叡（ntumlnoob）,0,1,0.6436,Ogerpon
91882417,/Users/nickzwart/Desktop/11082026/91882417.json,やる気元気ミワハルキ,0,1,0.6557,M-Kangaskhan
91884450,/Users/nickzwart/Desktop/11082026/91884450.json,李秉叡（ntumlnoob）,0,1,0.6436,Ogerpon
91885245,/Users/nickzwart/Desktop/11082026/91885245.json,やる気元気ミワハルキ,1,1,0.6557,Grimmsnarl
91885289,/Users/nickzwart/Desktop/11082026/91885289.json,대답해드리는게인지상정,0,1,0.5532,Alakazam
91885333,/Users/nickzwart/Desktop/11082026/91885333.json,李秉叡（ntumlnoob）,0,1,0.6436,Dragapult
91885340,/Users/nickzwart/Desktop/11082026/91885340.json,DavidFreelan,0,1,0.5745,Ogerpon
91885366,/Users/nickzwart/Desktop/11082026/91885366.json,李秉叡（ntumlnoob）,1,1,0.6436,Grimmsnarl
91883462,/Users/nickzwart/Desktop/11082026/91883462.json,李秉叡（ntumlnoob）,1,1,0.6436,Ogerpon
91883483,/Users/nickzwart/Desktop/11082026/91883483.json,李秉叡（ntumlnoob）,1,1,0.6436,M-Lopunny
91884353,/Users/nickzwart/Desktop/11082026/91884353.json,やる気元気ミワハルキ,0,1,0.6557,Alakazam
91883368,/Users/nickzwart/Desktop/11082026/91883368.json,やる気元気ミワハルキ,0,0,0.6557,M-Kangaskhan
91883441,/Users/nickzwart/Desktop/11082026/91883441.json,DavidFreelan,1,1,0.5745,Ogerpon
91886171,/Users/nickzwart/Desktop/11082026/91886171.json,やる気元気ミワハルキ,0,1,0.6557,M-Kangaskhan
91886208,/Users/nickzwart/Desktop/11082026/91886208.json,대답해드리는게인지상정,0,0,0.5532,Alakazam
91886263,/Users/nickzwart/Desktop/11082026/91886263.json,DavidFreelan,1,1,0.5745,Grimmsnarl
91886266,/Users/nickzwart/Desktop/11082026/91886266.json,李秉叡（ntumlnoob）,0,0,0.6436,M-Froslass
91886316,/Users/nickzwart/Desktop/11082026/91886316.json,M Sato,1,0,0.5824,Ogerpon
91887131,/Users/nickzwart/Desktop/11082026/91887131.json,やる気元気ミワハルキ,0,1,0.6557,M-Kangaskhan
91887194,/Users/nickzwart/Desktop/11082026/91887194.json,M Sato,0,0,0.5824,M-Lucario
91887194,/Users/nickzwart/Desktop/11082026/91887194.json,李秉叡（ntumlnoob）,1,1,0.6436,M-Lucario
91887204,/Users/nickzwart/Desktop/11082026/91887204.json,DavidFreelan,1,1,0.5745,other
91888982,/Users/nickzwart/Desktop/11082026/91888982.json,やる気元気ミワハルキ,1,1,0.6557,Ogerpon
91887227,/Users/nickzwart/Desktop/11082026/91887227.json,李秉叡（ntumlnoob）,1,1,0.6436,M-Lopunny
91887241,/Users/nickzwart/Desktop/11082026/91887241.json,李秉叡（ntumlnoob）,1,0,0.6436,Ogerpon
91888060,/Users/nickzwart/Desktop/11082026/91888060.json,やる気元気ミワハルキ,1,1,0.6557,Grimmsnarl
91888097,/Users/nickzwart/Desktop/11082026/91888097.json,やる気元気ミワハルキ,1,1,0.6557,Grimmsnarl
91888174,/Users/nickzwart/Desktop/11082026/91888174.json,李秉叡（ntumlnoob）,0,1,0.6436,Grimmsnarl
91888186,/Users/nickzwart/Desktop/11082026/91888186.json,李秉叡（ntumlnoob）,1,1,0.6436,Alakazam
91889053,/Users/nickzwart/Desktop/11082026/91889053.json,やる気元気ミワハルキ,1,1,0.6557,M-Lopunny
91889069,/Users/nickzwart/Desktop/11082026/91889069.json,대답해드리는게인지상정,0,1,0.5532,Alakazam
91889106,/Users/nickzwart/Desktop/11082026/91889106.json,DavidFreelan,1,1,0.5745,M-Kangaskhan
91889116,/Users/nickzwart/Desktop/11082026/91889116.json,李秉叡（ntumlnoob）,0,1,0.6436,M-Lucario
91889116,/Users/nickzwart/Desktop/11082026/91889116.json,Oshbocker,1,0,0.6875,M-Lucario
91889903,/Users/nickzwart/Desktop/11082026/91889903.json,대답해드리는게인지상정,0,1,0.5532,Alakazam
91889986,/Users/nickzwart/Desktop/11082026/91889986.json,やる気元気ミワハルキ,1,1,0.6557,M-Lopunny
91890012,/Users/nickzwart/Desktop/11082026/91890012.json,やる気元気ミワハルキ,0,1,0.6557,Ogerpon
91890089,/Users/nickzwart/Desktop/11082026/91890089.json,Dipam Chakraborty,0,1,0.7436,M-Lucario
91890089,/Users/nickzwart/Desktop/11082026/91890089.json,李秉叡（ntumlnoob）,1,0,0.6436,M-Lucario
91890143,/Users/nickzwart/Desktop/11082026/91890143.json,Majkel1337,1,1,0.5355,Alakazam
91889133,/Users/nickzwart/Desktop/11082026/91889133.json,李秉叡（ntumlnoob）,1,0,0.6436,M-Lopunny
91889886,/Users/nickzwart/Desktop/11082026/91889886.json,李秉叡（ntumlnoob）,0,1,0.6436,Ogerpon
91889892,/Users/nickzwart/Desktop/11082026/91889892.json,Majkel1337,1,1,0.5355,Ogerpon
91890804,/Users/nickzwart/Desktop/11082026/91890804.json,やる気元気ミワハルキ,1,0,0.6557,Alakazam
91890813,/Users/nickzwart/Desktop/11082026/91890813.json,대답해드리는게인지상정,1,0,0.5532,Ogerpon
91890848,/Users/nickzwart/Desktop/11082026/91890848.json,DavidFreelan,0,1,0.5745,Ogerpon
91890865,/Users/nickzwart/Desktop/11082026/91890865.json,李秉叡（ntumlnoob）,0,1,0.6436,M-Lopunny
91890878,/Users/nickzwart/Desktop/11082026/91890878.json,李秉叡（ntumlnoob）,1,1,0.6436,Dragapult
91890988,/Users/nickzwart/Desktop/11082026/91890988.json,やる気元気ミワハルキ,1,1,0.6557,M-Froslass
91891811,/Users/nickzwart/Desktop/11082026/91891811.json,やる気元気ミワハルキ,0,0,0.6557,Dragapult
91891838,/Users/nickzwart/Desktop/11082026/91891838.json,やる気元気ミワハルキ,1,1,0.6557,Alakazam
91891898,/Users/nickzwart/Desktop/11082026/91891898.json,DavidFreelan,1,0,0.5745,Grimmsnarl
91891913,/Users/nickzwart/Desktop/11082026/91891913.json,李秉叡（ntumlnoob）,0,1,0.6436,M-Lucario
91891913,/Users/nickzwart/Desktop/11082026/91891913.json,M Sato,1,0,0.5824,M-Lucario
91891932,/Users/nickzwart/Desktop/11082026/91891932.json,李秉叡（ntumlnoob）,0,0,0.6436,Ogerpon
91892878,/Users/nickzwart/Desktop/11082026/91892878.json,李秉叡（ntumlnoob）,1,1,0.6436,M-Lopunny
91893697,/Users/nickzwart/Desktop/11082026/91893697.json,やる気元気ミワハルキ,0,1,0.6557,Grimmsnarl
91893727,/Users/nickzwart/Desktop/11082026/91893727.json,대답해드리는게인지상정,1,0,0.5532,Grimmsnarl
91893808,/Users/nickzwart/Desktop/11082026/91893808.json,DavidFreelan,1,0,0.5745,M-Kangaskhan
91894628,/Users/nickzwart/Desktop/11082026/91894628.json,やる気元気ミワハルキ,1,1,0.6557,Grimmsnarl
91894658,/Users/nickzwart/Desktop/11082026/91894658.json,やる気元気ミワハルキ,0,1,0.6557,M-Lopunny
91894717,/Users/nickzwart/Desktop/11082026/91894717.json,DavidFreelan,1,0,0.5745,Grimmsnarl
91894728,/Users/nickzwart/Desktop/11082026/91894728.json,李秉叡（ntumlnoob）,0,1,0.6436,Dragapult
91895555,/Users/nickzwart/Desktop/11082026/91895555.json,やる気元気ミワハルキ,1,1,0.6557,Crustle
91895607,/Users/nickzwart/Desktop/11082026/91895607.json,やる気元気ミワハルキ,0,0,0.6557,Dragapult
91895664,/Users/nickzwart/Desktop/11082026/91895664.json,李秉叡（ntumlnoob）,0,0,0.6436,M-Kangaskhan
91895685,/Users/nickzwart/Desktop/11082026/91895685.json,DavidFreelan,0,1,0.5745,Alakazam
91895721,/Users/nickzwart/Desktop/11082026/91895721.json,DavidFreelan,1,0,0.5745,Alakazam
91896547,/Users/nickzwart/Desktop/11082026/91896547.json,やる気元気ミワハルキ,1,1,0.6557,Dragapult
91896620,/Users/nickzwart/Desktop/11082026/91896620.json,李秉叡（ntumlnoob）,0,1,0.6436,Ogerpon
91900291,/Users/nickzwart/Desktop/11082026/91900291.json,やる気元気ミワハルキ,0,1,0.6557,Crustle
91900384,/Users/nickzwart/Desktop/11082026/91900384.json,李秉叡（ntumlnoob）,0,1,0.6436,Dragapult
91899344,/Users/nickzwart/Desktop/11082026/91899344.json,やる気元気ミワハルキ,0,0,0.6557,Alakazam
91901234,/Users/nickzwart/Desktop/11082026/91901234.json,やる気元気ミワハルキ,0,1,0.6557,Grimmsnarl
91901278,/Users/nickzwart/Desktop/11082026/91901278.json,LiamK,0,1,0.6027,Dragapult
91901099,/Users/nickzwart/Desktop/11082026/91901099.json,대답해드리는게인지상정,0,0,0.5532,Dragapult
91902191,/Users/nickzwart/Desktop/11082026/91902191.json,やる気元気ミワハルキ,1,1,0.6557,Grimmsnarl
91903132,/Users/nickzwart/Desktop/11082026/91903132.json,やる気元気ミワハルキ,1,0,0.6557,Alakazam
91903205,/Users/nickzwart/Desktop/11082026/91903205.json,李秉叡（ntumlnoob）,1,0,0.6436,Ogerpon
91904080,/Users/nickzwart/Desktop/11082026/91904080.json,やる気元気ミワハルキ,1,0,0.6557,M-Lopunny
91905814,/Users/nickzwart/Desktop/11082026/91905814.json,대답해드리는게인지상정,1,1,0.5532,Dragapult
91905022,/Users/nickzwart/Desktop/11082026/91905022.json,やる気元気ミワハルキ,1,0,0.6557,Grimmsnarl
91905082,/Users/nickzwart/Desktop/11082026/91905082.json,대답해드리는게인지상정,0,1,0.5532,Dragapult
91906934,/Users/nickzwart/Desktop/11082026/91906934.json,DavidFreelan,1,0,0.5745,M-Kangaskhan
91907629,/Users/nickzwart/Desktop/11082026/91907629.json,DavidFreelan,0,0,0.5745,Alakazam
91908660,/Users/nickzwart/Desktop/11082026/91908660.json,やる気元気ミワハルキ,1,1,0.6557,Dragapult
91909447,/Users/nickzwart/Desktop/11082026/91909447.json,Pokemon Fan,0,1,0.5,Alakazam
91910478,/Users/nickzwart/Desktop/11082026/91910478.json,perrodawn,0,1,0.5143,Ogerpon
91910668,/Users/nickzwart/Desktop/11082026/91910668.json,Dipam Chakraborty,1,1,0.7436,Grimmsnarl
91911404,/Users/nickzwart/Desktop/11082026/91911404.json,perrodawn,1,0,0.5143,Ogerpon
91892790,/Users/nickzwart/Desktop/11082026/91892790.json,やる気元気ミワハルキ,1,1,0.6557,Grimmsnarl
91892856,/Users/nickzwart/Desktop/11082026/91892856.json,DavidFreelan,0,1,0.5745,M-Lopunny
91892864,/Users/nickzwart/Desktop/11082026/91892864.json,李秉叡（ntumlnoob）,0,1,0.6436,Alakazam
91913237,/Users/nickzwart/Desktop/11082026/91913237.json,Pokemon Fan,0,1,0.5,M-Lopunny
91911621,/Users/nickzwart/Desktop/11082026/91911621.json,대답해드리는게인지상정,1,0,0.5532,Grimmsnarl
91912477,/Users/nickzwart/Desktop/11082026/91912477.json,李秉叡（ntumlnoob）,0,1,0.6436,Dragapult
91914167,/Users/nickzwart/Desktop/11082026/91914167.json,Pokemon Fan,0,1,0.5,Grimmsnarl
91915160,/Users/nickzwart/Desktop/11082026/91915160.json,Dipam Chakraborty,0,1,0.7436,Alakazam
91915206,/Users/nickzwart/Desktop/11082026/91915206.json,perrodawn,0,1,0.5143,Hydrapple
91915254,/Users/nickzwart/Desktop/11082026/91915254.json,李秉叡（ntumlnoob）,0,1,0.6436,Dragapult
91914423,/Users/nickzwart/Desktop/11082026/91914423.json,DavidFreelan,0,1,0.5745,Dudunsparce
91915121,/Users/nickzwart/Desktop/11082026/91915121.json,Pokemon Fan,0,1,0.5,Grimmsnarl
91916106,/Users/nickzwart/Desktop/11082026/91916106.json,李秉叡（ntumlnoob）,1,1,0.6436,Alakazam
91916144,/Users/nickzwart/Desktop/11082026/91916144.json,perrodawn,0,0,0.5143,Grimmsnarl
91916306,/Users/nickzwart/Desktop/11082026/91916306.json,李秉叡（ntumlnoob）,0,0,0.6436,M-Lopunny
91916971,/Users/nickzwart/Desktop/11082026/91916971.json,Pokemon Fan,0,0,0.5,Grimmsnarl
91917007,/Users/nickzwart/Desktop/11082026/91917007.json,대답해드리는게인지상정,0,1,0.5532,Dragapult
91917078,/Users/nickzwart/Desktop/11082026/91917078.json,perrodawn,1,1,0.5143,Grimmsnarl
91917914,/Users/nickzwart/Desktop/11082026/91917914.json,Pokemon Fan,0,0,0.5,Ogerpon
91917917,/Users/nickzwart/Desktop/11082026/91917917.json,Pokemon Fan,0,1,0.5,other
91917941,/Users/nickzwart/Desktop/11082026/91917941.json,Abhyuday,0,0,0.3704,Ogerpon
91918829,/Users/nickzwart/Desktop/11082026/91918829.json,perrodawn,0,1,0.5143,M-Lopunny
91918009,/Users/nickzwart/Desktop/11082026/91918009.json,perrodawn,1,1,0.5143,Hydrapple
91919821,/Users/nickzwart/Desktop/11082026/91919821.json,Pokemon Fan,1,0,0.5,M-Kangaskhan
91919969,/Users/nickzwart/Desktop/11082026/91919969.json,やる気元気ミワハルキ,0,1,0.6557,Dragapult
91919994,/Users/nickzwart/Desktop/11082026/91919994.json,Majkel1337,0,1,0.5355,Dragapult
91921790,/Users/nickzwart/Desktop/11082026/91921790.json,perrodawn,1,1,0.5143,Hydrapple
91921844,/Users/nickzwart/Desktop/11082026/91921844.json,Oshbocker,1,1,0.6875,Grimmsnarl
91920784,/Users/nickzwart/Desktop/11082026/91920784.json,Pokemon Fan,1,0,0.5,Grimmsnarl
91920847,/Users/nickzwart/Desktop/11082026/91920847.json,perrodawn,0,1,0.5143,Grimmsnarl
91921901,/Users/nickzwart/Desktop/11082026/91921901.json,LiamK,0,1,0.6027,Dragapult
91922735,/Users/nickzwart/Desktop/11082026/91922735.json,perrodawn,0,1,0.5143,M-Kangaskhan
91923600,/Users/nickzwart/Desktop/11082026/91923600.json,Dipam Chakraborty,0,1,0.7436,Dragapult
91924665,/Users/nickzwart/Desktop/11082026/91924665.json,M Sato,1,0,0.5824,Ogerpon
91925488,/Users/nickzwart/Desktop/11082026/91925488.json,Majkel1337,0,1,0.5355,Dragapult
91924613,/Users/nickzwart/Desktop/11082026/91924613.json,perrodawn,0,0,0.5143,Grimmsnarl
91925590,/Users/nickzwart/Desktop/11082026/91925590.json,DavidFreelan,1,1,0.5745,Dragapult
91926441,/Users/nickzwart/Desktop/11082026/91926441.json,Pokemon Fan,1,1,0.5,M-Lopunny
91926515,/Users/nickzwart/Desktop/11082026/91926515.json,perrodawn,1,1,0.5143,Grimmsnarl
91927379,/Users/nickzwart/Desktop/11082026/91927379.json,Pokemon Fan,1,1,0.5,Grimmsnarl
91927384,/Users/nickzwart/Desktop/11082026/91927384.json,대답해드리는게인지상정,0,1,0.5532,Alakazam
91927446,/Users/nickzwart/Desktop/11082026/91927446.json,perrodawn,1,0,0.5143,Grimmsnarl
91928383,/Users/nickzwart/Desktop/11082026/91928383.json,perrodawn,0,1,0.5143,M-Lopunny
91929230,/Users/nickzwart/Desktop/11082026/91929230.json,Pokemon Fan,1,0,0.5,Grimmsnarl
91929286,/Users/nickzwart/Desktop/11082026/91929286.json,やる気元気ミワハルキ,1,1,0.6557,Ogerpon
91929370,/Users/nickzwart/Desktop/11082026/91929370.json,perrodawn,0,1,0.5143,Grimmsnarl
91930929,/Users/nickzwart/Desktop/11082026/91930929.json,perrodawn,1,0,0.5143,Alakazam
91931101,/Users/nickzwart/Desktop/11082026/91931101.json,M Sato,1,0,0.5824,Dragapult
91932738,/Users/nickzwart/Desktop/11082026/91932738.json,やる気元気ミワハルキ,1,1,0.6557,M-Kangaskhan
91931993,/Users/nickzwart/Desktop/11082026/91931993.json,M Sato,1,1,0.5824,Dragapult
91932938,/Users/nickzwart/Desktop/11082026/91932938.json,Pokemon Fan,0,1,0.5,Grimmsnarl
91933877,/Users/nickzwart/Desktop/11082026/91933877.json,M Sato,0,1,0.5824,Dragapult
91934836,/Users/nickzwart/Desktop/11082026/91934836.json,やる気元気ミワハルキ,1,0,0.6557,Dragapult
91934937,/Users/nickzwart/Desktop/11082026/91934937.json,李秉叡（ntumlnoob）,1,0,0.6436,M-Kangaskhan
91936736,/Users/nickzwart/Desktop/11082026/91936736.json,Pokemon Fan,1,0,0.5,M-Lopunny
91937664,/Users/nickzwart/Desktop/11082026/91937664.json,Majkel1337,0,0,0.5355,Dragapult
91938622,/Users/nickzwart/Desktop/11082026/91938622.json,李秉叡（ntumlnoob）,1,1,0.6436,Alakazam
91941373,/Users/nickzwart/Desktop/11082026/91941373.json,Majkel1337,1,1,0.5355,Dragapult
91942134,/Users/nickzwart/Desktop/11082026/91942134.json,やる気元気ミワハルキ,0,1,0.6557,M-Kangaskhan
91942184,/Users/nickzwart/Desktop/11082026/91942184.json,やる気元気ミワハルキ,0,0,0.6557,Alakazam
91944885,/Users/nickzwart/Desktop/11082026/91944885.json,perrodawn,0,0,0.5143,Garchomp
91946112,/Users/nickzwart/Desktop/11082026/91946112.json,M Sato,0,1,0.5824,Dragapult
91946120,/Users/nickzwart/Desktop/11082026/91946120.json,DavidFreelan,0,0,0.5745,Grimmsnarl
91948633,/Users/nickzwart/Desktop/11082026/91948633.json,Pokemon Fan,0,1,0.5,Ogerpon
91949605,/Users/nickzwart/Desktop/11082026/91949605.json,Gyoukou,0,1,0.5,Ogerpon
91949667,/Users/nickzwart/Desktop/11082026/91949667.json,perrodawn,0,0,0.5143,Crustle
91950551,/Users/nickzwart/Desktop/11082026/91950551.json,Gyoukou,0,1,0.5,Grimmsnarl
91949837,/Users/nickzwart/Desktop/11082026/91949837.json,LiamK,1,1,0.6027,Dragapult
91949868,/Users/nickzwart/Desktop/11082026/91949868.json,대답해드리는게인지상정,0,0,0.5532,M-Lopunny
91950478,/Users/nickzwart/Desktop/11082026/91950478.json,Pokemon Fan,1,0,0.5,Garchomp
91950501,/Users/nickzwart/Desktop/11082026/91950501.json,李秉叡（ntumlnoob）,1,1,0.6436,M-Lopunny
91950639,/Users/nickzwart/Desktop/11082026/91950639.json,대답해드리는게인지상정,1,1,0.5532,M-Lopunny
91950642,/Users/nickzwart/Desktop/11082026/91950642.json,やる気元気ミワハルキ,1,1,0.6557,Alakazam
91950796,/Users/nickzwart/Desktop/11082026/91950796.json,대답해드리는게인지상정,0,1,0.5532,M-Lopunny
91951722,/Users/nickzwart/Desktop/11082026/91951722.json,李秉叡（ntumlnoob）,0,1,0.6436,Ogerpon
91952435,/Users/nickzwart/Desktop/11082026/91952435.json,Gyoukou,0,0,0.5,Grimmsnarl
91952528,/Users/nickzwart/Desktop/11082026/91952528.json,perrodawn,0,1,0.5143,M-Froslass
91953569,/Users/nickzwart/Desktop/11082026/91953569.json,Oshbocker,0,1,0.6875,M-Lopunny
91954257,/Users/nickzwart/Desktop/11082026/91954257.json,Gyoukou,1,0,0.5,Grimmsnarl
91955235,/Users/nickzwart/Desktop/11082026/91955235.json,M Sato,1,0,0.5824,Dragapult
91955347,/Users/nickzwart/Desktop/11082026/91955347.json,DavidFreelan,0,1,0.5745,M-Lopunny
91956307,/Users/nickzwart/Desktop/11082026/91956307.json,perrodawn,0,1,0.5143,M-Lopunny
91957203,/Users/nickzwart/Desktop/11082026/91957203.json,Gyoukou,1,1,0.5,Grimmsnarl
91958065,/Users/nickzwart/Desktop/11082026/91958065.json,Oshbocker,1,0,0.6875,Dragapult
91961846,/Users/nickzwart/Desktop/11082026/91961846.json,Gyoukou,0,0,0.5,M-Kangaskhan
91965731,/Users/nickzwart/Desktop/11082026/91965731.json,LiamK,0,0,0.6027,Dragapult
91966346,/Users/nickzwart/Desktop/11082026/91966346.json,HCRL,0,1,0.5652,Alakazam
91966511,/Users/nickzwart/Desktop/11082026/91966511.json,LiamK,0,0,0.6027,M-Lopunny
91967287,/Users/nickzwart/Desktop/11082026/91967287.json,HCRL,1,1,0.5652,Grimmsnarl
91968244,/Users/nickzwart/Desktop/11082026/91968244.json,HCRL,0,1,0.5652,M-Lopunny
91965706,/Users/nickzwart/Desktop/11082026/91965706.json,李秉叡（ntumlnoob）,1,0,0.6436,M-Kangaskhan
91969198,/Users/nickzwart/Desktop/11082026/91969198.json,HCRL,1,0,0.5652,Ogerpon
91970133,/Users/nickzwart/Desktop/11082026/91970133.json,Oshbocker,1,1,0.6875,M-Lopunny
91972026,/Users/nickzwart/Desktop/11082026/91972026.json,HCRL,0,0,0.5652,Ogerpon
91971079,/Users/nickzwart/Desktop/11082026/91971079.json,李秉叡（ntumlnoob）,0,1,0.6436,M-Lucario
91971079,/Users/nickzwart/Desktop/11082026/91971079.json,HCRL,1,0,0.5652,M-Lucario
91973915,/Users/nickzwart/Desktop/11082026/91973915.json,HCRL,1,1,0.5652,M-Kangaskhan
91974068,/Users/nickzwart/Desktop/11082026/91974068.json,李秉叡（ntumlnoob）,0,1,0.6436,Dragapult
91973100,/Users/nickzwart/Desktop/11082026/91973100.json,やる気元気ミワハルキ,1,0,0.6557,M-Lopunny
91973207,/Users/nickzwart/Desktop/11082026/91973207.json,Majkel1337,1,0,0.5355,Alakazam
91974831,/Users/nickzwart/Desktop/11082026/91974831.json,DavidFreelan,0,1,0.5745,M-Lopunny
91974843,/Users/nickzwart/Desktop/11082026/91974843.json,HCRL,0,0,0.5652,Hydrapple
91976742,/Users/nickzwart/Desktop/11082026/91976742.json,HCRL,1,0,0.5652,Dragapult
91975701,/Users/nickzwart/Desktop/11082026/91975701.json,LiamK,0,1,0.6027,Dragapult
91975722,/Users/nickzwart/Desktop/11082026/91975722.json,李秉叡（ntumlnoob）,0,0,0.6436,M-Kangaskhan
91975747,/Users/nickzwart/Desktop/11082026/91975747.json,HCRL,0,0,0.5652,M-Lopunny
91975779,/Users/nickzwart/Desktop/11082026/91975779.json,HCRL,0,1,0.5652,Grimmsnarl
91977683,/Users/nickzwart/Desktop/11082026/91977683.json,HCRL,1,1,0.5652,Grimmsnarl
91977833,/Users/nickzwart/Desktop/11082026/91977833.json,Oshbocker,1,1,0.6875,Dragapult
91978619,/Users/nickzwart/Desktop/11082026/91978619.json,HCRL,0,1,0.5652,Grimmsnarl
91980505,/Users/nickzwart/Desktop/11082026/91980505.json,HCRL,0,1,0.5652,M-Lopunny
91980570,/Users/nickzwart/Desktop/11082026/91980570.json,HCRL,0,1,0.5652,Ogerpon
91982406,/Users/nickzwart/Desktop/11082026/91982406.json,HCRL,0,1,0.5652,Grimmsnarl
91982563,/Users/nickzwart/Desktop/11082026/91982563.json,perrodawn,0,1,0.5143,Grimmsnarl
91982265,/Users/nickzwart/Desktop/11082026/91982265.json,LiamK,1,0,0.6027,Ogerpon
91983363,/Users/nickzwart/Desktop/11082026/91983363.json,HCRL,1,0,0.5652,Grimmsnarl
91985250,/Users/nickzwart/Desktop/11082026/91985250.json,HCRL,0,0,0.5652,Dudunsparce
91985350,/Users/nickzwart/Desktop/11082026/91985350.json,李秉叡（ntumlnoob）,1,0,0.6436,Ogerpon
91984214,/Users/nickzwart/Desktop/11082026/91984214.json,Majkel1337,0,0,0.5355,M-Kangaskhan
91984306,/Users/nickzwart/Desktop/11082026/91984306.json,HCRL,1,0,0.5652,Dudunsparce
91984406,/Users/nickzwart/Desktop/11082026/91984406.json,李秉叡（ntumlnoob）,0,0,0.6436,M-Lopunny
91984461,/Users/nickzwart/Desktop/11082026/91984461.json,HCRL,0,1,0.5652,Grimmsnarl
91986205,/Users/nickzwart/Desktop/11082026/91986205.json,HCRL,1,0,0.5652,Ogerpon
91987256,/Users/nickzwart/Desktop/11082026/91987256.json,Pokemon Fan,1,0,0.5,Hydrapple
91989723,/Users/nickzwart/Desktop/11082026/91989723.json,李秉叡（ntumlnoob）,1,1,0.6436,M-Lopunny
91988102,/Users/nickzwart/Desktop/11082026/91988102.json,HCRL,0,1,0.5652,other
91989111,/Users/nickzwart/Desktop/11082026/91989111.json,DavidFreelan,0,1,0.5745,Dragapult
91991786,/Users/nickzwart/Desktop/11082026/91991786.json,李秉叡（ntumlnoob）,0,1,0.6436,other
91989874,/Users/nickzwart/Desktop/11082026/91989874.json,HCRL,1,1,0.5652,M-Lopunny
91989966,/Users/nickzwart/Desktop/11082026/91989966.json,HCRL,0,0,0.5652,Grimmsnarl
91990825,/Users/nickzwart/Desktop/11082026/91990825.json,perrodawn,1,1,0.5143,Grimmsnarl
91990839,/Users/nickzwart/Desktop/11082026/91990839.json,李秉叡（ntumlnoob）,0,0,0.6436,M-Kangaskhan
91990964,/Users/nickzwart/Desktop/11082026/91990964.json,HCRL,1,1,0.5652,Grimmsnarl
91991862,/Users/nickzwart/Desktop/11082026/91991862.json,やる気元気ミワハルキ,0,1,0.6557,other
91991928,/Users/nickzwart/Desktop/11082026/91991928.json,やる気元気ミワハルキ,0,1,0.6557,M-Lucario
91991928,/Users/nickzwart/Desktop/11082026/91991928.json,M Sato,1,0,0.5824,M-Lucario
91993546,/Users/nickzwart/Desktop/11082026/91993546.json,M Sato,0,1,0.5824,Hydrapple
91992691,/Users/nickzwart/Desktop/11082026/91992691.json,李秉叡（ntumlnoob）,1,1,0.6436,Ogerpon
91992732,/Users/nickzwart/Desktop/11082026/91992732.json,LiamK,0,0,0.6027,Grimmsnarl
91994566,/Users/nickzwart/Desktop/11082026/91994566.json,李秉叡（ntumlnoob）,0,0,0.6436,Ogerpon
91995565,/Users/nickzwart/Desktop/11082026/91995565.json,M Sato,0,0,0.5824,M-Kangaskhan
91996479,/Users/nickzwart/Desktop/11082026/91996479.json,DavidFreelan,0,1,0.5745,Grimmsnarl
91997333,/Users/nickzwart/Desktop/11082026/91997333.json,Majkel1337,0,1,0.5355,Hydrapple
91997407,/Users/nickzwart/Desktop/11082026/91997407.json,李秉叡（ntumlnoob）,0,1,0.6436,Ogerpon
91998405,/Users/nickzwart/Desktop/11082026/91998405.json,Majkel1337,1,1,0.5355,M-Kangaskhan
91999308,/Users/nickzwart/Desktop/11082026/91999308.json,Majkel1337,1,0,0.5355,Ogerpon
91999102,/Users/nickzwart/Desktop/11082026/91999102.json,Oshbocker,1,1,0.6875,M-Lopunny
92000098,/Users/nickzwart/Desktop/11082026/92000098.json,HCRL,0,0,0.5652,Grimmsnarl
92002809,/Users/nickzwart/Desktop/11082026/92002809.json,LiamK,0,0,0.6027,Alakazam
92004977,/Users/nickzwart/Desktop/11082026/92004977.json,M Sato,1,1,0.5824,M-Kangaskhan
92006573,/Users/nickzwart/Desktop/11082026/92006573.json,LiamK,1,1,0.6027,Alakazam
92008511,/Users/nickzwart/Desktop/11082026/92008511.json,DavidFreelan,0,0,0.5745,Alakazam
92012345,/Users/nickzwart/Desktop/11082026/92012345.json,Pokemon Fan,1,0,0.5,other
92013435,/Users/nickzwart/Desktop/11082026/92013435.json,Majkel1337,0,0,0.5355,Ogerpon
92014170,/Users/nickzwart/Desktop/11082026/92014170.json,李秉叡（ntumlnoob）,0,1,0.6436,M-Lopunny
92012460,/Users/nickzwart/Desktop/11082026/92012460.json,Majkel1337,0,1,0.5355,Ogerpon
92013151,/Users/nickzwart/Desktop/11082026/92013151.json,HCRL,0,0,0.5652,M-Kangaskhan
92013222,/Users/nickzwart/Desktop/11082026/92013222.json,李秉叡（ntumlnoob）,1,1,0.6436,Grimmsnarl
92013229,/Users/nickzwart/Desktop/11082026/92013229.json,LiamK,0,1,0.6027,Alakazam
92013238,/Users/nickzwart/Desktop/11082026/92013238.json,M Sato,1,1,0.5824,Grimmsnarl
92014251,/Users/nickzwart/Desktop/11082026/92014251.json,HCRL,1,1,0.5652,Dragapult
92016970,/Users/nickzwart/Desktop/11082026/92016970.json,李秉叡（ntumlnoob）,1,1,0.6436,M-Lopunny
92016255,/Users/nickzwart/Desktop/11082026/92016255.json,Majkel1337,0,0,0.5355,Ogerpon
92015210,/Users/nickzwart/Desktop/11082026/92015210.json,李秉叡（ntumlnoob）,0,0,0.6436,Dragapult
92016069,/Users/nickzwart/Desktop/11082026/92016069.json,李秉叡（ntumlnoob）,0,1,0.6436,M-Lopunny
92017930,/Users/nickzwart/Desktop/11082026/92017930.json,李秉叡（ntumlnoob）,0,1,0.6436,Ogerpon
92019801,/Users/nickzwart/Desktop/11082026/92019801.json,李秉叡（ntumlnoob）,1,1,0.6436,Dragapult
92019849,/Users/nickzwart/Desktop/11082026/92019849.json,HCRL,0,1,0.5652,Grimmsnarl
92019024,/Users/nickzwart/Desktop/11082026/92019024.json,HCRL,0,1,0.5652,Dragapult
92018860,/Users/nickzwart/Desktop/11082026/92018860.json,李秉叡（ntumlnoob）,0,1,0.6436,M-Lopunny
92018918,/Users/nickzwart/Desktop/11082026/92018918.json,やる気元気ミワハルキ,1,0,0.6557,Alakazam
92019871,/Users/nickzwart/Desktop/11082026/92019871.json,HCRL,1,1,0.5652,Grimmsnarl
92019881,/Users/nickzwart/Desktop/11082026/92019881.json,HCRL,0,1,0.5652,Grimmsnarl
92020637,/Users/nickzwart/Desktop/11082026/92020637.json,LiamK,0,1,0.6027,Alakazam
92020643,/Users/nickzwart/Desktop/11082026/92020643.json,e-toppo + kurupical,1,1,0.5714,M-Kangaskhan
92020738,/Users/nickzwart/Desktop/11082026/92020738.json,李秉叡（ntumlnoob）,0,1,0.6436,M-Lopunny
92022621,/Users/nickzwart/Desktop/11082026/92022621.json,李秉叡（ntumlnoob）,0,0,0.6436,M-Lucario
92022621,/Users/nickzwart/Desktop/11082026/92022621.json,やる気元気ミワハルキ,1,1,0.6557,M-Lucario
92023643,/Users/nickzwart/Desktop/11082026/92023643.json,李秉叡（ntumlnoob）,1,0,0.6436,Ogerpon
92023718,/Users/nickzwart/Desktop/11082026/92023718.json,Oshbocker,1,1,0.6875,M-Lopunny
92024669,/Users/nickzwart/Desktop/11082026/92024669.json,perrodawn,1,1,0.5143,Ogerpon
92025351,/Users/nickzwart/Desktop/11082026/92025351.json,e-toppo + kurupical,0,1,0.5714,other
92024388,/Users/nickzwart/Desktop/11082026/92024388.json,DavidFreelan,0,1,0.5745,Ogerpon
92024390,/Users/nickzwart/Desktop/11082026/92024390.json,e-toppo + kurupical,0,0,0.5714,M-Lopunny
92025432,/Users/nickzwart/Desktop/11082026/92025432.json,李秉叡（ntumlnoob）,0,1,0.6436,Alakazam
92024474,/Users/nickzwart/Desktop/11082026/92024474.json,李秉叡（ntumlnoob）,1,1,0.6436,Crustle
92024586,/Users/nickzwart/Desktop/11082026/92024586.json,LiamK,0,0,0.6027,Dragapult
92026299,/Users/nickzwart/Desktop/11082026/92026299.json,e-toppo + kurupical,0,0,0.5714,Alakazam
92028246,/Users/nickzwart/Desktop/11082026/92028246.json,李秉叡（ntumlnoob）,1,0,0.6436,M-Froslass
92026377,/Users/nickzwart/Desktop/11082026/92026377.json,李秉叡（ntumlnoob）,1,1,0.6436,Hydrapple
92029122,/Users/nickzwart/Desktop/11082026/92029122.json,e-toppo + kurupical,0,1,0.5714,Grimmsnarl
92029186,/Users/nickzwart/Desktop/11082026/92029186.json,李秉叡（ntumlnoob）,1,1,0.6436,Alakazam
92027306,/Users/nickzwart/Desktop/11082026/92027306.json,李秉叡（ntumlnoob）,1,1,0.6436,M-Lopunny
92030068,/Users/nickzwart/Desktop/11082026/92030068.json,LiamK,0,1,0.6027,Alakazam
92030079,/Users/nickzwart/Desktop/11082026/92030079.json,e-toppo + kurupical,1,0,0.5714,Grimmsnarl
92031056,/Users/nickzwart/Desktop/11082026/92031056.json,李秉叡（ntumlnoob）,1,1,0.6436,M-Lopunny
92031195,/Users/nickzwart/Desktop/11082026/92031195.json,李秉叡（ntumlnoob）,1,0,0.6436,Alakazam
92030140,/Users/nickzwart/Desktop/11082026/92030140.json,李秉叡（ntumlnoob）,0,1,0.6436,Grimmsnarl
92031042,/Users/nickzwart/Desktop/11082026/92031042.json,e-toppo + kurupical,0,0,0.5714,Hydrapple
92032049,/Users/nickzwart/Desktop/11082026/92032049.json,李秉叡（ntumlnoob）,0,1,0.6436,Dragapult
92033882,/Users/nickzwart/Desktop/11082026/92033882.json,e-toppo + kurupical,0,1,0.5714,M-Lucario
92033882,/Users/nickzwart/Desktop/11082026/92033882.json,李秉叡（ntumlnoob）,1,0,0.6436,M-Lucario
92033006,/Users/nickzwart/Desktop/11082026/92033006.json,李秉叡（ntumlnoob）,0,1,0.6436,Alakazam
92033942,/Users/nickzwart/Desktop/11082026/92033942.json,李秉叡（ntumlnoob）,0,0,0.6436,Garchomp
92034851,/Users/nickzwart/Desktop/11082026/92034851.json,e-toppo + kurupical,1,1,0.5714,Ogerpon
92034923,/Users/nickzwart/Desktop/11082026/92034923.json,李秉叡（ntumlnoob）,1,0,0.6436,Dragapult
92035024,/Users/nickzwart/Desktop/11082026/92035024.json,Abhyuday,1,0,0.3704,Dragapult
92035777,/Users/nickzwart/Desktop/11082026/92035777.json,e-toppo + kurupical,1,0,0.5714,Garchomp
92035853,/Users/nickzwart/Desktop/11082026/92035853.json,Oleksandr_Savsunenko,0,0,0.5714,M-Lucario
92035853,/Users/nickzwart/Desktop/11082026/92035853.json,李秉叡（ntumlnoob）,1,1,0.6436,M-Lucario
92036748,/Users/nickzwart/Desktop/11082026/92036748.json,e-toppo + kurupical,1,1,0.5714,Grimmsnarl
92036808,/Users/nickzwart/Desktop/11082026/92036808.json,李秉叡（ntumlnoob）,1,1,0.6436,Dragapult
92037563,/Users/nickzwart/Desktop/11082026/92037563.json,perrodawn,0,1,0.5143,Dragapult
92037709,/Users/nickzwart/Desktop/11082026/92037709.json,e-toppo + kurupical,1,1,0.5714,Hydrapple
92037771,/Users/nickzwart/Desktop/11082026/92037771.json,李秉叡（ntumlnoob）,0,1,0.6436,Grimmsnarl
92038646,/Users/nickzwart/Desktop/11082026/92038646.json,e-toppo + kurupical,0,1,0.5714,Hydrapple
92039470,/Users/nickzwart/Desktop/11082026/92039470.json,HCRL,0,1,0.5652,Dragapult
92039589,/Users/nickzwart/Desktop/11082026/92039589.json,e-toppo + kurupical,0,1,0.5714,Hydrapple
92039661,/Users/nickzwart/Desktop/11082026/92039661.json,李秉叡（ntumlnoob）,0,1,0.6436,Alakazam
92040403,/Users/nickzwart/Desktop/11082026/92040403.json,e-toppo + kurupical,1,1,0.5714,Alakazam
92040560,/Users/nickzwart/Desktop/11082026/92040560.json,e-toppo + kurupical,1,1,0.5714,M-Lopunny
92040608,/Users/nickzwart/Desktop/11082026/92040608.json,李秉叡（ntumlnoob）,1,1,0.6436,Ogerpon
92041520,/Users/nickzwart/Desktop/11082026/92041520.json,e-toppo + kurupical,1,1,0.5714,M-Lopunny
92041578,/Users/nickzwart/Desktop/11082026/92041578.json,李秉叡（ntumlnoob）,0,0,0.6436,Alakazam
92042465,/Users/nickzwart/Desktop/11082026/92042465.json,e-toppo + kurupical,1,1,0.5714,Dragapult
92042479,/Users/nickzwart/Desktop/11082026/92042479.json,Abhyuday,0,0,0.3704,other
92042522,/Users/nickzwart/Desktop/11082026/92042522.json,李秉叡（ntumlnoob）,1,1,0.6436,M-Lopunny
92043429,/Users/nickzwart/Desktop/11082026/92043429.json,e-toppo + kurupical,0,0,0.5714,M-Lopunny
92044374,/Users/nickzwart/Desktop/11082026/92044374.json,e-toppo + kurupical,1,0,0.5714,Alakazam
92044431,/Users/nickzwart/Desktop/11082026/92044431.json,李秉叡（ntumlnoob）,1,1,0.6436,Dragapult
92045311,/Users/nickzwart/Desktop/11082026/92045311.json,e-toppo + kurupical,1,1,0.5714,M-Lopunny
92045376,/Users/nickzwart/Desktop/11082026/92045376.json,李秉叡（ntumlnoob）,0,0,0.6436,M-Kangaskhan
92046278,/Users/nickzwart/Desktop/11082026/92046278.json,LiamK,0,1,0.6027,M-Lucario
92046278,/Users/nickzwart/Desktop/11082026/92046278.json,e-toppo + kurupical,1,0,0.5714,M-Lucario
92048277,/Users/nickzwart/Desktop/11082026/92048277.json,李秉叡（ntumlnoob）,1,1,0.6436,Alakazam
92049110,/Users/nickzwart/Desktop/11082026/92049110.json,e-toppo + kurupical,1,0,0.5714,Alakazam
92049165,/Users/nickzwart/Desktop/11082026/92049165.json,李秉叡（ntumlnoob）,1,0,0.6436,Ogerpon
92049955,/Users/nickzwart/Desktop/11082026/92049955.json,LiamK,0,1,0.6027,Dragapult
92050043,/Users/nickzwart/Desktop/11082026/92050043.json,e-toppo + kurupical,1,1,0.5714,M-Lopunny
92050079,/Users/nickzwart/Desktop/11082026/92050079.json,M Sato,0,1,0.5824,M-Lucario
92050079,/Users/nickzwart/Desktop/11082026/92050079.json,perrodawn,1,0,0.5143,M-Lucario
92050114,/Users/nickzwart/Desktop/11082026/92050114.json,Majkel1337,1,0,0.5355,Dragapult
92050982,/Users/nickzwart/Desktop/11082026/92050982.json,e-toppo + kurupical,0,0,0.5714,Dragapult
92053778,/Users/nickzwart/Desktop/11082026/92053778.json,e-toppo + kurupical,1,1,0.5714,Hydrapple
92053832,/Users/nickzwart/Desktop/11082026/92053832.json,e-toppo + kurupical,0,1,0.5714,Grimmsnarl
92052843,/Users/nickzwart/Desktop/11082026/92052843.json,e-toppo + kurupical,0,0,0.5714,Dragapult
92055497,/Users/nickzwart/Desktop/11082026/92055497.json,e-toppo + kurupical,0,1,0.5714,Grimmsnarl
92055653,/Users/nickzwart/Desktop/11082026/92055653.json,HCRL,1,1,0.5652,M-Kangaskhan
92056677,/Users/nickzwart/Desktop/11082026/92056677.json,e-toppo + kurupical,1,0,0.5714,Alakazam
92057568,/Users/nickzwart/Desktop/11082026/92057568.json,やる気元気ミワハルキ,0,1,0.6557,Grimmsnarl
92058510,/Users/nickzwart/Desktop/11082026/92058510.json,DavidFreelan,0,0,0.5745,Grimmsnarl
92059196,/Users/nickzwart/Desktop/11082026/92059196.json,DavidFreelan,1,1,0.5745,Dragapult
92059330,/Users/nickzwart/Desktop/11082026/92059330.json,HCRL,1,0,0.5652,Dragapult
92059352,/Users/nickzwart/Desktop/11082026/92059352.json,HCRL,0,1,0.5652,Alakazam
92059546,/Users/nickzwart/Desktop/11082026/92059546.json,Oshbocker,1,1,0.6875,Hydrapple
92060374,/Users/nickzwart/Desktop/11082026/92060374.json,HCRL,1,1,0.5652,M-Kangaskhan
92062039,/Users/nickzwart/Desktop/11082026/92062039.json,DavidFreelan,0,0,0.5745,Dragapult
92062133,/Users/nickzwart/Desktop/11082026/92062133.json,perrodawn,1,0,0.5143,Grimmsnarl
92061207,/Users/nickzwart/Desktop/11082026/92061207.json,e-toppo + kurupical,1,0,0.5714,Dragapult
92063330,/Users/nickzwart/Desktop/11082026/92063330.json,M Sato,0,1,0.5824,Alakazam
92065138,/Users/nickzwart/Desktop/11082026/92065138.json,M Sato,0,0,0.5824,Dragapult
92066914,/Users/nickzwart/Desktop/11082026/92066914.json,DavidFreelan,0,0,0.5745,Dragapult
92068024,/Users/nickzwart/Desktop/11082026/92068024.json,LiamK,0,0,0.6027,M-Lopunny
92067946,/Users/nickzwart/Desktop/11082026/92067946.json,DavidFreelan,0,1,0.5745,Ogerpon
92069622,/Users/nickzwart/Desktop/11082026/92069622.json,李秉叡（ntumlnoob）,1,1,0.6436,Dragapult
92069625,/Users/nickzwart/Desktop/11082026/92069625.json,Majkel1337,0,1,0.5355,Dragapult
92069961,/Users/nickzwart/Desktop/11082026/92069961.json,李秉叡（ntumlnoob）,1,0,0.6436,Alakazam
92073534,/Users/nickzwart/Desktop/11082026/92073534.json,HCRL,0,0,0.5652,Alakazam
92073656,/Users/nickzwart/Desktop/11082026/92073656.json,e-toppo + kurupical,1,1,0.5714,M-Lopunny
92074623,/Users/nickzwart/Desktop/11082026/92074623.json,Abhyuday,0,0,0.3704,Alakazam
92074431,/Users/nickzwart/Desktop/11082026/92074431.json,Majkel1337,0,1,0.5355,Dragapult
92076307,/Users/nickzwart/Desktop/11082026/92076307.json,HCRL,0,0,0.5652,Grimmsnarl
92076513,/Users/nickzwart/Desktop/11082026/92076513.json,李秉叡（ntumlnoob）,1,1,0.6436,Hydrapple
92078328,/Users/nickzwart/Desktop/11082026/92078328.json,LiamK,0,0,0.6027,Alakazam
92078490,/Users/nickzwart/Desktop/11082026/92078490.json,李秉叡（ntumlnoob）,1,0,0.6436,Grimmsnarl
92079179,/Users/nickzwart/Desktop/11082026/92079179.json,Majkel1337,0,0,0.5355,Dragapult
92079394,/Users/nickzwart/Desktop/11082026/92079394.json,perrodawn,0,0,0.5143,Dragapult
92079401,/Users/nickzwart/Desktop/11082026/92079401.json,perrodawn,1,0,0.5143,Grimmsnarl
92080077,/Users/nickzwart/Desktop/11082026/92080077.json,HCRL,0,1,0.5652,M-Lopunny
92080215,/Users/nickzwart/Desktop/11082026/92080215.json,perrodawn,1,1,0.5143,Alakazam
92081101,/Users/nickzwart/Desktop/11082026/92081101.json,perrodawn,0,0,0.5143,M-Kangaskhan
92081290,/Users/nickzwart/Desktop/11082026/92081290.json,HCRL,1,0,0.5652,Dragapult
92082256,/Users/nickzwart/Desktop/11082026/92082256.json,M Sato,0,0,0.5824,Alakazam
92083833,/Users/nickzwart/Desktop/11082026/92083833.json,M Sato,1,0,0.5824,Dragapult
92083920,/Users/nickzwart/Desktop/11082026/92083920.json,李秉叡（ntumlnoob）,0,1,0.6436,Grimmsnarl
92084105,/Users/nickzwart/Desktop/11082026/92084105.json,e-toppo + kurupical,1,1,0.5714,Alakazam
92084758,/Users/nickzwart/Desktop/11082026/92084758.json,M Sato,1,1,0.5824,Dragapult
92084868,/Users/nickzwart/Desktop/11082026/92084868.json,やる気元気ミワハルキ,1,0,0.6557,Hydrapple
92085613,/Users/nickzwart/Desktop/11082026/92085613.json,DavidFreelan,0,1,0.5745,Hydrapple
92085679,/Users/nickzwart/Desktop/11082026/92085679.json,Majkel1337,1,1,0.5355,Dragapult
92085852,/Users/nickzwart/Desktop/11082026/92085852.json,李秉叡（ntumlnoob）,0,1,0.6436,Dragapult
92086746,/Users/nickzwart/Desktop/11082026/92086746.json,Oshbocker,0,1,0.6875,M-Lopunny
92086884,/Users/nickzwart/Desktop/11082026/92086884.json,e-toppo + kurupical,0,0,0.5714,Hydrapple
92087762,/Users/nickzwart/Desktop/11082026/92087762.json,e-toppo + kurupical,1,1,0.5714,M-Lopunny
92090350,/Users/nickzwart/Desktop/11082026/92090350.json,Majkel1337,1,0,0.5355,Dragapult
92091467,/Users/nickzwart/Desktop/11082026/92091467.json,李秉叡（ntumlnoob）,0,1,0.6436,Alakazam
92093032,/Users/nickzwart/Desktop/11082026/92093032.json,Pokemon Fan,1,1,0.5,Alakazam
92093117,/Users/nickzwart/Desktop/11082026/92093117.json,Majkel1337,0,1,0.5355,Dragapult
92095227,/Users/nickzwart/Desktop/11082026/92095227.json,e-toppo + kurupical,1,0,0.5714,Grimmsnarl
92096788,/Users/nickzwart/Desktop/11082026/92096788.json,李秉叡（ntumlnoob）,0,1,0.6436,Alakazam
92096875,/Users/nickzwart/Desktop/11082026/92096875.json,Pokemon Fan,0,0,0.5,Alakazam
92097001,/Users/nickzwart/Desktop/11082026/92097001.json,HCRL,0,0,0.5652,Hydrapple
92097816,/Users/nickzwart/Desktop/11082026/92097816.json,Majkel1337,1,0,0.5355,Dragapult
92098776,/Users/nickzwart/Desktop/11082026/92098776.json,Majkel1337,0,1,0.5355,Dragapult
92099743,/Users/nickzwart/Desktop/11082026/92099743.json,Majkel1337,1,0,0.5355,Dragapult
92099843,/Users/nickzwart/Desktop/11082026/92099843.json,李秉叡（ntumlnoob）,1,0,0.6436,Grimmsnarl
92100756,/Users/nickzwart/Desktop/11082026/92100756.json,李秉叡（ntumlnoob）,0,1,0.6436,M-Lopunny
92101596,/Users/nickzwart/Desktop/11082026/92101596.json,Abhyuday,1,0,0.3704,M-Lopunny
92101682,/Users/nickzwart/Desktop/11082026/92101682.json,M Sato,0,0,0.5824,Dragapult
92102693,/Users/nickzwart/Desktop/11082026/92102693.json,HCRL,0,0,0.5652,Ogerpon
92103514,/Users/nickzwart/Desktop/11082026/92103514.json,HCRL,0,1,0.5652,M-Lopunny
92104509,/Users/nickzwart/Desktop/11082026/92104509.json,e-toppo + kurupical,0,1,0.5714,M-Lopunny
92104524,/Users/nickzwart/Desktop/11082026/92104524.json,Majkel1337,1,0,0.5355,Dragapult
92105357,/Users/nickzwart/Desktop/11082026/92105357.json,HCRL,1,0,0.5652,Dragapult
92105502,/Users/nickzwart/Desktop/11082026/92105502.json,Gyoukou,1,0,0.5,Grimmsnarl
92107261,/Users/nickzwart/Desktop/11082026/92107261.json,やる気元気ミワハルキ,0,0,0.6557,Grimmsnarl
92106462,/Users/nickzwart/Desktop/11082026/92106462.json,Majkel1337,1,0,0.5355,Dragapult
92106599,/Users/nickzwart/Desktop/11082026/92106599.json,やる気元気ミワハルキ,1,1,0.6557,Dragapult
92107363,/Users/nickzwart/Desktop/11082026/92107363.json,Majkel1337,1,0,0.5355,Dragapult
92108166,/Users/nickzwart/Desktop/11082026/92108166.json,やる気元気ミワハルキ,1,0,0.6557,Dragapult
92108272,/Users/nickzwart/Desktop/11082026/92108272.json,perrodawn,0,0,0.5143,M-Lopunny
92108318,/Users/nickzwart/Desktop/11082026/92108318.json,Oshbocker,1,1,0.6875,M-Lopunny
92109349,/Users/nickzwart/Desktop/11082026/92109349.json,Oshbocker,0,1,0.6875,M-Kangaskhan
92109357,/Users/nickzwart/Desktop/11082026/92109357.json,李秉叡（ntumlnoob）,0,1,0.6436,Grimmsnarl
92110855,/Users/nickzwart/Desktop/11082026/92110855.json,ONE PIECE,0,0,0.5254,Grimmsnarl
92111048,/Users/nickzwart/Desktop/11082026/92111048.json,李秉叡（ntumlnoob）,0,0,0.6436,Dragapult
92111899,/Users/nickzwart/Desktop/11082026/92111899.json,Pokemon Fan,1,1,0.5,M-Lopunny
92111982,/Users/nickzwart/Desktop/11082026/92111982.json,Majkel1337,0,1,0.5355,Dragapult
92112134,/Users/nickzwart/Desktop/11082026/92112134.json,e-toppo + kurupical,1,0,0.5714,Grimmsnarl
92112726,/Users/nickzwart/Desktop/11082026/92112726.json,e-toppo + kurupical,1,0,0.5714,Grimmsnarl
92113067,/Users/nickzwart/Desktop/11082026/92113067.json,李秉叡（ntumlnoob）,1,1,0.6436,Grimmsnarl
92115539,/Users/nickzwart/Desktop/11082026/92115539.json,ONE PIECE,0,1,0.5254,Alakazam
92115857,/Users/nickzwart/Desktop/11082026/92115857.json,Oshbocker,0,0,0.6875,Dragapult
92116460,/Users/nickzwart/Desktop/11082026/92116460.json,ONE PIECE,1,0,0.5254,Grimmsnarl
92117389,/Users/nickzwart/Desktop/11082026/92117389.json,ONE PIECE,1,1,0.5254,Alakazam
92117448,/Users/nickzwart/Desktop/11082026/92117448.json,perrodawn,0,0,0.5143,M-Lopunny
92116587,/Users/nickzwart/Desktop/11082026/92116587.json,HCRL,1,1,0.5652,Alakazam
92118319,/Users/nickzwart/Desktop/11082026/92118319.json,ONE PIECE,1,0,0.5254,Crustle
92118422,/Users/nickzwart/Desktop/11082026/92118422.json,perrodawn,1,0,0.5143,Grimmsnarl
92119317,/Users/nickzwart/Desktop/11082026/92119317.json,Majkel1337,0,1,0.5355,Dragapult
92122022,/Users/nickzwart/Desktop/11082026/92122022.json,ONE PIECE,1,1,0.5254,Grimmsnarl
92121282,/Users/nickzwart/Desktop/11082026/92121282.json,M Sato,0,1,0.5824,Hydrapple
92121312,/Users/nickzwart/Desktop/11082026/92121312.json,李秉叡（ntumlnoob）,1,1,0.6436,Alakazam
92121332,/Users/nickzwart/Desktop/11082026/92121332.json,李秉叡（ntumlnoob）,1,1,0.6436,Grimmsnarl
92122099,/Users/nickzwart/Desktop/11082026/92122099.json,李秉叡（ntumlnoob）,1,1,0.6436,Dragapult
92122899,/Users/nickzwart/Desktop/11082026/92122899.json,ONE PIECE,0,0,0.5254,Grimmsnarl
92122952,/Users/nickzwart/Desktop/11082026/92122952.json,ONE PIECE,1,1,0.5254,Ogerpon
92123920,/Users/nickzwart/Desktop/11082026/92123920.json,ONE PIECE,0,0,0.5254,Alakazam
92125080,/Users/nickzwart/Desktop/11082026/92125080.json,e-toppo + kurupical,1,0,0.5714,Alakazam
92125846,/Users/nickzwart/Desktop/11082026/92125846.json,ONE PIECE,0,0,0.5254,M-Kangaskhan
92126809,/Users/nickzwart/Desktop/11082026/92126809.json,ONE PIECE,1,1,0.5254,Alakazam
92127822,/Users/nickzwart/Desktop/11082026/92127822.json,李秉叡（ntumlnoob）,1,0,0.6436,Dragapult
92127965,/Users/nickzwart/Desktop/11082026/92127965.json,perrodawn,0,0,0.5143,other
92127987,/Users/nickzwart/Desktop/11082026/92127987.json,perrodawn,0,0,0.5143,Grimmsnarl
92128679,/Users/nickzwart/Desktop/11082026/92128679.json,M Sato,0,0,0.5824,Grimmsnarl
92128730,/Users/nickzwart/Desktop/11082026/92128730.json,ONE PIECE,0,1,0.5254,M-Froslass
92128836,/Users/nickzwart/Desktop/11082026/92128836.json,Oshbocker,0,0,0.6875,Grimmsnarl
92131574,/Users/nickzwart/Desktop/11082026/92131574.json,ONE PIECE,1,1,0.5254,Alakazam
92129693,/Users/nickzwart/Desktop/11082026/92129693.json,ONE PIECE,1,0,0.5254,Dragapult
92129803,/Users/nickzwart/Desktop/11082026/92129803.json,Oshbocker,0,1,0.6875,Grimmsnarl
92129922,/Users/nickzwart/Desktop/11082026/92129922.json,李秉叡（ntumlnoob）,1,0,0.6436,Dragapult
92130711,/Users/nickzwart/Desktop/11082026/92130711.json,Majkel1337,0,1,0.5355,Dragapult
92130875,/Users/nickzwart/Desktop/11082026/92130875.json,やる気元気ミワハルキ,1,0,0.6557,Alakazam
92131790,/Users/nickzwart/Desktop/11082026/92131790.json,Oshbocker,0,1,0.6875,Dragapult
92132574,/Users/nickzwart/Desktop/11082026/92132574.json,李秉叡（ntumlnoob）,1,1,0.6436,Dragapult
92134331,/Users/nickzwart/Desktop/11082026/92134331.json,e-toppo + kurupical,0,1,0.5714,Grimmsnarl
92134375,/Users/nickzwart/Desktop/11082026/92134375.json,ONE PIECE,0,0,0.5254,Grimmsnarl
92133448,/Users/nickzwart/Desktop/11082026/92133448.json,ONE PIECE,0,1,0.5254,Alakazam
92135304,/Users/nickzwart/Desktop/11082026/92135304.json,ONE PIECE,1,0,0.5254,Garchomp
92136280,/Users/nickzwart/Desktop/11082026/92136280.json,ONE PIECE,0,0,0.5254,Grimmsnarl
92136393,/Users/nickzwart/Desktop/11082026/92136393.json,Pokemon Fan,0,1,0.5,Grimmsnarl
92136397,/Users/nickzwart/Desktop/11082026/92136397.json,Abhyuday,1,0,0.3704,Grimmsnarl
92213057,/Users/nickzwart/Desktop/2 Dipam Chakraborty (Ogerpon)/92213057.json,ONE PIECE,0,0,0.5254,Ogerpon
92224652,/Users/nickzwart/Desktop/1 Sixt sense (Dragapult)/92224652.json,Luca,0,1,0.7321,Dragapult
92238593,/Users/nickzwart/Desktop/2 Dipam Chakraborty (Ogerpon)/92238593.json,Majkel1337,1,0,0.5355,Ogerpon
92247089,/Users/nickzwart/Desktop/2 Dipam Chakraborty (Ogerpon)/92247089.json,Majkel1337,1,1,0.5355,Ogerpon
92248038,/Users/nickzwart/Desktop/2 Dipam Chakraborty (Ogerpon)/92248038.json,李秉叡（ntumlnoob）,0,0,0.6436,Ogerpon
92191475,/Users/nickzwart/Desktop/5 Luca (M-Lucario/92191475.json,Luca,1,1,0.7321,M-Kangaskhan
92192398,/Users/nickzwart/Desktop/5 Luca (M-Lucario/92192398.json,Luca,1,0,0.7321,Grimmsnarl
92193323,/Users/nickzwart/Desktop/5 Luca (M-Lucario/92193323.json,Oshbocker,0,1,0.6875,M-Lucario
92193323,/Users/nickzwart/Desktop/5 Luca (M-Lucario/92193323.json,Luca,1,0,0.7321,M-Lucario
92195195,/Users/nickzwart/Desktop/5 Luca (M-Lucario/92195195.json,Luca,0,1,0.7321,Alakazam
92196147,/Users/nickzwart/Desktop/5 Luca (M-Lucario/92196147.json,Luca,0,1,0.7321,M-Kangaskhan
92197087,/Users/nickzwart/Desktop/5 Luca (M-Lucario/92197087.json,Luca,1,1,0.7321,Hydrapple
92198029,/Users/nickzwart/Desktop/5 Luca (M-Lucario/92198029.json,Luca,0,1,0.7321,M-Lopunny
92181140,/Users/nickzwart/Desktop/5 Luca (M-Lucario/92181140.json,Luca,1,1,0.7321,M-Lucario
92182056,/Users/nickzwart/Desktop/5 Luca (M-Lucario/92182056.json,Luca,0,1,0.7321,Grimmsnarl
92183009,/Users/nickzwart/Desktop/5 Luca (M-Lucario/92183009.json,Luca,0,1,0.7321,M-Kangaskhan
92184025,/Users/nickzwart/Desktop/5 Luca (M-Lucario/92184025.json,Luca,1,1,0.7321,M-Starmie
92184874,/Users/nickzwart/Desktop/5 Luca (M-Lucario/92184874.json,Luca,0,1,0.7321,Alakazam
92185833,/Users/nickzwart/Desktop/5 Luca (M-Lucario/92185833.json,Luca,1,1,0.7321,Alakazam
92186798,/Users/nickzwart/Desktop/5 Luca (M-Lucario/92186798.json,Luca,0,0,0.7321,Grimmsnarl
92187730,/Users/nickzwart/Desktop/5 Luca (M-Lucario/92187730.json,Luca,1,0,0.7321,Grimmsnarl
92188670,/Users/nickzwart/Desktop/5 Luca (M-Lucario/92188670.json,Luca,0,1,0.7321,Alakazam
92188860,/Users/nickzwart/Desktop/5 Luca (M-Lucario/92188860.json,Luca,1,0,0.7321,Dragapult
92189626,/Users/nickzwart/Desktop/5 Luca (M-Lucario/92189626.json,Luca,0,1,0.7321,Grimmsnarl
92190545,/Users/nickzwart/Desktop/5 Luca (M-Lucario/92190545.json,Luca,0,1,0.7321,Dragapult
92206497,/Users/nickzwart/Desktop/5 Luca (M-Lucario/92206497.json,Luca,1,0,0.7321,M-Kangaskhan
92207476,/Users/nickzwart/Desktop/5 Luca (M-Lucario/92207476.json,Luca,1,0,0.7321,Dragapult
92208431,/Users/nickzwart/Desktop/5 Luca (M-Lucario/92208431.json,Luca,0,1,0.7321,Ogerpon
92209392,/Users/nickzwart/Desktop/5 Luca (M-Lucario/92209392.json,Luca,0,1,0.7321,other
92198976,/Users/nickzwart/Desktop/5 Luca (M-Lucario/92198976.json,Luca,0,1,0.7321,Alakazam
92199848,/Users/nickzwart/Desktop/5 Luca (M-Lucario/92199848.json,Luca,0,0,0.7321,Dragapult
92200876,/Users/nickzwart/Desktop/5 Luca (M-Lucario/92200876.json,Luca,0,1,0.7321,M-Lucario
92200876,/Users/nickzwart/Desktop/5 Luca (M-Lucario/92200876.json,李秉叡（ntumlnoob）,1,0,0.6436,M-Lucario
92201815,/Users/nickzwart/Desktop/5 Luca (M-Lucario/92201815.json,Luca,0,0,0.7321,Dragapult
92202781,/Users/nickzwart/Desktop/5 Luca (M-Lucario/92202781.json,Luca,1,0,0.7321,M-Lopunny
92203697,/Users/nickzwart/Desktop/5 Luca (M-Lucario/92203697.json,Luca,0,1,0.7321,Grimmsnarl
92204637,/Users/nickzwart/Desktop/5 Luca (M-Lucario/92204637.json,Luca,1,1,0.7321,Grimmsnarl
92205568,/Users/nickzwart/Desktop/5 Luca (M-Lucario/92205568.json,Luca,0,1,0.7321,Alakazam
92210358,/Users/nickzwart/Desktop/5 Luca (M-Lucario/92210358.json,Luca,1,1,0.7321,M-Lopunny
92211319,/Users/nickzwart/Desktop/5 Luca (M-Lucario/92211319.json,Luca,0,1,0.7321,Alakazam
92212278,/Users/nickzwart/Desktop/5 Luca (M-Lucario/92212278.json,Luca,0,1,0.7321,Dragapult
92213249,/Users/nickzwart/Desktop/5 Luca (M-Lucario/92213249.json,Luca,1,1,0.7321,Crustle
92220894,/Users/nickzwart/Desktop/5 Luca (M-Lucario/92220894.json,Luca,0,0,0.7321,Dragapult
92221831,/Users/nickzwart/Desktop/5 Luca (M-Lucario/92221831.json,Oshbocker,0,0,0.6875,M-Lucario
92221831,/Users/nickzwart/Desktop/5 Luca (M-Lucario/92221831.json,Luca,1,1,0.7321,M-Lucario
92222763,/Users/nickzwart/Desktop/5 Luca (M-Lucario/92222763.json,Luca,1,1,0.7321,Hydrapple
92223703,/Users/nickzwart/Desktop/5 Luca (M-Lucario/92223703.json,Luca,1,1,0.7321,Dragapult
92218051,/Users/nickzwart/Desktop/5 Luca (M-Lucario/92218051.json,Luca,1,0,0.7321,Ogerpon
92218110,/Users/nickzwart/Desktop/5 Luca (M-Lucario/92218110.json,Luca,0,0,0.7321,Ogerpon
92218970,/Users/nickzwart/Desktop/5 Luca (M-Lucario/92218970.json,Luca,1,1,0.7321,Dragapult
92218995,/Users/nickzwart/Desktop/5 Luca (M-Lucario/92218995.json,Luca,0,1,0.7321,Hydrapple
92219951,/Users/nickzwart/Desktop/5 Luca (M-Lucario/92219951.json,Luca,0,1,0.7321,Dragapult
92214223,/Users/nickzwart/Desktop/5 Luca (M-Lucario/92214223.json,Luca,1,1,0.7321,Dragapult
92215204,/Users/nickzwart/Desktop/5 Luca (M-Lucario/92215204.json,Luca,1,1,0.7321,Hydrapple
92216170,/Users/nickzwart/Desktop/5 Luca (M-Lucario/92216170.json,Luca,1,1,0.7321,Grimmsnarl
92217176,/Users/nickzwart/Desktop/5 Luca (M-Lucario/92217176.json,Luca,1,1,0.7321,M-Lopunny
92230327,/Users/nickzwart/Desktop/5 Luca (M-Lucario/92230327.json,Luca,0,0,0.7321,Dragapult
92230969,/Users/nickzwart/Desktop/5 Luca (M-Lucario/92230969.json,Luca,0,1,0.7321,Dragapult
92240408,/Users/nickzwart/Desktop/5 Luca (M-Lucario/92240408.json,Luca,1,1,0.7321,Dudunsparce
92267636,/Users/nickzwart/Desktop/5 Luca (M-Lucario/92267636.json,Luca,1,0,0.7321,Dragapult
92289114,/Users/nickzwart/Desktop/5 Luca (M-Lucario/92289114.json,Luca,1,1,0.7321,other
92302880,/Users/nickzwart/Desktop/5 Luca (M-Lucario/92302880.json,Luca,1,1,0.7321,M-Kangaskhan
92255261,/Users/nickzwart/Desktop/5 Luca (M-Lucario/92255261.json,Luca,0,1,0.7321,Alakazam
