episode,path,player,side,won,player_winrate,opp_deck
90882616,/Users/nickzwart/Desktop/Palsystem 2/90882616.json,palsystem,0,0,0.6121,Alakazam
90883470,/Users/nickzwart/Desktop/Palsystem 2/90883470.json,palsystem,1,1,0.6121,M-Froslass
90884326,/Users/nickzwart/Desktop/Palsystem 2/90884326.json,palsystem,1,1,0.6121,M-Starmie
90885133,/Users/nickzwart/Desktop/Palsystem 2/90885133.json,palsystem,0,0,0.6121,M-Lucario
90885979,/Users/nickzwart/Desktop/Palsystem 2/90885979.json,palsystem,1,1,0.6121,Alakazam
90886821,/Users/nickzwart/Desktop/Palsystem 2/90886821.json,palsystem,1,0,0.6121,M-Kangaskhan
90887660,/Users/nickzwart/Desktop/Palsystem 2/90887660.json,palsystem,0,1,0.6121,other
90888495,/Users/nickzwart/Desktop/Palsystem 2/90888495.json,palsystem,0,1,0.6121,M-Lopunny
90869946,/Users/nickzwart/Desktop/Palsystem 2/90869946.json,palsystem,0,1,0.6121,Grimmsnarl
90870808,/Users/nickzwart/Desktop/Palsystem 2/90870808.json,palsystem,1,1,0.6121,M-Lopunny
90871644,/Users/nickzwart/Desktop/Palsystem 2/90871644.json,palsystem,0,1,0.6121,M-Lopunny
90872498,/Users/nickzwart/Desktop/Palsystem 2/90872498.json,palsystem,0,0,0.6121,Dragapult
90873341,/Users/nickzwart/Desktop/Palsystem 2/90873341.json,palsystem,1,1,0.6121,M-Kangaskhan
90874170,/Users/nickzwart/Desktop/Palsystem 2/90874170.json,palsystem,1,1,0.6121,Grimmsnarl
90875034,/Users/nickzwart/Desktop/Palsystem 2/90875034.json,palsystem,0,1,0.6121,Alakazam
90875873,/Users/nickzwart/Desktop/Palsystem 2/90875873.json,palsystem,1,0,0.6121,Grimmsnarl
90896081,/Users/nickzwart/Desktop/Palsystem 2/90896081.json,palsystem,0,1,0.6121,M-Lopunny
90896980,/Users/nickzwart/Desktop/Palsystem 2/90896980.json,palsystem,0,0,0.6121,M-Kangaskhan
90897757,/Users/nickzwart/Desktop/Palsystem 2/90897757.json,palsystem,1,1,0.6121,M-Kangaskhan
90898589,/Users/nickzwart/Desktop/Palsystem 2/90898589.json,palsystem,1,0,0.6121,M-Kangaskhan
90899503,/Users/nickzwart/Desktop/Palsystem 2/90899503.json,palsystem,1,0,0.6121,Alakazam
90900278,/Users/nickzwart/Desktop/Palsystem 2/90900278.json,palsystem,1,1,0.6121,M-Lopunny
90901029,/Users/nickzwart/Desktop/Palsystem 2/90901029.json,palsystem,1,0,0.6121,Alakazam
90902009,/Users/nickzwart/Desktop/Palsystem 2/90902009.json,palsystem,0,0,0.6121,Grimmsnarl
90889356,/Users/nickzwart/Desktop/Palsystem 2/90889356.json,palsystem,1,1,0.6121,Grimmsnarl
90890196,/Users/nickzwart/Desktop/Palsystem 2/90890196.json,palsystem,1,0,0.6121,Alakazam
90891039,/Users/nickzwart/Desktop/Palsystem 2/90891039.json,palsystem,0,1,0.6121,M-Lopunny
90891880,/Users/nickzwart/Desktop/Palsystem 2/90891880.json,palsystem,1,0,0.6121,other
90892739,/Users/nickzwart/Desktop/Palsystem 2/90892739.json,palsystem,0,1,0.6121,Alakazam
90893584,/Users/nickzwart/Desktop/Palsystem 2/90893584.json,palsystem,1,0,0.6121,Grimmsnarl
90894520,/Users/nickzwart/Desktop/Palsystem 2/90894520.json,palsystem,1,0,0.6121,other
90895249,/Users/nickzwart/Desktop/Palsystem 2/90895249.json,palsystem,0,1,0.6121,Ogerpon
90895249,/Users/nickzwart/Desktop/Palsystem 2/90895249.json,Artalmaz31,1,0,0.2857,Ogerpon
90863087,/Users/nickzwart/Desktop/Palsystem 2/90863087.json,palsystem,0,1,0.6121,Dragapult
90863928,/Users/nickzwart/Desktop/Palsystem 2/90863928.json,palsystem,0,1,0.6121,Dragapult
90864790,/Users/nickzwart/Desktop/Palsystem 2/90864790.json,palsystem,0,1,0.6121,M-Kangaskhan
90865646,/Users/nickzwart/Desktop/Palsystem 2/90865646.json,palsystem,0,1,0.6121,Grimmsnarl
90866494,/Users/nickzwart/Desktop/Palsystem 2/90866494.json,palsystem,1,1,0.6121,other
90867378,/Users/nickzwart/Desktop/Palsystem 2/90867378.json,palsystem,1,1,0.6121,M-Lopunny
90868231,/Users/nickzwart/Desktop/Palsystem 2/90868231.json,palsystem,1,1,0.6121,M-Lucario
90869101,/Users/nickzwart/Desktop/Palsystem 2/90869101.json,palsystem,0,1,0.6121,Grimmsnarl
90876731,/Users/nickzwart/Desktop/Palsystem 2/90876731.json,palsystem,0,1,0.6121,Grimmsnarl
90877558,/Users/nickzwart/Desktop/Palsystem 2/90877558.json,palsystem,0,0,0.6121,M-Lopunny
90878418,/Users/nickzwart/Desktop/Palsystem 2/90878418.json,palsystem,1,1,0.6121,M-Kangaskhan
90879246,/Users/nickzwart/Desktop/Palsystem 2/90879246.json,palsystem,0,1,0.6121,M-Froslass
90880156,/Users/nickzwart/Desktop/Palsystem 2/90880156(1).json,palsystem,0,1,0.6121,Dragapult
90880948,/Users/nickzwart/Desktop/Palsystem 2/90880948.json,palsystem,0,0,0.6121,M-Lopunny
90881789,/Users/nickzwart/Desktop/Palsystem 2/90881789.json,palsystem,0,1,0.6121,other
90902865,/Users/nickzwart/Desktop/Palsystem 2/90902865.json,palsystem,0,1,0.6121,Ogerpon
90902865,/Users/nickzwart/Desktop/Palsystem 2/90902865.json,takayosi,1,0,0.3983,Ogerpon
90903731,/Users/nickzwart/Desktop/Palsystem 2/90903731.json,palsystem,0,1,0.6121,M-Lopunny
90904584,/Users/nickzwart/Desktop/Palsystem 2/90904584.json,palsystem,0,0,0.6121,Alakazam
90905443,/Users/nickzwart/Desktop/Palsystem 2/90905443.json,palsystem,1,1,0.6121,M-Lopunny
90906308,/Users/nickzwart/Desktop/Palsystem 2/90906308.json,palsystem,0,1,0.6121,M-Lopunny
90908005,/Users/nickzwart/Desktop/Palsystem 2/90908005.json,palsystem,1,1,0.6121,Alakazam
90908848,/Users/nickzwart/Desktop/Palsystem 2/90908848.json,palsystem,0,0,0.6121,Alakazam
90909675,/Users/nickzwart/Desktop/Palsystem 2/90909675.json,palsystem,0,1,0.6121,Crustle
90910549,/Users/nickzwart/Desktop/Palsystem 2/90910549.json,palsystem,1,1,0.6121,Grimmsnarl
90911424,/Users/nickzwart/Desktop/Palsystem 2/90911424.json,palsystem,1,0,0.6121,M-Kangaskhan
90918228,/Users/nickzwart/Desktop/Palsystem 2/90918228.json,palsystem,0,1,0.6121,Grimmsnarl
90919835,/Users/nickzwart/Desktop/Palsystem 2/90919835.json,palsystem,1,1,0.6121,Dragapult
90926326,/Users/nickzwart/Desktop/Palsystem 2/90926326.json,ANDPAD kaggler team,0,0,0.5865,Ogerpon
90926326,/Users/nickzwart/Desktop/Palsystem 2/90926326.json,palsystem,1,1,0.6121,Ogerpon
90934758,/Users/nickzwart/Desktop/Palsystem 2/90934758.json,palsystem,0,1,0.6121,M-Lopunny
90935520,/Users/nickzwart/Desktop/Palsystem 2/90935520.json,palsystem,1,1,0.6121,other
90939953,/Users/nickzwart/Desktop/Palsystem 2/90939953.json,palsystem,0,1,0.6121,M-Lucario
90948177,/Users/nickzwart/Desktop/Palsystem 2/90948177.json,ANDPAD kaggler team,0,0,0.5865,Ogerpon
90948177,/Users/nickzwart/Desktop/Palsystem 2/90948177.json,palsystem,1,1,0.6121,Ogerpon
90948909,/Users/nickzwart/Desktop/Palsystem 2/90948909.json,palsystem,0,0,0.6121,other
90950703,/Users/nickzwart/Desktop/Palsystem 2/90950703.json,palsystem,1,1,0.6121,Grimmsnarl
90959765,/Users/nickzwart/Desktop/Palsystem 2/90959765.json,palsystem,0,1,0.6121,other
90968103,/Users/nickzwart/Desktop/Palsystem 2/90968103.json,palsystem,1,1,0.6121,other
90976510,/Users/nickzwart/Desktop/Palsystem 2/90976510.json,palsystem,1,0,0.6121,M-Lucario
90994831,/Users/nickzwart/Desktop/Palsystem 2/90994831.json,palsystem,1,0,0.6121,M-Lopunny
91080263,/Users/nickzwart/Desktop/Palsystem 2/91080263.json,palsystem,0,1,0.6121,Dragapult
91081137,/Users/nickzwart/Desktop/Palsystem 2/91081137.json,palsystem,0,1,0.6121,Dragapult
91093430,/Users/nickzwart/Desktop/Palsystem 2/91093430.json,palsystem,0,1,0.6121,Grimmsnarl
91109180,/Users/nickzwart/Desktop/Palsystem 2/91109180.json,palsystem,1,0,0.6121,M-Kangaskhan
91125632,/Users/nickzwart/Desktop/Palsystem 2/91125632.json,palsystem,0,1,0.6121,M-Lopunny
91131017,/Users/nickzwart/Desktop/Palsystem 2/91131017.json,palsystem,1,0,0.6121,M-Lucario
91139685,/Users/nickzwart/Desktop/Palsystem 2/91139685.json,palsystem,1,1,0.6121,Dragapult
91012274,/Users/nickzwart/Desktop/Palsystem 2/91012274.json,palsystem,0,1,0.6121,Grimmsnarl
91024153,/Users/nickzwart/Desktop/Palsystem 2/91024153.json,palsystem,1,0,0.6121,Alakazam
91026658,/Users/nickzwart/Desktop/Palsystem 2/91026658.json,palsystem,0,0,0.6121,M-Lucario
91051900,/Users/nickzwart/Desktop/Palsystem 2/91051900.json,palsystem,0,0,0.6121,Alakazam
91059422,/Users/nickzwart/Desktop/Palsystem 2/91059422.json,palsystem,1,0,0.6121,M-Lopunny
91068166,/Users/nickzwart/Desktop/Palsystem 2/91068166.json,palsystem,1,1,0.6121,M-Lopunny
91073266,/Users/nickzwart/Desktop/Palsystem 2/91073266.json,palsystem,1,0,0.6121,Dragapult
91076781,/Users/nickzwart/Desktop/Palsystem 2/91076781.json,palsystem,0,0,0.6121,Dragapult
91140528,/Users/nickzwart/Desktop/Palsystem 2/91140528.json,palsystem,0,1,0.6121,other
91143203,/Users/nickzwart/Desktop/Palsystem 2/91143203.json,palsystem,0,0,0.6121,Alakazam
91148404,/Users/nickzwart/Desktop/Palsystem 2/91148404.json,palsystem,1,0,0.6121,M-Lucario
91151120,/Users/nickzwart/Desktop/Palsystem 2/91151120.json,palsystem,0,1,0.6121,Grimmsnarl
91155598,/Users/nickzwart/Desktop/Palsystem 2/91155598.json,palsystem,0,0,0.6121,M-Lucario
91159856,/Users/nickzwart/Desktop/Palsystem 2/91159856.json,palsystem,0,1,0.6121,Garchomp
91184632,/Users/nickzwart/Desktop/Palsystem 2/91184632.json,palsystem,1,1,0.6121,Grimmsnarl
91191540,/Users/nickzwart/Desktop/Palsystem 2/91191540.json,palsystem,0,0,0.6121,Dragapult
91192415,/Users/nickzwart/Desktop/Palsystem 2/91192415.json,palsystem,1,0,0.6121,Dragapult
91194188,/Users/nickzwart/Desktop/Palsystem 2/91194188.json,palsystem,1,1,0.6121,Dragapult
91214330,/Users/nickzwart/Desktop/Palsystem 2/91214330.json,palsystem,1,1,0.6121,Grimmsnarl
91240039,/Users/nickzwart/Desktop/Palsystem 2/91240039.json,palsystem,0,1,0.6121,M-Lopunny
91240241,/Users/nickzwart/Desktop/Palsystem 2/91240241.json,palsystem,0,1,0.6121,Grimmsnarl
91248983,/Users/nickzwart/Desktop/Palsystem 2/91248983.json,palsystem,0,1,0.6121,M-Lopunny
91276681,/Users/nickzwart/Desktop/Palsystem 2/91276681.json,palsystem,1,1,0.6121,M-Kangaskhan
91289085,/Users/nickzwart/Desktop/Palsystem 2/91289085.json,palsystem,1,0,0.6121,M-Lucario
91460366,/Users/nickzwart/Desktop/Palsystem 2/91460366.json,palsystem,0,0,0.6121,M-Kangaskhan
91471234,/Users/nickzwart/Desktop/Palsystem 2/91471234.json,palsystem,0,0,0.6121,Ogerpon
91471234,/Users/nickzwart/Desktop/Palsystem 2/91471234.json,flg,1,1,0.6,Ogerpon
91503355,/Users/nickzwart/Desktop/Palsystem 2/91503355.json,palsystem,1,1,0.6121,Grimmsnarl
91513373,/Users/nickzwart/Desktop/Palsystem 2/91513373.json,palsystem,1,0,0.6121,M-Lopunny
91544481,/Users/nickzwart/Desktop/Palsystem 2/91544481.json,palsystem,0,1,0.6121,Ogerpon
91544481,/Users/nickzwart/Desktop/Palsystem 2/91544481.json,goonew,1,0,0.6032,Ogerpon
91545450,/Users/nickzwart/Desktop/Palsystem 2/91545450.json,palsystem,1,0,0.6121,Alakazam
91569263,/Users/nickzwart/Desktop/Palsystem 2/91569263.json,palsystem,0,1,0.6121,M-Lopunny
91319578,/Users/nickzwart/Desktop/Palsystem 2/91319578.json,palsystem,0,1,0.6121,M-Lopunny
91365484,/Users/nickzwart/Desktop/Palsystem 2/91365484.json,palsystem,1,1,0.6121,M-Lopunny
91388266,/Users/nickzwart/Desktop/Palsystem 2/91388266.json,palsystem,0,1,0.6121,M-Lucario
91397002,/Users/nickzwart/Desktop/Palsystem 2/91397002.json,palsystem,0,1,0.6121,M-Lucario
91423346,/Users/nickzwart/Desktop/Palsystem 2/91423346.json,palsystem,1,1,0.6121,Dragapult
91423368,/Users/nickzwart/Desktop/Palsystem 2/91423368.json,palsystem,0,1,0.6121,Dragapult
91442363,/Users/nickzwart/Desktop/Palsystem 2/91442363.json,palsystem,1,1,0.6121,M-Lopunny
91455853,/Users/nickzwart/Desktop/Palsystem 2/91455853.json,palsystem,0,0,0.6121,M-Lopunny
91590301,/Users/nickzwart/Desktop/Palsystem 2/91590301.json,palsystem,1,1,0.6121,Dragapult
91605212,/Users/nickzwart/Desktop/Palsystem 2/91605212.json,palsystem,1,0,0.6121,Dragapult
91608835,/Users/nickzwart/Desktop/Palsystem 2/91608835.json,palsystem,1,0,0.6121,Dragapult
91610462,/Users/nickzwart/Desktop/Palsystem 2/91610462.json,palsystem,1,0,0.6121,M-Kangaskhan
91616124,/Users/nickzwart/Desktop/Palsystem 2/91616124.json,palsystem,0,1,0.6121,M-Kangaskhan
91621647,/Users/nickzwart/Desktop/Palsystem 2/91621647.json,palsystem,1,1,0.6121,Grimmsnarl
91627257,/Users/nickzwart/Desktop/Palsystem 2/91627257.json,palsystem,1,1,0.6121,M-Kangaskhan
91656060,/Users/nickzwart/Desktop/Palsystem 2/91656060.json,tktkyamyam,0,0,0.4793,Ogerpon
91656060,/Users/nickzwart/Desktop/Palsystem 2/91656060.json,palsystem,1,1,0.6121,Ogerpon
91671599,/Users/nickzwart/Desktop/Palsystem 2/91671599.json,palsystem,0,1,0.6121,Grimmsnarl
91695012,/Users/nickzwart/Desktop/Palsystem 2/91695012.json,palsystem,0,1,0.6121,Ogerpon
91695012,/Users/nickzwart/Desktop/Palsystem 2/91695012.json,Marshall Maximizer,1,0,0.6212,Ogerpon
91708929,/Users/nickzwart/Desktop/Palsystem 2/91708929.json,palsystem,1,1,0.6121,M-Kangaskhan
91724674,/Users/nickzwart/Desktop/Palsystem 2/91724674.json,palsystem,0,1,0.6121,M-Lucario
91724725,/Users/nickzwart/Desktop/Palsystem 2/91724725.json,palsystem,1,0,0.6121,M-Lucario
91726505,/Users/nickzwart/Desktop/Palsystem 2/91726505.json,palsystem,1,1,0.6121,Dragapult
91734890,/Users/nickzwart/Desktop/Palsystem 2/91734890.json,palsystem,1,1,0.6121,Dragapult
91153613,/Users/nickzwart/Desktop/8-8-2026/91153613.json,takayosi,1,0,0.3983,Crustle
91153706,/Users/nickzwart/Desktop/8-8-2026/91153706.json,kashiwashira,1,0,0.4848,Grimmsnarl
91154684,/Users/nickzwart/Desktop/8-8-2026/91154684.json,Dipam Chakraborty,0,1,0.7647,Grimmsnarl
91155362,/Users/nickzwart/Desktop/8-8-2026/91155362.json,Luca,0,0,0.623,M-Lopunny
91155505,/Users/nickzwart/Desktop/8-8-2026/91155505.json,takayosi,0,1,0.3983,Grimmsnarl
91155584,/Users/nickzwart/Desktop/8-8-2026/91155584.json,Dipam Chakraborty,0,0,0.7647,Grimmsnarl
91156456,/Users/nickzwart/Desktop/8-8-2026/91156456.json,kashiwashira,0,0,0.4848,Grimmsnarl
91156458,/Users/nickzwart/Desktop/8-8-2026/91156458.json,KouFu,1,1,0.377,Grimmsnarl
91156508,/Users/nickzwart/Desktop/8-8-2026/91156508.json,takayosi,1,1,0.3983,Grimmsnarl
91157108,/Users/nickzwart/Desktop/8-8-2026/91157108.json,Marshall Maximizer,1,0,0.6212,Grimmsnarl
91157109,/Users/nickzwart/Desktop/8-8-2026/91157109.json,Luca,0,1,0.623,Ogerpon
91157133,/Users/nickzwart/Desktop/8-8-2026/91157133.json,Battle Data Base,0,0,0.4216,M-Lopunny
91157176,/Users/nickzwart/Desktop/8-8-2026/91157176.json,Nghia Tran,1,1,0.3415,Dragapult
91157348,/Users/nickzwart/Desktop/8-8-2026/91157348.json,Changyuan Chen,1,0,0.4286,Grimmsnarl
91157364,/Users/nickzwart/Desktop/8-8-2026/91157364.json,Dipam Chakraborty,1,1,0.7647,Grimmsnarl
91158010,/Users/nickzwart/Desktop/8-8-2026/91158010.json,Luca,0,1,0.623,Grimmsnarl
91158018,/Users/nickzwart/Desktop/8-8-2026/91158018.json,Confusion,1,0,0.4588,Dragapult
91158185,/Users/nickzwart/Desktop/8-8-2026/91158185.json,Boss's Orders Are All You Need,0,1,0.5312,Crustle
91158244,/Users/nickzwart/Desktop/8-8-2026/91158244.json,Dipam Chakraborty,0,1,0.7647,Alakazam
91158291,/Users/nickzwart/Desktop/8-8-2026/91158291.json,flg,0,1,0.6,Grimmsnarl
91158955,/Users/nickzwart/Desktop/8-8-2026/91158955.json,Luca,1,0,0.623,M-Lopunny
91159123,/Users/nickzwart/Desktop/8-8-2026/91159123.json,Dipam Chakraborty,1,1,0.7647,M-Kangaskhan
91159774,/Users/nickzwart/Desktop/8-8-2026/91159774.json,Luca,0,1,0.623,Alakazam
91159831,/Users/nickzwart/Desktop/8-8-2026/91159831.json,__Taichicchi__,1,1,0.6154,Grimmsnarl
91159836,/Users/nickzwart/Desktop/8-8-2026/91159836.json,tktkyamyam,0,1,0.4793,Alakazam
91160665,/Users/nickzwart/Desktop/8-8-2026/91160665.json,Luca,0,1,0.623,Grimmsnarl
91160769,/Users/nickzwart/Desktop/8-8-2026/91160769.json,__Taichicchi__,0,1,0.6154,Grimmsnarl
91161551,/Users/nickzwart/Desktop/8-8-2026/91161551.json,__Taichicchi__,1,1,0.6154,M-Kangaskhan
91161597,/Users/nickzwart/Desktop/8-8-2026/91161597.json,yuki0202,0,0,0.4483,M-Lopunny
91161444,/Users/nickzwart/Desktop/8-8-2026/91161444.json,KouFu,0,0,0.377,Alakazam
91161506,/Users/nickzwart/Desktop/8-8-2026/91161506.json,Luca,1,1,0.623,Grimmsnarl
91162387,/Users/nickzwart/Desktop/8-8-2026/91162387.json,Luca,1,1,0.623,Grimmsnarl
91162431,/Users/nickzwart/Desktop/8-8-2026/91162431.json,__Taichicchi__,1,1,0.6154,Grimmsnarl
91163339,/Users/nickzwart/Desktop/8-8-2026/91163339.json,__Taichicchi__,1,1,0.6154,Grimmsnarl
91163362,/Users/nickzwart/Desktop/8-8-2026/91163362.json,Nghia Tran,0,0,0.3415,M-Lopunny
91162561,/Users/nickzwart/Desktop/8-8-2026/91162561.json,yuki0202,1,0,0.4483,Grimmsnarl
91163281,/Users/nickzwart/Desktop/8-8-2026/91163281.json,flg,0,0,0.6,Ogerpon
91163281,/Users/nickzwart/Desktop/8-8-2026/91163281.json,Luca,1,1,0.623,Ogerpon
91164217,/Users/nickzwart/Desktop/8-8-2026/91164217.json,__Taichicchi__,0,1,0.6154,M-Lucario
91164319,/Users/nickzwart/Desktop/8-8-2026/91164319.json,__Taichicchi__,0,1,0.6154,other
91164159,/Users/nickzwart/Desktop/8-8-2026/91164159.json,Luca,1,1,0.623,Alakazam
91164959,/Users/nickzwart/Desktop/8-8-2026/91164959.json,Confusion,0,0,0.4588,M-Lucario
91165048,/Users/nickzwart/Desktop/8-8-2026/91165048.json,Luca,1,0,0.623,M-Lucario
91165102,/Users/nickzwart/Desktop/8-8-2026/91165102.json,__Taichicchi__,0,0,0.6154,Hydrapple
91165925,/Users/nickzwart/Desktop/8-8-2026/91165925.json,Luca,1,0,0.623,M-Kangaskhan
91165979,/Users/nickzwart/Desktop/8-8-2026/91165979.json,__Taichicchi__,1,0,0.6154,Grimmsnarl
91166081,/Users/nickzwart/Desktop/8-8-2026/91166081.json,takayosi,0,1,0.3983,Grimmsnarl
91166762,/Users/nickzwart/Desktop/8-8-2026/91166762.json,Luca,0,1,0.623,Grimmsnarl
91166793,/Users/nickzwart/Desktop/8-8-2026/91166793.json,Luca,0,1,0.623,Alakazam
91166859,/Users/nickzwart/Desktop/8-8-2026/91166859.json,__Taichicchi__,1,0,0.6154,Grimmsnarl
91166896,/Users/nickzwart/Desktop/8-8-2026/91166896.json,palsystem,1,1,0.6121,M-Lopunny
91167671,/Users/nickzwart/Desktop/8-8-2026/91167671.json,takayosi,1,1,0.3983,Grimmsnarl
91167689,/Users/nickzwart/Desktop/8-8-2026/91167689.json,__Taichicchi__,1,0,0.6154,Dragapult
91167892,/Users/nickzwart/Desktop/8-8-2026/91167892.json,flg,0,1,0.6,Alakazam
91167945,/Users/nickzwart/Desktop/8-8-2026/91167945.json,Luca,1,1,0.623,Grimmsnarl
91168631,/Users/nickzwart/Desktop/8-8-2026/91168631.json,__Taichicchi__,0,1,0.6154,Grimmsnarl
91170222,/Users/nickzwart/Desktop/8-8-2026/91170222.json,PokeBot,1,1,0.4545,Grimmsnarl
91168817,/Users/nickzwart/Desktop/8-8-2026/91168817.json,tktkyamyam,0,1,0.4793,Grimmsnarl
91169453,/Users/nickzwart/Desktop/8-8-2026/91169453.json,Luca,1,0,0.623,Alakazam
91169484,/Users/nickzwart/Desktop/8-8-2026/91169484.json,__Taichicchi__,0,0,0.6154,Dragapult
91169580,/Users/nickzwart/Desktop/8-8-2026/91169580.json,flg,0,1,0.6,Alakazam
91170237,/Users/nickzwart/Desktop/8-8-2026/91170237.json,Changyuan Chen,0,1,0.4286,Grimmsnarl
91170377,/Users/nickzwart/Desktop/8-8-2026/91170377.json,__Taichicchi__,0,1,0.6154,Hydrapple
91171119,/Users/nickzwart/Desktop/8-8-2026/91171119.json,PokeBot,0,0,0.4545,M-Lopunny
91171152,/Users/nickzwart/Desktop/8-8-2026/91171152.json,takayosi,0,1,0.3983,Dragapult
91171214,/Users/nickzwart/Desktop/8-8-2026/91171214.json,Luca,1,1,0.623,M-Kangaskhan
91171263,/Users/nickzwart/Desktop/8-8-2026/91171263.json,__Taichicchi__,1,1,0.6154,Grimmsnarl
91172086,/Users/nickzwart/Desktop/8-8-2026/91172086.json,Luca,1,0,0.623,M-Kangaskhan
91171990,/Users/nickzwart/Desktop/8-8-2026/91171990.json,takayosi,0,0,0.3983,Grimmsnarl
91171991,/Users/nickzwart/Desktop/8-8-2026/91171991.json,PokeBot,0,1,0.4545,Grimmsnarl
91172135,/Users/nickzwart/Desktop/8-8-2026/91172135.json,__Taichicchi__,1,0,0.6154,Grimmsnarl
91172967,/Users/nickzwart/Desktop/8-8-2026/91172967.json,takayosi,1,0,0.3983,Dragapult
91172973,/Users/nickzwart/Desktop/8-8-2026/91172973.json,KouFu,0,0,0.377,Dragapult
91173022,/Users/nickzwart/Desktop/8-8-2026/91173022.json,takayosi,1,0,0.3983,Alakazam
91172875,/Users/nickzwart/Desktop/8-8-2026/91172875.json,PokeBot,0,0,0.4545,Ogerpon
91172875,/Users/nickzwart/Desktop/8-8-2026/91172875.json,takayosi,1,1,0.3983,Ogerpon
91172964,/Users/nickzwart/Desktop/8-8-2026/91172964.json,Luca,1,0,0.623,M-Lopunny
91173898,/Users/nickzwart/Desktop/8-8-2026/91173898.json,Dipam Chakraborty,0,1,0.7647,Ogerpon
91173898,/Users/nickzwart/Desktop/8-8-2026/91173898.json,__Taichicchi__,1,0,0.6154,Ogerpon
91174613,/Users/nickzwart/Desktop/8-8-2026/91174613.json,Nghia Tran,1,1,0.3415,M-Kangaskhan
91174651,/Users/nickzwart/Desktop/8-8-2026/91174651.json,PokeBot,1,1,0.4545,Grimmsnarl
91174701,/Users/nickzwart/Desktop/8-8-2026/91174701.json,llkarill,1,1,0.4773,Grimmsnarl
91174736,/Users/nickzwart/Desktop/8-8-2026/91174736.json,Luca,1,1,0.623,Grimmsnarl
91174778,/Users/nickzwart/Desktop/8-8-2026/91174778.json,__Taichicchi__,0,0,0.6154,Dragapult
91174817,/Users/nickzwart/Desktop/8-8-2026/91174817.json,llkarill,0,0,0.4773,M-Lopunny
91174830,/Users/nickzwart/Desktop/8-8-2026/91174830.json,takayosi,1,0,0.3983,M-Lopunny
91175518,/Users/nickzwart/Desktop/8-8-2026/91175518.json,PokeBot,0,1,0.4545,Grimmsnarl
91175625,/Users/nickzwart/Desktop/8-8-2026/91175625.json,Luca,0,0,0.623,Hydrapple
91175661,/Users/nickzwart/Desktop/8-8-2026/91175661.json,__Taichicchi__,1,1,0.6154,Grimmsnarl
91176381,/Users/nickzwart/Desktop/8-8-2026/91176381.json,MissingNo.,0,1,0.6364,Hydrapple
91176396,/Users/nickzwart/Desktop/8-8-2026/91176396.json,takayosi,0,0,0.3983,M-Kangaskhan
91176437,/Users/nickzwart/Desktop/8-8-2026/91176437.json,tktkyamyam,1,0,0.4793,M-Kangaskhan
91176512,/Users/nickzwart/Desktop/8-8-2026/91176512.json,Battle Data Base,1,0,0.4216,Dragapult
91176514,/Users/nickzwart/Desktop/8-8-2026/91176514.json,Luca,1,0,0.623,M-Lopunny
91176571,/Users/nickzwart/Desktop/8-8-2026/91176571.json,__Taichicchi__,0,0,0.6154,M-Froslass
91177290,/Users/nickzwart/Desktop/8-8-2026/91177290.json,PokeBot,1,0,0.4545,Garchomp
91177384,/Users/nickzwart/Desktop/8-8-2026/91177384.json,Luca,1,1,0.623,M-Lopunny
91177408,/Users/nickzwart/Desktop/8-8-2026/91177408.json,tktkyamyam,1,1,0.4793,Grimmsnarl
91178113,/Users/nickzwart/Desktop/8-8-2026/91178113.json,Nghia Tran,0,0,0.3415,Alakazam
91177427,/Users/nickzwart/Desktop/8-8-2026/91177427.json,__Taichicchi__,1,1,0.6154,M-Kangaskhan
91178217,/Users/nickzwart/Desktop/8-8-2026/91178217.json,PokeBot,0,0,0.4545,Grimmsnarl
91178248,/Users/nickzwart/Desktop/8-8-2026/91178248.json,Luca,0,0,0.623,Alakazam
91178291,/Users/nickzwart/Desktop/8-8-2026/91178291.json,__Taichicchi__,0,0,0.6154,Alakazam
91178332,/Users/nickzwart/Desktop/8-8-2026/91178332.json,yuki0202,1,0,0.4483,Alakazam
91179325,/Users/nickzwart/Desktop/8-8-2026/91179325.json,Saber,0,0,0.52,Grimmsnarl
91179171,/Users/nickzwart/Desktop/8-8-2026/91179171.json,Luca,0,0,0.623,Ogerpon
91179171,/Users/nickzwart/Desktop/8-8-2026/91179171.json,Dipam Chakraborty,1,1,0.7647,Ogerpon
91179225,/Users/nickzwart/Desktop/8-8-2026/91179225.json,__Taichicchi__,1,1,0.6154,Grimmsnarl
91179961,/Users/nickzwart/Desktop/8-8-2026/91179961.json,KouFu,0,0,0.377,M-Kangaskhan
91179975,/Users/nickzwart/Desktop/8-8-2026/91179975.json,PokeBot,0,0,0.4545,M-Lopunny
91179987,/Users/nickzwart/Desktop/8-8-2026/91179987.json,tktkyamyam,0,0,0.4793,M-Lopunny
91180047,/Users/nickzwart/Desktop/8-8-2026/91180047.json,Luca,0,1,0.623,Alakazam
91180100,/Users/nickzwart/Desktop/8-8-2026/91180100.json,__Taichicchi__,1,1,0.6154,Garchomp
91180868,/Users/nickzwart/Desktop/8-8-2026/91180868.json,PokeBot,0,0,0.4545,Ogerpon
91180868,/Users/nickzwart/Desktop/8-8-2026/91180868.json,Nghia Tran,1,1,0.3415,Ogerpon
91180886,/Users/nickzwart/Desktop/8-8-2026/91180886.json,Battle Data Base,0,1,0.4216,Grimmsnarl
91180894,/Users/nickzwart/Desktop/8-8-2026/91180894.json,Battle Data Base,0,1,0.4216,M-Kangaskhan
91180952,/Users/nickzwart/Desktop/8-8-2026/91180952.json,Luca,1,1,0.623,Dragapult
91181751,/Users/nickzwart/Desktop/8-8-2026/91181751.json,tktkyamyam,0,0,0.4793,Dragapult
91181781,/Users/nickzwart/Desktop/8-8-2026/91181781.json,Nghia Tran,0,0,0.3415,M-Lopunny
91181787,/Users/nickzwart/Desktop/8-8-2026/91181787.json,flg,0,1,0.6,Grimmsnarl
91181884,/Users/nickzwart/Desktop/8-8-2026/91181884.json,__Taichicchi__,1,0,0.6154,M-Kangaskhan
91181936,/Users/nickzwart/Desktop/8-8-2026/91181936.json,tktkyamyam,0,0,0.4793,Garchomp
91182694,/Users/nickzwart/Desktop/8-8-2026/91182694.json,NIWATORI,1,1,0.619,Grimmsnarl
91182737,/Users/nickzwart/Desktop/8-8-2026/91182737.json,Luca,1,1,0.623,Grimmsnarl
91182776,/Users/nickzwart/Desktop/8-8-2026/91182776.json,__Taichicchi__,0,1,0.6154,Ogerpon
91182776,/Users/nickzwart/Desktop/8-8-2026/91182776.json,Changyuan Chen,1,0,0.4286,Ogerpon
91181841,/Users/nickzwart/Desktop/8-8-2026/91181841.json,Luca,0,1,0.623,Dragapult
91181853,/Users/nickzwart/Desktop/8-8-2026/91181853.json,Changyuan Chen,1,0,0.4286,Grimmsnarl
91181860,/Users/nickzwart/Desktop/8-8-2026/91181860.json,Luca,1,0,0.623,Dragapult
91183530,/Users/nickzwart/Desktop/8-8-2026/91183530.json,Luca,1,0,0.623,Grimmsnarl
91183550,/Users/nickzwart/Desktop/8-8-2026/91183550.json,__Taichicchi__,1,1,0.6154,Grimmsnarl
91184414,/Users/nickzwart/Desktop/8-8-2026/91184414.json,PokeBot,0,1,0.4545,Grimmsnarl
91184513,/Users/nickzwart/Desktop/8-8-2026/91184513.json,Luca,0,1,0.623,Grimmsnarl
91184531,/Users/nickzwart/Desktop/8-8-2026/91184531.json,__Taichicchi__,0,1,0.6154,Garchomp
91186194,/Users/nickzwart/Desktop/8-8-2026/91186194.json,tktkyamyam,1,1,0.4793,Grimmsnarl
91185398,/Users/nickzwart/Desktop/8-8-2026/91185398.json,Luca,1,0,0.623,Alakazam
91185411,/Users/nickzwart/Desktop/8-8-2026/91185411.json,takayosi,0,0,0.3983,Ogerpon
91185411,/Users/nickzwart/Desktop/8-8-2026/91185411.json,__Taichicchi__,1,1,0.6154,Ogerpon
91186297,/Users/nickzwart/Desktop/8-8-2026/91186297.json,__Taichicchi__,1,0,0.6154,Alakazam
91186298,/Users/nickzwart/Desktop/8-8-2026/91186298.json,Luca,0,1,0.623,M-Lopunny
91187139,/Users/nickzwart/Desktop/8-8-2026/91187139.json,Luca,0,1,0.623,M-Kangaskhan
91187155,/Users/nickzwart/Desktop/8-8-2026/91187155.json,MissingNo.,1,0,0.6364,Dragapult
91187166,/Users/nickzwart/Desktop/8-8-2026/91187166.json,Dipam Chakraborty,0,1,0.7647,Grimmsnarl
91187181,/Users/nickzwart/Desktop/8-8-2026/91187181.json,__Taichicchi__,0,0,0.6154,Grimmsnarl
91187986,/Users/nickzwart/Desktop/8-8-2026/91187986.json,Dipam Chakraborty,0,1,0.7647,Grimmsnarl
91188023,/Users/nickzwart/Desktop/8-8-2026/91188023.json,llkarill,1,0,0.4773,Grimmsnarl
91188053,/Users/nickzwart/Desktop/8-8-2026/91188053.json,Luca,1,0,0.623,Alakazam
91188066,/Users/nickzwart/Desktop/8-8-2026/91188066.json,__Taichicchi__,0,0,0.6154,Crustle
91188903,/Users/nickzwart/Desktop/8-8-2026/91188903.json,takayosi,1,1,0.3983,Grimmsnarl
91188934,/Users/nickzwart/Desktop/8-8-2026/91188934.json,Luca,0,1,0.623,Grimmsnarl
91188942,/Users/nickzwart/Desktop/8-8-2026/91188942.json,__Taichicchi__,0,1,0.6154,Ogerpon
91188942,/Users/nickzwart/Desktop/8-8-2026/91188942.json,takayosi,1,0,0.3983,Ogerpon
91189674,/Users/nickzwart/Desktop/8-8-2026/91189674.json,takayosi,1,0,0.3983,Dragapult
91189718,/Users/nickzwart/Desktop/8-8-2026/91189718.json,Luca,0,1,0.623,Grimmsnarl
91189745,/Users/nickzwart/Desktop/8-8-2026/91189745.json,Luca,0,1,0.623,Grimmsnarl
91189785,/Users/nickzwart/Desktop/8-8-2026/91189785.json,Dipam Chakraborty,1,0,0.7647,Dragapult
91189810,/Users/nickzwart/Desktop/8-8-2026/91189810.json,Luca,0,1,0.623,M-Kangaskhan
91190676,/Users/nickzwart/Desktop/8-8-2026/91190676.json,flg,1,1,0.6,Grimmsnarl
91192344,/Users/nickzwart/Desktop/8-8-2026/91192344.json,palsystem,1,0,0.6121,Hydrapple
91192373,/Users/nickzwart/Desktop/8-8-2026/91192373.json,__Taichicchi__,1,1,0.6154,Grimmsnarl
91192382,/Users/nickzwart/Desktop/8-8-2026/91192382.json,tktkyamyam,0,1,0.4793,Grimmsnarl
91192402,/Users/nickzwart/Desktop/8-8-2026/91192402.json,yuki0202,0,1,0.4483,Grimmsnarl
91193208,/Users/nickzwart/Desktop/8-8-2026/91193208.json,Saber,1,0,0.52,M-Lucario
91193220,/Users/nickzwart/Desktop/8-8-2026/91193220.json,Yan,0,0,0.3125,Alakazam
91193264,/Users/nickzwart/Desktop/8-8-2026/91193264.json,Battle Data Base,0,1,0.4216,Crustle
91194238,/Users/nickzwart/Desktop/8-8-2026/91194238.json,Dipam Chakraborty,1,1,0.7647,Grimmsnarl
91194866,/Users/nickzwart/Desktop/8-8-2026/91194866.json,タニシ,1,1,0.4643,Grimmsnarl
91193336,/Users/nickzwart/Desktop/8-8-2026/91193336.json,Nghia Tran,1,0,0.3415,Dragapult
91195952,/Users/nickzwart/Desktop/8-8-2026/91195952.json,llkarill,1,1,0.4773,M-Lopunny
91196036,/Users/nickzwart/Desktop/8-8-2026/91196036.json,Nghia Tran,1,0,0.3415,Alakazam
91196045,/Users/nickzwart/Desktop/8-8-2026/91196045.json,Confusion,1,0,0.4588,M-Kangaskhan
91196052,/Users/nickzwart/Desktop/8-8-2026/91196052.json,Luca,0,0,0.623,Ogerpon
91196052,/Users/nickzwart/Desktop/8-8-2026/91196052.json,Dipam Chakraborty,1,1,0.7647,Ogerpon
91194979,/Users/nickzwart/Desktop/8-8-2026/91194979.json,Nghia Tran,1,0,0.3415,Dragapult
91195043,/Users/nickzwart/Desktop/8-8-2026/91195043.json,Battle Data Base,0,1,0.4216,Grimmsnarl
91196588,/Users/nickzwart/Desktop/8-8-2026/91196588.json,kashiwashira,1,1,0.4848,Grimmsnarl
91197489,/Users/nickzwart/Desktop/8-8-2026/91197489.json,kashiwashira,1,1,0.4848,M-Kangaskhan
91198378,/Users/nickzwart/Desktop/8-8-2026/91198378.json,kashiwashira,1,1,0.4848,Alakazam
91199264,/Users/nickzwart/Desktop/8-8-2026/91199264.json,kashiwashira,0,1,0.4848,Alakazam
91199517,/Users/nickzwart/Desktop/8-8-2026/91199517.json,tktkyamyam,0,1,0.4793,Grimmsnarl
91200101,/Users/nickzwart/Desktop/8-8-2026/91200101.json,Nghia Tran,1,0,0.3415,Alakazam
91200141,/Users/nickzwart/Desktop/8-8-2026/91200141.json,kashiwashira,0,0,0.4848,Crustle
91200987,/Users/nickzwart/Desktop/8-8-2026/91200987.json,flg,0,0,0.6,Grimmsnarl
91201033,/Users/nickzwart/Desktop/8-8-2026/91201033.json,kashiwashira,1,1,0.4848,Grimmsnarl
91201921,/Users/nickzwart/Desktop/8-8-2026/91201921.json,kashiwashira,0,0,0.4848,Alakazam
91203059,/Users/nickzwart/Desktop/8-8-2026/91203059.json,Battle Data Base,0,1,0.4216,Hydrapple
91202795,/Users/nickzwart/Desktop/8-8-2026/91202795.json,kashiwashira,0,1,0.4848,M-Kangaskhan
91204573,/Users/nickzwart/Desktop/8-8-2026/91204573.json,kashiwashira,0,0,0.4848,Ogerpon
91204573,/Users/nickzwart/Desktop/8-8-2026/91204573.json,Nghia Tran,1,1,0.3415,Ogerpon
91203700,/Users/nickzwart/Desktop/8-8-2026/91203700.json,kashiwashira,0,1,0.4848,Dragapult
91203730,/Users/nickzwart/Desktop/8-8-2026/91203730.json,takayosi,1,0,0.3983,Alakazam
91205472,/Users/nickzwart/Desktop/8-8-2026/91205472.json,kashiwashira,1,1,0.4848,M-Lopunny
91205736,/Users/nickzwart/Desktop/8-8-2026/91205736.json,Luca,1,0,0.623,M-Lopunny
91206356,/Users/nickzwart/Desktop/8-8-2026/91206356.json,kashiwashira,0,1,0.4848,Alakazam
91206435,/Users/nickzwart/Desktop/8-8-2026/91206435.json,Battle Data Base,0,0,0.4216,Hydrapple
91206577,/Users/nickzwart/Desktop/8-8-2026/91206577.json,kashiwashira,1,0,0.4848,M-Kangaskhan
91207159,/Users/nickzwart/Desktop/8-8-2026/91207159.json,takayosi,1,0,0.3983,Hydrapple
91207214,/Users/nickzwart/Desktop/8-8-2026/91207214.json,Confusion,1,1,0.4588,Grimmsnarl
91207416,/Users/nickzwart/Desktop/8-8-2026/91207416.json,Confusion,0,0,0.4588,Alakazam
91208126,/Users/nickzwart/Desktop/8-8-2026/91208126.json,yuki0202,1,0,0.4483,Grimmsnarl
91208159,/Users/nickzwart/Desktop/8-8-2026/91208159.json,kashiwashira,0,0,0.4848,Ogerpon
91208159,/Users/nickzwart/Desktop/8-8-2026/91208159.json,Battle Data Base,1,1,0.4216,Ogerpon
91209119,/Users/nickzwart/Desktop/8-8-2026/91209119.json,kashiwashira,0,0,0.4848,Grimmsnarl
91208367,/Users/nickzwart/Desktop/8-8-2026/91208367.json,flg,0,1,0.6,M-Kangaskhan
91208397,/Users/nickzwart/Desktop/8-8-2026/91208397.json,yuki0202,0,0,0.4483,Grimmsnarl
91209295,/Users/nickzwart/Desktop/8-8-2026/91209295.json,takayosi,1,0,0.3983,Alakazam
91209848,/Users/nickzwart/Desktop/8-8-2026/91209848.json,__Taichicchi__,0,1,0.6154,Dragapult
91210778,/Users/nickzwart/Desktop/8-8-2026/91210778.json,kashiwashira,1,1,0.4848,Grimmsnarl
91210838,/Users/nickzwart/Desktop/8-8-2026/91210838.json,kashiwashira,0,0,0.4848,Alakazam
91210969,/Users/nickzwart/Desktop/8-8-2026/91210969.json,Battle Data Base,0,0,0.4216,Dragapult
91209947,/Users/nickzwart/Desktop/8-8-2026/91209947.json,kashiwashira,0,0,0.4848,M-Lucario
91211749,/Users/nickzwart/Desktop/8-8-2026/91211749.json,kashiwashira,0,1,0.4848,Garchomp
91212519,/Users/nickzwart/Desktop/8-8-2026/91212519.json,Dipam Chakraborty,0,1,0.7647,Hydrapple
91213426,/Users/nickzwart/Desktop/8-8-2026/91213426.json,tktkyamyam,0,0,0.4793,Dragapult
91213455,/Users/nickzwart/Desktop/8-8-2026/91213455.json,Nghia Tran,1,0,0.3415,M-Kangaskhan
91213517,/Users/nickzwart/Desktop/8-8-2026/91213517.json,yuki0202,0,1,0.4483,Ogerpon
91213517,/Users/nickzwart/Desktop/8-8-2026/91213517.json,Nghia Tran,1,0,0.3415,Ogerpon
91214388,/Users/nickzwart/Desktop/8-8-2026/91214388.json,KouFu,1,0,0.377,Alakazam
91214413,/Users/nickzwart/Desktop/8-8-2026/91214413.json,kashiwashira,0,0,0.4848,Ogerpon
91214413,/Users/nickzwart/Desktop/8-8-2026/91214413.json,tktkyamyam,1,1,0.4793,Ogerpon
91214424,/Users/nickzwart/Desktop/8-8-2026/91214424.json,Confusion,0,1,0.4588,Dragapult
91213523,/Users/nickzwart/Desktop/8-8-2026/91213523.json,kashiwashira,0,1,0.4848,Ogerpon
91215447,/Users/nickzwart/Desktop/8-8-2026/91215447.json,MissingNo.,0,0,0.6364,Alakazam
91216047,/Users/nickzwart/Desktop/8-8-2026/91216047.json,yuki0202,0,1,0.4483,other
91216939,/Users/nickzwart/Desktop/8-8-2026/91216939.json,yuki0202,1,0,0.4483,Grimmsnarl
91217069,/Users/nickzwart/Desktop/8-8-2026/91217069.json,Nghia Tran,1,0,0.3415,Dudunsparce
91216199,/Users/nickzwart/Desktop/8-8-2026/91216199.json,tktkyamyam,0,0,0.4793,Alakazam
91216217,/Users/nickzwart/Desktop/8-8-2026/91216217.json,kashiwashira,0,1,0.4848,Grimmsnarl
91217263,/Users/nickzwart/Desktop/8-8-2026/91217263.json,__Taichicchi__,1,0,0.6154,Grimmsnarl
91217822,/Users/nickzwart/Desktop/8-8-2026/91217822.json,flg,0,0,0.6,Grimmsnarl
91217827,/Users/nickzwart/Desktop/8-8-2026/91217827.json,yuki0202,1,1,0.4483,M-Kangaskhan
91217914,/Users/nickzwart/Desktop/8-8-2026/91217914.json,tktkyamyam,0,0,0.4793,Grimmsnarl
91217969,/Users/nickzwart/Desktop/8-8-2026/91217969.json,kashiwashira,0,0,0.4848,Alakazam
91219015,/Users/nickzwart/Desktop/8-8-2026/91219015.json,Luca,0,0,0.623,Alakazam
91218738,/Users/nickzwart/Desktop/8-8-2026/91218738.json,yuki0202,0,0,0.4483,Ogerpon
91218738,/Users/nickzwart/Desktop/8-8-2026/91218738.json,tw_shin,1,1,0.5,Ogerpon
91219568,/Users/nickzwart/Desktop/8-8-2026/91219568.json,yuki0202,1,0,0.4483,M-Lopunny
91219606,/Users/nickzwart/Desktop/8-8-2026/91219606.json,Dipam Chakraborty,0,1,0.7647,Grimmsnarl
91219623,/Users/nickzwart/Desktop/8-8-2026/91219623.json,Saber,1,0,0.52,other
91220745,/Users/nickzwart/Desktop/8-8-2026/91220745.json,Luca,0,0,0.623,M-Lopunny
91220797,/Users/nickzwart/Desktop/8-8-2026/91220797.json,Dipam Chakraborty,1,1,0.7647,Grimmsnarl
91221672,/Users/nickzwart/Desktop/8-8-2026/91221672.json,KouFu,0,0,0.377,Dragapult
91220489,/Users/nickzwart/Desktop/8-8-2026/91220489.json,Luca,1,1,0.623,Grimmsnarl
91221422,/Users/nickzwart/Desktop/8-8-2026/91221422.json,tktkyamyam,0,0,0.4793,M-Lucario
91221582,/Users/nickzwart/Desktop/8-8-2026/91221582.json,palsystem,0,0,0.6121,M-Lopunny
91222364,/Users/nickzwart/Desktop/8-8-2026/91222364.json,tw_shin,1,0,0.5,Hydrapple
91224119,/Users/nickzwart/Desktop/8-8-2026/91224119.json,Nghia Tran + ketchum alt,1,1,0.3333,Grimmsnarl
91224992,/Users/nickzwart/Desktop/8-8-2026/91224992.json,Confusion,1,1,0.4588,Grimmsnarl
91225021,/Users/nickzwart/Desktop/8-8-2026/91225021.json,__Taichicchi__,0,1,0.6154,Grimmsnarl
91225084,/Users/nickzwart/Desktop/8-8-2026/91225084.json,takayosi,0,1,0.3983,Grimmsnarl
91223140,/Users/nickzwart/Desktop/8-8-2026/91223140.json,__Taichicchi__,1,1,0.6154,Grimmsnarl
91227583,/Users/nickzwart/Desktop/8-8-2026/91227583.json,Battle Data Base,0,0,0.4216,M-Lopunny
91227595,/Users/nickzwart/Desktop/8-8-2026/91227595.json,tktkyamyam,1,0,0.4793,M-Lopunny
91227652,/Users/nickzwart/Desktop/8-8-2026/91227652.json,takayosi,1,0,0.3983,Dragapult
91230185,/Users/nickzwart/Desktop/8-8-2026/91230185.json,タニシ,1,0,0.4643,Alakazam
91229381,/Users/nickzwart/Desktop/8-8-2026/91229381.json,__Taichicchi__,1,1,0.6154,M-Kangaskhan
91230329,/Users/nickzwart/Desktop/8-8-2026/91230329.json,yuki0202,1,0,0.4483,M-Lucario
91231988,/Users/nickzwart/Desktop/8-8-2026/91231988.json,タニシ,1,0,0.4643,Grimmsnarl
91233005,/Users/nickzwart/Desktop/8-8-2026/91233005.json,yuki0202,0,0,0.4483,Grimmsnarl
91233101,/Users/nickzwart/Desktop/8-8-2026/91233101.json,flg,0,1,0.6,Grimmsnarl
91233913,/Users/nickzwart/Desktop/8-8-2026/91233913.json,KouFu,1,0,0.377,Dragapult
91233984,/Users/nickzwart/Desktop/8-8-2026/91233984.json,tktkyamyam,1,1,0.4793,Grimmsnarl
91234040,/Users/nickzwart/Desktop/8-8-2026/91234040.json,yuki0202,1,1,0.4483,Grimmsnarl
91236565,/Users/nickzwart/Desktop/8-8-2026/91236565.json,yuki0202,0,1,0.4483,Grimmsnarl
91236581,/Users/nickzwart/Desktop/8-8-2026/91236581.json,tktkyamyam,0,1,0.4793,Grimmsnarl
91237267,/Users/nickzwart/Desktop/8-8-2026/91237267.json,Luca,0,1,0.623,Alakazam
91237363,/Users/nickzwart/Desktop/8-8-2026/91237363.json,Luca,1,1,0.623,M-Lopunny
91237443,/Users/nickzwart/Desktop/8-8-2026/91237443.json,yuki0202,0,0,0.4483,M-Lopunny
91234773,/Users/nickzwart/Desktop/8-8-2026/91234773.json,Nghia Tran + ketchum alt,0,0,0.3333,Ogerpon
91234773,/Users/nickzwart/Desktop/8-8-2026/91234773.json,yuki0202,1,1,0.4483,Ogerpon
91235782,/Users/nickzwart/Desktop/8-8-2026/91235782.json,llkarill,0,0,0.4773,M-Kangaskhan
91239149,/Users/nickzwart/Desktop/8-8-2026/91239149.json,tktkyamyam,0,0,0.4793,M-Lopunny
91239226,/Users/nickzwart/Desktop/8-8-2026/91239226.json,yuki0202,1,1,0.4483,M-Kangaskhan
91241911,/Users/nickzwart/Desktop/8-8-2026/91241911.json,Nghia Tran + ketchum alt,1,1,0.3333,Grimmsnarl
91242601,/Users/nickzwart/Desktop/8-8-2026/91242601.json,tktkyamyam,1,0,0.4793,Alakazam
91242614,/Users/nickzwart/Desktop/8-8-2026/91242614.json,takayosi,0,0,0.3983,M-Kangaskhan
91242681,/Users/nickzwart/Desktop/8-8-2026/91242681.json,Confusion,1,1,0.4588,Alakazam
91243529,/Users/nickzwart/Desktop/8-8-2026/91243529.json,llkarill,1,0,0.4773,Alakazam
91243576,/Users/nickzwart/Desktop/8-8-2026/91243576.json,タニシ,1,1,0.4643,Grimmsnarl
91243682,/Users/nickzwart/Desktop/8-8-2026/91243682.json,KouFu,1,0,0.377,M-Lopunny
91244460,/Users/nickzwart/Desktop/8-8-2026/91244460.json,タニシ,0,0,0.4643,M-Kangaskhan
91244565,/Users/nickzwart/Desktop/8-8-2026/91244565.json,yuki0202,1,0,0.4483,Dragapult
91245388,/Users/nickzwart/Desktop/8-8-2026/91245388.json,タニシ,0,1,0.4643,M-Kangaskhan
91246231,/Users/nickzwart/Desktop/8-8-2026/91246231.json,__Taichicchi__,0,0,0.6154,Alakazam
91246279,/Users/nickzwart/Desktop/8-8-2026/91246279.json,タニシ,0,0,0.4643,M-Lopunny
91247047,/Users/nickzwart/Desktop/8-8-2026/91247047.json,llkarill,0,0,0.4773,Alakazam
91247096,/Users/nickzwart/Desktop/8-8-2026/91247096.json,Changyuan Chen,0,1,0.4286,Grimmsnarl
91249036,/Users/nickzwart/Desktop/8-8-2026/91249036.json,Changyuan Chen,1,1,0.4286,Grimmsnarl
91249993,/Users/nickzwart/Desktop/8-8-2026/91249993.json,takayosi,1,1,0.3983,Grimmsnarl
91250603,/Users/nickzwart/Desktop/8-8-2026/91250603.json,guruguru000,0,1,0.4615,Grimmsnarl
91251579,/Users/nickzwart/Desktop/8-8-2026/91251579.json,guruguru000,1,1,0.4615,Grimmsnarl
91251793,/Users/nickzwart/Desktop/8-8-2026/91251793.json,__Taichicchi__,0,0,0.6154,Ogerpon
91251793,/Users/nickzwart/Desktop/8-8-2026/91251793.json,MissingNo.,1,1,0.6364,Ogerpon
91252402,/Users/nickzwart/Desktop/8-8-2026/91252402.json,guruguru000,1,1,0.4615,M-Kangaskhan
91253360,/Users/nickzwart/Desktop/8-8-2026/91253360.json,takayosi,1,0,0.3983,Alakazam
91253308,/Users/nickzwart/Desktop/8-8-2026/91253308.json,guruguru000,0,1,0.4615,Ogerpon
91253308,/Users/nickzwart/Desktop/8-8-2026/91253308.json,Nghia Tran + ketchum alt,1,0,0.3333,Ogerpon
91254187,/Users/nickzwart/Desktop/8-8-2026/91254187.json,guruguru000,1,0,0.4615,Dragapult
91254395,/Users/nickzwart/Desktop/8-8-2026/91254395.json,tktkyamyam,1,0,0.4793,Dragapult
91255020,/Users/nickzwart/Desktop/8-8-2026/91255020.json,llkarill,0,1,0.4773,Alakazam
91255069,/Users/nickzwart/Desktop/8-8-2026/91255069.json,guruguru000,1,1,0.4615,Grimmsnarl
91255963,/Users/nickzwart/Desktop/8-8-2026/91255963.json,kashiwashira,0,1,0.4848,other
91255968,/Users/nickzwart/Desktop/8-8-2026/91255968.json,guruguru000,0,0,0.4615,Ogerpon
91255968,/Users/nickzwart/Desktop/8-8-2026/91255968.json,Battle Data Base,1,1,0.4216,Ogerpon
91255285,/Users/nickzwart/Desktop/8-8-2026/91255285.json,Saber,1,0,0.52,Alakazam
91256855,/Users/nickzwart/Desktop/8-8-2026/91256855.json,kashiwashira,1,1,0.4848,Alakazam
91257648,/Users/nickzwart/Desktop/8-8-2026/91257648.json,Battle Data Base,0,0,0.4216,other
91257730,/Users/nickzwart/Desktop/8-8-2026/91257730.json,kashiwashira,0,1,0.4848,Ogerpon
91257730,/Users/nickzwart/Desktop/8-8-2026/91257730.json,Nghia Tran + ketchum alt,1,0,0.3333,Ogerpon
91256856,/Users/nickzwart/Desktop/8-8-2026/91256856.json,guruguru000,0,0,0.4615,Grimmsnarl
91258555,/Users/nickzwart/Desktop/8-8-2026/91258555.json,Boss's Orders Are All You Need,1,0,0.5312,Grimmsnarl
91258640,/Users/nickzwart/Desktop/8-8-2026/91258640.json,kashiwashira,1,1,0.4848,Grimmsnarl
91258692,/Users/nickzwart/Desktop/8-8-2026/91258692.json,MissingNo.,1,0,0.6364,Alakazam
91258714,/Users/nickzwart/Desktop/8-8-2026/91258714.json,takayosi,1,1,0.3983,Grimmsnarl
91259531,/Users/nickzwart/Desktop/8-8-2026/91259531.json,kashiwashira,1,0,0.4848,Alakazam
91259549,/Users/nickzwart/Desktop/8-8-2026/91259549.json,guruguru000,0,0,0.4615,Alakazam
91259638,/Users/nickzwart/Desktop/8-8-2026/91259638.json,Nghia Tran + ketchum alt,0,1,0.3333,Alakazam
91259685,/Users/nickzwart/Desktop/8-8-2026/91259685.json,Battle Data Base,1,0,0.4216,Grimmsnarl
91260346,/Users/nickzwart/Desktop/8-8-2026/91260346.json,llkarill,0,0,0.4773,Alakazam
91260396,/Users/nickzwart/Desktop/8-8-2026/91260396.json,kashiwashira,1,0,0.4848,M-Lopunny
91260471,/Users/nickzwart/Desktop/8-8-2026/91260471.json,Yan,0,1,0.3125,M-Kangaskhan
91260589,/Users/nickzwart/Desktop/8-8-2026/91260589.json,James Cox & Henry Chao,1,0,0.3333,Alakazam
91262226,/Users/nickzwart/Desktop/8-8-2026/91262226.json,Confusion,0,1,0.4588,Grimmsnarl
91262318,/Users/nickzwart/Desktop/8-8-2026/91262318.json,guruguru000,0,0,0.4615,M-Lopunny
91261230,/Users/nickzwart/Desktop/8-8-2026/91261230.json,Yan,0,0,0.3125,other
91261325,/Users/nickzwart/Desktop/8-8-2026/91261325.json,kashiwashira,0,0,0.4848,M-Lopunny
91261394,/Users/nickzwart/Desktop/8-8-2026/91261394.json,goonew,1,1,0.6032,Grimmsnarl
91263188,/Users/nickzwart/Desktop/8-8-2026/91263188.json,tw_shin,0,1,0.5,Grimmsnarl
91263269,/Users/nickzwart/Desktop/8-8-2026/91263269.json,flg,0,1,0.6,Grimmsnarl
91264008,/Users/nickzwart/Desktop/8-8-2026/91264008.json,kashiwashira,0,0,0.4848,Hydrapple
91264054,/Users/nickzwart/Desktop/8-8-2026/91264054.json,goonew,0,1,0.6032,Grimmsnarl
91264160,/Users/nickzwart/Desktop/8-8-2026/91264160.json,Luca,0,1,0.623,M-Kangaskhan
91265699,/Users/nickzwart/Desktop/8-8-2026/91265699.json,Nghia Tran + ketchum alt,0,1,0.3333,other
91264916,/Users/nickzwart/Desktop/8-8-2026/91264916.json,guruguru000,1,0,0.4615,Grimmsnarl
91265808,/Users/nickzwart/Desktop/8-8-2026/91265808.json,Changyuan Chen,0,1,0.4286,Ogerpon
91265808,/Users/nickzwart/Desktop/8-8-2026/91265808.json,guruguru000,1,0,0.4615,Ogerpon
91265874,/Users/nickzwart/Desktop/8-8-2026/91265874.json,goonew,1,1,0.6032,M-Lopunny
91267639,/Users/nickzwart/Desktop/8-8-2026/91267639.json,goonew,1,1,0.6032,Grimmsnarl
91269423,/Users/nickzwart/Desktop/8-8-2026/91269423.json,goonew,0,0,0.6032,Alakazam
91268405,/Users/nickzwart/Desktop/8-8-2026/91268405.json,goonew,0,1,0.6032,Grimmsnarl
91270216,/Users/nickzwart/Desktop/8-8-2026/91270216.json,Luca,0,1,0.623,Dragapult
91270321,/Users/nickzwart/Desktop/8-8-2026/91270321.json,goonew,1,0,0.6032,Alakazam
91273041,/Users/nickzwart/Desktop/8-8-2026/91273041.json,goonew,1,1,0.6032,M-Lopunny
91272084,/Users/nickzwart/Desktop/8-8-2026/91272084.json,__Taichicchi__,1,0,0.6154,Grimmsnarl
91272128,/Users/nickzwart/Desktop/8-8-2026/91272128.json,goonew,0,0,0.6032,Dragapult
91272988,/Users/nickzwart/Desktop/8-8-2026/91272988.json,kashiwashira,1,1,0.4848,Grimmsnarl
91274783,/Users/nickzwart/Desktop/8-8-2026/91274783.json,kashiwashira,0,1,0.4848,Ogerpon
91274783,/Users/nickzwart/Desktop/8-8-2026/91274783.json,goonew,1,0,0.6032,Ogerpon
91274789,/Users/nickzwart/Desktop/8-8-2026/91274789.json,Confusion,1,1,0.4588,Grimmsnarl
91276589,/Users/nickzwart/Desktop/8-8-2026/91276589.json,kashiwashira,1,0,0.4848,Grimmsnarl
91275779,/Users/nickzwart/Desktop/8-8-2026/91275779.json,kashiwashira,0,0,0.4848,Ogerpon
91275779,/Users/nickzwart/Desktop/8-8-2026/91275779.json,Saber,1,1,0.52,Ogerpon
91277303,/Users/nickzwart/Desktop/8-8-2026/91277303.json,Shardul Gharat,1,1,0.48,Alakazam
91277440,/Users/nickzwart/Desktop/8-8-2026/91277440.json,tktkyamyam,0,0,0.4793,Alakazam
91277485,/Users/nickzwart/Desktop/8-8-2026/91277485.json,takayosi,1,0,0.3983,Dragapult
91278197,/Users/nickzwart/Desktop/8-8-2026/91278197.json,Shardul Gharat,1,1,0.48,Grimmsnarl
91278325,/Users/nickzwart/Desktop/8-8-2026/91278325.json,Battle Data Base,1,0,0.4216,Dragapult
91278412,/Users/nickzwart/Desktop/8-8-2026/91278412.json,flg,1,0,0.6,Grimmsnarl
91279045,/Users/nickzwart/Desktop/8-8-2026/91279045.json,yuki0202,1,0,0.4483,M-Lucario
91279233,/Users/nickzwart/Desktop/8-8-2026/91279233.json,Luca,0,0,0.623,Alakazam
91279945,/Users/nickzwart/Desktop/8-8-2026/91279945.json,タニシ,1,0,0.4643,Grimmsnarl
91279948,/Users/nickzwart/Desktop/8-8-2026/91279948.json,Battle Data Base,1,1,0.4216,M-Kangaskhan
91279990,/Users/nickzwart/Desktop/8-8-2026/91279990.json,Shardul Gharat,1,1,0.48,Grimmsnarl
91280121,/Users/nickzwart/Desktop/8-8-2026/91280121.json,Shardul Gharat,0,1,0.48,Dragapult
91281073,/Users/nickzwart/Desktop/8-8-2026/91281073.json,Yan,1,1,0.3125,Grimmsnarl
91281084,/Users/nickzwart/Desktop/8-8-2026/91281084.json,kashiwashira,1,1,0.4848,Grimmsnarl
91281751,/Users/nickzwart/Desktop/8-8-2026/91281751.json,KouFu,0,0,0.377,M-Lopunny
91281789,/Users/nickzwart/Desktop/8-8-2026/91281789.json,Shardul Gharat,0,0,0.48,M-Lopunny
91280895,/Users/nickzwart/Desktop/8-8-2026/91280895.json,Shardul Gharat,0,1,0.48,Grimmsnarl
91280994,/Users/nickzwart/Desktop/8-8-2026/91280994.json,flg,1,0,0.6,Alakazam
91281914,/Users/nickzwart/Desktop/8-8-2026/91281914.json,takayosi,1,0,0.3983,Dragapult
91282653,/Users/nickzwart/Desktop/8-8-2026/91282653.json,__Taichicchi__,0,1,0.6154,M-Lopunny
91282695,/Users/nickzwart/Desktop/8-8-2026/91282695.json,Shardul Gharat,0,1,0.48,other
91282713,/Users/nickzwart/Desktop/8-8-2026/91282713.json,Changyuan Chen,1,0,0.4286,Dragapult
91283584,/Users/nickzwart/Desktop/8-8-2026/91283584.json,Shardul Gharat,0,1,0.48,Grimmsnarl
91283714,/Users/nickzwart/Desktop/8-8-2026/91283714.json,Saber,1,0,0.52,Alakazam
91284423,/Users/nickzwart/Desktop/8-8-2026/91284423.json,Shardul Gharat,1,0,0.48,M-Lopunny
91285520,/Users/nickzwart/Desktop/8-8-2026/91285520.json,Confusion,0,0,0.4588,Dragapult
91285605,/Users/nickzwart/Desktop/8-8-2026/91285605.json,kashiwashira,0,1,0.4848,Grimmsnarl
91284568,/Users/nickzwart/Desktop/8-8-2026/91284568.json,llkarill,1,0,0.4773,Dragapult
91284627,/Users/nickzwart/Desktop/8-8-2026/91284627.json,Nghia Tran + ketchum alt,1,1,0.3333,Grimmsnarl
91284630,/Users/nickzwart/Desktop/8-8-2026/91284630.json,kashiwashira,0,0,0.4848,Alakazam
91285301,/Users/nickzwart/Desktop/8-8-2026/91285301.json,Changyuan Chen,1,0,0.4286,Grimmsnarl
91285399,/Users/nickzwart/Desktop/8-8-2026/91285399.json,Shardul Gharat,0,1,0.48,Alakazam
91286326,/Users/nickzwart/Desktop/8-8-2026/91286326.json,Shardul Gharat,1,0,0.48,Grimmsnarl
91286435,/Users/nickzwart/Desktop/8-8-2026/91286435.json,kashiwashira,0,1,0.4848,Alakazam
91286437,/Users/nickzwart/Desktop/8-8-2026/91286437.json,KouFu,1,1,0.377,Grimmsnarl
91287192,/Users/nickzwart/Desktop/8-8-2026/91287192.json,Shardul Gharat,1,1,0.48,Garchomp
91287265,/Users/nickzwart/Desktop/8-8-2026/91287265.json,takayosi,0,1,0.3983,Hydrapple
91287325,/Users/nickzwart/Desktop/8-8-2026/91287325.json,kashiwashira,1,0,0.4848,Grimmsnarl
91288149,/Users/nickzwart/Desktop/8-8-2026/91288149.json,Shardul Gharat,0,0,0.48,Alakazam
91288252,/Users/nickzwart/Desktop/8-8-2026/91288252.json,Nghia Tran + ketchum alt,1,0,0.3333,Alakazam
91288277,/Users/nickzwart/Desktop/8-8-2026/91288277.json,Luca,1,0,0.623,M-Kangaskhan
91289189,/Users/nickzwart/Desktop/8-8-2026/91289189.json,Shardul Gharat,0,0,0.48,M-Lopunny
91289770,/Users/nickzwart/Desktop/8-8-2026/91289770.json,kashiwashira,1,0,0.4848,Archaludon
91290678,/Users/nickzwart/Desktop/8-8-2026/91290678.json,__Taichicchi__,0,0,0.6154,Grimmsnarl
91290849,/Users/nickzwart/Desktop/8-8-2026/91290849.json,tktkyamyam,1,1,0.4793,Grimmsnarl
91290855,/Users/nickzwart/Desktop/8-8-2026/91290855.json,Shardul Gharat,1,0,0.48,Alakazam
91289952,/Users/nickzwart/Desktop/8-8-2026/91289952.json,Yan,0,0,0.3125,Ogerpon
91289952,/Users/nickzwart/Desktop/8-8-2026/91289952.json,Shardul Gharat,1,1,0.48,Ogerpon
91291663,/Users/nickzwart/Desktop/8-8-2026/91291663.json,Changyuan Chen,1,1,0.4286,Grimmsnarl
91291790,/Users/nickzwart/Desktop/8-8-2026/91291790.json,Shardul Gharat,0,0,0.48,Alakazam
91293528,/Users/nickzwart/Desktop/8-8-2026/91293528.json,Confusion,0,1,0.4588,Ogerpon
91293528,/Users/nickzwart/Desktop/8-8-2026/91293528.json,Shardul Gharat,1,0,0.48,Ogerpon
91292646,/Users/nickzwart/Desktop/8-8-2026/91292646.json,Shardul Gharat,0,1,0.48,Grimmsnarl
91294425,/Users/nickzwart/Desktop/8-8-2026/91294425.json,Shardul Gharat,1,0,0.48,M-Kangaskhan
91296232,/Users/nickzwart/Desktop/8-8-2026/91296232.json,Shardul Gharat,1,0,0.48,M-Lopunny
91296255,/Users/nickzwart/Desktop/8-8-2026/91296255.json,tktkyamyam,0,0,0.4793,Dragapult
91295120,/Users/nickzwart/Desktop/8-8-2026/91295120.json,tktkyamyam,1,0,0.4793,M-Lucario
91296860,/Users/nickzwart/Desktop/8-8-2026/91296860.json,Shelgon,0,1,0.6154,Ogerpon
91296860,/Users/nickzwart/Desktop/8-8-2026/91296860.json,kashiwashira,1,0,0.4848,Ogerpon
91297877,/Users/nickzwart/Desktop/8-8-2026/91297877.json,Shelgon,1,1,0.6154,other
91298667,/Users/nickzwart/Desktop/8-8-2026/91298667.json,__Taichicchi__,0,1,0.6154,Ogerpon
91298667,/Users/nickzwart/Desktop/8-8-2026/91298667.json,Shelgon,1,0,0.6154,Ogerpon
91298922,/Users/nickzwart/Desktop/8-8-2026/91298922.json,Shardul Gharat,0,0,0.48,M-Lopunny
91298949,/Users/nickzwart/Desktop/8-8-2026/91298949.json,palsystem,0,0,0.6121,Dragapult
91300468,/Users/nickzwart/Desktop/8-8-2026/91300468.json,Shelgon,1,1,0.6154,Grimmsnarl
91302276,/Users/nickzwart/Desktop/8-8-2026/91302276.json,Shelgon,0,1,0.6154,M-Kangaskhan
91301378,/Users/nickzwart/Desktop/8-8-2026/91301378.json,Shelgon,1,1,0.6154,Grimmsnarl
91304089,/Users/nickzwart/Desktop/8-8-2026/91304089.json,Shelgon,0,0,0.6154,Garchomp
91302402,/Users/nickzwart/Desktop/8-8-2026/91302402.json,kashiwashira,0,0,0.4848,Alakazam
91303191,/Users/nickzwart/Desktop/8-8-2026/91303191.json,Shelgon,0,1,0.6154,Alakazam
91305003,/Users/nickzwart/Desktop/8-8-2026/91305003.json,Shelgon,0,1,0.6154,M-Lopunny
91305902,/Users/nickzwart/Desktop/8-8-2026/91305902.json,Shelgon,1,0,0.6154,Grimmsnarl
91306809,/Users/nickzwart/Desktop/8-8-2026/91306809.json,Shelgon,0,0,0.6154,Ogerpon
91306809,/Users/nickzwart/Desktop/8-8-2026/91306809.json,Luca,1,1,0.623,Ogerpon
91307812,/Users/nickzwart/Desktop/8-8-2026/91307812.json,flg,1,1,0.6,Alakazam
91307728,/Users/nickzwart/Desktop/8-8-2026/91307728.json,tktkyamyam,0,0,0.4793,M-Kangaskhan
91308602,/Users/nickzwart/Desktop/8-8-2026/91308602.json,Changyuan Chen,0,0,0.4286,Ogerpon
91308602,/Users/nickzwart/Desktop/8-8-2026/91308602.json,Shelgon,1,1,0.6154,Ogerpon
91309510,/Users/nickzwart/Desktop/8-8-2026/91309510.json,Shelgon,1,0,0.6154,Dragapult
91310506,/Users/nickzwart/Desktop/8-8-2026/91310506.json,takayosi,0,0,0.3983,Hydrapple
91311488,/Users/nickzwart/Desktop/8-8-2026/91311488.json,Battle Data Base,0,0,0.4216,M-Lucario
91311523,/Users/nickzwart/Desktop/8-8-2026/91311523.json,takayosi,0,1,0.3983,Garchomp
91311295,/Users/nickzwart/Desktop/8-8-2026/91311295.json,Luca,1,0,0.623,M-Lucario
91311382,/Users/nickzwart/Desktop/8-8-2026/91311382.json,flg,0,0,0.6,Alakazam
91312958,/Users/nickzwart/Desktop/8-8-2026/91312958.json,__Taichicchi__,0,1,0.6154,Grimmsnarl
91313205,/Users/nickzwart/Desktop/8-8-2026/91313205.json,Battle Data Base,0,0,0.4216,M-Kangaskhan
91313324,/Users/nickzwart/Desktop/8-8-2026/91313324.json,Shardul Gharat,0,1,0.48,Grimmsnarl
91320248,/Users/nickzwart/Desktop/8-8-2026/91320248.json,Nghia Tran + ketchum alt,0,0,0.3333,Grimmsnarl
91321241,/Users/nickzwart/Desktop/8-8-2026/91321241.json,tktkyamyam,0,1,0.4793,Grimmsnarl
91323189,/Users/nickzwart/Desktop/8-8-2026/91323189.json,llkarill,0,0,0.4773,Alakazam
91324689,/Users/nickzwart/Desktop/8-8-2026/91324689.json,__Taichicchi__,0,0,0.6154,M-Lopunny
91324864,/Users/nickzwart/Desktop/8-8-2026/91324864.json,goonew,0,1,0.6032,other
91324913,/Users/nickzwart/Desktop/8-8-2026/91324913.json,KouFu,1,0,0.377,Grimmsnarl
91327581,/Users/nickzwart/Desktop/8-8-2026/91327581.json,yuki0202,0,0,0.4483,Grimmsnarl
91327640,/Users/nickzwart/Desktop/8-8-2026/91327640.json,Confusion,1,1,0.4588,M-Lucario
91330310,/Users/nickzwart/Desktop/8-8-2026/91330310.json,KouFu,0,1,0.377,Grimmsnarl
91331830,/Users/nickzwart/Desktop/8-8-2026/91331830.json,zzholo,1,1,0.52,Grimmsnarl
91331894,/Users/nickzwart/Desktop/8-8-2026/91331894.json,NIWATORI,1,0,0.619,Grimmsnarl
91333803,/Users/nickzwart/Desktop/8-8-2026/91333803.json,KouFu,0,1,0.377,Grimmsnarl
91336601,/Users/nickzwart/Desktop/8-8-2026/91336601.json,llkarill,0,1,0.4773,Grimmsnarl
91338260,/Users/nickzwart/Desktop/8-8-2026/91338260.json,zzholo,1,1,0.52,Grimmsnarl
91339164,/Users/nickzwart/Desktop/8-8-2026/91339164.json,KouFu,0,1,0.377,Alakazam
91339194,/Users/nickzwart/Desktop/8-8-2026/91339194.json,tktkyamyam,1,0,0.4793,Dragapult
91340016,/Users/nickzwart/Desktop/8-8-2026/91340016.json,Yan,1,0,0.3125,Alakazam
91340060,/Users/nickzwart/Desktop/8-8-2026/91340060.json,zzholo,0,1,0.52,M-Lopunny
91340275,/Users/nickzwart/Desktop/8-8-2026/91340275.json,takayosi,1,1,0.3983,Grimmsnarl
91340888,/Users/nickzwart/Desktop/8-8-2026/91340888.json,Confusion,1,0,0.4588,Crustle
91340935,/Users/nickzwart/Desktop/8-8-2026/91340935.json,zzholo,1,1,0.52,Grimmsnarl
91341816,/Users/nickzwart/Desktop/8-8-2026/91341816.json,takayosi,1,0,0.3983,Archaludon
91341906,/Users/nickzwart/Desktop/8-8-2026/91341906.json,Changyuan Chen,0,0,0.4286,Alakazam
91341980,/Users/nickzwart/Desktop/8-8-2026/91341980.json,zzholo,0,0,0.52,Alakazam
91342689,/Users/nickzwart/Desktop/8-8-2026/91342689.json,Luca,0,0,0.623,M-Kangaskhan
91343624,/Users/nickzwart/Desktop/8-8-2026/91343624.json,flg,0,0,0.6,Archaludon
91343746,/Users/nickzwart/Desktop/8-8-2026/91343746.json,palsystem,0,0,0.6121,Dragapult
91344736,/Users/nickzwart/Desktop/8-8-2026/91344736.json,takayosi,0,1,0.3983,Alakazam
91345491,/Users/nickzwart/Desktop/8-8-2026/91345491.json,kashiwashira,1,0,0.4848,Alakazam
91346486,/Users/nickzwart/Desktop/8-8-2026/91346486.json,zzholo,1,1,0.52,Grimmsnarl
91347446,/Users/nickzwart/Desktop/8-8-2026/91347446.json,tktkyamyam,0,1,0.4793,M-Lucario
91348210,/Users/nickzwart/Desktop/8-8-2026/91348210.json,KouFu,1,0,0.377,M-Lucario
91348289,/Users/nickzwart/Desktop/8-8-2026/91348289.json,Luca,0,1,0.623,Grimmsnarl
91349343,/Users/nickzwart/Desktop/8-8-2026/91349343.json,zzholo,0,0,0.52,M-Lopunny
91349226,/Users/nickzwart/Desktop/8-8-2026/91349226.json,flg,0,1,0.6,M-Lucario
91349238,/Users/nickzwart/Desktop/8-8-2026/91349238.json,takayosi,1,0,0.3983,Alakazam
91350094,/Users/nickzwart/Desktop/8-8-2026/91350094.json,KouFu,0,0,0.377,M-Lopunny
91351991,/Users/nickzwart/Desktop/8-8-2026/91351991.json,__Taichicchi__,1,1,0.6154,Grimmsnarl
91352787,/Users/nickzwart/Desktop/8-8-2026/91352787.json,goonew,1,0,0.6032,M-Lucario
91352957,/Users/nickzwart/Desktop/8-8-2026/91352957.json,gecogeco,1,0,0.4516,Alakazam
91353004,/Users/nickzwart/Desktop/8-8-2026/91353004.json,tktkyamyam,0,1,0.4793,Alakazam
91353727,/Users/nickzwart/Desktop/8-8-2026/91353727.json,Nghia Tran + ketchum alt,1,0,0.3333,Alakazam
91355477,/Users/nickzwart/Desktop/8-8-2026/91355477.json,flg,1,0,0.6,Grimmsnarl
91354540,/Users/nickzwart/Desktop/8-8-2026/91354540.json,flg,1,0,0.6,M-Lopunny
91356442,/Users/nickzwart/Desktop/8-8-2026/91356442.json,__Taichicchi__,1,1,0.6154,Grimmsnarl
91357516,/Users/nickzwart/Desktop/8-8-2026/91357516.json,Battle Data Base,1,0,0.4216,Dragapult
91358122,/Users/nickzwart/Desktop/8-8-2026/91358122.json,tktkyamyam,0,0,0.4793,M-Lucario
91359116,/Users/nickzwart/Desktop/8-8-2026/91359116.json,MissingNo.,1,1,0.6364,Grimmsnarl
91359235,/Users/nickzwart/Desktop/8-8-2026/91359235.json,goonew,1,0,0.6032,Crustle
91359960,/Users/nickzwart/Desktop/8-8-2026/91359960.json,gecogeco,1,0,0.4516,Grimmsnarl
91360000,/Users/nickzwart/Desktop/8-8-2026/91360000.json,gecogeco,1,1,0.4516,Grimmsnarl
91362005,/Users/nickzwart/Desktop/8-8-2026/91362005.json,Battle Data Base,0,1,0.4216,Grimmsnarl
91364588,/Users/nickzwart/Desktop/8-8-2026/91364588.json,gecogeco,0,0,0.4516,M-Kangaskhan
91364734,/Users/nickzwart/Desktop/8-8-2026/91364734.json,tktkyamyam,1,1,0.4793,Grimmsnarl
91363678,/Users/nickzwart/Desktop/8-8-2026/91363678.json,gecogeco,0,1,0.4516,Alakazam
91365350,/Users/nickzwart/Desktop/8-8-2026/91365350.json,flg,1,1,0.6,Grimmsnarl
91365624,/Users/nickzwart/Desktop/8-8-2026/91365624.json,HD h Joratos,0,0,0.5,M-Lopunny
91365640,/Users/nickzwart/Desktop/8-8-2026/91365640.json,llkarill,1,1,0.4773,Grimmsnarl
91366524,/Users/nickzwart/Desktop/8-8-2026/91366524.json,tktkyamyam,0,0,0.4793,Alakazam
91367439,/Users/nickzwart/Desktop/8-8-2026/91367439.json,MissingNo.,1,1,0.6364,Grimmsnarl
91368180,/Users/nickzwart/Desktop/8-8-2026/91368180.json,gecogeco,1,0,0.4516,M-Kangaskhan
91369045,/Users/nickzwart/Desktop/8-8-2026/91369045.json,tktkyamyam,0,1,0.4793,Grimmsnarl
91369173,/Users/nickzwart/Desktop/8-8-2026/91369173.json,gecogeco,0,0,0.4516,Alakazam
91370099,/Users/nickzwart/Desktop/8-8-2026/91370099.json,flg,1,1,0.6,M-Lopunny
91371745,/Users/nickzwart/Desktop/8-8-2026/91371745.json,takayosi,0,1,0.3983,Grimmsnarl
91371876,/Users/nickzwart/Desktop/8-8-2026/91371876.json,gecogeco,1,1,0.4516,Grimmsnarl
91373612,/Users/nickzwart/Desktop/8-8-2026/91373612.json,HD h Joratos,1,0,0.5,M-Lopunny
91373619,/Users/nickzwart/Desktop/8-8-2026/91373619.json,MissingNo.,0,0,0.6364,M-Lucario
91374671,/Users/nickzwart/Desktop/8-8-2026/91374671.json,gecogeco,0,0,0.4516,M-Kangaskhan
91375583,/Users/nickzwart/Desktop/8-8-2026/91375583.json,flg,1,0,0.6,M-Lopunny
91375613,/Users/nickzwart/Desktop/8-8-2026/91375613.json,HD h Joratos,1,1,0.5,Grimmsnarl
91377372,/Users/nickzwart/Desktop/8-8-2026/91377372.json,gecogeco,1,1,0.4516,Alakazam
91377427,/Users/nickzwart/Desktop/8-8-2026/91377427.json,Changyuan Chen,0,0,0.4286,Ogerpon
91377427,/Users/nickzwart/Desktop/8-8-2026/91377427.json,gecogeco,1,1,0.4516,Ogerpon
91378096,/Users/nickzwart/Desktop/8-8-2026/91378096.json,Confusion,0,0,0.4588,M-Lopunny
91378190,/Users/nickzwart/Desktop/8-8-2026/91378190.json,HD h Joratos,1,1,0.5,Dragapult
91378213,/Users/nickzwart/Desktop/8-8-2026/91378213.json,__Taichicchi__,0,1,0.6154,Grimmsnarl
91378285,/Users/nickzwart/Desktop/8-8-2026/91378285.json,__Taichicchi__,1,1,0.6154,Garchomp
91378306,/Users/nickzwart/Desktop/8-8-2026/91378306.json,Confusion,1,0,0.4588,M-Lopunny
91379298,/Users/nickzwart/Desktop/8-8-2026/91379298.json,HD h Joratos,0,0,0.5,Alakazam
91379941,/Users/nickzwart/Desktop/8-8-2026/91379941.json,__Taichicchi__,0,0,0.6154,Grimmsnarl
91379970,/Users/nickzwart/Desktop/8-8-2026/91379970.json,__Taichicchi__,0,1,0.6154,Dudunsparce
91380026,/Users/nickzwart/Desktop/8-8-2026/91380026.json,HD h Joratos,0,1,0.5,Grimmsnarl
91381690,/Users/nickzwart/Desktop/8-8-2026/91381690.json,HD h Joratos,0,0,0.5,Ogerpon
91381690,/Users/nickzwart/Desktop/8-8-2026/91381690.json,goonew,1,1,0.6032,Ogerpon
91380868,/Users/nickzwart/Desktop/8-8-2026/91380868.json,Confusion,1,1,0.4588,Grimmsnarl
91380940,/Users/nickzwart/Desktop/8-8-2026/91380940.json,HD h Joratos,1,1,0.5,Grimmsnarl
91382744,/Users/nickzwart/Desktop/8-8-2026/91382744.json,HD h Joratos,0,1,0.5,Grimmsnarl
91383483,/Users/nickzwart/Desktop/8-8-2026/91383483.json,tktkyamyam,1,1,0.4793,M-Lucario
91384544,/Users/nickzwart/Desktop/8-8-2026/91384544.json,tktkyamyam,1,1,0.4793,Grimmsnarl
91384586,/Users/nickzwart/Desktop/8-8-2026/91384586.json,HD h Joratos,0,1,0.5,Grimmsnarl
91387136,/Users/nickzwart/Desktop/8-8-2026/91387136.json,Sixth Sense,0,1,0.6667,other
91387157,/Users/nickzwart/Desktop/8-8-2026/91387157.json,Battle Data Base,1,0,0.4216,M-Lopunny
91386174,/Users/nickzwart/Desktop/8-8-2026/91386174.json,tktkyamyam,0,1,0.4793,Grimmsnarl
91388020,/Users/nickzwart/Desktop/8-8-2026/91388020.json,Confusion,0,0,0.4588,M-Lucario
91388173,/Users/nickzwart/Desktop/8-8-2026/91388173.json,__Taichicchi__,0,0,0.6154,Grimmsnarl
91388257,/Users/nickzwart/Desktop/8-8-2026/91388257.json,HD h Joratos,0,1,0.5,Grimmsnarl
91389070,/Users/nickzwart/Desktop/8-8-2026/91389070.json,HD h Joratos,1,1,0.5,Grimmsnarl
91389141,/Users/nickzwart/Desktop/8-8-2026/91389141.json,Luca,0,1,0.623,Garchomp
91389821,/Users/nickzwart/Desktop/8-8-2026/91389821.json,tktkyamyam,1,0,0.4793,M-Starmie
91389979,/Users/nickzwart/Desktop/8-8-2026/91389979.json,HD h Joratos,0,0,0.5,Crustle
91390118,/Users/nickzwart/Desktop/8-8-2026/91390118.json,llkarill,1,0,0.4773,M-Kangaskhan
91390891,/Users/nickzwart/Desktop/8-8-2026/91390891.json,HD h Joratos,0,0,0.5,M-Kangaskhan
91390932,/Users/nickzwart/Desktop/8-8-2026/91390932.json,Luca,1,1,0.623,Grimmsnarl
91391826,/Users/nickzwart/Desktop/8-8-2026/91391826.json,HD h Joratos,0,1,0.5,Grimmsnarl
91392562,/Users/nickzwart/Desktop/8-8-2026/91392562.json,Confusion,0,0,0.4588,M-Starmie
91393511,/Users/nickzwart/Desktop/8-8-2026/91393511.json,Sixth Sense,0,1,0.6667,Grimmsnarl
91393580,/Users/nickzwart/Desktop/8-8-2026/91393580.json,HD h Joratos,0,0,0.5,M-Lopunny
91393621,/Users/nickzwart/Desktop/8-8-2026/91393621.json,HD h Joratos,1,0,0.5,Alakazam
91394297,/Users/nickzwart/Desktop/8-8-2026/91394297.json,Confusion,0,1,0.4588,other
91394611,/Users/nickzwart/Desktop/8-8-2026/91394611.json,Yan,0,0,0.3125,Alakazam
91394540,/Users/nickzwart/Desktop/8-8-2026/91394540.json,HD h Joratos,1,0,0.5,Alakazam
91396244,/Users/nickzwart/Desktop/8-8-2026/91396244.json,MissingNo.,1,1,0.6364,M-Kangaskhan
91396369,/Users/nickzwart/Desktop/8-8-2026/91396369.json,Nghia Tran + ketchum alt,0,0,0.3333,Dragapult
91399037,/Users/nickzwart/Desktop/8-8-2026/91399037.json,HD h Joratos,0,0,0.5,Hydrapple
91399766,/Users/nickzwart/Desktop/8-8-2026/91399766.json,Battle Data Base,0,1,0.4216,Hydrapple
91398074,/Users/nickzwart/Desktop/8-8-2026/91398074.json,MissingNo.,1,1,0.6364,M-Kangaskhan
91398179,/Users/nickzwart/Desktop/8-8-2026/91398179.json,Confusion,0,0,0.4588,M-Lopunny
91400673,/Users/nickzwart/Desktop/8-8-2026/91400673.json,Battle Data Base,1,1,0.4216,Grimmsnarl
91400735,/Users/nickzwart/Desktop/8-8-2026/91400735.json,MissingNo.,1,1,0.6364,Dragapult
91400931,/Users/nickzwart/Desktop/8-8-2026/91400931.json,MissingNo.,1,0,0.6364,Grimmsnarl
91401624,/Users/nickzwart/Desktop/8-8-2026/91401624.json,flg,0,1,0.6,M-Starmie
91401826,/Users/nickzwart/Desktop/8-8-2026/91401826.json,Nghia Tran + ketchum alt,0,0,0.3333,Alakazam
91404378,/Users/nickzwart/Desktop/8-8-2026/91404378.json,Masaruto,1,0,0.4444,Crustle
91405282,/Users/nickzwart/Desktop/8-8-2026/91405282.json,llkarill,1,0,0.4773,Grimmsnarl
91406084,/Users/nickzwart/Desktop/8-8-2026/91406084.json,Battle Data Base,0,1,0.4216,Grimmsnarl
91407129,/Users/nickzwart/Desktop/8-8-2026/91407129.json,Sixth Sense,1,1,0.6667,other
91406977,/Users/nickzwart/Desktop/8-8-2026/91406977.json,goonew,0,1,0.6032,Grimmsnarl
91408096,/Users/nickzwart/Desktop/8-8-2026/91408096.json,Shardul Gharat,1,0,0.48,M-Lopunny
91408015,/Users/nickzwart/Desktop/8-8-2026/91408015.json,llkarill,0,1,0.4773,Grimmsnarl
91409042,/Users/nickzwart/Desktop/8-8-2026/91409042.json,Battle Data Base,0,1,0.4216,Grimmsnarl
91409694,/Users/nickzwart/Desktop/8-8-2026/91409694.json,goonew,0,1,0.6032,M-Kangaskhan
91409726,/Users/nickzwart/Desktop/8-8-2026/91409726.json,Battle Data Base,0,0,0.4216,M-Lopunny
91411559,/Users/nickzwart/Desktop/8-8-2026/91411559.json,Battle Data Base,1,0,0.4216,Grimmsnarl
91411781,/Users/nickzwart/Desktop/8-8-2026/91411781.json,gecogeco,1,0,0.4516,Alakazam
91412444,/Users/nickzwart/Desktop/8-8-2026/91412444.json,goonew,1,0,0.6032,Alakazam
91412706,/Users/nickzwart/Desktop/8-8-2026/91412706.json,tktkyamyam,1,0,0.4793,M-Kangaskhan
91412718,/Users/nickzwart/Desktop/8-8-2026/91412718.json,goonew,0,0,0.6032,M-Kangaskhan
91412551,/Users/nickzwart/Desktop/8-8-2026/91412551.json,tktkyamyam,1,0,0.4793,M-Starmie
91415216,/Users/nickzwart/Desktop/8-8-2026/91415216.json,Battle Data Base,0,1,0.4216,Ogerpon
91415216,/Users/nickzwart/Desktop/8-8-2026/91415216.json,tktkyamyam,1,0,0.4793,Ogerpon
91416110,/Users/nickzwart/Desktop/8-8-2026/91416110.json,Battle Data Base,0,0,0.4216,M-Lucario
91415406,/Users/nickzwart/Desktop/8-8-2026/91415406.json,llkarill,1,0,0.4773,M-Lopunny
91417184,/Users/nickzwart/Desktop/8-8-2026/91417184.json,takayosi,0,0,0.3983,M-Kangaskhan
91416875,/Users/nickzwart/Desktop/8-8-2026/91416875.json,MissingNo.,0,0,0.6364,Grimmsnarl
91417016,/Users/nickzwart/Desktop/8-8-2026/91417016.json,Battle Data Base,0,0,0.4216,Dragapult
91417877,/Users/nickzwart/Desktop/8-8-2026/91417877.json,goonew,1,0,0.6032,M-Kangaskhan
91419669,/Users/nickzwart/Desktop/8-8-2026/91419669.json,Confusion,0,0,0.4588,M-Lopunny
91418803,/Users/nickzwart/Desktop/8-8-2026/91418803.json,tktkyamyam,0,0,0.4793,Dragapult
91420673,/Users/nickzwart/Desktop/8-8-2026/91420673.json,__Taichicchi__,1,1,0.6154,Alakazam
91420731,/Users/nickzwart/Desktop/8-8-2026/91420731.json,llkarill,0,1,0.4773,Grimmsnarl
91420732,/Users/nickzwart/Desktop/8-8-2026/91420732.json,gecogeco,1,0,0.4516,M-Lucario
91423321,/Users/nickzwart/Desktop/8-8-2026/91423321.json,Battle Data Base,0,0,0.4216,M-Lopunny
91423403,/Users/nickzwart/Desktop/8-8-2026/91423403.json,kashiwashira,1,0,0.4848,M-Lopunny
91424380,/Users/nickzwart/Desktop/8-8-2026/91424380.json,tktkyamyam,1,0,0.4793,M-Lopunny
91424410,/Users/nickzwart/Desktop/8-8-2026/91424410.json,flg,0,1,0.6,M-Lucario
91425010,/Users/nickzwart/Desktop/8-8-2026/91425010.json,HD h Joratos,0,1,0.5,Grimmsnarl
91423264,/Users/nickzwart/Desktop/8-8-2026/91423264.json,takayosi,1,1,0.3983,Grimmsnarl
91430385,/Users/nickzwart/Desktop/8-8-2026/91430385.json,Luca,1,1,0.623,Grimmsnarl
91431348,/Users/nickzwart/Desktop/8-8-2026/91431348.json,NIWATORI,0,0,0.619,Dudunsparce
91431523,/Users/nickzwart/Desktop/8-8-2026/91431523.json,Sixth Sense,1,0,0.6667,Alakazam
91432320,/Users/nickzwart/Desktop/8-8-2026/91432320.json,goonew,0,0,0.6032,Grimmsnarl
91432416,/Users/nickzwart/Desktop/8-8-2026/91432416.json,Confusion,0,1,0.4588,other
91431526,/Users/nickzwart/Desktop/8-8-2026/91431526.json,Confusion,0,0,0.4588,Ogerpon
91431526,/Users/nickzwart/Desktop/8-8-2026/91431526.json,Battle Data Base,1,1,0.4216,Ogerpon
91433225,/Users/nickzwart/Desktop/8-8-2026/91433225.json,goonew,0,0,0.6032,Grimmsnarl
91436110,/Users/nickzwart/Desktop/8-8-2026/91436110.json,HD h Joratos,0,0,0.5,Alakazam
91436723,/Users/nickzwart/Desktop/8-8-2026/91436723.json,Luca,0,1,0.623,Grimmsnarl
91438561,/Users/nickzwart/Desktop/8-8-2026/91438561.json,tktkyamyam,1,1,0.4793,Grimmsnarl
91440612,/Users/nickzwart/Desktop/8-8-2026/91440612.json,Luca,0,1,0.623,Dragapult
91441175,/Users/nickzwart/Desktop/8-8-2026/91441175.json,takayosi,1,0,0.3983,M-Lopunny
91439733,/Users/nickzwart/Desktop/8-8-2026/91439733.json,takayosi,0,0,0.3983,M-Lopunny
91441368,/Users/nickzwart/Desktop/8-8-2026/91441368.json,tktkyamyam,0,1,0.4793,Grimmsnarl
91441466,/Users/nickzwart/Desktop/8-8-2026/91441466.json,tktkyamyam,0,0,0.4793,Ogerpon
91441466,/Users/nickzwart/Desktop/8-8-2026/91441466.json,Sixth Sense,1,1,0.6667,Ogerpon
91443289,/Users/nickzwart/Desktop/8-8-2026/91443289.json,tktkyamyam,0,0,0.4793,Grimmsnarl
91445830,/Users/nickzwart/Desktop/8-8-2026/91445830.json,__Taichicchi__,1,1,0.6154,Alakazam
91446029,/Users/nickzwart/Desktop/8-8-2026/91446029.json,Battle Data Base,1,0,0.4216,Grimmsnarl
91446052,/Users/nickzwart/Desktop/8-8-2026/91446052.json,goonew,0,1,0.6032,Grimmsnarl
91446780,/Users/nickzwart/Desktop/8-8-2026/91446780.json,flg,1,0,0.6,Grimmsnarl
91446833,/Users/nickzwart/Desktop/8-8-2026/91446833.json,NIWATORI,1,0,0.619,Alakazam
91447819,/Users/nickzwart/Desktop/8-8-2026/91447819.json,HD h Joratos,0,0,0.5,Alakazam
91448648,/Users/nickzwart/Desktop/8-8-2026/91448648.json,Yan,0,0,0.3125,M-Lopunny
91449352,/Users/nickzwart/Desktop/8-8-2026/91449352.json,Confusion,0,1,0.4588,Grimmsnarl
91449445,/Users/nickzwart/Desktop/8-8-2026/91449445.json,Luca,1,1,0.623,Grimmsnarl
91452078,/Users/nickzwart/Desktop/8-8-2026/91452078.json,__Taichicchi__,0,0,0.6154,Dragapult
91453029,/Users/nickzwart/Desktop/8-8-2026/91453029.json,llkarill,0,1,0.4773,Grimmsnarl
91453060,/Users/nickzwart/Desktop/8-8-2026/91453060.json,kashiwashira,1,0,0.4848,M-Kangaskhan
91451245,/Users/nickzwart/Desktop/8-8-2026/91451245.json,Nghia Tran + ketchum alt,0,0,0.3333,M-Lopunny
91452346,/Users/nickzwart/Desktop/8-8-2026/91452346.json,HD h Joratos,0,1,0.5,Grimmsnarl
91454157,/Users/nickzwart/Desktop/8-8-2026/91454157.json,Battle Data Base,0,1,0.4216,Grimmsnarl
91455711,/Users/nickzwart/Desktop/8-8-2026/91455711.json,__Taichicchi__,0,0,0.6154,Alakazam
91455686,/Users/nickzwart/Desktop/8-8-2026/91455686.json,kashiwashira,0,0,0.4848,Alakazam
91457574,/Users/nickzwart/Desktop/8-8-2026/91457574.json,__Taichicchi__,1,1,0.6154,Grimmsnarl
91457718,/Users/nickzwart/Desktop/8-8-2026/91457718.json,Battle Data Base,1,1,0.4216,Grimmsnarl
91459222,/Users/nickzwart/Desktop/8-8-2026/91459222.json,Boss's Orders Are All You Need,1,1,0.5312,Alakazam
91459460,/Users/nickzwart/Desktop/8-8-2026/91459460.json,takayosi,0,0,0.3983,Ogerpon
91459460,/Users/nickzwart/Desktop/8-8-2026/91459460.json,Sixth Sense,1,1,0.6667,Ogerpon
91460124,/Users/nickzwart/Desktop/8-8-2026/91460124.json,Boss's Orders Are All You Need,0,1,0.5312,Grimmsnarl
91460427,/Users/nickzwart/Desktop/8-8-2026/91460427.json,flg,1,0,0.6,Garchomp
91461030,/Users/nickzwart/Desktop/8-8-2026/91461030.json,Boss's Orders Are All You Need,0,1,0.5312,Dragapult
91461089,/Users/nickzwart/Desktop/8-8-2026/91461089.json,__Taichicchi__,1,1,0.6154,M-Lopunny
91463749,/Users/nickzwart/Desktop/8-8-2026/91463749.json,Boss's Orders Are All You Need,0,1,0.5312,Grimmsnarl
91462187,/Users/nickzwart/Desktop/8-8-2026/91462187.json,kashiwashira,0,1,0.4848,M-Lopunny
91464669,/Users/nickzwart/Desktop/8-8-2026/91464669.json,Boss's Orders Are All You Need,0,0,0.5312,Dragapult
91463850,/Users/nickzwart/Desktop/8-8-2026/91463850.json,Nghia Tran + ketchum alt,1,0,0.3333,Hydrapple
91464760,/Users/nickzwart/Desktop/8-8-2026/91464760.json,HD h Joratos,1,1,0.5,Hydrapple
91465553,/Users/nickzwart/Desktop/8-8-2026/91465553.json,Boss's Orders Are All You Need,1,1,0.5312,Alakazam
91466469,/Users/nickzwart/Desktop/8-8-2026/91466469.json,Boss's Orders Are All You Need,0,0,0.5312,Alakazam
91465702,/Users/nickzwart/Desktop/8-8-2026/91465702.json,gecogeco,1,0,0.4516,Alakazam
91466654,/Users/nickzwart/Desktop/8-8-2026/91466654.json,tktkyamyam,1,1,0.4793,Grimmsnarl
91467387,/Users/nickzwart/Desktop/8-8-2026/91467387.json,Boss's Orders Are All You Need,0,1,0.5312,M-Lopunny
91467467,/Users/nickzwart/Desktop/8-8-2026/91467467.json,takayosi,0,1,0.3983,M-Lopunny
91467478,/Users/nickzwart/Desktop/8-8-2026/91467478.json,tktkyamyam,0,1,0.4793,Alakazam
91468440,/Users/nickzwart/Desktop/8-8-2026/91468440.json,tktkyamyam,0,0,0.4793,Alakazam
91468442,/Users/nickzwart/Desktop/8-8-2026/91468442.json,Battle Data Base,0,1,0.4216,Grimmsnarl
91468534,/Users/nickzwart/Desktop/8-8-2026/91468534.json,Boss's Orders Are All You Need,1,1,0.5312,M-Kangaskhan
91469199,/Users/nickzwart/Desktop/8-8-2026/91469199.json,Boss's Orders Are All You Need,0,1,0.5312,other
91469280,/Users/nickzwart/Desktop/8-8-2026/91469280.json,takayosi,0,1,0.3983,Grimmsnarl
91470174,/Users/nickzwart/Desktop/8-8-2026/91470174.json,flg,0,0,0.6,M-Lopunny
91470126,/Users/nickzwart/Desktop/8-8-2026/91470126.json,Boss's Orders Are All You Need,0,1,0.5312,Dragapult
91470414,/Users/nickzwart/Desktop/8-8-2026/91470414.json,Battle Data Base,0,1,0.4216,Ogerpon
91470414,/Users/nickzwart/Desktop/8-8-2026/91470414.json,yuki0202,1,0,0.4483,Ogerpon
91471030,/Users/nickzwart/Desktop/8-8-2026/91471030.json,Boss's Orders Are All You Need,1,0,0.5312,M-Starmie
91471200,/Users/nickzwart/Desktop/8-8-2026/91471200.json,Battle Data Base,1,0,0.4216,M-Lopunny
91471236,/Users/nickzwart/Desktop/8-8-2026/91471236.json,Confusion,1,0,0.4588,M-Lucario
91471943,/Users/nickzwart/Desktop/8-8-2026/91471943.json,Boss's Orders Are All You Need,1,1,0.5312,Grimmsnarl
91472122,/Users/nickzwart/Desktop/8-8-2026/91472122.json,flg,0,0,0.6,M-Lopunny
91472159,/Users/nickzwart/Desktop/8-8-2026/91472159.json,tktkyamyam,1,1,0.4793,Alakazam
91472844,/Users/nickzwart/Desktop/8-8-2026/91472844.json,Boss's Orders Are All You Need,0,0,0.5312,Garchomp
91472864,/Users/nickzwart/Desktop/8-8-2026/91472864.json,Confusion,0,1,0.4588,Hydrapple
91472877,/Users/nickzwart/Desktop/8-8-2026/91472877.json,goonew,1,0,0.6032,M-Lopunny
91473767,/Users/nickzwart/Desktop/8-8-2026/91473767.json,Boss's Orders Are All You Need,0,1,0.5312,Garchomp
91473769,/Users/nickzwart/Desktop/8-8-2026/91473769.json,Changyuan Chen,1,1,0.4286,Hydrapple
91474001,/Users/nickzwart/Desktop/8-8-2026/91474001.json,gecogeco,1,1,0.4516,Grimmsnarl
91474672,/Users/nickzwart/Desktop/8-8-2026/91474672.json,Boss's Orders Are All You Need,0,0,0.5312,Ogerpon
91474672,/Users/nickzwart/Desktop/8-8-2026/91474672.json,flg,1,1,0.6,Ogerpon
91474683,/Users/nickzwart/Desktop/8-8-2026/91474683.json,tktkyamyam,1,0,0.4793,M-Kangaskhan
91474759,/Users/nickzwart/Desktop/8-8-2026/91474759.json,goonew,1,0,0.6032,Alakazam
90849076,/Users/nickzwart/Desktop/9-8-2026/90849076.json,Boss's Orders Are All You Need,0,0,0.5312,Grimmsnarl
90849011,/Users/nickzwart/Desktop/9-8-2026/90849011.json,palsystem,1,0,0.6121,Alakazam
90849867,/Users/nickzwart/Desktop/9-8-2026/90849867.json,palsystem,0,0,0.6121,M-Lucario
90849909,/Users/nickzwart/Desktop/9-8-2026/90849909.json,palsystem,0,1,0.6121,M-Lopunny
90850599,/Users/nickzwart/Desktop/9-8-2026/90850599.json,palsystem,0,1,0.6121,other
90850764,/Users/nickzwart/Desktop/9-8-2026/90850764.json,Artalmaz31,1,0,0.2857,Dragapult
90851577,/Users/nickzwart/Desktop/9-8-2026/90851577.json,palsystem,1,1,0.6121,M-Lopunny
90851660,/Users/nickzwart/Desktop/9-8-2026/90851660.json,llkarill,0,1,0.4773,Dragapult
90852150,/Users/nickzwart/Desktop/9-8-2026/90852150.json,Changyuan Chen,0,0,0.4286,Alakazam
90851548,/Users/nickzwart/Desktop/9-8-2026/90851548.json,palsystem,1,0,0.6121,M-Lucario
90853161,/Users/nickzwart/Desktop/9-8-2026/90853161.json,Confusion,1,1,0.4588,M-Lopunny
90853212,/Users/nickzwart/Desktop/9-8-2026/90853212.json,llkarill,1,0,0.4773,Alakazam
90853229,/Users/nickzwart/Desktop/9-8-2026/90853229.json,tktkyamyam,0,1,0.4793,Alakazam
90853268,/Users/nickzwart/Desktop/9-8-2026/90853268.json,palsystem,1,0,0.6121,Alakazam
90854939,/Users/nickzwart/Desktop/9-8-2026/90854939.json,Boss's Orders Are All You Need,1,0,0.5312,Alakazam
90854139,/Users/nickzwart/Desktop/9-8-2026/90854139.json,palsystem,1,0,0.6121,M-Kangaskhan
90854151,/Users/nickzwart/Desktop/9-8-2026/90854151.json,flg,0,1,0.6,Grimmsnarl
90854978,/Users/nickzwart/Desktop/9-8-2026/90854978.json,Nghia Tran,0,1,0.3415,Garchomp
90856606,/Users/nickzwart/Desktop/9-8-2026/90856606.json,tktkyamyam,0,1,0.4793,Grimmsnarl
90857429,/Users/nickzwart/Desktop/9-8-2026/90857429.json,Boss's Orders Are All You Need,1,0,0.5312,M-Lopunny
90858921,/Users/nickzwart/Desktop/9-8-2026/90858921.json,Marshall Maximizer,0,0,0.6212,Alakazam
90858963,/Users/nickzwart/Desktop/9-8-2026/90858963.json,gecogeco,1,0,0.4516,Alakazam
90860068,/Users/nickzwart/Desktop/9-8-2026/90860068.json,KouFu,0,0,0.377,Crustle
90859894,/Users/nickzwart/Desktop/9-8-2026/90859894.json,Nghia Tran,0,0,0.3415,Alakazam
90861595,/Users/nickzwart/Desktop/9-8-2026/90861595.json,gecogeco,0,1,0.4516,Grimmsnarl
90863103,/Users/nickzwart/Desktop/9-8-2026/90863103.json,gecogeco,0,0,0.4516,Grimmsnarl
90864836,/Users/nickzwart/Desktop/9-8-2026/90864836.json,Nghia Tran,0,0,0.3415,Alakazam
90864858,/Users/nickzwart/Desktop/9-8-2026/90864858.json,KouFu,0,0,0.377,Alakazam
90864064,/Users/nickzwart/Desktop/9-8-2026/90864064.json,KouFu,0,1,0.377,Grimmsnarl
90864088,/Users/nickzwart/Desktop/9-8-2026/90864088.json,gecogeco,1,1,0.4516,Alakazam
90864097,/Users/nickzwart/Desktop/9-8-2026/90864097.json,gecogeco,1,1,0.4516,Alakazam
90865791,/Users/nickzwart/Desktop/9-8-2026/90865791.json,gecogeco,1,0,0.4516,Grimmsnarl
90865858,/Users/nickzwart/Desktop/9-8-2026/90865858.json,Confusion,0,0,0.4588,Alakazam
90865900,/Users/nickzwart/Desktop/9-8-2026/90865900.json,takayosi,1,0,0.3983,Dragapult
90866655,/Users/nickzwart/Desktop/9-8-2026/90866655.json,gecogeco,0,1,0.4516,Grimmsnarl
90867533,/Users/nickzwart/Desktop/9-8-2026/90867533.json,llkarill,1,0,0.4773,Grimmsnarl
90867676,/Users/nickzwart/Desktop/9-8-2026/90867676.json,flg,1,1,0.6,Dragapult
90868434,/Users/nickzwart/Desktop/9-8-2026/90868434.json,tktkyamyam,1,1,0.4793,Grimmsnarl
90869240,/Users/nickzwart/Desktop/9-8-2026/90869240.json,Changyuan Chen,0,1,0.4286,Grimmsnarl
90870982,/Users/nickzwart/Desktop/9-8-2026/90870982.json,gecogeco,1,0,0.4516,Alakazam
90871726,/Users/nickzwart/Desktop/9-8-2026/90871726.json,Changyuan Chen,1,0,0.4286,Grimmsnarl
90873335,/Users/nickzwart/Desktop/9-8-2026/90873335.json,NIWATORI,1,1,0.619,Grimmsnarl
90872688,/Users/nickzwart/Desktop/9-8-2026/90872688.json,e-toppo + kurupical,0,1,0.4211,M-Kangaskhan
90872689,/Users/nickzwart/Desktop/9-8-2026/90872689.json,e-toppo + kurupical,0,1,0.4211,Grimmsnarl
90871873,/Users/nickzwart/Desktop/9-8-2026/90871873.json,Changyuan Chen,1,1,0.4286,M-Lopunny
90872473,/Users/nickzwart/Desktop/9-8-2026/90872473.json,Confusion,1,1,0.4588,Grimmsnarl
90873601,/Users/nickzwart/Desktop/9-8-2026/90873601.json,takayosi,1,0,0.3983,M-Lopunny
90874193,/Users/nickzwart/Desktop/9-8-2026/90874193.json,Changyuan Chen,0,0,0.4286,Alakazam
90874215,/Users/nickzwart/Desktop/9-8-2026/90874215.json,Marshall Maximizer,0,0,0.6212,M-Kangaskhan
90875021,/Users/nickzwart/Desktop/9-8-2026/90875021.json,tktkyamyam,0,0,0.4793,Alakazam
90875109,/Users/nickzwart/Desktop/9-8-2026/90875109.json,takayosi,0,0,0.3983,Crustle
90874327,/Users/nickzwart/Desktop/9-8-2026/90874327.json,Confusion,0,1,0.4588,Grimmsnarl
90875172,/Users/nickzwart/Desktop/9-8-2026/90875172.json,MissingNo.,0,1,0.6364,Grimmsnarl
90875902,/Users/nickzwart/Desktop/9-8-2026/90875902.json,flg,1,1,0.6,Alakazam
90876002,/Users/nickzwart/Desktop/9-8-2026/90876002.json,takayosi,1,1,0.3983,Alakazam
90876727,/Users/nickzwart/Desktop/9-8-2026/90876727.json,takayosi,1,0,0.3983,Alakazam
90877716,/Users/nickzwart/Desktop/9-8-2026/90877716.json,Yan,1,1,0.3125,Grimmsnarl
90878478,/Users/nickzwart/Desktop/9-8-2026/90878478.json,gecogeco,0,0,0.4516,Garchomp
90878602,/Users/nickzwart/Desktop/9-8-2026/90878602.json,gecogeco,1,1,0.4516,Grimmsnarl
90878613,/Users/nickzwart/Desktop/9-8-2026/90878613.json,Boss's Orders Are All You Need,1,0,0.5312,Alakazam
90878651,/Users/nickzwart/Desktop/9-8-2026/90878651.json,MissingNo.,1,1,0.6364,Grimmsnarl
90879177,/Users/nickzwart/Desktop/9-8-2026/90879177.json,Marshall Maximizer,0,0,0.6212,Grimmsnarl
90879285,/Users/nickzwart/Desktop/9-8-2026/90879285.json,MissingNo.,0,0,0.6364,Alakazam
90879381,/Users/nickzwart/Desktop/9-8-2026/90879381.json,llkarill,1,0,0.4773,M-Lopunny
90879447,/Users/nickzwart/Desktop/9-8-2026/90879447.json,e-toppo + kurupical,1,0,0.4211,Alakazam
90880285,/Users/nickzwart/Desktop/9-8-2026/90880285.json,Confusion,1,0,0.4588,Grimmsnarl
90881086,/Users/nickzwart/Desktop/9-8-2026/90881086.json,Nghia Tran,0,1,0.3415,M-Froslass
90881772,/Users/nickzwart/Desktop/9-8-2026/90881772.json,MissingNo.,0,1,0.6364,Alakazam
90881825,/Users/nickzwart/Desktop/9-8-2026/90881825.json,Marshall Maximizer,1,0,0.6212,Alakazam
90881947,/Users/nickzwart/Desktop/9-8-2026/90881947.json,takayosi,1,1,0.3983,Grimmsnarl
90883454,/Users/nickzwart/Desktop/9-8-2026/90883454.json,flg,0,0,0.6,M-Kangaskhan
90885116,/Users/nickzwart/Desktop/9-8-2026/90885116.json,MissingNo.,0,1,0.6364,M-Kangaskhan
90885232,/Users/nickzwart/Desktop/9-8-2026/90885232.json,Changyuan Chen,0,1,0.4286,M-Lopunny
90886143,/Users/nickzwart/Desktop/9-8-2026/90886143.json,flg,0,1,0.6,Alakazam
90886909,/Users/nickzwart/Desktop/9-8-2026/90886909.json,KouFu,1,0,0.377,M-Lopunny
90887645,/Users/nickzwart/Desktop/9-8-2026/90887645.json,e-toppo + kurupical,0,0,0.4211,Alakazam
90889461,/Users/nickzwart/Desktop/9-8-2026/90889461.json,flg,0,1,0.6,Grimmsnarl
90889584,/Users/nickzwart/Desktop/9-8-2026/90889584.json,Boss's Orders Are All You Need,0,0,0.5312,Grimmsnarl
90888671,/Users/nickzwart/Desktop/9-8-2026/90888671.json,Changyuan Chen,0,1,0.4286,other
90891905,/Users/nickzwart/Desktop/9-8-2026/90891905.json,KouFu,0,1,0.377,Grimmsnarl
90892683,/Users/nickzwart/Desktop/9-8-2026/90892683.json,Yan,1,1,0.3125,Grimmsnarl
90895104,/Users/nickzwart/Desktop/9-8-2026/90895104.json,Nghia Tran,1,1,0.3415,Grimmsnarl
90896160,/Users/nickzwart/Desktop/9-8-2026/90896160.json,KouFu,1,0,0.377,M-Lopunny
90896255,/Users/nickzwart/Desktop/9-8-2026/90896255.json,KouFu,1,1,0.377,Grimmsnarl
90897788,/Users/nickzwart/Desktop/9-8-2026/90897788.json,タニシ,1,1,0.4643,Grimmsnarl
90897807,/Users/nickzwart/Desktop/9-8-2026/90897807.json,KouFu,1,0,0.377,Alakazam
90898580,/Users/nickzwart/Desktop/9-8-2026/90898580.json,flg,0,0,0.6,M-Kangaskhan
90898417,/Users/nickzwart/Desktop/9-8-2026/90898417.json,Yan,1,0,0.3125,Alakazam
90900303,/Users/nickzwart/Desktop/9-8-2026/90900303.json,MissingNo.,0,0,0.6364,Alakazam
90900120,/Users/nickzwart/Desktop/9-8-2026/90900120.json,e-toppo + kurupical,1,0,0.4211,Dragapult
90901303,/Users/nickzwart/Desktop/9-8-2026/90901303.json,tktkyamyam,0,0,0.4793,M-Kangaskhan
90907262,/Users/nickzwart/Desktop/9-8-2026/90907262.json,takayosi,0,0,0.3983,M-Lopunny
90907770,/Users/nickzwart/Desktop/9-8-2026/90907770.json,ANDPAD kaggler team,0,1,0.5865,Grimmsnarl
90907136,/Users/nickzwart/Desktop/9-8-2026/90907136.json,e-toppo + kurupical,1,1,0.4211,M-Lopunny
90907174,/Users/nickzwart/Desktop/9-8-2026/90907174.json,KouFu,0,0,0.377,Alakazam
90908615,/Users/nickzwart/Desktop/9-8-2026/90908615.json,ANDPAD kaggler team,0,1,0.5865,Alakazam
90909536,/Users/nickzwart/Desktop/9-8-2026/90909536.json,takayosi,0,1,0.3983,Dragapult
90909537,/Users/nickzwart/Desktop/9-8-2026/90909537.json,KouFu,1,0,0.377,M-Lucario
90909546,/Users/nickzwart/Desktop/9-8-2026/90909546.json,MissingNo.,0,1,0.6364,Grimmsnarl
90910571,/Users/nickzwart/Desktop/9-8-2026/90910571.json,Confusion,1,1,0.4588,Alakazam
90909667,/Users/nickzwart/Desktop/9-8-2026/90909667.json,ANDPAD kaggler team,0,0,0.5865,Alakazam
90910314,/Users/nickzwart/Desktop/9-8-2026/90910314.json,ANDPAD kaggler team,0,1,0.5865,M-Kangaskhan
90911180,/Users/nickzwart/Desktop/9-8-2026/90911180.json,ANDPAD kaggler team,1,1,0.5865,M-Kangaskhan
90911262,/Users/nickzwart/Desktop/9-8-2026/90911262.json,takayosi,1,0,0.3983,Dragapult
90911322,/Users/nickzwart/Desktop/9-8-2026/90911322.json,tktkyamyam,0,1,0.4793,Grimmsnarl
90911349,/Users/nickzwart/Desktop/9-8-2026/90911349.json,Nghia Tran,1,0,0.3415,M-Lopunny
90912186,/Users/nickzwart/Desktop/9-8-2026/90912186.json,KouFu,0,1,0.377,Grimmsnarl
90912891,/Users/nickzwart/Desktop/9-8-2026/90912891.json,ANDPAD kaggler team,0,1,0.5865,Grimmsnarl
90913157,/Users/nickzwart/Desktop/9-8-2026/90913157.json,flg,0,1,0.6,Grimmsnarl
90913721,/Users/nickzwart/Desktop/9-8-2026/90913721.json,tktkyamyam,0,1,0.4793,Grimmsnarl
90913746,/Users/nickzwart/Desktop/9-8-2026/90913746.json,ANDPAD kaggler team,0,1,0.5865,M-Lucario
90912038,/Users/nickzwart/Desktop/9-8-2026/90912038.json,ANDPAD kaggler team,1,1,0.5865,M-Lopunny
90913920,/Users/nickzwart/Desktop/9-8-2026/90913920.json,Confusion,1,1,0.4588,Grimmsnarl
90914001,/Users/nickzwart/Desktop/9-8-2026/90914001.json,flg,0,0,0.6,Alakazam
90914589,/Users/nickzwart/Desktop/9-8-2026/90914589.json,ANDPAD kaggler team,1,1,0.5865,M-Kangaskhan
90915460,/Users/nickzwart/Desktop/9-8-2026/90915460.json,ANDPAD kaggler team,0,1,0.5865,M-Lopunny
90915555,/Users/nickzwart/Desktop/9-8-2026/90915555.json,KouFu,0,1,0.377,Dragapult
90915728,/Users/nickzwart/Desktop/9-8-2026/90915728.json,タニシ,1,0,0.4643,Grimmsnarl
90916290,/Users/nickzwart/Desktop/9-8-2026/90916290.json,ANDPAD kaggler team,1,0,0.5865,Alakazam
90916327,/Users/nickzwart/Desktop/9-8-2026/90916327.json,llkarill,1,1,0.4773,M-Kangaskhan
90917111,/Users/nickzwart/Desktop/9-8-2026/90917111.json,ANDPAD kaggler team,0,1,0.5865,Grimmsnarl
90917975,/Users/nickzwart/Desktop/9-8-2026/90917975.json,ANDPAD kaggler team,1,0,0.5865,Grimmsnarl
90918821,/Users/nickzwart/Desktop/9-8-2026/90918821.json,ANDPAD kaggler team,0,1,0.5865,M-Kangaskhan
90920500,/Users/nickzwart/Desktop/9-8-2026/90920500.json,ANDPAD kaggler team,0,1,0.5865,M-Kangaskhan
90920587,/Users/nickzwart/Desktop/9-8-2026/90920587.json,Nghia Tran,1,0,0.3415,M-Lucario
90919665,/Users/nickzwart/Desktop/9-8-2026/90919665.json,ANDPAD kaggler team,1,0,0.5865,Alakazam
90920596,/Users/nickzwart/Desktop/9-8-2026/90920596.json,tktkyamyam,1,0,0.4793,Dragapult
90921323,/Users/nickzwart/Desktop/9-8-2026/90921323.json,ANDPAD kaggler team,1,0,0.5865,Dragapult
90921522,/Users/nickzwart/Desktop/9-8-2026/90921522.json,Changyuan Chen,0,1,0.4286,Alakazam
90922167,/Users/nickzwart/Desktop/9-8-2026/90922167.json,ANDPAD kaggler team,1,0,0.5865,Grimmsnarl
90922225,/Users/nickzwart/Desktop/9-8-2026/90922225.json,KouFu,1,1,0.377,other
90921372,/Users/nickzwart/Desktop/9-8-2026/90921372.json,Nghia Tran,1,1,0.3415,M-Kangaskhan
90923093,/Users/nickzwart/Desktop/9-8-2026/90923093.json,Yan,1,0,0.3125,Dragapult
90923822,/Users/nickzwart/Desktop/9-8-2026/90923822.json,ANDPAD kaggler team,0,1,0.5865,M-Lopunny
90925479,/Users/nickzwart/Desktop/9-8-2026/90925479.json,ANDPAD kaggler team,0,1,0.5865,other
90926252,/Users/nickzwart/Desktop/9-8-2026/90926252.json,tktkyamyam,1,0,0.4793,Alakazam
90924758,/Users/nickzwart/Desktop/9-8-2026/90924758.json,ANDPAD kaggler team,1,1,0.5865,M-Kangaskhan
90925442,/Users/nickzwart/Desktop/9-8-2026/90925442.json,KouFu,1,1,0.377,Grimmsnarl
90927380,/Users/nickzwart/Desktop/9-8-2026/90927380.json,ANDPAD kaggler team,0,1,0.5865,Alakazam
90928045,/Users/nickzwart/Desktop/9-8-2026/90928045.json,ANDPAD kaggler team,0,1,0.5865,M-Lopunny
90926549,/Users/nickzwart/Desktop/9-8-2026/90926549.json,gecogeco,0,1,0.4516,Grimmsnarl
90927198,/Users/nickzwart/Desktop/9-8-2026/90927198.json,takayosi,0,0,0.3983,Ogerpon
90927198,/Users/nickzwart/Desktop/9-8-2026/90927198.json,ANDPAD kaggler team,1,1,0.5865,Ogerpon
90928152,/Users/nickzwart/Desktop/9-8-2026/90928152.json,Boss's Orders Are All You Need,0,0,0.5312,Dragapult
90928204,/Users/nickzwart/Desktop/9-8-2026/90928204.json,Yan,0,1,0.3125,Alakazam
90928806,/Users/nickzwart/Desktop/9-8-2026/90928806.json,KouFu,1,0,0.377,other
90928887,/Users/nickzwart/Desktop/9-8-2026/90928887.json,ANDPAD kaggler team,1,0,0.5865,Alakazam
90928997,/Users/nickzwart/Desktop/9-8-2026/90928997.json,llkarill,0,0,0.4773,Dragapult
90929725,/Users/nickzwart/Desktop/9-8-2026/90929725.json,ANDPAD kaggler team,0,0,0.5865,M-Kangaskhan
90930575,/Users/nickzwart/Desktop/9-8-2026/90930575.json,Nghia Tran,0,1,0.3415,Grimmsnarl
90931309,/Users/nickzwart/Desktop/9-8-2026/90931309.json,ANDPAD kaggler team,0,1,0.5865,other
90931395,/Users/nickzwart/Desktop/9-8-2026/90931395.json,ANDPAD kaggler team,1,1,0.5865,Grimmsnarl
90932160,/Users/nickzwart/Desktop/9-8-2026/90932160.json,Yan,1,1,0.3125,M-Kangaskhan
90932257,/Users/nickzwart/Desktop/9-8-2026/90932257.json,takayosi,0,0,0.3983,Alakazam
90932312,/Users/nickzwart/Desktop/9-8-2026/90932312.json,ANDPAD kaggler team,0,1,0.5865,Alakazam
90933232,/Users/nickzwart/Desktop/9-8-2026/90933232.json,e-toppo + kurupical,0,1,0.4211,Ogerpon
90933232,/Users/nickzwart/Desktop/9-8-2026/90933232.json,KouFu,1,0,0.377,Ogerpon
90933843,/Users/nickzwart/Desktop/9-8-2026/90933843.json,Confusion,1,1,0.4588,other
90933931,/Users/nickzwart/Desktop/9-8-2026/90933931.json,ANDPAD kaggler team,1,1,0.5865,M-Kangaskhan
90934032,/Users/nickzwart/Desktop/9-8-2026/90934032.json,flg,1,1,0.6,Dragapult
90933086,/Users/nickzwart/Desktop/9-8-2026/90933086.json,ANDPAD kaggler team,1,0,0.5865,M-Kangaskhan
90933140,/Users/nickzwart/Desktop/9-8-2026/90933140.json,タニシ,0,1,0.4643,M-Kangaskhan
90935805,/Users/nickzwart/Desktop/9-8-2026/90935805.json,Yan,0,1,0.3125,Dragapult
90936448,/Users/nickzwart/Desktop/9-8-2026/90936448.json,ANDPAD kaggler team,0,0,0.5865,Alakazam
90936452,/Users/nickzwart/Desktop/9-8-2026/90936452.json,tktkyamyam,1,1,0.4793,Grimmsnarl
90937163,/Users/nickzwart/Desktop/9-8-2026/90937163.json,ANDPAD kaggler team,0,1,0.5865,M-Kangaskhan
90935584,/Users/nickzwart/Desktop/9-8-2026/90935584.json,Artalmaz31,1,0,0.2857,Grimmsnarl
90935610,/Users/nickzwart/Desktop/9-8-2026/90935610.json,ANDPAD kaggler team,0,0,0.5865,M-Lopunny
90934853,/Users/nickzwart/Desktop/9-8-2026/90934853.json,ANDPAD kaggler team,0,1,0.5865,Alakazam
90938293,/Users/nickzwart/Desktop/9-8-2026/90938293.json,Changyuan Chen,1,0,0.4286,M-Lucario
90938981,/Users/nickzwart/Desktop/9-8-2026/90938981.json,ANDPAD kaggler team,0,0,0.5865,Alakazam
90937243,/Users/nickzwart/Desktop/9-8-2026/90937243.json,Artalmaz31,0,1,0.2857,Grimmsnarl
90937412,/Users/nickzwart/Desktop/9-8-2026/90937412.json,sobameshi,0,1,0.481,M-Kangaskhan
90938137,/Users/nickzwart/Desktop/9-8-2026/90938137.json,ANDPAD kaggler team,0,0,0.5865,Alakazam
90939785,/Users/nickzwart/Desktop/9-8-2026/90939785.json,takayosi,0,1,0.3983,Grimmsnarl
90939813,/Users/nickzwart/Desktop/9-8-2026/90939813.json,ANDPAD kaggler team,1,1,0.5865,Grimmsnarl
90940682,/Users/nickzwart/Desktop/9-8-2026/90940682.json,ANDPAD kaggler team,1,1,0.5865,Grimmsnarl
90940728,/Users/nickzwart/Desktop/9-8-2026/90940728.json,Nghia Tran,0,0,0.3415,M-Kangaskhan
90941519,/Users/nickzwart/Desktop/9-8-2026/90941519.json,ANDPAD kaggler team,0,1,0.5865,Dragapult
90943109,/Users/nickzwart/Desktop/9-8-2026/90943109.json,ANDPAD kaggler team,1,0,0.5865,M-Lopunny
90944037,/Users/nickzwart/Desktop/9-8-2026/90944037.json,ANDPAD kaggler team,1,1,0.5865,Dudunsparce
90944104,/Users/nickzwart/Desktop/9-8-2026/90944104.json,Yan,1,0,0.3125,Alakazam
90942354,/Users/nickzwart/Desktop/9-8-2026/90942354.json,ANDPAD kaggler team,1,0,0.5865,Grimmsnarl
90942408,/Users/nickzwart/Desktop/9-8-2026/90942408.json,flg,0,1,0.6,M-Kangaskhan
90943000,/Users/nickzwart/Desktop/9-8-2026/90943000.json,kigasudayooo,0,1,0.4054,M-Lopunny
90944870,/Users/nickzwart/Desktop/9-8-2026/90944870.json,ANDPAD kaggler team,0,1,0.5865,M-Kangaskhan
90945579,/Users/nickzwart/Desktop/9-8-2026/90945579.json,kigasudayooo,0,0,0.4054,Alakazam
90945691,/Users/nickzwart/Desktop/9-8-2026/90945691.json,ANDPAD kaggler team,1,1,0.5865,Dragapult
90948136,/Users/nickzwart/Desktop/9-8-2026/90948136.json,takayosi,1,1,0.3983,Grimmsnarl
90946561,/Users/nickzwart/Desktop/9-8-2026/90946561.json,flg,0,1,0.6,Ogerpon
90946561,/Users/nickzwart/Desktop/9-8-2026/90946561.json,ANDPAD kaggler team,1,0,0.5865,Ogerpon
90947421,/Users/nickzwart/Desktop/9-8-2026/90947421.json,ANDPAD kaggler team,0,1,0.5865,other
90949094,/Users/nickzwart/Desktop/9-8-2026/90949094.json,タニシ,0,0,0.4643,Grimmsnarl
90949824,/Users/nickzwart/Desktop/9-8-2026/90949824.json,takayosi,1,1,0.3983,M-Lopunny
90949852,/Users/nickzwart/Desktop/9-8-2026/90949852.json,ANDPAD kaggler team,1,1,0.5865,M-Lopunny
90948905,/Users/nickzwart/Desktop/9-8-2026/90948905.json,kigasudayooo,1,1,0.4054,Hydrapple
90948985,/Users/nickzwart/Desktop/9-8-2026/90948985.json,Changyuan Chen,0,1,0.4286,Grimmsnarl
90949001,/Users/nickzwart/Desktop/9-8-2026/90949001.json,ANDPAD kaggler team,0,0,0.5865,Dragapult
90950564,/Users/nickzwart/Desktop/9-8-2026/90950564.json,kigasudayooo,0,1,0.4054,Grimmsnarl
90952244,/Users/nickzwart/Desktop/9-8-2026/90952244.json,kigasudayooo,0,0,0.4054,Alakazam
90951299,/Users/nickzwart/Desktop/9-8-2026/90951299.json,kashiwashira,0,1,0.4848,M-Kangaskhan
90951378,/Users/nickzwart/Desktop/9-8-2026/90951378.json,kigasudayooo,0,0,0.4054,M-Froslass
90951497,/Users/nickzwart/Desktop/9-8-2026/90951497.json,ANDPAD kaggler team,1,1,0.5865,Alakazam
90950687,/Users/nickzwart/Desktop/9-8-2026/90950687.json,ANDPAD kaggler team,0,0,0.5865,Dudunsparce
90953077,/Users/nickzwart/Desktop/9-8-2026/90953077.json,kigasudayooo,0,1,0.4054,Grimmsnarl
90952980,/Users/nickzwart/Desktop/9-8-2026/90952980.json,kashiwashira,0,0,0.4848,M-Kangaskhan
90953731,/Users/nickzwart/Desktop/9-8-2026/90953731.json,Changyuan Chen,0,1,0.4286,M-Lopunny
90953803,/Users/nickzwart/Desktop/9-8-2026/90953803.json,kashiwashira,0,1,0.4848,Grimmsnarl
90953866,/Users/nickzwart/Desktop/9-8-2026/90953866.json,takayosi,0,1,0.3983,Grimmsnarl
90953901,/Users/nickzwart/Desktop/9-8-2026/90953901.json,kigasudayooo,0,1,0.4054,Ogerpon
90953901,/Users/nickzwart/Desktop/9-8-2026/90953901.json,Yan,1,0,0.3125,Ogerpon
90954595,/Users/nickzwart/Desktop/9-8-2026/90954595.json,Yan,1,0,0.3125,Alakazam
90954669,/Users/nickzwart/Desktop/9-8-2026/90954669.json,kashiwashira,0,0,0.4848,Alakazam
90954762,/Users/nickzwart/Desktop/9-8-2026/90954762.json,kigasudayooo,1,0,0.4054,M-Lopunny
90954813,/Users/nickzwart/Desktop/9-8-2026/90954813.json,Yan,0,1,0.3125,Grimmsnarl
90956435,/Users/nickzwart/Desktop/9-8-2026/90956435.json,kigasudayooo,1,0,0.4054,Dragapult
90956580,/Users/nickzwart/Desktop/9-8-2026/90956580.json,Confusion,1,1,0.4588,M-Lopunny
90955611,/Users/nickzwart/Desktop/9-8-2026/90955611.json,kigasudayooo,1,1,0.4054,Grimmsnarl
90956400,/Users/nickzwart/Desktop/9-8-2026/90956400.json,KouFu,1,0,0.377,Alakazam
90958085,/Users/nickzwart/Desktop/9-8-2026/90958085.json,kigasudayooo,1,1,0.4054,Grimmsnarl
90958159,/Users/nickzwart/Desktop/9-8-2026/90958159.json,llkarill,0,1,0.4773,other
90957310,/Users/nickzwart/Desktop/9-8-2026/90957310.json,kigasudayooo,1,1,0.4054,M-Lopunny
90957404,/Users/nickzwart/Desktop/9-8-2026/90957404.json,e-toppo + kurupical,1,0,0.4211,Grimmsnarl
90957410,/Users/nickzwart/Desktop/9-8-2026/90957410.json,MissingNo.,0,0,0.6364,Grimmsnarl
90957869,/Users/nickzwart/Desktop/9-8-2026/90957869.json,Confusion,1,0,0.4588,Dudunsparce
90958881,/Users/nickzwart/Desktop/9-8-2026/90958881.json,e-toppo + kurupical,0,0,0.4211,Alakazam
90958915,/Users/nickzwart/Desktop/9-8-2026/90958915.json,kigasudayooo,0,0,0.4054,Ogerpon
90958915,/Users/nickzwart/Desktop/9-8-2026/90958915.json,タニシ,1,1,0.4643,Ogerpon
90959513,/Users/nickzwart/Desktop/9-8-2026/90959513.json,タニシ,1,1,0.4643,Grimmsnarl
90959876,/Users/nickzwart/Desktop/9-8-2026/90959876.json,ANDPAD kaggler team,0,1,0.5865,M-Lopunny
90959742,/Users/nickzwart/Desktop/9-8-2026/90959742.json,kigasudayooo,0,1,0.4054,M-Lopunny
90962199,/Users/nickzwart/Desktop/9-8-2026/90962199.json,kigasudayooo,1,0,0.4054,Alakazam
90961364,/Users/nickzwart/Desktop/9-8-2026/90961364.json,Confusion,1,0,0.4588,Alakazam
90963096,/Users/nickzwart/Desktop/9-8-2026/90963096.json,ANDPAD kaggler team,0,1,0.5865,other
90963104,/Users/nickzwart/Desktop/9-8-2026/90963104.json,kigasudayooo,0,0,0.4054,Grimmsnarl
90963148,/Users/nickzwart/Desktop/9-8-2026/90963148.json,e-toppo + kurupical,0,0,0.4211,Grimmsnarl
90963765,/Users/nickzwart/Desktop/9-8-2026/90963765.json,Yan,1,0,0.3125,Dudunsparce
90963944,/Users/nickzwart/Desktop/9-8-2026/90963944.json,kigasudayooo,0,1,0.4054,Grimmsnarl
90964604,/Users/nickzwart/Desktop/9-8-2026/90964604.json,KouFu,1,0,0.377,Alakazam
90965425,/Users/nickzwart/Desktop/9-8-2026/90965425.json,takayosi,1,0,0.3983,M-Lopunny
90964819,/Users/nickzwart/Desktop/9-8-2026/90964819.json,kigasudayooo,0,0,0.4054,Hydrapple
90965575,/Users/nickzwart/Desktop/9-8-2026/90965575.json,kigasudayooo,1,1,0.4054,Grimmsnarl
90965599,/Users/nickzwart/Desktop/9-8-2026/90965599.json,Artalmaz31,1,0,0.2857,Alakazam
90965655,/Users/nickzwart/Desktop/9-8-2026/90965655.json,kigasudayooo,1,0,0.4054,Crustle
90966492,/Users/nickzwart/Desktop/9-8-2026/90966492.json,kigasudayooo,1,1,0.4054,Grimmsnarl
90966562,/Users/nickzwart/Desktop/9-8-2026/90966562.json,flg,1,1,0.6,Alakazam
90967094,/Users/nickzwart/Desktop/9-8-2026/90967094.json,takayosi,0,0,0.3983,Alakazam
90967241,/Users/nickzwart/Desktop/9-8-2026/90967241.json,MissingNo.,0,1,0.6364,Grimmsnarl
90967247,/Users/nickzwart/Desktop/9-8-2026/90967247.json,Boss's Orders Are All You Need,0,1,0.5312,Grimmsnarl
90967927,/Users/nickzwart/Desktop/9-8-2026/90967927.json,llkarill,0,1,0.4773,Alakazam
90968132,/Users/nickzwart/Desktop/9-8-2026/90968132.json,tktkyamyam,1,1,0.4793,Grimmsnarl
90968917,/Users/nickzwart/Desktop/9-8-2026/90968917.json,Yan,0,1,0.3125,Grimmsnarl
90969729,/Users/nickzwart/Desktop/9-8-2026/90969729.json,MissingNo.,0,0,0.6364,Grimmsnarl
90969853,/Users/nickzwart/Desktop/9-8-2026/90969853.json,flg,0,1,0.6,Grimmsnarl
90969624,/Users/nickzwart/Desktop/9-8-2026/90969624.json,Yan,0,0,0.3125,M-Lopunny
90970634,/Users/nickzwart/Desktop/9-8-2026/90970634.json,tktkyamyam,1,0,0.4793,Alakazam
90971296,/Users/nickzwart/Desktop/9-8-2026/90971296.json,kigasudayooo,1,0,0.4054,M-Lopunny
90971447,/Users/nickzwart/Desktop/9-8-2026/90971447.json,Nghia Tran,0,0,0.3415,Alakazam
90972217,/Users/nickzwart/Desktop/9-8-2026/90972217.json,takayosi,1,1,0.3983,Grimmsnarl
90972845,/Users/nickzwart/Desktop/9-8-2026/90972845.json,e-toppo + kurupical,0,0,0.4211,Alakazam
90973103,/Users/nickzwart/Desktop/9-8-2026/90973103.json,Changyuan Chen,1,1,0.4286,Grimmsnarl
90973800,/Users/nickzwart/Desktop/9-8-2026/90973800.json,takayosi,0,1,0.3983,M-Lucario
90973952,/Users/nickzwart/Desktop/9-8-2026/90973952.json,hatata,0,1,0.5263,Grimmsnarl
90974591,/Users/nickzwart/Desktop/9-8-2026/90974591.json,Nghia Tran,1,0,0.3415,Alakazam
90974639,/Users/nickzwart/Desktop/9-8-2026/90974639.json,Confusion,1,1,0.4588,Dragapult
90974683,/Users/nickzwart/Desktop/9-8-2026/90974683.json,takayosi,1,1,0.3983,Hydrapple
90975394,/Users/nickzwart/Desktop/9-8-2026/90975394.json,llkarill,1,0,0.4773,Alakazam
90976480,/Users/nickzwart/Desktop/9-8-2026/90976480.json,takayosi,1,1,0.3983,Grimmsnarl
90977051,/Users/nickzwart/Desktop/9-8-2026/90977051.json,takayosi,0,0,0.3983,Alakazam
90977052,/Users/nickzwart/Desktop/9-8-2026/90977052.json,palsystem,1,0,0.6121,Alakazam
90977293,/Users/nickzwart/Desktop/9-8-2026/90977293.json,タニシ,1,1,0.4643,Grimmsnarl
90977891,/Users/nickzwart/Desktop/9-8-2026/90977891.json,tktkyamyam,1,1,0.4793,Alakazam
90978737,/Users/nickzwart/Desktop/9-8-2026/90978737.json,Confusion,1,1,0.4588,Alakazam
90979036,/Users/nickzwart/Desktop/9-8-2026/90979036.json,Nghia Tran,1,0,0.3415,Crustle
90981242,/Users/nickzwart/Desktop/9-8-2026/90981242.json,flg,0,0,0.6,Alakazam
90981265,/Users/nickzwart/Desktop/9-8-2026/90981265.json,takayosi,0,0,0.3983,Alakazam
90984727,/Users/nickzwart/Desktop/9-8-2026/90984727.json,NIWATORI,1,0,0.619,Alakazam
90984782,/Users/nickzwart/Desktop/9-8-2026/90984782.json,Yan,0,0,0.3125,M-Lopunny
90983753,/Users/nickzwart/Desktop/9-8-2026/90983753.json,kigasudayooo,1,0,0.4054,Alakazam
90985664,/Users/nickzwart/Desktop/9-8-2026/90985664.json,NIWATORI,0,0,0.619,Alakazam
90986338,/Users/nickzwart/Desktop/9-8-2026/90986338.json,llkarill,1,0,0.4773,Alakazam
90988742,/Users/nickzwart/Desktop/9-8-2026/90988742.json,takayosi,0,0,0.3983,Hydrapple
90988811,/Users/nickzwart/Desktop/9-8-2026/90988811.json,kigasudayooo,0,0,0.4054,Crustle
90989759,/Users/nickzwart/Desktop/9-8-2026/90989759.json,Yan,1,0,0.3125,Grimmsnarl
90989554,/Users/nickzwart/Desktop/9-8-2026/90989554.json,Battle Data Base,1,1,0.4216,M-Lopunny
90990618,/Users/nickzwart/Desktop/9-8-2026/90990618.json,e-toppo + kurupical,0,1,0.4211,M-Lopunny
90990397,/Users/nickzwart/Desktop/9-8-2026/90990397.json,Battle Data Base,1,1,0.4216,Grimmsnarl
90990486,/Users/nickzwart/Desktop/9-8-2026/90990486.json,Confusion,1,0,0.4588,Alakazam
90991242,/Users/nickzwart/Desktop/9-8-2026/90991242.json,takayosi,0,1,0.3983,Alakazam
90992121,/Users/nickzwart/Desktop/9-8-2026/90992121.json,Battle Data Base,0,1,0.4216,Grimmsnarl
90992926,/Users/nickzwart/Desktop/9-8-2026/90992926.json,e-toppo + kurupical,1,1,0.4211,Alakazam
90992937,/Users/nickzwart/Desktop/9-8-2026/90992937.json,Battle Data Base,0,0,0.4216,M-Kangaskhan
90993004,/Users/nickzwart/Desktop/9-8-2026/90993004.json,Battle Data Base,1,1,0.4216,Grimmsnarl
90993790,/Users/nickzwart/Desktop/9-8-2026/90993790.json,Battle Data Base,0,1,0.4216,M-Kangaskhan
90993848,/Users/nickzwart/Desktop/9-8-2026/90993848.json,flg,1,0,0.6,Alakazam
90994798,/Users/nickzwart/Desktop/9-8-2026/90994798.json,KouFu,0,0,0.377,Alakazam
90995418,/Users/nickzwart/Desktop/9-8-2026/90995418.json,Battle Data Base,1,1,0.4216,M-Kangaskhan
90995422,/Users/nickzwart/Desktop/9-8-2026/90995422.json,Battle Data Base,1,0,0.4216,M-Lopunny
90995635,/Users/nickzwart/Desktop/9-8-2026/90995635.json,Nghia Tran,0,0,0.3415,Alakazam
90996226,/Users/nickzwart/Desktop/9-8-2026/90996226.json,KouFu,0,0,0.377,Hydrapple
90994587,/Users/nickzwart/Desktop/9-8-2026/90994587.json,Battle Data Base,0,1,0.4216,Grimmsnarl
90996315,/Users/nickzwart/Desktop/9-8-2026/90996315.json,Battle Data Base,0,1,0.4216,Grimmsnarl
90999602,/Users/nickzwart/Desktop/9-8-2026/90999602.json,タニシ,1,1,0.4643,M-Kangaskhan
90999726,/Users/nickzwart/Desktop/9-8-2026/90999726.json,Battle Data Base,1,0,0.4216,Dragapult
90998206,/Users/nickzwart/Desktop/9-8-2026/90998206.json,Changyuan Chen,1,0,0.4286,M-Lopunny
90998786,/Users/nickzwart/Desktop/9-8-2026/90998786.json,Battle Data Base,0,1,0.4216,Grimmsnarl
90997956,/Users/nickzwart/Desktop/9-8-2026/90997956.json,Battle Data Base,0,1,0.4216,Grimmsnarl
90997970,/Users/nickzwart/Desktop/9-8-2026/90997970.json,kigasudayooo,1,0,0.4054,M-Kangaskhan
90997971,/Users/nickzwart/Desktop/9-8-2026/90997971.json,Battle Data Base,0,0,0.4216,M-Lopunny
90997105,/Users/nickzwart/Desktop/9-8-2026/90997105.json,Confusion,1,1,0.4588,other
90997118,/Users/nickzwart/Desktop/9-8-2026/90997118.json,Battle Data Base,0,0,0.4216,Dragapult
90998808,/Users/nickzwart/Desktop/9-8-2026/90998808.json,Battle Data Base,1,1,0.4216,Grimmsnarl
90998940,/Users/nickzwart/Desktop/9-8-2026/90998940.json,Yan,1,0,0.3125,Hydrapple
90999789,/Users/nickzwart/Desktop/9-8-2026/90999789.json,kashiwashira,0,1,0.4848,M-Lopunny
91000470,/Users/nickzwart/Desktop/9-8-2026/91000470.json,Battle Data Base,0,0,0.4216,Dragapult
91001267,/Users/nickzwart/Desktop/9-8-2026/91001267.json,Battle Data Base,0,1,0.4216,Garchomp
91001427,/Users/nickzwart/Desktop/9-8-2026/91001427.json,Boss's Orders Are All You Need,0,0,0.5312,Alakazam
91000664,/Users/nickzwart/Desktop/9-8-2026/91000664.json,Artalmaz31,0,0,0.2857,Ogerpon
91000664,/Users/nickzwart/Desktop/9-8-2026/91000664.json,Confusion,1,1,0.4588,Ogerpon
91002398,/Users/nickzwart/Desktop/9-8-2026/91002398.json,tktkyamyam,1,1,0.4793,Grimmsnarl
91002920,/Users/nickzwart/Desktop/9-8-2026/91002920.json,Nghia Tran,1,1,0.3415,Grimmsnarl
91003011,/Users/nickzwart/Desktop/9-8-2026/91003011.json,Battle Data Base,1,1,0.4216,M-Kangaskhan
91002157,/Users/nickzwart/Desktop/9-8-2026/91002157.json,Battle Data Base,1,0,0.4216,Grimmsnarl
91002191,/Users/nickzwart/Desktop/9-8-2026/91002191.json,Changyuan Chen,1,0,0.4286,M-Lopunny
91003859,/Users/nickzwart/Desktop/9-8-2026/91003859.json,gecogeco,0,0,0.4516,M-Lopunny
91004685,/Users/nickzwart/Desktop/9-8-2026/91004685.json,Battle Data Base,0,0,0.4216,M-Kangaskhan
91004842,/Users/nickzwart/Desktop/9-8-2026/91004842.json,llkarill,1,0,0.4773,Alakazam
91005536,/Users/nickzwart/Desktop/9-8-2026/91005536.json,Nghia Tran,1,0,0.3415,M-Kangaskhan
91005589,/Users/nickzwart/Desktop/9-8-2026/91005589.json,Yan,1,0,0.3125,Alakazam
91007082,/Users/nickzwart/Desktop/9-8-2026/91007082.json,takayosi,1,1,0.3983,Grimmsnarl
91006435,/Users/nickzwart/Desktop/9-8-2026/91006435.json,Artalmaz31,1,1,0.2857,Grimmsnarl
91008077,/Users/nickzwart/Desktop/9-8-2026/91008077.json,Battle Data Base,1,1,0.4216,M-Lopunny
91008919,/Users/nickzwart/Desktop/9-8-2026/91008919.json,Battle Data Base,0,0,0.4216,M-Froslass
91009731,/Users/nickzwart/Desktop/9-8-2026/91009731.json,Battle Data Base,0,0,0.4216,M-Lopunny
91009740,/Users/nickzwart/Desktop/9-8-2026/91009740.json,Battle Data Base,1,0,0.4216,M-Lopunny
91009950,/Users/nickzwart/Desktop/9-8-2026/91009950.json,kashiwashira,1,1,0.4848,Alakazam
91010593,/Users/nickzwart/Desktop/9-8-2026/91010593.json,Battle Data Base,1,1,0.4216,Grimmsnarl
91010633,/Users/nickzwart/Desktop/9-8-2026/91010633.json,takayosi,0,0,0.3983,M-Lopunny
91011424,/Users/nickzwart/Desktop/9-8-2026/91011424.json,Battle Data Base,0,0,0.4216,M-Lopunny
91012206,/Users/nickzwart/Desktop/9-8-2026/91012206.json,Battle Data Base,1,0,0.4216,Alakazam
91012225,/Users/nickzwart/Desktop/9-8-2026/91012225.json,Battle Data Base,0,1,0.4216,Hydrapple
91012924,/Users/nickzwart/Desktop/9-8-2026/91012924.json,kigasudayooo,1,1,0.4054,Alakazam
91013069,/Users/nickzwart/Desktop/9-8-2026/91013069.json,kashiwashira,0,0,0.4848,Alakazam
91014803,/Users/nickzwart/Desktop/9-8-2026/91014803.json,Battle Data Base,1,0,0.4216,Grimmsnarl
91015572,/Users/nickzwart/Desktop/9-8-2026/91015572.json,KouFu,0,1,0.377,Grimmsnarl
91015759,/Users/nickzwart/Desktop/9-8-2026/91015759.json,flg,0,0,0.6,Grimmsnarl
91017982,/Users/nickzwart/Desktop/9-8-2026/91017982.json,llkarill,1,1,0.4773,Grimmsnarl
91017153,/Users/nickzwart/Desktop/9-8-2026/91017153.json,sobameshi,1,0,0.481,Grimmsnarl
91018085,/Users/nickzwart/Desktop/9-8-2026/91018085.json,kashiwashira,1,0,0.4848,M-Lopunny
91018301,/Users/nickzwart/Desktop/9-8-2026/91018301.json,sobameshi,0,0,0.481,Alakazam
91019028,/Users/nickzwart/Desktop/9-8-2026/91019028.json,Battle Data Base,0,0,0.4216,Dragapult
91020734,/Users/nickzwart/Desktop/9-8-2026/91020734.json,Battle Data Base,1,0,0.4216,Dragapult
91020741,/Users/nickzwart/Desktop/9-8-2026/91020741.json,Battle Data Base,1,0,0.4216,M-Lopunny
91020743,/Users/nickzwart/Desktop/9-8-2026/91020743.json,palsystem,1,1,0.6121,M-Lopunny
91021604,/Users/nickzwart/Desktop/9-8-2026/91021604.json,Battle Data Base,0,1,0.4216,M-Kangaskhan
91022237,/Users/nickzwart/Desktop/9-8-2026/91022237.json,tktkyamyam,1,1,0.4793,M-Kangaskhan
91022273,/Users/nickzwart/Desktop/9-8-2026/91022273.json,Confusion,0,1,0.4588,Grimmsnarl
91023166,/Users/nickzwart/Desktop/9-8-2026/91023166.json,tktkyamyam,0,1,0.4793,Grimmsnarl
91022390,/Users/nickzwart/Desktop/9-8-2026/91022390.json,Battle Data Base,0,0,0.4216,Grimmsnarl
91023290,/Users/nickzwart/Desktop/9-8-2026/91023290.json,Battle Data Base,0,0,0.4216,Alakazam
91023321,/Users/nickzwart/Desktop/9-8-2026/91023321.json,Battle Data Base,0,0,0.4216,Alakazam
91024845,/Users/nickzwart/Desktop/9-8-2026/91024845.json,Nghia Tran,0,1,0.3415,Grimmsnarl
91025755,/Users/nickzwart/Desktop/9-8-2026/91025755.json,NIWATORI,0,1,0.619,Grimmsnarl
91024938,/Users/nickzwart/Desktop/9-8-2026/91024938.json,MissingNo.,0,1,0.6364,Garchomp
91025524,/Users/nickzwart/Desktop/9-8-2026/91025524.json,sobameshi,0,0,0.481,M-Lopunny
91026516,/Users/nickzwart/Desktop/9-8-2026/91026516.json,KouFu,0,1,0.377,Grimmsnarl
91028321,/Users/nickzwart/Desktop/9-8-2026/91028321.json,Confusion,1,0,0.4588,other
91028986,/Users/nickzwart/Desktop/9-8-2026/91028986.json,Confusion,1,1,0.4588,Grimmsnarl
91029197,/Users/nickzwart/Desktop/9-8-2026/91029197.json,Confusion,1,0,0.4588,M-Kangaskhan
91029837,/Users/nickzwart/Desktop/9-8-2026/91029837.json,James Cox & Henry Chao,1,1,0.3333,other
91029885,/Users/nickzwart/Desktop/9-8-2026/91029885.json,flg,1,1,0.6,Grimmsnarl
91029925,/Users/nickzwart/Desktop/9-8-2026/91029925.json,kashiwashira,0,0,0.4848,Grimmsnarl
91030547,/Users/nickzwart/Desktop/9-8-2026/91030547.json,KouFu,1,0,0.377,Grimmsnarl
91030691,/Users/nickzwart/Desktop/9-8-2026/91030691.json,tktkyamyam,0,1,0.4793,Grimmsnarl
91031525,/Users/nickzwart/Desktop/9-8-2026/91031525.json,e-toppo + kurupical,1,1,0.4211,Hydrapple
91031564,/Users/nickzwart/Desktop/9-8-2026/91031564.json,NIWATORI,1,0,0.619,Grimmsnarl
91033219,/Users/nickzwart/Desktop/9-8-2026/91033219.json,Changyuan Chen,0,1,0.4286,Grimmsnarl
91032310,/Users/nickzwart/Desktop/9-8-2026/91032310.json,Battle Data Base,1,0,0.4216,Grimmsnarl
91035794,/Users/nickzwart/Desktop/9-8-2026/91035794.json,Confusion,1,0,0.4588,M-Kangaskhan
91035816,/Users/nickzwart/Desktop/9-8-2026/91035816.json,takayosi,0,0,0.3983,M-Lopunny
91035596,/Users/nickzwart/Desktop/9-8-2026/91035596.json,NIWATORI,0,1,0.619,Grimmsnarl
91035768,/Users/nickzwart/Desktop/9-8-2026/91035768.json,kashiwashira,1,1,0.4848,Hydrapple
91035903,/Users/nickzwart/Desktop/9-8-2026/91035903.json,takayosi,0,1,0.3983,Grimmsnarl
91036637,/Users/nickzwart/Desktop/9-8-2026/91036637.json,NIWATORI,0,0,0.619,Grimmsnarl
91037555,/Users/nickzwart/Desktop/9-8-2026/91037555.json,Nghia Tran,1,0,0.3415,M-Lopunny
91037581,/Users/nickzwart/Desktop/9-8-2026/91037581.json,kigasudayooo,0,1,0.4054,Grimmsnarl
91038359,/Users/nickzwart/Desktop/9-8-2026/91038359.json,Yan,1,1,0.3125,Grimmsnarl
91038366,/Users/nickzwart/Desktop/9-8-2026/91038366.json,tktkyamyam,0,1,0.4793,Grimmsnarl
91038374,/Users/nickzwart/Desktop/9-8-2026/91038374.json,takayosi,0,1,0.3983,Grimmsnarl
91039061,/Users/nickzwart/Desktop/9-8-2026/91039061.json,Battle Data Base,0,0,0.4216,M-Lucario
91040041,/Users/nickzwart/Desktop/9-8-2026/91040041.json,Confusion,1,0,0.4588,Grimmsnarl
91039884,/Users/nickzwart/Desktop/9-8-2026/91039884.json,Nghia Tran,0,0,0.3415,M-Lopunny
91042605,/Users/nickzwart/Desktop/9-8-2026/91042605.json,takayosi,0,0,0.3983,Hydrapple
91043438,/Users/nickzwart/Desktop/9-8-2026/91043438.json,MissingNo.,0,1,0.6364,Grimmsnarl
91044289,/Users/nickzwart/Desktop/9-8-2026/91044289.json,e-toppo + kurupical,0,0,0.4211,Alakazam
91045956,/Users/nickzwart/Desktop/9-8-2026/91045956.json,KouFu,0,0,0.377,Alakazam
91047572,/Users/nickzwart/Desktop/9-8-2026/91047572.json,kashiwashira,0,1,0.4848,other
91047580,/Users/nickzwart/Desktop/9-8-2026/91047580.json,kashiwashira,1,1,0.4848,M-Lopunny
91047625,/Users/nickzwart/Desktop/9-8-2026/91047625.json,tktkyamyam,0,0,0.4793,Dragapult
91048178,/Users/nickzwart/Desktop/9-8-2026/91048178.json,tktkyamyam,1,0,0.4793,Archaludon
91048424,/Users/nickzwart/Desktop/9-8-2026/91048424.json,sobameshi,1,0,0.481,M-Lopunny
91049083,/Users/nickzwart/Desktop/9-8-2026/91049083.json,KouFu,0,1,0.377,Grimmsnarl
91049199,/Users/nickzwart/Desktop/9-8-2026/91049199.json,e-toppo + kurupical,1,0,0.4211,M-Lucario
91050023,/Users/nickzwart/Desktop/9-8-2026/91050023.json,KouFu,1,0,0.377,M-Lopunny
91050180,/Users/nickzwart/Desktop/9-8-2026/91050180.json,takayosi,1,1,0.3983,Dragapult
91050719,/Users/nickzwart/Desktop/9-8-2026/91050719.json,Confusion,1,1,0.4588,Dragapult
91050937,/Users/nickzwart/Desktop/9-8-2026/91050937.json,Changyuan Chen,1,1,0.4286,Grimmsnarl
91051013,/Users/nickzwart/Desktop/9-8-2026/91051013.json,llkarill,0,1,0.4773,Ogerpon
91051013,/Users/nickzwart/Desktop/9-8-2026/91051013.json,takayosi,1,0,0.3983,Ogerpon
91051730,/Users/nickzwart/Desktop/9-8-2026/91051730.json,KouFu,1,1,0.377,Grimmsnarl
91052645,/Users/nickzwart/Desktop/9-8-2026/91052645.json,Confusion,1,0,0.4588,Grimmsnarl
91052731,/Users/nickzwart/Desktop/9-8-2026/91052731.json,Boss's Orders Are All You Need,1,1,0.5312,Grimmsnarl
91052757,/Users/nickzwart/Desktop/9-8-2026/91052757.json,kashiwashira,1,1,0.4848,Grimmsnarl
91055794,/Users/nickzwart/Desktop/9-8-2026/91055794.json,KouFu,0,0,0.377,Hydrapple
91056621,/Users/nickzwart/Desktop/9-8-2026/91056621.json,sobameshi,1,1,0.481,Dragapult
91059289,/Users/nickzwart/Desktop/9-8-2026/91059289.json,tktkyamyam,1,0,0.4793,M-Lopunny
91059492,/Users/nickzwart/Desktop/9-8-2026/91059492.json,flg,1,1,0.6,Alakazam
91060110,/Users/nickzwart/Desktop/9-8-2026/91060110.json,takayosi,1,0,0.3983,M-Lopunny
91060292,/Users/nickzwart/Desktop/9-8-2026/91060292.json,Confusion,1,0,0.4588,M-Lopunny
91060379,/Users/nickzwart/Desktop/9-8-2026/91060379.json,Yan,0,0,0.3125,Alakazam
91060946,/Users/nickzwart/Desktop/9-8-2026/91060946.json,sobameshi,0,1,0.481,Grimmsnarl
91061821,/Users/nickzwart/Desktop/9-8-2026/91061821.json,sobameshi,0,1,0.481,Grimmsnarl
91061870,/Users/nickzwart/Desktop/9-8-2026/91061870.json,sobameshi,1,0,0.481,Dragapult
91061930,/Users/nickzwart/Desktop/9-8-2026/91061930.json,llkarill,1,0,0.4773,Dragapult
91062818,/Users/nickzwart/Desktop/9-8-2026/91062818.json,sobameshi,0,1,0.481,M-Lopunny
91062861,/Users/nickzwart/Desktop/9-8-2026/91062861.json,Confusion,1,0,0.4588,Dragapult
91063572,/Users/nickzwart/Desktop/9-8-2026/91063572.json,sobameshi,0,0,0.481,Grimmsnarl
91063616,/Users/nickzwart/Desktop/9-8-2026/91063616.json,takayosi,1,0,0.3983,M-Lopunny
91063670,/Users/nickzwart/Desktop/9-8-2026/91063670.json,Nghia Tran,1,0,0.3415,Hydrapple
91064444,/Users/nickzwart/Desktop/9-8-2026/91064444.json,sobameshi,1,0,0.481,M-Lopunny
91064564,/Users/nickzwart/Desktop/9-8-2026/91064564.json,Yan,0,0,0.3125,Dragapult
91065480,/Users/nickzwart/Desktop/9-8-2026/91065480.json,Battle Data Base,1,0,0.4216,M-Lucario
91066212,/Users/nickzwart/Desktop/9-8-2026/91066212.json,sobameshi,1,1,0.481,Alakazam
91065329,/Users/nickzwart/Desktop/9-8-2026/91065329.json,sobameshi,1,1,0.481,Grimmsnarl
91066439,/Users/nickzwart/Desktop/9-8-2026/91066439.json,kigasudayooo,1,0,0.4054,M-Lucario
91067064,/Users/nickzwart/Desktop/9-8-2026/91067064.json,sobameshi,0,1,0.481,M-Lucario
91067099,/Users/nickzwart/Desktop/9-8-2026/91067099.json,tktkyamyam,0,0,0.4793,Hydrapple
91066237,/Users/nickzwart/Desktop/9-8-2026/91066237.json,Nghia Tran,1,0,0.3415,Alakazam
91066295,/Users/nickzwart/Desktop/9-8-2026/91066295.json,Changyuan Chen,0,1,0.4286,Dragapult
91067206,/Users/nickzwart/Desktop/9-8-2026/91067206.json,Artalmaz31,0,0,0.2857,Dragapult
91068085,/Users/nickzwart/Desktop/9-8-2026/91068085.json,llkarill,0,1,0.4773,Dragapult
91067952,/Users/nickzwart/Desktop/9-8-2026/91067952.json,sobameshi,1,1,0.481,M-Kangaskhan
91069021,/Users/nickzwart/Desktop/9-8-2026/91069021.json,flg,0,1,0.6,Grimmsnarl
91069965,/Users/nickzwart/Desktop/9-8-2026/91069965.json,takayosi,1,1,0.3983,M-Kangaskhan
91070674,/Users/nickzwart/Desktop/9-8-2026/91070674.json,sobameshi,1,0,0.481,M-Kangaskhan
91068827,/Users/nickzwart/Desktop/9-8-2026/91068827.json,sobameshi,0,1,0.481,M-Kangaskhan
91068972,/Users/nickzwart/Desktop/9-8-2026/91068972.json,Artalmaz31,1,0,0.2857,Grimmsnarl
91070882,/Users/nickzwart/Desktop/9-8-2026/91070882.json,e-toppo + kurupical,1,0,0.4211,Grimmsnarl
91071461,/Users/nickzwart/Desktop/9-8-2026/91071461.json,sobameshi,0,0,0.481,Ogerpon
91071461,/Users/nickzwart/Desktop/9-8-2026/91071461.json,Artalmaz31,1,1,0.2857,Ogerpon
91071500,/Users/nickzwart/Desktop/9-8-2026/91071500.json,KouFu,0,0,0.377,M-Lopunny
91071614,/Users/nickzwart/Desktop/9-8-2026/91071614.json,KouFu,0,0,0.377,M-Lucario
91072346,/Users/nickzwart/Desktop/9-8-2026/91072346.json,sobameshi,0,1,0.481,Grimmsnarl
91072454,/Users/nickzwart/Desktop/9-8-2026/91072454.json,e-toppo + kurupical,1,0,0.4211,M-Lopunny
91072497,/Users/nickzwart/Desktop/9-8-2026/91072497.json,e-toppo + kurupical,0,1,0.4211,M-Lucario
91072514,/Users/nickzwart/Desktop/9-8-2026/91072514.json,takayosi,0,0,0.3983,M-Kangaskhan
91073189,/Users/nickzwart/Desktop/9-8-2026/91073189.json,sobameshi,1,1,0.481,M-Lucario
91073224,/Users/nickzwart/Desktop/9-8-2026/91073224.json,tktkyamyam,1,0,0.4793,M-Lopunny
91073301,/Users/nickzwart/Desktop/9-8-2026/91073301.json,Nghia Tran,1,0,0.3415,Dragapult
91074112,/Users/nickzwart/Desktop/9-8-2026/91074112.json,sobameshi,1,0,0.481,Alakazam
91074875,/Users/nickzwart/Desktop/9-8-2026/91074875.json,tw_shin,0,1,0.5,Grimmsnarl
91075002,/Users/nickzwart/Desktop/9-8-2026/91075002.json,sobameshi,0,0,0.481,M-Lucario
91075205,/Users/nickzwart/Desktop/9-8-2026/91075205.json,llkarill,1,0,0.4773,Alakazam
91075763,/Users/nickzwart/Desktop/9-8-2026/91075763.json,sobameshi,1,1,0.481,Grimmsnarl
91076071,/Users/nickzwart/Desktop/9-8-2026/91076071.json,tw_shin,1,1,0.5,Grimmsnarl
91076626,/Users/nickzwart/Desktop/9-8-2026/91076626.json,tw_shin,1,0,0.5,M-Lopunny
91076748,/Users/nickzwart/Desktop/9-8-2026/91076748.json,takayosi,0,1,0.3983,Ogerpon
91076748,/Users/nickzwart/Desktop/9-8-2026/91076748.json,sobameshi,1,0,0.481,Ogerpon
91077608,/Users/nickzwart/Desktop/9-8-2026/91077608.json,KouFu,0,1,0.377,Ogerpon
91077608,/Users/nickzwart/Desktop/9-8-2026/91077608.json,sobameshi,1,0,0.481,Ogerpon
91077836,/Users/nickzwart/Desktop/9-8-2026/91077836.json,tw_shin,1,0,0.5,M-Lopunny
91078520,/Users/nickzwart/Desktop/9-8-2026/91078520.json,tktkyamyam,0,1,0.4793,Ogerpon
91078520,/Users/nickzwart/Desktop/9-8-2026/91078520.json,sobameshi,1,0,0.481,Ogerpon
91078633,/Users/nickzwart/Desktop/9-8-2026/91078633.json,takayosi,0,1,0.3983,Grimmsnarl
91078634,/Users/nickzwart/Desktop/9-8-2026/91078634.json,Battle Data Base,0,1,0.4216,Dragapult
91078660,/Users/nickzwart/Desktop/9-8-2026/91078660.json,Battle Data Base,0,0,0.4216,Alakazam
91079383,/Users/nickzwart/Desktop/9-8-2026/91079383.json,sobameshi,1,1,0.481,M-Kangaskhan
91079415,/Users/nickzwart/Desktop/9-8-2026/91079415.json,MissingNo.,1,1,0.6364,Hydrapple
91079493,/Users/nickzwart/Desktop/9-8-2026/91079493.json,Artalmaz31,0,1,0.2857,Grimmsnarl
91080137,/Users/nickzwart/Desktop/9-8-2026/91080137.json,tw_shin,0,1,0.5,Grimmsnarl
91080258,/Users/nickzwart/Desktop/9-8-2026/91080258.json,sobameshi,0,1,0.481,Ogerpon
91080258,/Users/nickzwart/Desktop/9-8-2026/91080258.json,Changyuan Chen,1,0,0.4286,Ogerpon
91080991,/Users/nickzwart/Desktop/9-8-2026/91080991.json,tw_shin,1,0,0.5,Alakazam
91081011,/Users/nickzwart/Desktop/9-8-2026/91081011.json,KouFu,0,1,0.377,Ogerpon
91081011,/Users/nickzwart/Desktop/9-8-2026/91081011.json,tw_shin,1,0,0.5,Ogerpon
91081120,/Users/nickzwart/Desktop/9-8-2026/91081120.json,sobameshi,0,1,0.481,Grimmsnarl
91081156,/Users/nickzwart/Desktop/9-8-2026/91081156.json,tw_shin,1,0,0.5,Hydrapple
91081177,/Users/nickzwart/Desktop/9-8-2026/91081177.json,KouFu,0,0,0.377,Dragapult
91081205,/Users/nickzwart/Desktop/9-8-2026/91081205.json,Battle Data Base,1,0,0.4216,Grimmsnarl
91082751,/Users/nickzwart/Desktop/9-8-2026/91082751.json,tw_shin,0,1,0.5,Grimmsnarl
91082864,/Users/nickzwart/Desktop/9-8-2026/91082864.json,sobameshi,0,1,0.481,Grimmsnarl
91082883,/Users/nickzwart/Desktop/9-8-2026/91082883.json,Artalmaz31,1,0,0.2857,M-Lopunny
91082042,/Users/nickzwart/Desktop/9-8-2026/91082042.json,Confusion,1,0,0.4588,M-Lopunny
91082188,/Users/nickzwart/Desktop/9-8-2026/91082188.json,kigasudayooo,0,0,0.4054,Hydrapple
91082713,/Users/nickzwart/Desktop/9-8-2026/91082713.json,tw_shin,0,0,0.5,Hydrapple
91083764,/Users/nickzwart/Desktop/9-8-2026/91083764.json,sobameshi,0,1,0.481,Grimmsnarl
91084533,/Users/nickzwart/Desktop/9-8-2026/91084533.json,tw_shin,1,0,0.5,Crustle
91084639,/Users/nickzwart/Desktop/9-8-2026/91084639.json,sobameshi,0,0,0.481,Dragapult
91084647,/Users/nickzwart/Desktop/9-8-2026/91084647.json,Changyuan Chen,0,0,0.4286,Alakazam
91085409,/Users/nickzwart/Desktop/9-8-2026/91085409.json,tw_shin,1,1,0.5,Grimmsnarl
91085514,/Users/nickzwart/Desktop/9-8-2026/91085514.json,Nghia Tran,0,1,0.3415,Ogerpon
91085514,/Users/nickzwart/Desktop/9-8-2026/91085514.json,sobameshi,1,0,0.481,Ogerpon
91086388,/Users/nickzwart/Desktop/9-8-2026/91086388.json,sobameshi,0,1,0.481,Grimmsnarl
91086448,/Users/nickzwart/Desktop/9-8-2026/91086448.json,tktkyamyam,0,1,0.4793,Dragapult
91087243,/Users/nickzwart/Desktop/9-8-2026/91087243.json,KouFu,0,0,0.377,M-Lopunny
91087282,/Users/nickzwart/Desktop/9-8-2026/91087282.json,Yan,0,1,0.3125,Ogerpon
91087282,/Users/nickzwart/Desktop/9-8-2026/91087282.json,sobameshi,1,0,0.481,Ogerpon
91087429,/Users/nickzwart/Desktop/9-8-2026/91087429.json,tw_shin,1,1,0.5,Grimmsnarl
91088291,/Users/nickzwart/Desktop/9-8-2026/91088291.json,yuki0202,1,1,0.4483,M-Lucario
91088884,/Users/nickzwart/Desktop/9-8-2026/91088884.json,Saber,0,0,0.52,M-Lopunny
91088053,/Users/nickzwart/Desktop/9-8-2026/91088053.json,tw_shin,0,1,0.5,Ogerpon
91088053,/Users/nickzwart/Desktop/9-8-2026/91088053.json,Yan,1,0,0.3125,Ogerpon
91088144,/Users/nickzwart/Desktop/9-8-2026/91088144.json,tktkyamyam,1,1,0.4793,Grimmsnarl
91088148,/Users/nickzwart/Desktop/9-8-2026/91088148.json,takayosi,1,0,0.3983,Hydrapple
91088150,/Users/nickzwart/Desktop/9-8-2026/91088150.json,sobameshi,0,1,0.481,Grimmsnarl
91088913,/Users/nickzwart/Desktop/9-8-2026/91088913.json,KouFu,1,1,0.377,Alakazam
91089006,/Users/nickzwart/Desktop/9-8-2026/91089006.json,tw_shin,0,1,0.5,M-Kangaskhan
91089191,/Users/nickzwart/Desktop/9-8-2026/91089191.json,KouFu,0,1,0.377,M-Lopunny
91089738,/Users/nickzwart/Desktop/9-8-2026/91089738.json,Saber,0,1,0.52,Grimmsnarl
91089789,/Users/nickzwart/Desktop/9-8-2026/91089789.json,Battle Data Base,0,0,0.4216,Ogerpon
91089789,/Users/nickzwart/Desktop/9-8-2026/91089789.json,tw_shin,1,1,0.5,Ogerpon
91089076,/Users/nickzwart/Desktop/9-8-2026/91089076.json,Battle Data Base,1,0,0.4216,Dragapult
91089897,/Users/nickzwart/Desktop/9-8-2026/91089897.json,flg,1,0,0.6,Dragapult
91090646,/Users/nickzwart/Desktop/9-8-2026/91090646.json,tw_shin,1,0,0.5,Grimmsnarl
91090805,/Users/nickzwart/Desktop/9-8-2026/91090805.json,sobameshi,0,1,0.481,Grimmsnarl
91091469,/Users/nickzwart/Desktop/9-8-2026/91091469.json,Saber,0,0,0.52,Ogerpon
91091469,/Users/nickzwart/Desktop/9-8-2026/91091469.json,Boss's Orders Are All You Need,1,1,0.5312,Ogerpon
91091515,/Users/nickzwart/Desktop/9-8-2026/91091515.json,tw_shin,0,1,0.5,M-Kangaskhan
91091611,/Users/nickzwart/Desktop/9-8-2026/91091611.json,sobameshi,1,1,0.481,Garchomp
91091697,/Users/nickzwart/Desktop/9-8-2026/91091697.json,Artalmaz31,0,0,0.2857,M-Lopunny
91092404,/Users/nickzwart/Desktop/9-8-2026/91092404.json,tw_shin,1,0,0.5,Grimmsnarl
91092477,/Users/nickzwart/Desktop/9-8-2026/91092477.json,Artalmaz31,1,0,0.2857,M-Lopunny
91092504,/Users/nickzwart/Desktop/9-8-2026/91092504.json,sobameshi,0,1,0.481,M-Lopunny
91093357,/Users/nickzwart/Desktop/9-8-2026/91093357.json,sobameshi,0,0,0.481,M-Lucario
91093392,/Users/nickzwart/Desktop/9-8-2026/91093392.json,llkarill,0,1,0.4773,Hydrapple
91093226,/Users/nickzwart/Desktop/9-8-2026/91093226.json,Saber,0,1,0.52,Grimmsnarl
91093270,/Users/nickzwart/Desktop/9-8-2026/91093270.json,tw_shin,1,0,0.5,Grimmsnarl
91093508,/Users/nickzwart/Desktop/9-8-2026/91093508.json,tw_shin,0,0,0.5,M-Lopunny
91094108,/Users/nickzwart/Desktop/9-8-2026/91094108.json,Saber,0,0,0.52,M-Lopunny
91094186,/Users/nickzwart/Desktop/9-8-2026/91094186.json,tw_shin,0,1,0.5,Grimmsnarl
91094202,/Users/nickzwart/Desktop/9-8-2026/91094202.json,sobameshi,0,0,0.481,M-Kangaskhan
91094270,/Users/nickzwart/Desktop/9-8-2026/91094270.json,kashiwashira,1,0,0.4848,M-Kangaskhan
91094351,/Users/nickzwart/Desktop/9-8-2026/91094351.json,Changyuan Chen,0,0,0.4286,Grimmsnarl
91095879,/Users/nickzwart/Desktop/9-8-2026/91095879.json,kigasudayooo,0,0,0.4054,Hydrapple
91095986,/Users/nickzwart/Desktop/9-8-2026/91095986.json,sobameshi,0,1,0.481,Alakazam
91096094,/Users/nickzwart/Desktop/9-8-2026/91096094.json,yuki0202,1,1,0.4483,Crustle
91096138,/Users/nickzwart/Desktop/9-8-2026/91096138.json,flg,1,0,0.6,Hydrapple
91096667,/Users/nickzwart/Desktop/9-8-2026/91096667.json,Nghia Tran,1,0,0.3415,M-Lopunny
91097660,/Users/nickzwart/Desktop/9-8-2026/91097660.json,tw_shin,0,1,0.5,Grimmsnarl
91096954,/Users/nickzwart/Desktop/9-8-2026/91096954.json,sobameshi,1,0,0.481,Grimmsnarl
91097546,/Users/nickzwart/Desktop/9-8-2026/91097546.json,Confusion,0,0,0.4588,M-Lopunny
91098512,/Users/nickzwart/Desktop/9-8-2026/91098512.json,KouFu,0,1,0.377,Hydrapple
91098604,/Users/nickzwart/Desktop/9-8-2026/91098604.json,sobameshi,0,0,0.481,Ogerpon
91098604,/Users/nickzwart/Desktop/9-8-2026/91098604.json,llkarill,1,1,0.4773,Ogerpon
91098621,/Users/nickzwart/Desktop/9-8-2026/91098621.json,tw_shin,1,0,0.5,M-Lopunny
91099396,/Users/nickzwart/Desktop/9-8-2026/91099396.json,tw_shin,1,0,0.5,M-Kangaskhan
91099564,/Users/nickzwart/Desktop/9-8-2026/91099564.json,yuki0202,0,1,0.4483,M-Lucario
91100366,/Users/nickzwart/Desktop/9-8-2026/91100366.json,sobameshi,1,1,0.481,Ogerpon
91101065,/Users/nickzwart/Desktop/9-8-2026/91101065.json,KouFu,1,0,0.377,M-Kangaskhan
91101272,/Users/nickzwart/Desktop/9-8-2026/91101272.json,sobameshi,0,1,0.481,Grimmsnarl
91102067,/Users/nickzwart/Desktop/9-8-2026/91102067.json,Confusion,0,0,0.4588,Ogerpon
91102067,/Users/nickzwart/Desktop/9-8-2026/91102067.json,Saber,1,1,0.52,Ogerpon
91102248,/Users/nickzwart/Desktop/9-8-2026/91102248.json,yuki0202,1,1,0.4483,Grimmsnarl
91102852,/Users/nickzwart/Desktop/9-8-2026/91102852.json,Saber,1,1,0.52,Grimmsnarl
91103027,/Users/nickzwart/Desktop/9-8-2026/91103027.json,Boss's Orders Are All You Need,1,0,0.5312,Grimmsnarl
91103045,/Users/nickzwart/Desktop/9-8-2026/91103045.json,kigasudayooo,0,0,0.4054,Dragapult
91103066,/Users/nickzwart/Desktop/9-8-2026/91103066.json,sobameshi,0,1,0.481,Hydrapple
91103082,/Users/nickzwart/Desktop/9-8-2026/91103082.json,sobameshi,0,0,0.481,M-Lopunny
91103734,/Users/nickzwart/Desktop/9-8-2026/91103734.json,Saber,0,0,0.52,M-Kangaskhan
91103841,/Users/nickzwart/Desktop/9-8-2026/91103841.json,NIWATORI,0,1,0.619,Grimmsnarl
91103908,/Users/nickzwart/Desktop/9-8-2026/91103908.json,MissingNo.,0,1,0.6364,Hydrapple
91103923,/Users/nickzwart/Desktop/9-8-2026/91103923.json,sobameshi,0,1,0.481,Grimmsnarl
91104730,/Users/nickzwart/Desktop/9-8-2026/91104730.json,takayosi,1,0,0.3983,Alakazam
91104554,/Users/nickzwart/Desktop/9-8-2026/91104554.json,KouFu,0,0,0.377,M-Lopunny
91106364,/Users/nickzwart/Desktop/9-8-2026/91106364.json,Saber,1,1,0.52,Grimmsnarl
91106508,/Users/nickzwart/Desktop/9-8-2026/91106508.json,MissingNo.,0,1,0.6364,Dragapult
91106575,/Users/nickzwart/Desktop/9-8-2026/91106575.json,takayosi,0,1,0.3983,Grimmsnarl
91108059,/Users/nickzwart/Desktop/9-8-2026/91108059.json,Battle Data Base,0,0,0.4216,Dragapult
91109153,/Users/nickzwart/Desktop/9-8-2026/91109153.json,Changyuan Chen,1,0,0.4286,Hydrapple
91109195,/Users/nickzwart/Desktop/9-8-2026/91109195.json,Boss's Orders Are All You Need,1,1,0.5312,Dragapult
91109939,/Users/nickzwart/Desktop/9-8-2026/91109939.json,tktkyamyam,0,0,0.4793,Crustle
91111862,/Users/nickzwart/Desktop/9-8-2026/91111862.json,sobameshi,1,0,0.481,Grimmsnarl
91112455,/Users/nickzwart/Desktop/9-8-2026/91112455.json,kigasudayooo,0,0,0.4054,M-Lopunny
91111666,/Users/nickzwart/Desktop/9-8-2026/91111666.json,Saber,0,1,0.52,Grimmsnarl
91110868,/Users/nickzwart/Desktop/9-8-2026/91110868.json,Battle Data Base,0,0,0.4216,Grimmsnarl
91113406,/Users/nickzwart/Desktop/9-8-2026/91113406.json,tktkyamyam,0,0,0.4793,Dragapult
91114280,/Users/nickzwart/Desktop/9-8-2026/91114280.json,Saber,0,1,0.52,Grimmsnarl
91114413,/Users/nickzwart/Desktop/9-8-2026/91114413.json,sobameshi,1,0,0.481,M-Lopunny
91113492,/Users/nickzwart/Desktop/9-8-2026/91113492.json,KouFu,1,0,0.377,Alakazam
91114480,/Users/nickzwart/Desktop/9-8-2026/91114480.json,sobameshi,0,0,0.481,M-Lopunny
91115057,/Users/nickzwart/Desktop/9-8-2026/91115057.json,Battle Data Base,0,1,0.4216,Grimmsnarl
91115926,/Users/nickzwart/Desktop/9-8-2026/91115926.json,sobameshi,1,1,0.481,Grimmsnarl
91116099,/Users/nickzwart/Desktop/9-8-2026/91116099.json,sobameshi,1,0,0.481,M-Lopunny
91116238,/Users/nickzwart/Desktop/9-8-2026/91116238.json,flg,0,1,0.6,Grimmsnarl
91116764,/Users/nickzwart/Desktop/9-8-2026/91116764.json,takayosi,1,0,0.3983,Alakazam
91116789,/Users/nickzwart/Desktop/9-8-2026/91116789.json,kigasudayooo,1,0,0.4054,M-Lopunny
91117988,/Users/nickzwart/Desktop/9-8-2026/91117988.json,Confusion,0,1,0.4588,Grimmsnarl
91116928,/Users/nickzwart/Desktop/9-8-2026/91116928.json,Saber,1,1,0.52,Grimmsnarl
91118697,/Users/nickzwart/Desktop/9-8-2026/91118697.json,Saber,0,1,0.52,Grimmsnarl
91118718,/Users/nickzwart/Desktop/9-8-2026/91118718.json,kashiwashira,0,0,0.4848,M-Lopunny
91119563,/Users/nickzwart/Desktop/9-8-2026/91119563.json,kigasudayooo,1,1,0.4054,Dragapult
91119626,/Users/nickzwart/Desktop/9-8-2026/91119626.json,Nghia Tran,0,1,0.3415,Grimmsnarl
91119366,/Users/nickzwart/Desktop/9-8-2026/91119366.json,Saber,0,0,0.52,Dragapult
91120258,/Users/nickzwart/Desktop/9-8-2026/91120258.json,MissingNo.,1,1,0.6364,Alakazam
91120527,/Users/nickzwart/Desktop/9-8-2026/91120527.json,llkarill,1,1,0.4773,Alakazam
91121109,/Users/nickzwart/Desktop/9-8-2026/91121109.json,takayosi,0,0,0.3983,Alakazam
91121315,/Users/nickzwart/Desktop/9-8-2026/91121315.json,tktkyamyam,1,0,0.4793,Dragapult
91121419,/Users/nickzwart/Desktop/9-8-2026/91121419.json,Saber,0,0,0.52,Dragapult
91122065,/Users/nickzwart/Desktop/9-8-2026/91122065.json,llkarill,0,0,0.4773,M-Lopunny
91123106,/Users/nickzwart/Desktop/9-8-2026/91123106.json,tktkyamyam,0,1,0.4793,Hydrapple
91123831,/Users/nickzwart/Desktop/9-8-2026/91123831.json,Saber,0,1,0.52,Grimmsnarl
91124648,/Users/nickzwart/Desktop/9-8-2026/91124648.json,llkarill,1,0,0.4773,Grimmsnarl
91124963,/Users/nickzwart/Desktop/9-8-2026/91124963.json,takayosi,0,1,0.3983,Grimmsnarl
91125571,/Users/nickzwart/Desktop/9-8-2026/91125571.json,yuki0202,1,1,0.4483,Grimmsnarl
91126545,/Users/nickzwart/Desktop/9-8-2026/91126545.json,tktkyamyam,0,1,0.4793,Grimmsnarl
91126659,/Users/nickzwart/Desktop/9-8-2026/91126659.json,KouFu,1,1,0.377,Grimmsnarl
91127293,/Users/nickzwart/Desktop/9-8-2026/91127293.json,kigasudayooo,0,0,0.4054,Dragapult
91128189,/Users/nickzwart/Desktop/9-8-2026/91128189.json,Confusion,0,0,0.4588,M-Lopunny
91128397,/Users/nickzwart/Desktop/9-8-2026/91128397.json,KouFu,0,1,0.377,Dragapult
91129028,/Users/nickzwart/Desktop/9-8-2026/91129028.json,sobameshi,1,0,0.481,Alakazam
91129061,/Users/nickzwart/Desktop/9-8-2026/91129061.json,Dipam Chakraborty,1,1,0.7647,Alakazam
91129066,/Users/nickzwart/Desktop/9-8-2026/91129066.json,tktkyamyam,1,1,0.4793,Grimmsnarl
91129904,/Users/nickzwart/Desktop/9-8-2026/91129904.json,yuki0202,0,0,0.4483,M-Lopunny
91130177,/Users/nickzwart/Desktop/9-8-2026/91130177.json,Changyuan Chen,1,0,0.4286,Hydrapple
91130029,/Users/nickzwart/Desktop/9-8-2026/91130029.json,sobameshi,1,0,0.481,M-Lopunny
91131019,/Users/nickzwart/Desktop/9-8-2026/91131019.json,flg,1,1,0.6,M-Lopunny
91131873,/Users/nickzwart/Desktop/9-8-2026/91131873.json,タニシ,1,1,0.4643,Grimmsnarl
91131943,/Users/nickzwart/Desktop/9-8-2026/91131943.json,Battle Data Base,1,0,0.4216,Alakazam
91132642,/Users/nickzwart/Desktop/9-8-2026/91132642.json,llkarill,1,1,0.4773,M-Lopunny
91133592,/Users/nickzwart/Desktop/9-8-2026/91133592.json,Nghia Tran,0,0,0.3415,Alakazam
91134492,/Users/nickzwart/Desktop/9-8-2026/91134492.json,James Cox & Henry Chao,1,0,0.3333,Alakazam
91135058,/Users/nickzwart/Desktop/9-8-2026/91135058.json,Boss's Orders Are All You Need,1,1,0.5312,Alakazam
91135167,/Users/nickzwart/Desktop/9-8-2026/91135167.json,Dipam Chakraborty,0,1,0.7647,Ogerpon
91135167,/Users/nickzwart/Desktop/9-8-2026/91135167.json,Saber,1,0,0.52,Ogerpon
91135343,/Users/nickzwart/Desktop/9-8-2026/91135343.json,KouFu,0,0,0.377,Hydrapple
91135399,/Users/nickzwart/Desktop/9-8-2026/91135399.json,KouFu,0,0,0.377,Hydrapple
91135931,/Users/nickzwart/Desktop/9-8-2026/91135931.json,Boss's Orders Are All You Need,0,0,0.5312,Grimmsnarl
91135994,/Users/nickzwart/Desktop/9-8-2026/91135994.json,Dipam Chakraborty,1,1,0.7647,Grimmsnarl
91136011,/Users/nickzwart/Desktop/9-8-2026/91136011.json,Battle Data Base,1,0,0.4216,Grimmsnarl
91136038,/Users/nickzwart/Desktop/9-8-2026/91136038.json,Dipam Chakraborty,1,1,0.7647,Grimmsnarl
91136071,/Users/nickzwart/Desktop/9-8-2026/91136071.json,takayosi,0,0,0.3983,M-Lopunny
91136148,/Users/nickzwart/Desktop/9-8-2026/91136148.json,takayosi,0,0,0.3983,M-Lopunny
91136923,/Users/nickzwart/Desktop/9-8-2026/91136923.json,KouFu,0,0,0.377,Ogerpon
91136923,/Users/nickzwart/Desktop/9-8-2026/91136923.json,Dipam Chakraborty,1,1,0.7647,Ogerpon
91136953,/Users/nickzwart/Desktop/9-8-2026/91136953.json,Changyuan Chen,0,0,0.4286,Crustle
91138008,/Users/nickzwart/Desktop/9-8-2026/91138008.json,kashiwashira,0,1,0.4848,Hydrapple
91137803,/Users/nickzwart/Desktop/9-8-2026/91137803.json,Dipam Chakraborty,1,0,0.7647,Alakazam
91138702,/Users/nickzwart/Desktop/9-8-2026/91138702.json,Marshall Maximizer,0,0,0.6212,M-Lopunny
91139464,/Users/nickzwart/Desktop/9-8-2026/91139464.json,tktkyamyam,1,0,0.4793,M-Lopunny
91141418,/Users/nickzwart/Desktop/9-8-2026/91141418.json,llkarill,1,1,0.4773,Grimmsnarl
91141452,/Users/nickzwart/Desktop/9-8-2026/91141452.json,MissingNo.,0,0,0.6364,Dragapult
91141264,/Users/nickzwart/Desktop/9-8-2026/91141264.json,Battle Data Base,1,1,0.4216,Grimmsnarl
91141377,/Users/nickzwart/Desktop/9-8-2026/91141377.json,Saber,0,1,0.52,Alakazam
91141390,/Users/nickzwart/Desktop/9-8-2026/91141390.json,Dipam Chakraborty,0,1,0.7647,Alakazam
91142166,/Users/nickzwart/Desktop/9-8-2026/91142166.json,Battle Data Base,1,1,0.4216,Grimmsnarl
91142184,/Users/nickzwart/Desktop/9-8-2026/91142184.json,Dipam Chakraborty,1,1,0.7647,Grimmsnarl
91143000,/Users/nickzwart/Desktop/9-8-2026/91143000.json,llkarill,1,1,0.4773,Grimmsnarl
91143060,/Users/nickzwart/Desktop/9-8-2026/91143060.json,tktkyamyam,1,1,0.4793,Grimmsnarl
91143067,/Users/nickzwart/Desktop/9-8-2026/91143067.json,Confusion,0,1,0.4588,Alakazam
91143076,/Users/nickzwart/Desktop/9-8-2026/91143076.json,Dipam Chakraborty,0,0,0.7647,M-Lucario
91143193,/Users/nickzwart/Desktop/9-8-2026/91143193.json,MissingNo.,0,1,0.6364,Grimmsnarl
91143197,/Users/nickzwart/Desktop/9-8-2026/91143197.json,tktkyamyam,0,0,0.4793,Crustle
91143210,/Users/nickzwart/Desktop/9-8-2026/91143210.json,MissingNo.,0,0,0.6364,Ogerpon
91143210,/Users/nickzwart/Desktop/9-8-2026/91143210.json,flg,1,1,0.6,Ogerpon
91143870,/Users/nickzwart/Desktop/9-8-2026/91143870.json,sobameshi,1,0,0.481,M-Lopunny
91143105,/Users/nickzwart/Desktop/9-8-2026/91143105.json,Marshall Maximizer,1,0,0.6212,M-Lopunny
91144104,/Users/nickzwart/Desktop/9-8-2026/91144104.json,gecogeco,1,0,0.4516,M-Lopunny
91144143,/Users/nickzwart/Desktop/9-8-2026/91144143.json,Yan,0,0,0.3125,Alakazam
91144031,/Users/nickzwart/Desktop/9-8-2026/91144031.json,Dipam Chakraborty,0,1,0.7647,Dragapult
91144073,/Users/nickzwart/Desktop/9-8-2026/91144073.json,Marshall Maximizer,1,1,0.6212,Alakazam
91144819,/Users/nickzwart/Desktop/9-8-2026/91144819.json,Confusion,1,0,0.4588,Dudunsparce
91144832,/Users/nickzwart/Desktop/9-8-2026/91144832.json,Dipam Chakraborty,0,1,0.7647,M-Lopunny
91144852,/Users/nickzwart/Desktop/9-8-2026/91144852.json,Battle Data Base,0,0,0.4216,Dragapult
91145599,/Users/nickzwart/Desktop/9-8-2026/91145599.json,sobameshi,1,0,0.481,Alakazam
91145848,/Users/nickzwart/Desktop/9-8-2026/91145848.json,tktkyamyam,1,0,0.4793,M-Lopunny
91146590,/Users/nickzwart/Desktop/9-8-2026/91146590.json,Dipam Chakraborty,1,0,0.7647,Hydrapple
91146480,/Users/nickzwart/Desktop/9-8-2026/91146480.json,sobameshi,1,0,0.481,Hydrapple
91147485,/Users/nickzwart/Desktop/9-8-2026/91147485.json,Dipam Chakraborty,0,1,0.7647,Ogerpon
91147485,/Users/nickzwart/Desktop/9-8-2026/91147485.json,kigasudayooo,1,0,0.4054,Ogerpon
91148396,/Users/nickzwart/Desktop/9-8-2026/91148396.json,llkarill,0,0,0.4773,Dragapult
91149276,/Users/nickzwart/Desktop/9-8-2026/91149276.json,Nghia Tran,0,1,0.3415,M-Kangaskhan
91149068,/Users/nickzwart/Desktop/9-8-2026/91149068.json,Saber,0,1,0.52,Garchomp
91149143,/Users/nickzwart/Desktop/9-8-2026/91149143.json,Dipam Chakraborty,1,1,0.7647,Dudunsparce
91149173,/Users/nickzwart/Desktop/9-8-2026/91149173.json,Marshall Maximizer,1,0,0.6212,Alakazam
91149187,/Users/nickzwart/Desktop/9-8-2026/91149187.json,MissingNo.,1,1,0.6364,Grimmsnarl
91150124,/Users/nickzwart/Desktop/9-8-2026/91150124.json,Dipam Chakraborty,1,0,0.7647,Alakazam
91151887,/Users/nickzwart/Desktop/9-8-2026/91151887.json,tktkyamyam,0,1,0.4793,Grimmsnarl
91152738,/Users/nickzwart/Desktop/9-8-2026/91152738.json,Marshall Maximizer,1,1,0.6212,Grimmsnarl
91152786,/Users/nickzwart/Desktop/9-8-2026/91152786.json,Dipam Chakraborty,0,1,0.7647,M-Kangaskhan
91497702,/Users/nickzwart/Desktop/kdcyberdude/91497702.json,ANDPAD kaggler team,1,1,0.5865,Grimmsnarl
91653054,/Users/nickzwart/Desktop/kdcyberdude/91653054.json,cabbage patch,1,1,0.4706,Grimmsnarl
91711881,/Users/nickzwart/Desktop/kdcyberdude/91711881.json,wwwwwwwwwwwwwwwwwwwwwwwwwwwwww,0,1,0.4286,Grimmsnarl
92008794,/Users/nickzwart/Desktop/kdcyberdude/92008794.json,熱異常,1,1,0.4921,Grimmsnarl
92011520,/Users/nickzwart/Desktop/kdcyberdude/92011520.json,熱異常,0,1,0.4921,Grimmsnarl
92057596,/Users/nickzwart/Desktop/kdcyberdude/92057596.json,熱異常,0,0,0.4921,Grimmsnarl
91999122,/Users/nickzwart/Desktop/kdcyberdude/91999122.json,goonew,0,0,0.6032,Grimmsnarl
91871264,/Users/nickzwart/Desktop/kdcyberdude/91871264.json,Dipam Chakraborty,1,1,0.7647,Grimmsnarl
91962797,kd_fresh/_kdcyberdude/91962797.json,hatata,0,0,0.5263,Crustle
91983447,kd_fresh/_kdcyberdude/91983447.json,タニシ,1,0,0.4643,M-Kangaskhan
92261583,/Users/nickzwart/Desktop/ogerpon/episode-92261583-replay.json,Kilupy,0,0,0.52,Ogerpon
92261583,/Users/nickzwart/Desktop/ogerpon/episode-92261583-replay.json,Kilupy,1,1,0.52,Ogerpon
92261728,/Users/nickzwart/Desktop/ogerpon/episode-92261728-replay.json,Kilupy,0,0,0.52,Alakazam
92262696,/Users/nickzwart/Desktop/ogerpon/episode-92262696-replay.json,Kilupy,0,1,0.52,Grimmsnarl
92275007,/Users/nickzwart/Desktop/ogerpon/episode-92275007-replay.json,Kilupy,1,1,0.52,M-Kangaskhan
92275942,/Users/nickzwart/Desktop/ogerpon/episode-92275942-replay.json,Kilupy,0,1,0.52,M-Lucario
92276882,/Users/nickzwart/Desktop/ogerpon/episode-92276882-replay.json,Kilupy,1,1,0.52,Ogerpon
92277824,/Users/nickzwart/Desktop/ogerpon/episode-92277824-replay.json,Kilupy,0,1,0.52,Grimmsnarl
92264574,/Users/nickzwart/Desktop/ogerpon/episode-92264574-replay.json,Kilupy,0,0,0.52,M-Kangaskhan
92265546,/Users/nickzwart/Desktop/ogerpon/episode-92265546-replay.json,Kilupy,1,1,0.52,Alakazam
92266472,/Users/nickzwart/Desktop/ogerpon/episode-92266472-replay.json,Kilupy,0,1,0.52,M-Starmie
92278751,/Users/nickzwart/Desktop/ogerpon/episode-92278751-replay.json,Kilupy,0,0,0.52,Alakazam
92278762,/Users/nickzwart/Desktop/ogerpon/episode-92278762-replay.json,Kilupy,1,1,0.52,other
92279717,/Users/nickzwart/Desktop/ogerpon/episode-92279717-replay.json,Kilupy,0,1,0.52,Grimmsnarl
92280656,/Users/nickzwart/Desktop/ogerpon/episode-92280656-replay.json,Kilupy,0,0,0.52,Crustle
92267402,/Users/nickzwart/Desktop/ogerpon/episode-92267402-replay.json,Kilupy,1,0,0.52,Ogerpon
92268364,/Users/nickzwart/Desktop/ogerpon/episode-92268364-replay.json,Kilupy,1,0,0.52,M-Lopunny
92269327,/Users/nickzwart/Desktop/ogerpon/episode-92269327-replay.json,Kilupy,0,0,0.52,Crustle
92270275,/Users/nickzwart/Desktop/ogerpon/episode-92270275-replay.json,Kilupy,1,0,0.52,M-Kangaskhan
92271238,/Users/nickzwart/Desktop/ogerpon/episode-92271238-replay.json,Kilupy,0,1,0.52,Grimmsnarl
92272176,/Users/nickzwart/Desktop/ogerpon/episode-92272176-replay.json,Kilupy,1,1,0.52,other
92273134,/Users/nickzwart/Desktop/ogerpon/episode-92273134-replay.json,Kilupy,0,0,0.52,Crustle
92274075,/Users/nickzwart/Desktop/ogerpon/episode-92274075-replay.json,Kilupy,0,0,0.52,Crustle
92281599,/Users/nickzwart/Desktop/ogerpon/episode-92281599-replay.json,Kilupy,1,1,0.52,other
92283521,/Users/nickzwart/Desktop/ogerpon/episode-92283521-replay.json,Kilupy,0,0,0.52,Alakazam
91808093,/Users/nickzwart/Desktop/11082026/91808093.json,Oshbocker,0,1,0.5676,M-Lucario
91804319,/Users/nickzwart/Desktop/11082026/91804319.json,Oshbocker,0,0,0.5676,Hydrapple
91804327,/Users/nickzwart/Desktop/11082026/91804327.json,wwwwwwwwwwwwwwwwwwwwwwwwwwwwww,1,0,0.4286,Alakazam
91807182,/Users/nickzwart/Desktop/11082026/91807182.json,Oshbocker,1,1,0.5676,M-Lucario
91805251,/Users/nickzwart/Desktop/11082026/91805251.json,Sixth Sense,0,1,0.6667,Ogerpon
91805251,/Users/nickzwart/Desktop/11082026/91805251.json,Oshbocker,1,0,0.5676,Ogerpon
91803181,/Users/nickzwart/Desktop/11082026/91803181.json,__Taichicchi__,0,1,0.6154,Alakazam
91806076,/Users/nickzwart/Desktop/11082026/91806076.json,Changyuan Chen,1,0,0.4286,Alakazam
91806197,/Users/nickzwart/Desktop/11082026/91806197.json,Oshbocker,1,0,0.5676,M-Lucario
91810774,/Users/nickzwart/Desktop/11082026/91810774.json,Oshbocker,0,1,0.5676,M-Lucario
91811518,/Users/nickzwart/Desktop/11082026/91811518.json,shyjin,1,0,0.0,Dragapult
91809006,/Users/nickzwart/Desktop/11082026/91809006.json,takayosi,0,0,0.3983,Ogerpon
91809006,/Users/nickzwart/Desktop/11082026/91809006.json,goonew,1,1,0.6032,Ogerpon
91808095,/Users/nickzwart/Desktop/11082026/91808095.json,shyjin,0,0,0.0,Alakazam
91812480,/Users/nickzwart/Desktop/11082026/91812480.json,wwwwwwwwwwwwwwwwwwwwwwwwwwwwww,1,1,0.4286,M-Lopunny
91813707,/Users/nickzwart/Desktop/11082026/91813707.json,goonew,0,0,0.6032,Alakazam
91815366,/Users/nickzwart/Desktop/11082026/91815366.json,tktkyamyam,0,0,0.4793,Alakazam
91817376,/Users/nickzwart/Desktop/11082026/91817376.json,wwwwwwwwwwwwwwwwwwwwwwwwwwwwww,1,0,0.4286,Alakazam
91819054,/Users/nickzwart/Desktop/11082026/91819054.json,palsystem,1,1,0.6121,M-Lopunny
91820967,/Users/nickzwart/Desktop/11082026/91820967.json,Budew,0,0,0.3333,Alakazam
91821761,/Users/nickzwart/Desktop/11082026/91821761.json,guruguru000,0,1,0.4615,Alakazam
91823002,/Users/nickzwart/Desktop/11082026/91823002.json,ANDPAD kaggler team,1,1,0.5865,Alakazam
91824619,/Users/nickzwart/Desktop/11082026/91824619.json,Marshall Maximizer,0,1,0.6212,Ogerpon
91824619,/Users/nickzwart/Desktop/11082026/91824619.json,tktkyamyam,1,0,0.4793,Ogerpon
91826500,/Users/nickzwart/Desktop/11082026/91826500.json,tktkyamyam,1,1,0.4793,Grimmsnarl
91826504,/Users/nickzwart/Desktop/11082026/91826504.json,Marshall Maximizer,1,1,0.6212,M-Lopunny
91827436,/Users/nickzwart/Desktop/11082026/91827436.json,Marshall Maximizer,0,1,0.6212,Garchomp
91825646,/Users/nickzwart/Desktop/11082026/91825646.json,Marshall Maximizer,0,0,0.6212,Alakazam
91825674,/Users/nickzwart/Desktop/11082026/91825674.json,タニシ,1,0,0.4643,other
91827497,/Users/nickzwart/Desktop/11082026/91827497.json,Sixth Sense,0,0,0.6667,M-Lopunny
91828491,/Users/nickzwart/Desktop/11082026/91828491.json,ANDPAD kaggler team,0,0,0.5865,Alakazam
91828494,/Users/nickzwart/Desktop/11082026/91828494.json,Shardul Gharat,1,0,0.48,M-Lucario
91829328,/Users/nickzwart/Desktop/11082026/91829328.json,Marshall Maximizer,0,1,0.6212,Grimmsnarl
91829396,/Users/nickzwart/Desktop/11082026/91829396.json,wwwwwwwwwwwwwwwwwwwwwwwwwwwwww,0,0,0.4286,Alakazam
91830267,/Users/nickzwart/Desktop/11082026/91830267.json,Marshall Maximizer,0,1,0.6212,Alakazam
91832138,/Users/nickzwart/Desktop/11082026/91832138.json,Marshall Maximizer,1,0,0.6212,M-Kangaskhan
91833087,/Users/nickzwart/Desktop/11082026/91833087.json,Marshall Maximizer,1,1,0.6212,Grimmsnarl
91833139,/Users/nickzwart/Desktop/11082026/91833139.json,Marshall Maximizer,0,1,0.6212,M-Lopunny
91832324,/Users/nickzwart/Desktop/11082026/91832324.json,Confusion,1,0,0.4588,Grimmsnarl
91833984,/Users/nickzwart/Desktop/11082026/91833984.json,Marshall Maximizer,1,1,0.6212,M-Lopunny
91834017,/Users/nickzwart/Desktop/11082026/91834017.json,wwwwwwwwwwwwwwwwwwwwwwwwwwwwww,1,1,0.4286,M-Lopunny
91834022,/Users/nickzwart/Desktop/11082026/91834022.json,tktkyamyam,0,0,0.4793,Alakazam
91834163,/Users/nickzwart/Desktop/11082026/91834163.json,Marshall Maximizer,1,1,0.6212,M-Lopunny
91835064,/Users/nickzwart/Desktop/11082026/91835064.json,ANDPAD kaggler team,0,1,0.5865,M-Lopunny
91835110,/Users/nickzwart/Desktop/11082026/91835110.json,Marshall Maximizer,0,0,0.6212,Alakazam
91835984,/Users/nickzwart/Desktop/11082026/91835984.json,goonew,1,1,0.6032,Dragapult
91836668,/Users/nickzwart/Desktop/11082026/91836668.json,shyjin,1,0,0.0,Archaludon
91835911,/Users/nickzwart/Desktop/11082026/91835911.json,Marshall Maximizer,1,1,0.6212,Grimmsnarl
91836832,/Users/nickzwart/Desktop/11082026/91836832.json,ANDPAD kaggler team,0,1,0.5865,Grimmsnarl
91836852,/Users/nickzwart/Desktop/11082026/91836852.json,Marshall Maximizer,0,1,0.6212,Grimmsnarl
91837760,/Users/nickzwart/Desktop/11082026/91837760.json,Marshall Maximizer,1,1,0.6212,Grimmsnarl
91837787,/Users/nickzwart/Desktop/11082026/91837787.json,Marshall Maximizer,0,0,0.6212,Alakazam
91837854,/Users/nickzwart/Desktop/11082026/91837854.json,Yan,1,0,0.3125,Alakazam
91837897,/Users/nickzwart/Desktop/11082026/91837897.json,Oshbocker,1,1,0.5676,Hydrapple
91839497,/Users/nickzwart/Desktop/11082026/91839497.json,takayosi,1,0,0.3983,Dudunsparce
91839532,/Users/nickzwart/Desktop/11082026/91839532.json,takayosi,1,0,0.3983,Alakazam
91838739,/Users/nickzwart/Desktop/11082026/91838739.json,Marshall Maximizer,1,0,0.6212,Grimmsnarl
91839676,/Users/nickzwart/Desktop/11082026/91839676.json,Marshall Maximizer,1,0,0.6212,M-Lopunny
91840531,/Users/nickzwart/Desktop/11082026/91840531.json,Marshall Maximizer,0,1,0.6212,M-Kangaskhan
91840636,/Users/nickzwart/Desktop/11082026/91840636.json,Marshall Maximizer,1,0,0.6212,Alakazam
91841584,/Users/nickzwart/Desktop/11082026/91841584.json,Marshall Maximizer,0,1,0.6212,M-Lucario
91843468,/Users/nickzwart/Desktop/11082026/91843468.json,Marshall Maximizer,1,0,0.6212,Grimmsnarl
91842521,/Users/nickzwart/Desktop/11082026/91842521.json,Marshall Maximizer,0,0,0.6212,M-Lopunny
91842541,/Users/nickzwart/Desktop/11082026/91842541.json,Masaruto,0,0,0.4444,M-Lopunny
91843281,/Users/nickzwart/Desktop/11082026/91843281.json,tktkyamyam,0,0,0.4793,Dragapult
91843317,/Users/nickzwart/Desktop/11082026/91843317.json,Marshall Maximizer,0,1,0.6212,Alakazam
91845332,/Users/nickzwart/Desktop/11082026/91845332.json,Marshall Maximizer,1,1,0.6212,M-Lopunny
91846172,/Users/nickzwart/Desktop/11082026/91846172.json,palsystem,0,1,0.6121,Hydrapple
91846324,/Users/nickzwart/Desktop/11082026/91846324.json,Marshall Maximizer,0,1,0.6212,M-Kangaskhan
91847076,/Users/nickzwart/Desktop/11082026/91847076.json,ANDPAD kaggler team,0,1,0.5865,Grimmsnarl
91847995,/Users/nickzwart/Desktop/11082026/91847995.json,goonew,0,1,0.6032,Alakazam
91849106,/Users/nickzwart/Desktop/11082026/91849106.json,ANDPAD kaggler team,1,1,0.5865,M-Lopunny
91851003,/Users/nickzwart/Desktop/11082026/91851003.json,Marshall Maximizer,0,1,0.6212,M-Lopunny
91851645,/Users/nickzwart/Desktop/11082026/91851645.json,Yan,1,0,0.3125,M-Lucario
91852523,/Users/nickzwart/Desktop/11082026/91852523.json,Dipam Chakraborty,0,1,0.7647,Grimmsnarl
91852720,/Users/nickzwart/Desktop/11082026/91852720.json,palsystem,1,0,0.6121,Hydrapple
91854383,/Users/nickzwart/Desktop/11082026/91854383.json,Dipam Chakraborty,0,1,0.7647,Grimmsnarl
91857206,/Users/nickzwart/Desktop/11082026/91857206.json,Dipam Chakraborty,1,1,0.7647,Grimmsnarl
91857300,/Users/nickzwart/Desktop/11082026/91857300.json,takayosi,0,0,0.3983,Dragapult
91855454,/Users/nickzwart/Desktop/11082026/91855454.json,cabbage patch,0,0,0.4706,Dudunsparce
91856338,/Users/nickzwart/Desktop/11082026/91856338.json,Dipam Chakraborty,1,1,0.7647,Dragapult
91856353,/Users/nickzwart/Desktop/11082026/91856353.json,Marshall Maximizer,0,1,0.6212,M-Lopunny
91858138,/Users/nickzwart/Desktop/11082026/91858138.json,Dipam Chakraborty,1,1,0.7647,M-Lopunny
91858316,/Users/nickzwart/Desktop/11082026/91858316.json,ANDPAD kaggler team,0,1,0.5865,other
91859052,/Users/nickzwart/Desktop/11082026/91859052.json,Dipam Chakraborty,0,1,0.7647,M-Lopunny
91859996,/Users/nickzwart/Desktop/11082026/91859996.json,Dipam Chakraborty,0,1,0.7647,M-Lopunny
91860938,/Users/nickzwart/Desktop/11082026/91860938.json,Dipam Chakraborty,1,1,0.7647,M-Lopunny
91861035,/Users/nickzwart/Desktop/11082026/91861035.json,ANDPAD kaggler team,0,1,0.5865,Dudunsparce
91861858,/Users/nickzwart/Desktop/11082026/91861858.json,Dipam Chakraborty,1,0,0.7647,M-Lopunny
91862908,/Users/nickzwart/Desktop/11082026/91862908.json,Dipam Chakraborty,0,1,0.7647,Grimmsnarl
91862962,/Users/nickzwart/Desktop/11082026/91862962.json,Confusion,0,1,0.4588,Alakazam
91862973,/Users/nickzwart/Desktop/11082026/91862973.json,wwwwwwwwwwwwwwwwwwwwwwwwwwwwww,0,0,0.4286,M-Lopunny
91862064,/Users/nickzwart/Desktop/11082026/91862064.json,Oshbocker,1,1,0.5676,M-Lopunny
91863657,/Users/nickzwart/Desktop/11082026/91863657.json,Changyuan Chen,0,0,0.4286,Dragapult
91864682,/Users/nickzwart/Desktop/11082026/91864682.json,Dipam Chakraborty,0,1,0.7647,Garchomp
91863735,/Users/nickzwart/Desktop/11082026/91863735.json,Dipam Chakraborty,1,1,0.7647,M-Kangaskhan
91864824,/Users/nickzwart/Desktop/11082026/91864824.json,cabbage patch,0,0,0.4706,M-Lopunny
91864891,/Users/nickzwart/Desktop/11082026/91864891.json,Marshall Maximizer,0,1,0.6212,M-Lopunny
91863857,/Users/nickzwart/Desktop/11082026/91863857.json,ANDPAD kaggler team,0,0,0.5865,M-Lopunny
91865616,/Users/nickzwart/Desktop/11082026/91865616.json,Dipam Chakraborty,1,1,0.7647,Grimmsnarl
91865695,/Users/nickzwart/Desktop/11082026/91865695.json,Confusion,0,1,0.4588,Grimmsnarl
91866529,/Users/nickzwart/Desktop/11082026/91866529.json,Dipam Chakraborty,0,1,0.7647,M-Lopunny
91866469,/Users/nickzwart/Desktop/11082026/91866469.json,takayosi,0,1,0.3983,M-Lucario
91867652,/Users/nickzwart/Desktop/11082026/91867652.json,tktkyamyam,1,0,0.4793,M-Lopunny
91867420,/Users/nickzwart/Desktop/11082026/91867420.json,Oshbocker,1,1,0.5676,M-Lopunny
91867454,/Users/nickzwart/Desktop/11082026/91867454.json,Dipam Chakraborty,1,0,0.7647,M-Lopunny
91867471,/Users/nickzwart/Desktop/11082026/91867471.json,yamakawanin,1,0,0.0,Dragapult
91868354,/Users/nickzwart/Desktop/11082026/91868354.json,Dipam Chakraborty,1,1,0.7647,M-Lucario
91868413,/Users/nickzwart/Desktop/11082026/91868413.json,Dipam Chakraborty,0,1,0.7647,M-Lopunny
91869386,/Users/nickzwart/Desktop/11082026/91869386.json,Dipam Chakraborty,1,1,0.7647,M-Lucario
91869482,/Users/nickzwart/Desktop/11082026/91869482.json,yamakawanin,1,0,0.0,Crustle
91870349,/Users/nickzwart/Desktop/11082026/91870349.json,__Taichicchi__,1,1,0.6154,M-Lopunny
91870519,/Users/nickzwart/Desktop/11082026/91870519.json,Dipam Chakraborty,1,1,0.7647,Grimmsnarl
91872184,/Users/nickzwart/Desktop/11082026/91872184.json,ANDPAD kaggler team,1,0,0.5865,M-Lucario
91871328,/Users/nickzwart/Desktop/11082026/91871328.json,ANDPAD kaggler team,1,0,0.5865,M-Lucario
91871369,/Users/nickzwart/Desktop/11082026/91871369.json,tktkyamyam,0,1,0.4793,other
91873124,/Users/nickzwart/Desktop/11082026/91873124.json,Dipam Chakraborty,0,1,0.7647,M-Lucario
91873233,/Users/nickzwart/Desktop/11082026/91873233.json,yamakawanin,0,0,0.0,Ogerpon
91873233,/Users/nickzwart/Desktop/11082026/91873233.json,cabbage patch,1,1,0.4706,Ogerpon
91873307,/Users/nickzwart/Desktop/11082026/91873307.json,Marshall Maximizer,1,1,0.6212,M-Lucario
91873316,/Users/nickzwart/Desktop/11082026/91873316.json,Budew,1,1,0.3333,M-Lopunny
91874926,/Users/nickzwart/Desktop/11082026/91874926.json,yamakawanin,1,0,0.0,Grimmsnarl
91874937,/Users/nickzwart/Desktop/11082026/91874937.json,palsystem,1,1,0.6121,Dragapult
91874063,/Users/nickzwart/Desktop/11082026/91874063.json,Dipam Chakraborty,1,1,0.7647,Alakazam
91875008,/Users/nickzwart/Desktop/11082026/91875008.json,Dipam Chakraborty,1,1,0.7647,M-Kangaskhan
91875890,/Users/nickzwart/Desktop/11082026/91875890.json,Budew,0,1,0.3333,M-Lucario
91875891,/Users/nickzwart/Desktop/11082026/91875891.json,Marshall Maximizer,0,1,0.6212,Grimmsnarl
91875948,/Users/nickzwart/Desktop/11082026/91875948.json,Dipam Chakraborty,0,1,0.7647,Alakazam
91876877,/Users/nickzwart/Desktop/11082026/91876877.json,Dipam Chakraborty,1,0,0.7647,M-Lucario
91877726,/Users/nickzwart/Desktop/11082026/91877726.json,Yan,1,1,0.3125,other
91877811,/Users/nickzwart/Desktop/11082026/91877811.json,Dipam Chakraborty,0,1,0.7647,M-Kangaskhan
91878713,/Users/nickzwart/Desktop/11082026/91878713.json,Sixth Sense,1,0,0.6667,M-Lucario
91878788,/Users/nickzwart/Desktop/11082026/91878788.json,Dipam Chakraborty,1,0,0.7647,M-Lucario
91878797,/Users/nickzwart/Desktop/11082026/91878797.json,Dipam Chakraborty,1,1,0.7647,M-Lucario
91878885,/Users/nickzwart/Desktop/11082026/91878885.json,タニシ,1,1,0.4643,Crustle
91878916,/Users/nickzwart/Desktop/11082026/91878916.json,tktkyamyam,0,0,0.4793,M-Lopunny
91879575,/Users/nickzwart/Desktop/11082026/91879575.json,cabbage patch,0,0,0.4706,M-Lucario
91879635,/Users/nickzwart/Desktop/11082026/91879635.json,palsystem,1,1,0.6121,Dragapult
91879641,/Users/nickzwart/Desktop/11082026/91879641.json,tktkyamyam,0,1,0.4793,M-Lopunny
91879698,/Users/nickzwart/Desktop/11082026/91879698.json,Confusion,0,0,0.4588,M-Lucario
91879706,/Users/nickzwart/Desktop/11082026/91879706.json,palsystem,0,0,0.6121,Ogerpon
91879706,/Users/nickzwart/Desktop/11082026/91879706.json,Dipam Chakraborty,1,1,0.7647,Ogerpon
91880584,/Users/nickzwart/Desktop/11082026/91880584.json,takayosi,0,1,0.3983,Grimmsnarl
91880631,/Users/nickzwart/Desktop/11082026/91880631.json,palsystem,1,1,0.6121,M-Lucario
91880655,/Users/nickzwart/Desktop/11082026/91880655.json,Dipam Chakraborty,0,0,0.7647,Hydrapple
91880514,/Users/nickzwart/Desktop/11082026/91880514.json,takayosi,0,1,0.3983,Alakazam
91881605,/Users/nickzwart/Desktop/11082026/91881605.json,Dipam Chakraborty,1,1,0.7647,M-Lopunny
91882520,/Users/nickzwart/Desktop/11082026/91882520.json,Dipam Chakraborty,1,0,0.7647,M-Lucario
91882539,/Users/nickzwart/Desktop/11082026/91882539.json,Dipam Chakraborty,0,1,0.7647,Dragapult
91881616,/Users/nickzwart/Desktop/11082026/91881616.json,Budew,0,0,0.3333,Alakazam
91884428,/Users/nickzwart/Desktop/11082026/91884428.json,Marshall Maximizer,0,1,0.6212,other
91884450,/Users/nickzwart/Desktop/11082026/91884450.json,タニシ,1,0,0.4643,M-Lucario
91884466,/Users/nickzwart/Desktop/11082026/91884466.json,Dipam Chakraborty,0,1,0.7647,M-Lopunny
91885340,/Users/nickzwart/Desktop/11082026/91885340.json,Confusion,1,0,0.4588,M-Lucario
91883462,/Users/nickzwart/Desktop/11082026/91883462.json,Oshbocker,0,0,0.5676,M-Lucario
91883496,/Users/nickzwart/Desktop/11082026/91883496.json,Oshbocker,0,1,0.5676,Ogerpon
91883496,/Users/nickzwart/Desktop/11082026/91883496.json,Dipam Chakraborty,1,0,0.7647,Ogerpon
91883441,/Users/nickzwart/Desktop/11082026/91883441.json,yamakawanin,0,0,0.0,M-Lucario
91886316,/Users/nickzwart/Desktop/11082026/91886316.json,Dipam Chakraborty,0,1,0.7647,M-Lucario
91888948,/Users/nickzwart/Desktop/11082026/91888948.json,ANDPAD kaggler team,0,1,0.5865,Grimmsnarl
91888982,/Users/nickzwart/Desktop/11082026/91888982.json,cabbage patch,0,0,0.4706,M-Lucario
91889017,/Users/nickzwart/Desktop/11082026/91889017.json,Dipam Chakraborty,0,1,0.7647,Ogerpon
91889017,/Users/nickzwart/Desktop/11082026/91889017.json,palsystem,1,0,0.6121,Ogerpon
91887241,/Users/nickzwart/Desktop/11082026/91887241.json,Dipam Chakraborty,0,1,0.7647,M-Lucario
91888205,/Users/nickzwart/Desktop/11082026/91888205.json,Dipam Chakraborty,0,0,0.7647,Ogerpon
91888205,/Users/nickzwart/Desktop/11082026/91888205.json,Oshbocker,1,1,0.5676,Ogerpon
91889095,/Users/nickzwart/Desktop/11082026/91889095.json,タニシ,1,0,0.4643,Dragapult
91889907,/Users/nickzwart/Desktop/11082026/91889907.json,ANDPAD kaggler team,0,1,0.5865,Dragapult
91889966,/Users/nickzwart/Desktop/11082026/91889966.json,tktkyamyam,0,1,0.4793,Alakazam
91890012,/Users/nickzwart/Desktop/11082026/91890012.json,EliKal,1,0,0.4828,M-Lucario
91890051,/Users/nickzwart/Desktop/11082026/91890051.json,tktkyamyam,1,1,0.4793,Grimmsnarl
91890133,/Users/nickzwart/Desktop/11082026/91890133.json,Yan,1,0,0.3125,Alakazam
91890146,/Users/nickzwart/Desktop/11082026/91890146.json,goonew,1,0,0.6032,Alakazam
91889886,/Users/nickzwart/Desktop/11082026/91889886.json,Marshall Maximizer,1,0,0.6212,M-Lucario
91889892,/Users/nickzwart/Desktop/11082026/91889892.json,Dipam Chakraborty,0,0,0.7647,M-Lucario
91890813,/Users/nickzwart/Desktop/11082026/91890813.json,NIWATORI,0,1,0.619,M-Lucario
91890848,/Users/nickzwart/Desktop/11082026/91890848.json,Confusion,1,0,0.4588,M-Lucario
91890919,/Users/nickzwart/Desktop/11082026/91890919.json,ANDPAD kaggler team,0,0,0.5865,Dragapult
91891750,/Users/nickzwart/Desktop/11082026/91891750.json,ANDPAD kaggler team,1,1,0.5865,M-Kangaskhan
91891932,/Users/nickzwart/Desktop/11082026/91891932.json,takayosi,1,1,0.3983,M-Lucario
91893606,/Users/nickzwart/Desktop/11082026/91893606.json,tktkyamyam,0,0,0.4793,Dragapult
91893645,/Users/nickzwart/Desktop/11082026/91893645.json,ANDPAD kaggler team,0,1,0.5865,M-Kangaskhan
91894518,/Users/nickzwart/Desktop/11082026/91894518.json,Confusion,0,0,0.4588,Dragapult
91894570,/Users/nickzwart/Desktop/11082026/91894570.json,ANDPAD kaggler team,0,1,0.5865,other
91894706,/Users/nickzwart/Desktop/11082026/91894706.json,goonew,1,0,0.6032,Dragapult
91895478,/Users/nickzwart/Desktop/11082026/91895478.json,ANDPAD kaggler team,0,1,0.5865,Grimmsnarl
91896462,/Users/nickzwart/Desktop/11082026/91896462.json,ANDPAD kaggler team,0,0,0.5865,Grimmsnarl
91896620,/Users/nickzwart/Desktop/11082026/91896620.json,Dipam Chakraborty,1,0,0.7647,M-Lucario
91897389,/Users/nickzwart/Desktop/11082026/91897389.json,ANDPAD kaggler team,1,0,0.5865,Grimmsnarl
91898298,/Users/nickzwart/Desktop/11082026/91898298.json,sobameshi,1,0,0.481,Dragapult
91898332,/Users/nickzwart/Desktop/11082026/91898332.json,ANDPAD kaggler team,1,1,0.5865,Grimmsnarl
91899264,/Users/nickzwart/Desktop/11082026/91899264.json,ANDPAD kaggler team,0,0,0.5865,Alakazam
91900212,/Users/nickzwart/Desktop/11082026/91900212.json,ANDPAD kaggler team,0,1,0.5865,Alakazam
91901015,/Users/nickzwart/Desktop/11082026/91901015.json,Dries @ Tufa Labs,0,1,0.6053,Grimmsnarl
91901986,/Users/nickzwart/Desktop/11082026/91901986.json,shyjin,1,0,0.0,Alakazam
91901108,/Users/nickzwart/Desktop/11082026/91901108.json,sobameshi,0,0,0.481,Dragapult
91901144,/Users/nickzwart/Desktop/11082026/91901144.json,ANDPAD kaggler team,0,0,0.5865,M-Lopunny
91902980,/Users/nickzwart/Desktop/11082026/91902980.json,ANDPAD kaggler team,0,0,0.5865,Dragapult
91903205,/Users/nickzwart/Desktop/11082026/91903205.json,Dipam Chakraborty,0,1,0.7647,M-Lucario
91904003,/Users/nickzwart/Desktop/11082026/91904003.json,ANDPAD kaggler team,0,0,0.5865,Alakazam
91905864,/Users/nickzwart/Desktop/11082026/91905864.json,ANDPAD kaggler team,1,0,0.5865,Grimmsnarl
91904875,/Users/nickzwart/Desktop/11082026/91904875.json,cabbage patch,0,1,0.4706,Grimmsnarl
91906788,/Users/nickzwart/Desktop/11082026/91906788.json,ANDPAD kaggler team,0,0,0.5865,Grimmsnarl
91907620,/Users/nickzwart/Desktop/11082026/91907620.json,Dries @ Tufa Labs,1,1,0.6053,Grimmsnarl
91908462,/Users/nickzwart/Desktop/11082026/91908462.json,palsystem,1,1,0.6121,Grimmsnarl
91908550,/Users/nickzwart/Desktop/11082026/91908550.json,tktkyamyam,1,0,0.4793,Dragapult
91908581,/Users/nickzwart/Desktop/11082026/91908581.json,Dries @ Tufa Labs,0,1,0.6053,Grimmsnarl
91908699,/Users/nickzwart/Desktop/11082026/91908699.json,ANDPAD kaggler team,1,0,0.5865,Grimmsnarl
91909385,/Users/nickzwart/Desktop/11082026/91909385.json,shyjin,1,0,0.0,Dragapult
91909513,/Users/nickzwart/Desktop/11082026/91909513.json,tktkyamyam,0,1,0.4793,Ogerpon
91909513,/Users/nickzwart/Desktop/11082026/91909513.json,Dries @ Tufa Labs,1,0,0.6053,Ogerpon
91909636,/Users/nickzwart/Desktop/11082026/91909636.json,ANDPAD kaggler team,1,0,0.5865,Alakazam
91909748,/Users/nickzwart/Desktop/11082026/91909748.json,Marshall Maximizer,1,0,0.6212,M-Lopunny
91910423,/Users/nickzwart/Desktop/11082026/91910423.json,goonew,0,1,0.6032,Grimmsnarl
91910449,/Users/nickzwart/Desktop/11082026/91910449.json,Dries @ Tufa Labs,0,0,0.6053,Ogerpon
91910449,/Users/nickzwart/Desktop/11082026/91910449.json,Confusion,1,1,0.4588,Ogerpon
91910478,/Users/nickzwart/Desktop/11082026/91910478.json,Yan,1,0,0.3125,M-Lucario
91910587,/Users/nickzwart/Desktop/11082026/91910587.json,ANDPAD kaggler team,1,1,0.5865,Grimmsnarl
91911391,/Users/nickzwart/Desktop/11082026/91911391.json,Dries @ Tufa Labs,1,0,0.6053,M-Lopunny
91911404,/Users/nickzwart/Desktop/11082026/91911404.json,tktkyamyam,0,1,0.4793,M-Lucario
91911512,/Users/nickzwart/Desktop/11082026/91911512.json,ANDPAD kaggler team,1,0,0.5865,Alakazam
91892715,/Users/nickzwart/Desktop/11082026/91892715.json,takayosi,0,0,0.3983,M-Lopunny
91913251,/Users/nickzwart/Desktop/11082026/91913251.json,goonew,1,0,0.6032,Grimmsnarl
91913318,/Users/nickzwart/Desktop/11082026/91913318.json,Dries @ Tufa Labs,1,0,0.6053,Alakazam
91912255,/Users/nickzwart/Desktop/11082026/91912255.json,Changyuan Chen,1,0,0.4286,M-Kangaskhan
91912360,/Users/nickzwart/Desktop/11082026/91912360.json,goonew,0,1,0.6032,Grimmsnarl
91914196,/Users/nickzwart/Desktop/11082026/91914196.json,goonew,1,1,0.6032,Alakazam
91914368,/Users/nickzwart/Desktop/11082026/91914368.json,ANDPAD kaggler team,1,0,0.5865,Hydrapple
91913355,/Users/nickzwart/Desktop/11082026/91913355.json,Marshall Maximizer,1,0,0.6212,Dragapult
91913439,/Users/nickzwart/Desktop/11082026/91913439.json,ANDPAD kaggler team,1,1,0.5865,Grimmsnarl
91915136,/Users/nickzwart/Desktop/11082026/91915136.json,goonew,1,0,0.6032,Alakazam
91915201,/Users/nickzwart/Desktop/11082026/91915201.json,Dries @ Tufa Labs,1,1,0.6053,Grimmsnarl
91915105,/Users/nickzwart/Desktop/11082026/91915105.json,takayosi,0,0,0.3983,Dragapult
91916040,/Users/nickzwart/Desktop/11082026/91916040.json,Confusion,0,0,0.4588,Dragapult
91916059,/Users/nickzwart/Desktop/11082026/91916059.json,palsystem,0,1,0.6121,Dragapult
91916298,/Users/nickzwart/Desktop/11082026/91916298.json,Oshbocker,0,1,0.5676,Dragapult
91917009,/Users/nickzwart/Desktop/11082026/91917009.json,goonew,0,1,0.6032,M-Froslass
91917184,/Users/nickzwart/Desktop/11082026/91917184.json,Confusion,1,1,0.4588,Grimmsnarl
91917914,/Users/nickzwart/Desktop/11082026/91917914.json,tw_shin,1,1,0.5,M-Lucario
91917941,/Users/nickzwart/Desktop/11082026/91917941.json,goonew,1,1,0.6032,M-Lucario
91918938,/Users/nickzwart/Desktop/11082026/91918938.json,James Cox & Henry Chao,1,0,0.3333,Dragapult
91917966,/Users/nickzwart/Desktop/11082026/91917966.json,goonew,1,0,0.6032,Alakazam
91918007,/Users/nickzwart/Desktop/11082026/91918007.json,Dries @ Tufa Labs,0,1,0.6053,Ogerpon
91918007,/Users/nickzwart/Desktop/11082026/91918007.json,goonew,1,0,0.6032,Ogerpon
91919832,/Users/nickzwart/Desktop/11082026/91919832.json,Oshbocker,0,0,0.5676,Dragapult
91919900,/Users/nickzwart/Desktop/11082026/91919900.json,Dries @ Tufa Labs,0,0,0.6053,Alakazam
91919961,/Users/nickzwart/Desktop/11082026/91919961.json,tktkyamyam,0,0,0.4793,Ogerpon
91919961,/Users/nickzwart/Desktop/11082026/91919961.json,sobameshi,1,1,0.481,Ogerpon
91920016,/Users/nickzwart/Desktop/11082026/91920016.json,Dipam Chakraborty,0,0,0.7647,Dragapult
91920021,/Users/nickzwart/Desktop/11082026/91920021.json,Budew,0,0,0.3333,Alakazam
91921754,/Users/nickzwart/Desktop/11082026/91921754.json,goonew,1,1,0.6032,Crustle
91920781,/Users/nickzwart/Desktop/11082026/91920781.json,Oshbocker,1,1,0.5676,Dragapult
91921888,/Users/nickzwart/Desktop/11082026/91921888.json,Masaruto,1,1,0.4444,M-Lopunny
91922694,/Users/nickzwart/Desktop/11082026/91922694.json,goonew,0,1,0.6032,Grimmsnarl
91923624,/Users/nickzwart/Desktop/11082026/91923624.json,goonew,1,0,0.6032,Alakazam
91923702,/Users/nickzwart/Desktop/11082026/91923702.json,sobameshi,0,1,0.481,Grimmsnarl
91922734,/Users/nickzwart/Desktop/11082026/91922734.json,Dries @ Tufa Labs,0,1,0.6053,Hydrapple
91924665,/Users/nickzwart/Desktop/11082026/91924665.json,palsystem,0,1,0.6121,M-Lucario
91924707,/Users/nickzwart/Desktop/11082026/91924707.json,Dipam Chakraborty,0,1,0.7647,Alakazam
91924546,/Users/nickzwart/Desktop/11082026/91924546.json,Dipam Chakraborty,0,0,0.7647,Dragapult
91924572,/Users/nickzwart/Desktop/11082026/91924572.json,goonew,1,1,0.6032,Alakazam
91926436,/Users/nickzwart/Desktop/11082026/91926436.json,Oshbocker,1,0,0.5676,Dragapult
91926458,/Users/nickzwart/Desktop/11082026/91926458.json,goonew,0,1,0.6032,Alakazam
91926459,/Users/nickzwart/Desktop/11082026/91926459.json,tktkyamyam,0,1,0.4793,Alakazam
91926483,/Users/nickzwart/Desktop/11082026/91926483.json,Dries @ Tufa Labs,0,1,0.6053,Grimmsnarl
91927389,/Users/nickzwart/Desktop/11082026/91927389.json,goonew,0,1,0.6032,Ogerpon
91927389,/Users/nickzwart/Desktop/11082026/91927389.json,Masaruto,1,0,0.4444,Ogerpon
91927417,/Users/nickzwart/Desktop/11082026/91927417.json,Dries @ Tufa Labs,1,1,0.6053,Grimmsnarl
91928353,/Users/nickzwart/Desktop/11082026/91928353.json,Dries @ Tufa Labs,1,1,0.6053,Grimmsnarl
91929261,/Users/nickzwart/Desktop/11082026/91929261.json,goonew,0,1,0.6032,Grimmsnarl
91929286,/Users/nickzwart/Desktop/11082026/91929286.json,Dries @ Tufa Labs,0,0,0.6053,M-Lucario
91930130,/Users/nickzwart/Desktop/11082026/91930130.json,Dipam Chakraborty,1,1,0.7647,Dragapult
91930183,/Users/nickzwart/Desktop/11082026/91930183.json,goonew,1,1,0.6032,M-Lopunny
91930215,/Users/nickzwart/Desktop/11082026/91930215.json,Dries @ Tufa Labs,1,1,0.6053,Grimmsnarl
91930853,/Users/nickzwart/Desktop/11082026/91930853.json,NIWATORI,0,1,0.619,Ogerpon
91930853,/Users/nickzwart/Desktop/11082026/91930853.json,goonew,1,0,0.6032,Ogerpon
91931141,/Users/nickzwart/Desktop/11082026/91931141.json,Dries @ Tufa Labs,1,1,0.6053,Grimmsnarl
91932060,/Users/nickzwart/Desktop/11082026/91932060.json,Oshbocker,0,1,0.5676,Dragapult
91932074,/Users/nickzwart/Desktop/11082026/91932074.json,goonew,0,1,0.6032,Grimmsnarl
91932102,/Users/nickzwart/Desktop/11082026/91932102.json,takayosi,1,0,0.3983,Dragapult
91932747,/Users/nickzwart/Desktop/11082026/91932747.json,takayosi,1,0,0.3983,M-Lopunny
91933740,/Users/nickzwart/Desktop/11082026/91933740.json,tktkyamyam,0,0,0.4793,Alakazam
91933939,/Users/nickzwart/Desktop/11082026/91933939.json,goonew,1,1,0.6032,Grimmsnarl
91934003,/Users/nickzwart/Desktop/11082026/91934003.json,sobameshi,0,1,0.481,Grimmsnarl
91934598,/Users/nickzwart/Desktop/11082026/91934598.json,NIWATORI,0,1,0.619,Grimmsnarl
91934872,/Users/nickzwart/Desktop/11082026/91934872.json,goonew,1,1,0.6032,M-Lopunny
91934944,/Users/nickzwart/Desktop/11082026/91934944.json,Dries @ Tufa Labs,1,1,0.6053,Grimmsnarl
91935871,/Users/nickzwart/Desktop/11082026/91935871.json,goonew,0,1,0.6032,Grimmsnarl
91936796,/Users/nickzwart/Desktop/11082026/91936796.json,Confusion,1,0,0.4588,Alakazam
91937581,/Users/nickzwart/Desktop/11082026/91937581.json,ANDPAD kaggler team,1,1,0.5865,Grimmsnarl
91937659,/Users/nickzwart/Desktop/11082026/91937659.json,Changyuan Chen,0,0,0.4286,Dragapult
91938383,/Users/nickzwart/Desktop/11082026/91938383.json,takayosi,1,0,0.3983,Crustle
91938578,/Users/nickzwart/Desktop/11082026/91938578.json,Oshbocker,1,0,0.5676,Dragapult
91938595,/Users/nickzwart/Desktop/11082026/91938595.json,Oshbocker,0,1,0.5676,Dragapult
91941439,/Users/nickzwart/Desktop/11082026/91941439.json,goonew,1,1,0.6032,Alakazam
91939517,/Users/nickzwart/Desktop/11082026/91939517.json,palsystem,0,0,0.6121,Dragapult
91940497,/Users/nickzwart/Desktop/11082026/91940497.json,palsystem,0,1,0.6121,Dragapult
91940526,/Users/nickzwart/Desktop/11082026/91940526.json,Dries @ Tufa Labs,0,1,0.6053,Grimmsnarl
91942419,/Users/nickzwart/Desktop/11082026/91942419.json,palsystem,0,0,0.6121,Dragapult
91943297,/Users/nickzwart/Desktop/11082026/91943297.json,sobameshi,1,1,0.481,Grimmsnarl
91944993,/Users/nickzwart/Desktop/11082026/91944993.json,Confusion,1,0,0.4588,Grimmsnarl
91944004,/Users/nickzwart/Desktop/11082026/91944004.json,NIWATORI,1,0,0.619,Grimmsnarl
91944013,/Users/nickzwart/Desktop/11082026/91944013.json,ANDPAD kaggler team,1,1,0.5865,Grimmsnarl
91946060,/Users/nickzwart/Desktop/11082026/91946060.json,Changyuan Chen,0,0,0.4286,Dudunsparce
91946109,/Users/nickzwart/Desktop/11082026/91946109.json,Dries @ Tufa Labs,0,1,0.6053,Grimmsnarl
91946119,/Users/nickzwart/Desktop/11082026/91946119.json,goonew,1,1,0.6032,M-Kangaskhan
91947758,/Users/nickzwart/Desktop/11082026/91947758.json,NIWATORI,0,1,0.619,Alakazam
91946951,/Users/nickzwart/Desktop/11082026/91946951.json,NIWATORI,0,1,0.619,Grimmsnarl
91947777,/Users/nickzwart/Desktop/11082026/91947777.json,sobameshi,0,0,0.481,M-Lopunny
91947873,/Users/nickzwart/Desktop/11082026/91947873.json,Budew,1,0,0.3333,Alakazam
91947941,/Users/nickzwart/Desktop/11082026/91947941.json,hatata,1,1,0.5263,Alakazam
91948594,/Users/nickzwart/Desktop/11082026/91948594.json,Confusion,0,0,0.4588,M-Lopunny
91948633,/Users/nickzwart/Desktop/11082026/91948633.json,hatata,1,0,0.5263,M-Lucario
91949605,/Users/nickzwart/Desktop/11082026/91949605.json,Masaruto,1,0,0.4444,M-Lucario
91950546,/Users/nickzwart/Desktop/11082026/91950546.json,hatata,1,0,0.5263,M-Lopunny
91951569,/Users/nickzwart/Desktop/11082026/91951569.json,NIWATORI,1,1,0.619,M-Kangaskhan
91951722,/Users/nickzwart/Desktop/11082026/91951722.json,Oshbocker,1,0,0.5676,M-Lucario
91952660,/Users/nickzwart/Desktop/11082026/91952660.json,goonew,0,1,0.6032,Alakazam
91952678,/Users/nickzwart/Desktop/11082026/91952678.json,Dries @ Tufa Labs,0,1,0.6053,Grimmsnarl
91953394,/Users/nickzwart/Desktop/11082026/91953394.json,hatata,0,1,0.5263,Grimmsnarl
91954545,/Users/nickzwart/Desktop/11082026/91954545.json,palsystem,1,1,0.6121,Dragapult
91955180,/Users/nickzwart/Desktop/11082026/91955180.json,Marshall Maximizer,0,1,0.6212,Garchomp
91955365,/Users/nickzwart/Desktop/11082026/91955365.json,palsystem,1,0,0.6121,Alakazam
91956136,/Users/nickzwart/Desktop/11082026/91956136.json,hatata,0,1,0.5263,Garchomp
91957239,/Users/nickzwart/Desktop/11082026/91957239.json,cabbage patch,0,1,0.4706,Grimmsnarl
91959126,/Users/nickzwart/Desktop/11082026/91959126.json,Confusion,0,0,0.4588,Ogerpon
91959126,/Users/nickzwart/Desktop/11082026/91959126.json,NIWATORI,1,1,0.619,Ogerpon
91959852,/Users/nickzwart/Desktop/11082026/91959852.json,hatata,1,0,0.5263,M-Kangaskhan
91959033,/Users/nickzwart/Desktop/11082026/91959033.json,sobameshi,0,1,0.481,Grimmsnarl
91959044,/Users/nickzwart/Desktop/11082026/91959044.json,hatata,1,1,0.5263,Grimmsnarl
91959967,/Users/nickzwart/Desktop/11082026/91959967.json,tktkyamyam,1,1,0.4793,Garchomp
91961076,/Users/nickzwart/Desktop/11082026/91961076.json,hatata,1,1,0.5263,Dragapult
91961856,/Users/nickzwart/Desktop/11082026/91961856.json,hatata,0,0,0.5263,Ogerpon
91961856,/Users/nickzwart/Desktop/11082026/91961856.json,hinox13,1,1,0.5,Ogerpon
91961858,/Users/nickzwart/Desktop/11082026/91961858.json,sobameshi,1,1,0.481,Alakazam
91961894,/Users/nickzwart/Desktop/11082026/91961894.json,cabbage patch,0,1,0.4706,Grimmsnarl
91961960,/Users/nickzwart/Desktop/11082026/91961960.json,ANDPAD kaggler team,1,1,0.5865,Grimmsnarl
91960926,/Users/nickzwart/Desktop/11082026/91960926.json,sobameshi,1,1,0.481,Dragapult
91960929,/Users/nickzwart/Desktop/11082026/91960929.json,Dries @ Tufa Labs,0,1,0.6053,Hydrapple
91963816,/Users/nickzwart/Desktop/11082026/91963816.json,NIWATORI,0,1,0.619,M-Lopunny
91962874,/Users/nickzwart/Desktop/11082026/91962874.json,cabbage patch,1,1,0.4706,Dragapult
91962898,/Users/nickzwart/Desktop/11082026/91962898.json,Yan,1,1,0.3125,Grimmsnarl
91967326,/Users/nickzwart/Desktop/11082026/91967326.json,loIzpo + emonga,0,1,0.5439,Crustle
91967437,/Users/nickzwart/Desktop/11082026/91967437.json,takayosi,1,0,0.3983,Hydrapple
91964632,/Users/nickzwart/Desktop/11082026/91964632.json,Yan,1,0,0.3125,Garchomp
91968569,/Users/nickzwart/Desktop/11082026/91968569.json,goonew,1,1,0.6032,M-Lopunny
91969198,/Users/nickzwart/Desktop/11082026/91969198.json,goonew,0,1,0.6032,M-Lucario
91969233,/Users/nickzwart/Desktop/11082026/91969233.json,loIzpo + emonga,0,0,0.5439,Grimmsnarl
91969330,/Users/nickzwart/Desktop/11082026/91969330.json,sobameshi,1,0,0.481,M-Lopunny
91970182,/Users/nickzwart/Desktop/11082026/91970182.json,loIzpo + emonga,1,1,0.5439,Dudunsparce
91970391,/Users/nickzwart/Desktop/11082026/91970391.json,hatata,1,1,0.5263,Dragapult
91968254,/Users/nickzwart/Desktop/11082026/91968254.json,loIzpo + emonga,0,1,0.5439,Alakazam
91968418,/Users/nickzwart/Desktop/11082026/91968418.json,palsystem,0,0,0.6121,Dragapult
91971959,/Users/nickzwart/Desktop/11082026/91971959.json,James Cox & Henry Chao,1,1,0.3333,Alakazam
91972026,/Users/nickzwart/Desktop/11082026/91972026.json,takayosi,1,1,0.3983,M-Lucario
91972055,/Users/nickzwart/Desktop/11082026/91972055.json,loIzpo + emonga,1,1,0.5439,Grimmsnarl
91972171,/Users/nickzwart/Desktop/11082026/91972171.json,loIzpo + emonga,0,1,0.5439,Hydrapple
91972191,/Users/nickzwart/Desktop/11082026/91972191.json,cabbage patch,0,1,0.4706,Garchomp
91973952,/Users/nickzwart/Desktop/11082026/91973952.json,loIzpo + emonga,0,1,0.5439,M-Lopunny
91972995,/Users/nickzwart/Desktop/11082026/91972995.json,loIzpo + emonga,0,1,0.5439,Grimmsnarl
91973237,/Users/nickzwart/Desktop/11082026/91973237.json,ANDPAD kaggler team,1,0,0.5865,Alakazam
91974880,/Users/nickzwart/Desktop/11082026/91974880.json,loIzpo + emonga,0,1,0.5439,Hydrapple
91975003,/Users/nickzwart/Desktop/11082026/91975003.json,loIzpo + emonga,0,0,0.5439,Dragapult
91976772,/Users/nickzwart/Desktop/11082026/91976772.json,loIzpo + emonga,1,1,0.5439,Grimmsnarl
91976839,/Users/nickzwart/Desktop/11082026/91976839.json,Yan,0,0,0.3125,M-Lopunny
91976898,/Users/nickzwart/Desktop/11082026/91976898.json,palsystem,0,0,0.6121,Dragapult
91977572,/Users/nickzwart/Desktop/11082026/91977572.json,Marshall Maximizer,1,1,0.6212,other
91977613,/Users/nickzwart/Desktop/11082026/91977613.json,ANDPAD kaggler team,1,1,0.5865,Grimmsnarl
91975841,/Users/nickzwart/Desktop/11082026/91975841.json,loIzpo + emonga,1,1,0.5439,M-Lopunny
91977707,/Users/nickzwart/Desktop/11082026/91977707.json,goonew,0,1,0.6032,Ogerpon
91977707,/Users/nickzwart/Desktop/11082026/91977707.json,loIzpo + emonga,1,0,0.5439,Ogerpon
91978705,/Users/nickzwart/Desktop/11082026/91978705.json,loIzpo + emonga,1,0,0.5439,M-Lopunny
91979440,/Users/nickzwart/Desktop/11082026/91979440.json,Marshall Maximizer,0,1,0.6212,Grimmsnarl
91980380,/Users/nickzwart/Desktop/11082026/91980380.json,Marshall Maximizer,1,1,0.6212,Hydrapple
91980425,/Users/nickzwart/Desktop/11082026/91980425.json,goonew,0,0,0.6032,M-Kangaskhan
91981491,/Users/nickzwart/Desktop/11082026/91981491.json,loIzpo + emonga,1,1,0.5439,M-Lopunny
91981516,/Users/nickzwart/Desktop/11082026/91981516.json,Battle Data Base,0,0,0.4216,M-Lopunny
91979504,/Users/nickzwart/Desktop/11082026/91979504.json,loIzpo + emonga,1,1,0.5439,Dragapult
91979597,/Users/nickzwart/Desktop/11082026/91979597.json,loIzpo + emonga,0,0,0.5439,Dragapult
91979718,/Users/nickzwart/Desktop/11082026/91979718.json,loIzpo + emonga,0,0,0.5439,Dragapult
91980570,/Users/nickzwart/Desktop/11082026/91980570.json,Battle Data Base,1,0,0.4216,M-Lucario
91981328,/Users/nickzwart/Desktop/11082026/91981328.json,Marshall Maximizer,1,0,0.6212,Dragapult
91982442,/Users/nickzwart/Desktop/11082026/91982442.json,loIzpo + emonga,0,0,0.5439,Alakazam
91983237,/Users/nickzwart/Desktop/11082026/91983237.json,Marshall Maximizer,1,1,0.6212,Grimmsnarl
91982265,/Users/nickzwart/Desktop/11082026/91982265.json,Marshall Maximizer,0,1,0.6212,M-Lucario
91983400,/Users/nickzwart/Desktop/11082026/91983400.json,loIzpo + emonga,1,1,0.5439,Garchomp
91985275,/Users/nickzwart/Desktop/11082026/91985275.json,loIzpo + emonga,1,1,0.5439,Ogerpon
91985350,/Users/nickzwart/Desktop/11082026/91985350.json,Oshbocker,0,1,0.5676,M-Lucario
91986057,/Users/nickzwart/Desktop/11082026/91986057.json,Marshall Maximizer,0,1,0.6212,Ogerpon
91986057,/Users/nickzwart/Desktop/11082026/91986057.json,palsystem,1,0,0.6121,Ogerpon
91983509,/Users/nickzwart/Desktop/11082026/91983509.json,Dries @ Tufa Labs,1,0,0.6053,Alakazam
91984175,/Users/nickzwart/Desktop/11082026/91984175.json,Marshall Maximizer,1,1,0.6212,Dragapult
91984338,/Users/nickzwart/Desktop/11082026/91984338.json,loIzpo + emonga,0,0,0.5439,Alakazam
91986205,/Users/nickzwart/Desktop/11082026/91986205.json,hinox13,0,1,0.5,M-Lucario
91986221,/Users/nickzwart/Desktop/11082026/91986221.json,loIzpo + emonga,1,0,0.5439,Alakazam
91987011,/Users/nickzwart/Desktop/11082026/91987011.json,Marshall Maximizer,0,1,0.6212,Alakazam
91987951,/Users/nickzwart/Desktop/11082026/91987951.json,Marshall Maximizer,1,0,0.6212,Dragapult
91989818,/Users/nickzwart/Desktop/11082026/91989818.json,Marshall Maximizer,1,0,0.6212,Alakazam
91988219,/Users/nickzwart/Desktop/11082026/91988219.json,loIzpo + emonga,1,1,0.5439,Grimmsnarl
91988935,/Users/nickzwart/Desktop/11082026/91988935.json,loIzpo + emonga,0,0,0.5439,Alakazam
91988982,/Users/nickzwart/Desktop/11082026/91988982.json,Marshall Maximizer,0,1,0.6212,M-Kangaskhan
91991741,/Users/nickzwart/Desktop/11082026/91991741.json,Marshall Maximizer,1,1,0.6212,M-Lopunny
91991796,/Users/nickzwart/Desktop/11082026/91991796.json,tktkyamyam,1,0,0.4793,M-Lopunny
91989978,/Users/nickzwart/Desktop/11082026/91989978.json,loIzpo + emonga,0,0,0.5439,Grimmsnarl
91990799,/Users/nickzwart/Desktop/11082026/91990799.json,Marshall Maximizer,0,1,0.6212,Dragapult
91990909,/Users/nickzwart/Desktop/11082026/91990909.json,shyjin,0,0,0.0,M-Lopunny
91990954,/Users/nickzwart/Desktop/11082026/91990954.json,loIzpo + emonga,1,1,0.5439,Dragapult
91991839,/Users/nickzwart/Desktop/11082026/91991839.json,ANDPAD kaggler team,1,1,0.5865,Crustle
91991902,/Users/nickzwart/Desktop/11082026/91991902.json,loIzpo + emonga,1,0,0.5439,Dragapult
91992862,/Users/nickzwart/Desktop/11082026/91992862.json,loIzpo + emonga,1,0,0.5439,Garchomp
91993636,/Users/nickzwart/Desktop/11082026/91993636.json,Marshall Maximizer,1,1,0.6212,M-Kangaskhan
91992691,/Users/nickzwart/Desktop/11082026/91992691.json,Marshall Maximizer,0,0,0.6212,M-Lucario
91994645,/Users/nickzwart/Desktop/11082026/91994645.json,Dries @ Tufa Labs,0,1,0.6053,Dragapult
91994566,/Users/nickzwart/Desktop/11082026/91994566.json,Marshall Maximizer,1,1,0.6212,M-Lucario
91994718,/Users/nickzwart/Desktop/11082026/91994718.json,cabbage patch,0,1,0.4706,Grimmsnarl
91995440,/Users/nickzwart/Desktop/11082026/91995440.json,EliKal,0,0,0.4828,Alakazam
91995513,/Users/nickzwart/Desktop/11082026/91995513.json,Oshbocker,0,0,0.5676,Ogerpon
91995513,/Users/nickzwart/Desktop/11082026/91995513.json,Marshall Maximizer,1,1,0.6212,Ogerpon
91995542,/Users/nickzwart/Desktop/11082026/91995542.json,takayosi,1,1,0.3983,Grimmsnarl
91996512,/Users/nickzwart/Desktop/11082026/91996512.json,Marshall Maximizer,0,1,0.6212,M-Kangaskhan
91997407,/Users/nickzwart/Desktop/11082026/91997407.json,熱異常,1,0,0.4921,M-Lucario
91997475,/Users/nickzwart/Desktop/11082026/91997475.json,goonew,0,1,0.6032,M-Kangaskhan
91998291,/Users/nickzwart/Desktop/11082026/91998291.json,gecogeco,0,1,0.4516,Hydrapple
91998346,/Users/nickzwart/Desktop/11082026/91998346.json,熱異常,1,1,0.4921,Dragapult
91999308,/Users/nickzwart/Desktop/11082026/91999308.json,熱異常,0,1,0.4921,M-Lucario
91999222,/Users/nickzwart/Desktop/11082026/91999222.json,loIzpo + emonga,1,1,0.5439,Hydrapple
92000293,/Users/nickzwart/Desktop/11082026/92000293.json,James Cox & Henry Chao,0,0,0.3333,M-Lopunny
92000365,/Users/nickzwart/Desktop/11082026/92000365.json,Confusion,0,1,0.4588,Grimmsnarl
92000997,/Users/nickzwart/Desktop/11082026/92000997.json,cabbage patch,0,0,0.4706,Alakazam
92001145,/Users/nickzwart/Desktop/11082026/92001145.json,熱異常,0,0,0.4921,M-Kangaskhan
92001223,/Users/nickzwart/Desktop/11082026/92001223.json,James Cox & Henry Chao,1,1,0.3333,Alakazam
92001267,/Users/nickzwart/Desktop/11082026/92001267.json,hinox13,1,1,0.5,Grimmsnarl
92001922,/Users/nickzwart/Desktop/11082026/92001922.json,takayosi,0,0,0.3983,Alakazam
92001928,/Users/nickzwart/Desktop/11082026/92001928.json,takayosi,1,0,0.3983,Dragapult
92002034,/Users/nickzwart/Desktop/11082026/92002034.json,EliKal,0,1,0.4828,Alakazam
92002093,/Users/nickzwart/Desktop/11082026/92002093.json,熱異常,1,1,0.4921,Dragapult
92002166,/Users/nickzwart/Desktop/11082026/92002166.json,James Cox & Henry Chao,1,0,0.3333,M-Lopunny
92003003,/Users/nickzwart/Desktop/11082026/92003003.json,sobameshi,0,1,0.481,M-Lopunny
92003072,/Users/nickzwart/Desktop/11082026/92003072.json,Oshbocker,0,1,0.5676,Ogerpon
92003072,/Users/nickzwart/Desktop/11082026/92003072.json,熱異常,1,0,0.4921,Ogerpon
92003807,/Users/nickzwart/Desktop/11082026/92003807.json,tktkyamyam,1,1,0.4793,Grimmsnarl
92003888,/Users/nickzwart/Desktop/11082026/92003888.json,Battle Data Base,1,0,0.4216,M-Lopunny
92003756,/Users/nickzwart/Desktop/11082026/92003756.json,Confusion,0,0,0.4588,Alakazam
92004891,/Users/nickzwart/Desktop/11082026/92004891.json,熱異常,0,1,0.4921,Ogerpon
92004891,/Users/nickzwart/Desktop/11082026/92004891.json,Oshbocker,1,0,0.5676,Ogerpon
92005703,/Users/nickzwart/Desktop/11082026/92005703.json,goonew,1,1,0.6032,Grimmsnarl
92005830,/Users/nickzwart/Desktop/11082026/92005830.json,熱異常,1,1,0.4921,Dragapult
92005631,/Users/nickzwart/Desktop/11082026/92005631.json,sobameshi,1,0,0.481,Alakazam
92006739,/Users/nickzwart/Desktop/11082026/92006739.json,EliKal,0,0,0.4828,Alakazam
92006777,/Users/nickzwart/Desktop/11082026/92006777.json,熱異常,0,0,0.4921,Ogerpon
92006777,/Users/nickzwart/Desktop/11082026/92006777.json,Oshbocker,1,1,0.5676,Ogerpon
92007659,/Users/nickzwart/Desktop/11082026/92007659.json,tw_shin,1,0,0.5,Hydrapple
92007721,/Users/nickzwart/Desktop/11082026/92007721.json,熱異常,1,1,0.4921,M-Lopunny
92007571,/Users/nickzwart/Desktop/11082026/92007571.json,Oshbocker,0,1,0.5676,Dragapult
92009495,/Users/nickzwart/Desktop/11082026/92009495.json,sobameshi,0,1,0.481,Grimmsnarl
92010409,/Users/nickzwart/Desktop/11082026/92010409.json,hatata,0,0,0.5263,M-Kangaskhan
92010426,/Users/nickzwart/Desktop/11082026/92010426.json,ANDPAD kaggler team,0,0,0.5865,Dragapult
92010512,/Users/nickzwart/Desktop/11082026/92010512.json,sobameshi,1,0,0.481,Dragapult
92010523,/Users/nickzwart/Desktop/11082026/92010523.json,EliKal,1,0,0.4828,Grimmsnarl
92011376,/Users/nickzwart/Desktop/11082026/92011376.json,タニシ,0,1,0.4643,Grimmsnarl
92011477,/Users/nickzwart/Desktop/11082026/92011477.json,ANDPAD kaggler team,1,1,0.5865,Dragapult
92010543,/Users/nickzwart/Desktop/11082026/92010543.json,熱異常,1,1,0.4921,Dragapult
92013435,/Users/nickzwart/Desktop/11082026/92013435.json,熱異常,1,1,0.4921,M-Lucario
92012460,/Users/nickzwart/Desktop/11082026/92012460.json,熱異常,1,0,0.4921,M-Lucario
92012555,/Users/nickzwart/Desktop/11082026/92012555.json,Yan,0,0,0.3125,Dragapult
92014326,/Users/nickzwart/Desktop/11082026/92014326.json,EliKal,0,0,0.4828,Hydrapple
92014353,/Users/nickzwart/Desktop/11082026/92014353.json,熱異常,1,1,0.4921,other
92015106,/Users/nickzwart/Desktop/11082026/92015106.json,Changyuan Chen,0,0,0.4286,Ogerpon
92015106,/Users/nickzwart/Desktop/11082026/92015106.json,zzholo,1,1,0.52,Ogerpon
92015159,/Users/nickzwart/Desktop/11082026/92015159.json,Dries @ Tufa Labs,0,1,0.6053,Alakazam
92017013,/Users/nickzwart/Desktop/11082026/92017013.json,hatata,0,0,0.5263,Dragapult
92016255,/Users/nickzwart/Desktop/11082026/92016255.json,熱異常,1,1,0.4921,M-Lucario
92016256,/Users/nickzwart/Desktop/11082026/92016256.json,loIzpo + emonga,0,1,0.5439,Grimmsnarl
92015280,/Users/nickzwart/Desktop/11082026/92015280.json,loIzpo + emonga,1,1,0.5439,Dragapult
92015300,/Users/nickzwart/Desktop/11082026/92015300.json,熱異常,0,0,0.4921,M-Kangaskhan
92015376,/Users/nickzwart/Desktop/11082026/92015376.json,loIzpo + emonga,0,1,0.5439,Grimmsnarl
92016021,/Users/nickzwart/Desktop/11082026/92016021.json,zzholo,1,0,0.52,Grimmsnarl
92017032,/Users/nickzwart/Desktop/11082026/92017032.json,タニシ,0,0,0.4643,Ogerpon
92017032,/Users/nickzwart/Desktop/11082026/92017032.json,zzholo,1,1,0.52,Ogerpon
92017050,/Users/nickzwart/Desktop/11082026/92017050.json,熱異常,1,1,0.4921,M-Lopunny
92017156,/Users/nickzwart/Desktop/11082026/92017156.json,cabbage patch,1,0,0.4706,Alakazam
92017910,/Users/nickzwart/Desktop/11082026/92017910.json,zzholo,0,1,0.52,Grimmsnarl
92017930,/Users/nickzwart/Desktop/11082026/92017930.json,Dries @ Tufa Labs,1,0,0.6053,M-Lucario
92017936,/Users/nickzwart/Desktop/11082026/92017936.json,ANDPAD kaggler team,1,0,0.5865,Dragapult
92017969,/Users/nickzwart/Desktop/11082026/92017969.json,タニシ,0,0,0.4643,Alakazam
92019030,/Users/nickzwart/Desktop/11082026/92019030.json,熱異常,1,0,0.4921,Dragapult
92018744,/Users/nickzwart/Desktop/11082026/92018744.json,Katasonov Evgeny,1,1,0.4286,Alakazam
92018806,/Users/nickzwart/Desktop/11082026/92018806.json,Eason0203,0,1,0.6129,M-Lopunny
92018853,/Users/nickzwart/Desktop/11082026/92018853.json,zzholo,0,1,0.52,Ogerpon
92018853,/Users/nickzwart/Desktop/11082026/92018853.json,yamakawanin,1,0,0.0,Ogerpon
92019967,/Users/nickzwart/Desktop/11082026/92019967.json,Katasonov Evgeny,1,0,0.4286,Hydrapple
92020642,/Users/nickzwart/Desktop/11082026/92020642.json,Katasonov Evgeny,1,0,0.4286,M-Lopunny
92020684,/Users/nickzwart/Desktop/11082026/92020684.json,Eason0203,0,1,0.6129,Alakazam
92020726,/Users/nickzwart/Desktop/11082026/92020726.json,zzholo,1,0,0.52,Grimmsnarl
92020843,/Users/nickzwart/Desktop/11082026/92020843.json,loIzpo + emonga,0,0,0.5439,Dragapult
92021626,/Users/nickzwart/Desktop/11082026/92021626.json,Eason0203,0,1,0.6129,Alakazam
92021673,/Users/nickzwart/Desktop/11082026/92021673.json,zzholo,0,0,0.52,M-Lopunny
92021766,/Users/nickzwart/Desktop/11082026/92021766.json,loIzpo + emonga,0,0,0.5439,Alakazam
92022524,/Users/nickzwart/Desktop/11082026/92022524.json,Katasonov Evgeny,0,1,0.4286,Ogerpon
92022611,/Users/nickzwart/Desktop/11082026/92022611.json,zzholo,0,0,0.52,M-Kangaskhan
92022691,/Users/nickzwart/Desktop/11082026/92022691.json,Dries @ Tufa Labs,1,0,0.6053,Alakazam
92023451,/Users/nickzwart/Desktop/11082026/92023451.json,Katasonov Evgeny,1,1,0.4286,Grimmsnarl
92023460,/Users/nickzwart/Desktop/11082026/92023460.json,loIzpo + emonga,1,0,0.5439,other
92023500,/Users/nickzwart/Desktop/11082026/92023500.json,Eason0203,1,1,0.6129,Grimmsnarl
92023643,/Users/nickzwart/Desktop/11082026/92023643.json,Eason0203,0,1,0.6129,M-Lucario
92023652,/Users/nickzwart/Desktop/11082026/92023652.json,Yan,1,0,0.3125,Dragapult
92023745,/Users/nickzwart/Desktop/11082026/92023745.json,hatata,0,1,0.5263,Hydrapple
92024669,/Users/nickzwart/Desktop/11082026/92024669.json,tktkyamyam,0,0,0.4793,M-Lucario
92025342,/Users/nickzwart/Desktop/11082026/92025342.json,Katasonov Evgeny,0,1,0.4286,Grimmsnarl
92025405,/Users/nickzwart/Desktop/11082026/92025405.json,Eason0203,1,0,0.6129,Hydrapple
92023774,/Users/nickzwart/Desktop/11082026/92023774.json,熱異常,0,1,0.4921,M-Kangaskhan
92024388,/Users/nickzwart/Desktop/11082026/92024388.json,Katasonov Evgeny,1,0,0.4286,M-Lucario
92024394,/Users/nickzwart/Desktop/11082026/92024394.json,hinox13,1,0,0.5,other
92024429,/Users/nickzwart/Desktop/11082026/92024429.json,Eason0203,0,1,0.6129,Grimmsnarl
92024439,/Users/nickzwart/Desktop/11082026/92024439.json,Eason0203,0,0,0.6129,M-Lopunny
92025521,/Users/nickzwart/Desktop/11082026/92025521.json,Katasonov Evgeny,0,0,0.4286,Alakazam
92026309,/Users/nickzwart/Desktop/11082026/92026309.json,Katasonov Evgeny,1,0,0.4286,M-Lopunny
92026357,/Users/nickzwart/Desktop/11082026/92026357.json,Eason0203,1,0,0.6129,Grimmsnarl
92028199,/Users/nickzwart/Desktop/11082026/92028199.json,cabbage patch,0,0,0.4706,Ogerpon
92028199,/Users/nickzwart/Desktop/11082026/92028199.json,Katasonov Evgeny,1,1,0.4286,Ogerpon
92026566,/Users/nickzwart/Desktop/11082026/92026566.json,Battle Data Base,1,1,0.4216,Crustle
92027195,/Users/nickzwart/Desktop/11082026/92027195.json,zzholo,1,1,0.52,Dragapult
92027232,/Users/nickzwart/Desktop/11082026/92027232.json,Katasonov Evgeny,1,0,0.4286,M-Lopunny
92027240,/Users/nickzwart/Desktop/11082026/92027240.json,hatata,1,1,0.5263,other
92028259,/Users/nickzwart/Desktop/11082026/92028259.json,zzholo,1,0,0.52,M-Lopunny
92026380,/Users/nickzwart/Desktop/11082026/92026380.json,zzholo,1,1,0.52,Grimmsnarl
92028462,/Users/nickzwart/Desktop/11082026/92028462.json,熱異常,0,0,0.4921,Dragapult
92029136,/Users/nickzwart/Desktop/11082026/92029136.json,Katasonov Evgeny,1,0,0.4286,Dragapult
92030100,/Users/nickzwart/Desktop/11082026/92030100.json,Katasonov Evgeny,0,1,0.4286,Alakazam
92030104,/Users/nickzwart/Desktop/11082026/92030104.json,EliKal,0,1,0.4828,Ogerpon
92030104,/Users/nickzwart/Desktop/11082026/92030104.json,Changyuan Chen,1,0,0.4286,Ogerpon
92030105,/Users/nickzwart/Desktop/11082026/92030105.json,Katasonov Evgeny,0,1,0.4286,Alakazam
92029303,/Users/nickzwart/Desktop/11082026/92029303.json,tktkyamyam,0,0,0.4793,Alakazam
92030194,/Users/nickzwart/Desktop/11082026/92030194.json,Yan,1,1,0.3125,Grimmsnarl
92030238,/Users/nickzwart/Desktop/11082026/92030238.json,EliKal,0,1,0.4828,Dragapult
92031047,/Users/nickzwart/Desktop/11082026/92031047.json,Katasonov Evgeny,0,0,0.4286,M-Froslass
92031915,/Users/nickzwart/Desktop/11082026/92031915.json,takayosi,1,0,0.3983,Dragapult
92032006,/Users/nickzwart/Desktop/11082026/92032006.json,Katasonov Evgeny,0,0,0.4286,Alakazam
92033865,/Users/nickzwart/Desktop/11082026/92033865.json,sobameshi,0,0,0.481,other
92033914,/Users/nickzwart/Desktop/11082026/92033914.json,Katasonov Evgeny,0,1,0.4286,Ogerpon
92033914,/Users/nickzwart/Desktop/11082026/92033914.json,cabbage patch,1,0,0.4706,Ogerpon
92032960,/Users/nickzwart/Desktop/11082026/92032960.json,Katasonov Evgeny,0,0,0.4286,Ogerpon
92032960,/Users/nickzwart/Desktop/11082026/92032960.json,Masaruto,1,1,0.4444,Ogerpon
92034851,/Users/nickzwart/Desktop/11082026/92034851.json,Katasonov Evgeny,0,0,0.4286,M-Lucario
92034882,/Users/nickzwart/Desktop/11082026/92034882.json,Katasonov Evgeny,0,1,0.4286,Dragapult
92034939,/Users/nickzwart/Desktop/11082026/92034939.json,EliKal,1,1,0.4828,Dragapult
92035824,/Users/nickzwart/Desktop/11082026/92035824.json,Katasonov Evgeny,1,0,0.4286,M-Lopunny
92035847,/Users/nickzwart/Desktop/11082026/92035847.json,sobameshi,0,0,0.481,Alakazam
92035850,/Users/nickzwart/Desktop/11082026/92035850.json,Eason0203,1,1,0.6129,Grimmsnarl
92036608,/Users/nickzwart/Desktop/11082026/92036608.json,Masaruto,0,0,0.4444,Dragapult
92036653,/Users/nickzwart/Desktop/11082026/92036653.json,gecogeco,1,1,0.4516,Grimmsnarl
92036761,/Users/nickzwart/Desktop/11082026/92036761.json,sobameshi,0,0,0.481,M-Lopunny
92036805,/Users/nickzwart/Desktop/11082026/92036805.json,Eason0203,1,0,0.6129,Hydrapple
92037620,/Users/nickzwart/Desktop/11082026/92037620.json,gecogeco,0,0,0.4516,M-Lopunny
92038723,/Users/nickzwart/Desktop/11082026/92038723.json,Eason0203,1,1,0.6129,other
92037776,/Users/nickzwart/Desktop/11082026/92037776.json,Eason0203,1,1,0.6129,Alakazam
92037881,/Users/nickzwart/Desktop/11082026/92037881.json,熱異常,1,0,0.4921,Dragapult
92040608,/Users/nickzwart/Desktop/11082026/92040608.json,James Cox & Henry Chao,0,0,0.3333,M-Lucario
92040618,/Users/nickzwart/Desktop/11082026/92040618.json,Eason0203,0,1,0.6129,Grimmsnarl
92040630,/Users/nickzwart/Desktop/11082026/92040630.json,takayosi,0,0,0.3983,Alakazam
92040643,/Users/nickzwart/Desktop/11082026/92040643.json,zzholo,0,0,0.52,Ogerpon
92040643,/Users/nickzwart/Desktop/11082026/92040643.json,Eason0203,1,1,0.6129,Ogerpon
92041587,/Users/nickzwart/Desktop/11082026/92041587.json,Eason0203,0,1,0.6129,Grimmsnarl
92041590,/Users/nickzwart/Desktop/11082026/92041590.json,loIzpo + emonga,0,0,0.5439,Grimmsnarl
92042532,/Users/nickzwart/Desktop/11082026/92042532.json,Eason0203,1,1,0.6129,Grimmsnarl
92043487,/Users/nickzwart/Desktop/11082026/92043487.json,Eason0203,0,1,0.6129,Grimmsnarl
92043495,/Users/nickzwart/Desktop/11082026/92043495.json,Oshbocker,1,0,0.5676,Dragapult
92043586,/Users/nickzwart/Desktop/11082026/92043586.json,Dries @ Tufa Labs,1,0,0.6053,Alakazam
92044435,/Users/nickzwart/Desktop/11082026/92044435.json,Eason0203,0,1,0.6129,Grimmsnarl
92045374,/Users/nickzwart/Desktop/11082026/92045374.json,Eason0203,0,1,0.6129,Alakazam
92045455,/Users/nickzwart/Desktop/11082026/92045455.json,HD h Joratos,1,0,0.5,Alakazam
92046159,/Users/nickzwart/Desktop/11082026/92046159.json,タニシ,1,1,0.4643,Dragapult
92046390,/Users/nickzwart/Desktop/11082026/92046390.json,zzholo,0,0,0.52,Garchomp
92048200,/Users/nickzwart/Desktop/11082026/92048200.json,Confusion,0,1,0.4588,Alakazam
92049165,/Users/nickzwart/Desktop/11082026/92049165.json,熱異常,0,1,0.4921,M-Lucario
92049190,/Users/nickzwart/Desktop/11082026/92049190.json,EliKal,1,1,0.4828,Grimmsnarl
92049202,/Users/nickzwart/Desktop/11082026/92049202.json,EliKal,1,1,0.4828,other
92049204,/Users/nickzwart/Desktop/11082026/92049204.json,Eason0203,1,0,0.6129,Alakazam
92050845,/Users/nickzwart/Desktop/11082026/92050845.json,hatata,1,0,0.5263,Crustle
92051076,/Users/nickzwart/Desktop/11082026/92051076.json,sobameshi,1,0,0.481,Alakazam
92052667,/Users/nickzwart/Desktop/11082026/92052667.json,takayosi,0,0,0.3983,Alakazam
92052705,/Users/nickzwart/Desktop/11082026/92052705.json,Yan,1,0,0.3125,Dragapult
92052884,/Users/nickzwart/Desktop/11082026/92052884.json,ANDPAD kaggler team,0,1,0.5865,Grimmsnarl
92052940,/Users/nickzwart/Desktop/11082026/92052940.json,tktkyamyam,1,1,0.4793,Grimmsnarl
92057395,/Users/nickzwart/Desktop/11082026/92057395.json,Confusion,0,0,0.4588,Alakazam
92057620,/Users/nickzwart/Desktop/11082026/92057620.json,Eason0203,0,0,0.6129,Ogerpon
92057620,/Users/nickzwart/Desktop/11082026/92057620.json,HD h Joratos,1,1,0.5,Ogerpon
92058324,/Users/nickzwart/Desktop/11082026/92058324.json,熱異常,1,1,0.4921,M-Lopunny
92061387,/Users/nickzwart/Desktop/11082026/92061387.json,EliKal,1,0,0.4828,Alakazam
92061438,/Users/nickzwart/Desktop/11082026/92061438.json,loIzpo + emonga,1,1,0.5439,Grimmsnarl
92063078,/Users/nickzwart/Desktop/11082026/92063078.json,熱異常,1,1,0.4921,Grimmsnarl
92063095,/Users/nickzwart/Desktop/11082026/92063095.json,Changyuan Chen,0,1,0.4286,Grimmsnarl
92064191,/Users/nickzwart/Desktop/11082026/92064191.json,EliKal,1,0,0.4828,Alakazam
92064975,/Users/nickzwart/Desktop/11082026/92064975.json,熱異常,1,1,0.4921,M-Lopunny
92065001,/Users/nickzwart/Desktop/11082026/92065001.json,Changyuan Chen,1,1,0.4286,Grimmsnarl
92065187,/Users/nickzwart/Desktop/11082026/92065187.json,熱異常,0,0,0.4921,Alakazam
92065928,/Users/nickzwart/Desktop/11082026/92065928.json,ANDPAD kaggler team,0,0,0.5865,Alakazam
92066132,/Users/nickzwart/Desktop/11082026/92066132.json,Eason0203,0,0,0.6129,M-Lopunny
92066759,/Users/nickzwart/Desktop/11082026/92066759.json,tktkyamyam,0,1,0.4793,Garchomp
92066919,/Users/nickzwart/Desktop/11082026/92066919.json,Changyuan Chen,1,0,0.4286,Alakazam
92066996,/Users/nickzwart/Desktop/11082026/92066996.json,takayosi,1,0,0.3983,Alakazam
92066875,/Users/nickzwart/Desktop/11082026/92066875.json,EliKal,0,0,0.4828,Alakazam
92068043,/Users/nickzwart/Desktop/11082026/92068043.json,Battle Data Base,1,1,0.4216,Grimmsnarl
92067822,/Users/nickzwart/Desktop/11082026/92067822.json,loIzpo + emonga,0,0,0.5439,Alakazam
92068684,/Users/nickzwart/Desktop/11082026/92068684.json,熱異常,1,0,0.4921,Dragapult
92068976,/Users/nickzwart/Desktop/11082026/92068976.json,EliKal,0,1,0.4828,M-Lopunny
92069714,/Users/nickzwart/Desktop/11082026/92069714.json,熱異常,0,0,0.4921,Grimmsnarl
92069720,/Users/nickzwart/Desktop/11082026/92069720.json,EliKal,1,0,0.4828,Alakazam
92069737,/Users/nickzwart/Desktop/11082026/92069737.json,hinox13,1,0,0.5,Grimmsnarl
92070669,/Users/nickzwart/Desktop/11082026/92070669.json,熱異常,1,1,0.4921,Grimmsnarl
92071645,/Users/nickzwart/Desktop/11082026/92071645.json,熱異常,0,1,0.4921,M-Kangaskhan
92070702,/Users/nickzwart/Desktop/11082026/92070702.json,Masaruto,0,1,0.4444,Grimmsnarl
92070784,/Users/nickzwart/Desktop/11082026/92070784.json,Dries @ Tufa Labs,1,1,0.6053,Grimmsnarl
92072578,/Users/nickzwart/Desktop/11082026/92072578.json,熱異常,0,0,0.4921,Alakazam
92073474,/Users/nickzwart/Desktop/11082026/92073474.json,Oshbocker,1,0,0.5676,Dragapult
92073532,/Users/nickzwart/Desktop/11082026/92073532.json,熱異常,1,1,0.4921,M-Lopunny
92073664,/Users/nickzwart/Desktop/11082026/92073664.json,EliKal,0,0,0.4828,Alakazam
92074559,/Users/nickzwart/Desktop/11082026/92074559.json,EliKal,1,0,0.4828,Alakazam
92074518,/Users/nickzwart/Desktop/11082026/92074518.json,熱異常,0,0,0.4921,M-Lopunny
92074532,/Users/nickzwart/Desktop/11082026/92074532.json,zzholo,1,1,0.52,Grimmsnarl
92075474,/Users/nickzwart/Desktop/11082026/92075474.json,熱異常,1,0,0.4921,M-Lopunny
92075476,/Users/nickzwart/Desktop/11082026/92075476.json,tktkyamyam,1,0,0.4793,M-Lopunny
92076348,/Users/nickzwart/Desktop/11082026/92076348.json,熱異常,0,1,0.4921,Dragapult
92076640,/Users/nickzwart/Desktop/11082026/92076640.json,loIzpo + emonga,1,0,0.5439,M-Kangaskhan
92076432,/Users/nickzwart/Desktop/11082026/92076432.json,熱異常,1,0,0.4921,Grimmsnarl
92076522,/Users/nickzwart/Desktop/11082026/92076522.json,Changyuan Chen,1,1,0.4286,Grimmsnarl
92076525,/Users/nickzwart/Desktop/11082026/92076525.json,熱異常,0,0,0.4921,Dragapult
92077316,/Users/nickzwart/Desktop/11082026/92077316.json,HD h Joratos,0,0,0.5,Ogerpon
92077392,/Users/nickzwart/Desktop/11082026/92077392.json,熱異常,1,1,0.4921,Grimmsnarl
92078333,/Users/nickzwart/Desktop/11082026/92078333.json,loIzpo + emonga,0,1,0.5439,M-Lopunny
92078338,/Users/nickzwart/Desktop/11082026/92078338.json,熱異常,1,0,0.4921,Alakazam
92078443,/Users/nickzwart/Desktop/11082026/92078443.json,Eason0203,0,0,0.6129,Dragapult
92079201,/Users/nickzwart/Desktop/11082026/92079201.json,Eason0203,1,1,0.6129,M-Kangaskhan
92079284,/Users/nickzwart/Desktop/11082026/92079284.json,熱異常,0,1,0.4921,Dragapult
92079314,/Users/nickzwart/Desktop/11082026/92079314.json,takayosi,1,0,0.3983,Alakazam
92080224,/Users/nickzwart/Desktop/11082026/92080224.json,熱異常,1,0,0.4921,Alakazam
92081164,/Users/nickzwart/Desktop/11082026/92081164.json,熱異常,1,0,0.4921,Alakazam
92082907,/Users/nickzwart/Desktop/11082026/92082907.json,EliKal,1,0,0.4828,Alakazam
92083149,/Users/nickzwart/Desktop/11082026/92083149.json,loIzpo + emonga,0,1,0.5439,Alakazam
92083884,/Users/nickzwart/Desktop/11082026/92083884.json,loIzpo + emonga,1,1,0.5439,M-Kangaskhan
92084008,/Users/nickzwart/Desktop/11082026/92084008.json,熱異常,1,0,0.4921,Dragapult
92084803,/Users/nickzwart/Desktop/11082026/92084803.json,tktkyamyam,1,0,0.4793,Dragapult
92085021,/Users/nickzwart/Desktop/11082026/92085021.json,ANDPAD kaggler team,0,0,0.5865,Dragapult
92086642,/Users/nickzwart/Desktop/11082026/92086642.json,zzholo,0,0,0.52,Alakazam
92085688,/Users/nickzwart/Desktop/11082026/92085688.json,loIzpo + emonga,1,1,0.5439,Alakazam
92086681,/Users/nickzwart/Desktop/11082026/92086681.json,takayosi,1,0,0.3983,Dragapult
92086808,/Users/nickzwart/Desktop/11082026/92086808.json,Eason0203,0,0,0.6129,Alakazam
92086817,/Users/nickzwart/Desktop/11082026/92086817.json,Dries @ Tufa Labs,0,1,0.6053,Dragapult
92088417,/Users/nickzwart/Desktop/11082026/92088417.json,hinox13,0,0,0.5,M-Lopunny
92088666,/Users/nickzwart/Desktop/11082026/92088666.json,Battle Data Base,1,0,0.4216,M-Lopunny
92089418,/Users/nickzwart/Desktop/11082026/92089418.json,熱異常,0,0,0.4921,Dragapult
92089677,/Users/nickzwart/Desktop/11082026/92089677.json,熱異常,1,1,0.4921,M-Kangaskhan
92090591,/Users/nickzwart/Desktop/11082026/92090591.json,Confusion,0,1,0.4588,Alakazam
92091341,/Users/nickzwart/Desktop/11082026/92091341.json,Yan,1,0,0.3125,Dragapult
92091438,/Users/nickzwart/Desktop/11082026/92091438.json,loIzpo + emonga,1,1,0.5439,Alakazam
92091453,/Users/nickzwart/Desktop/11082026/92091453.json,Dries @ Tufa Labs,1,0,0.6053,Hydrapple
92092174,/Users/nickzwart/Desktop/11082026/92092174.json,loIzpo + emonga,1,1,0.5439,Hydrapple
92092214,/Users/nickzwart/Desktop/11082026/92092214.json,熱異常,1,0,0.4921,Dragapult
92094022,/Users/nickzwart/Desktop/11082026/92094022.json,tktkyamyam,0,0,0.4793,M-Lopunny
92094076,/Users/nickzwart/Desktop/11082026/92094076.json,熱異常,0,0,0.4921,Dragapult
92093023,/Users/nickzwart/Desktop/11082026/92093023.json,Dries @ Tufa Labs,1,1,0.6053,Alakazam
92094196,/Users/nickzwart/Desktop/11082026/92094196.json,Confusion,0,1,0.4588,Grimmsnarl
92094212,/Users/nickzwart/Desktop/11082026/92094212.json,loIzpo + emonga,1,0,0.5439,M-Lopunny
92094309,/Users/nickzwart/Desktop/11082026/92094309.json,Eason0203,1,0,0.6129,Alakazam
92095005,/Users/nickzwart/Desktop/11082026/92095005.json,熱異常,0,1,0.4921,Dragapult
92095894,/Users/nickzwart/Desktop/11082026/92095894.json,loIzpo + emonga,0,1,0.5439,M-Lopunny
92096008,/Users/nickzwart/Desktop/11082026/92096008.json,zzholo,1,0,0.52,Dragapult
92096045,/Users/nickzwart/Desktop/11082026/92096045.json,Oshbocker,1,1,0.5676,M-Lopunny
92096132,/Users/nickzwart/Desktop/11082026/92096132.json,タニシ,0,0,0.4643,Grimmsnarl
92097089,/Users/nickzwart/Desktop/11082026/92097089.json,Battle Data Base,1,0,0.4216,Alakazam
92097882,/Users/nickzwart/Desktop/11082026/92097882.json,loIzpo + emonga,1,0,0.5439,Grimmsnarl
92098677,/Users/nickzwart/Desktop/11082026/92098677.json,loIzpo + emonga,0,0,0.5439,Grimmsnarl
92097724,/Users/nickzwart/Desktop/11082026/92097724.json,熱異常,1,0,0.4921,Alakazam
92097786,/Users/nickzwart/Desktop/11082026/92097786.json,zzholo,0,1,0.52,Alakazam
92098773,/Users/nickzwart/Desktop/11082026/92098773.json,熱異常,0,0,0.4921,Dragapult
92099742,/Users/nickzwart/Desktop/11082026/92099742.json,Oshbocker,0,0,0.5676,Dragapult
92099949,/Users/nickzwart/Desktop/11082026/92099949.json,EliKal,1,1,0.4828,Grimmsnarl
92099955,/Users/nickzwart/Desktop/11082026/92099955.json,Yan,0,1,0.3125,Grimmsnarl
92102454,/Users/nickzwart/Desktop/11082026/92102454.json,loIzpo + emonga,1,0,0.5439,other
92102489,/Users/nickzwart/Desktop/11082026/92102489.json,zzholo,0,0,0.52,Dragapult
92102693,/Users/nickzwart/Desktop/11082026/92102693.json,loIzpo + emonga,1,1,0.5439,M-Lucario
92102778,/Users/nickzwart/Desktop/11082026/92102778.json,loIzpo + emonga,0,0,0.5439,Dragapult
92103553,/Users/nickzwart/Desktop/11082026/92103553.json,EliKal,0,1,0.4828,M-Lopunny
92103568,/Users/nickzwart/Desktop/11082026/92103568.json,熱異常,0,1,0.4921,Dragapult
92103605,/Users/nickzwart/Desktop/11082026/92103605.json,EliKal,0,1,0.4828,M-Lopunny
92104617,/Users/nickzwart/Desktop/11082026/92104617.json,loIzpo + emonga,0,0,0.5439,Hydrapple
92106329,/Users/nickzwart/Desktop/11082026/92106329.json,loIzpo + emonga,0,0,0.5439,Hydrapple
92106339,/Users/nickzwart/Desktop/11082026/92106339.json,Dries @ Tufa Labs,0,0,0.6053,Dragapult
92106407,/Users/nickzwart/Desktop/11082026/92106407.json,takayosi,0,0,0.3983,M-Lopunny
92108125,/Users/nickzwart/Desktop/11082026/92108125.json,Confusion,1,0,0.4588,Dragapult
92108283,/Users/nickzwart/Desktop/11082026/92108283.json,Oshbocker,0,0,0.5676,Dragapult
92108292,/Users/nickzwart/Desktop/11082026/92108292.json,熱異常,0,0,0.4921,Dragapult
92109056,/Users/nickzwart/Desktop/11082026/92109056.json,Battle Data Base,0,1,0.4216,Dragapult
92111024,/Users/nickzwart/Desktop/11082026/92111024.json,熱異常,0,1,0.4921,Dragapult
92111997,/Users/nickzwart/Desktop/11082026/92111997.json,熱異常,0,1,0.4921,Dragapult
92113770,/Users/nickzwart/Desktop/11082026/92113770.json,cabbage patch,1,0,0.4706,M-Lopunny
92113882,/Users/nickzwart/Desktop/11082026/92113882.json,熱異常,0,1,0.4921,Dragapult
92113937,/Users/nickzwart/Desktop/11082026/92113937.json,EliKal,0,1,0.4828,Grimmsnarl
92117391,/Users/nickzwart/Desktop/11082026/92117391.json,tktkyamyam,1,1,0.4793,Grimmsnarl
92116625,/Users/nickzwart/Desktop/11082026/92116625.json,takayosi,1,1,0.3983,Hydrapple
92117640,/Users/nickzwart/Desktop/11082026/92117640.json,Battle Data Base,1,0,0.4216,M-Lopunny
92117497,/Users/nickzwart/Desktop/11082026/92117497.json,Confusion,0,1,0.4588,Alakazam
92119289,/Users/nickzwart/Desktop/11082026/92119289.json,EliKal,1,1,0.4828,Dragapult
92119360,/Users/nickzwart/Desktop/11082026/92119360.json,__Taichicchi__,0,1,0.6154,M-Lopunny
92119362,/Users/nickzwart/Desktop/11082026/92119362.json,Dries @ Tufa Labs,0,1,0.6053,Alakazam
92119453,/Users/nickzwart/Desktop/11082026/92119453.json,hatata,0,1,0.5263,Alakazam
92120291,/Users/nickzwart/Desktop/11082026/92120291.json,tktkyamyam,1,1,0.4793,M-Lopunny
92121981,/Users/nickzwart/Desktop/11082026/92121981.json,takayosi,1,0,0.3983,M-Lopunny
92122121,/Users/nickzwart/Desktop/11082026/92122121.json,EliKal,0,0,0.4828,Grimmsnarl
92122952,/Users/nickzwart/Desktop/11082026/92122952.json,tktkyamyam,0,0,0.4793,M-Lucario
92122963,/Users/nickzwart/Desktop/11082026/92122963.json,Yan,0,0,0.3125,Grimmsnarl
92123973,/Users/nickzwart/Desktop/11082026/92123973.json,Battle Data Base,0,0,0.4216,Dragapult
92124124,/Users/nickzwart/Desktop/11082026/92124124.json,Battle Data Base,0,0,0.4216,Ogerpon
92124124,/Users/nickzwart/Desktop/11082026/92124124.json,EliKal,1,1,0.4828,Ogerpon
92124922,/Users/nickzwart/Desktop/11082026/92124922.json,loIzpo + emonga,1,1,0.5439,other
92125004,/Users/nickzwart/Desktop/11082026/92125004.json,熱異常,0,0,0.4921,Alakazam
92125008,/Users/nickzwart/Desktop/11082026/92125008.json,Eason0203,0,0,0.6129,M-Lopunny
92125049,/Users/nickzwart/Desktop/11082026/92125049.json,Oshbocker,0,1,0.5676,M-Lopunny
92125078,/Users/nickzwart/Desktop/11082026/92125078.json,Eason0203,1,1,0.6129,Dragapult
92125119,/Users/nickzwart/Desktop/11082026/92125119.json,Oshbocker,1,1,0.5676,Dragapult
92125148,/Users/nickzwart/Desktop/11082026/92125148.json,Dries @ Tufa Labs,0,0,0.6053,Dragapult
92126903,/Users/nickzwart/Desktop/11082026/92126903.json,EliKal,1,1,0.4828,Grimmsnarl
92126944,/Users/nickzwart/Desktop/11082026/92126944.json,ANDPAD kaggler team,0,0,0.5865,Alakazam
92126088,/Users/nickzwart/Desktop/11082026/92126088.json,熱異常,0,0,0.4921,Dragapult
92127761,/Users/nickzwart/Desktop/11082026/92127761.json,EliKal,0,0,0.4828,Grimmsnarl
92127859,/Users/nickzwart/Desktop/11082026/92127859.json,Confusion,1,1,0.4588,Grimmsnarl
92131546,/Users/nickzwart/Desktop/11082026/92131546.json,HD h Joratos,0,1,0.5,M-Lopunny
92128924,/Users/nickzwart/Desktop/11082026/92128924.json,Eason0203,0,1,0.6129,Alakazam
92129647,/Users/nickzwart/Desktop/11082026/92129647.json,Yan,0,0,0.3125,Dragapult
92129730,/Users/nickzwart/Desktop/11082026/92129730.json,ANDPAD kaggler team,0,1,0.5865,other
92130699,/Users/nickzwart/Desktop/11082026/92130699.json,Confusion,0,0,0.4588,Dragapult
92132465,/Users/nickzwart/Desktop/11082026/92132465.json,タニシ,0,0,0.4643,Dragapult
92132614,/Users/nickzwart/Desktop/11082026/92132614.json,__Taichicchi__,0,1,0.6154,Ogerpon
92132614,/Users/nickzwart/Desktop/11082026/92132614.json,EliKal,1,0,0.4828,Ogerpon
92132617,/Users/nickzwart/Desktop/11082026/92132617.json,Dries @ Tufa Labs,0,1,0.6053,Grimmsnarl
92133556,/Users/nickzwart/Desktop/11082026/92133556.json,__Taichicchi__,1,0,0.6154,Grimmsnarl
92133632,/Users/nickzwart/Desktop/11082026/92133632.json,熱異常,1,0,0.4921,Dragapult
92135312,/Users/nickzwart/Desktop/11082026/92135312.json,takayosi,0,1,0.3983,Grimmsnarl
92135468,/Users/nickzwart/Desktop/11082026/92135468.json,hatata,0,0,0.5263,Alakazam
92136266,/Users/nickzwart/Desktop/11082026/92136266.json,loIzpo + emonga,0,1,0.5439,M-Lopunny
92136314,/Users/nickzwart/Desktop/11082026/92136314.json,Dries @ Tufa Labs,1,0,0.6053,Dragapult
92136376,/Users/nickzwart/Desktop/11082026/92136376.json,Dries @ Tufa Labs,0,0,0.6053,Ogerpon
92136376,/Users/nickzwart/Desktop/11082026/92136376.json,Changyuan Chen,1,1,0.4286,Ogerpon
92137290,/Users/nickzwart/Desktop/11082026/92137290.json,Confusion,1,0,0.4588,M-Kangaskhan
92137340,/Users/nickzwart/Desktop/11082026/92137340.json,Masaruto,1,1,0.4444,Grimmsnarl
92137390,/Users/nickzwart/Desktop/11082026/92137390.json,Dipam Chakraborty,1,1,0.7647,M-Lopunny
92207280,/Users/nickzwart/Desktop/2 Dipam Chakraborty (Ogerpon)/92207280.json,Dipam Chakraborty,0,1,0.7647,Crustle
92208246,/Users/nickzwart/Desktop/2 Dipam Chakraborty (Ogerpon)/92208246.json,Dipam Chakraborty,0,1,0.7647,Archaludon
92209194,/Users/nickzwart/Desktop/2 Dipam Chakraborty (Ogerpon)/92209194.json,Dipam Chakraborty,1,1,0.7647,other
92210149,/Users/nickzwart/Desktop/2 Dipam Chakraborty (Ogerpon)/92210149.json,Dipam Chakraborty,1,1,0.7647,M-Lucario
92211110,/Users/nickzwart/Desktop/2 Dipam Chakraborty (Ogerpon)/92211110.json,Dipam Chakraborty,1,1,0.7647,Hydrapple
92212078,/Users/nickzwart/Desktop/2 Dipam Chakraborty (Ogerpon)/92212078.json,Dipam Chakraborty,0,1,0.7647,Crustle
92213057,/Users/nickzwart/Desktop/2 Dipam Chakraborty (Ogerpon)/92213057.json,Dipam Chakraborty,1,1,0.7647,M-Lucario
92221636,/Users/nickzwart/Desktop/2 Dipam Chakraborty (Ogerpon)/92221636.json,Dipam Chakraborty,1,1,0.7647,Crustle
92222570,/Users/nickzwart/Desktop/2 Dipam Chakraborty (Ogerpon)/92222570.json,Dipam Chakraborty,1,1,0.7647,M-Lopunny
92223492,/Users/nickzwart/Desktop/2 Dipam Chakraborty (Ogerpon)/92223492.json,Dipam Chakraborty,0,1,0.7647,other
92224433,/Users/nickzwart/Desktop/2 Dipam Chakraborty (Ogerpon)/92224433.json,Dipam Chakraborty,0,1,0.7647,Dragapult
92225370,/Users/nickzwart/Desktop/2 Dipam Chakraborty (Ogerpon)/92225370.json,Dipam Chakraborty,1,1,0.7647,Grimmsnarl
92226307,/Users/nickzwart/Desktop/2 Dipam Chakraborty (Ogerpon)/92226307.json,Dipam Chakraborty,1,1,0.7647,M-Lopunny
92227243,/Users/nickzwart/Desktop/2 Dipam Chakraborty (Ogerpon)/92227243.json,Dipam Chakraborty,0,1,0.7647,Ogerpon
92227243,/Users/nickzwart/Desktop/2 Dipam Chakraborty (Ogerpon)/92227243.json,Eason0203,1,0,0.6129,Ogerpon
92228163,/Users/nickzwart/Desktop/2 Dipam Chakraborty (Ogerpon)/92228163.json,Dipam Chakraborty,0,1,0.7647,Alakazam
92214076,/Users/nickzwart/Desktop/2 Dipam Chakraborty (Ogerpon)/92214076.json,Dipam Chakraborty,1,1,0.7647,Grimmsnarl
92214991,/Users/nickzwart/Desktop/2 Dipam Chakraborty (Ogerpon)/92214991.json,Dipam Chakraborty,1,0,0.7647,M-Lopunny
92215965,/Users/nickzwart/Desktop/2 Dipam Chakraborty (Ogerpon)/92215965.json,Dipam Chakraborty,1,0,0.7647,Dragapult
92216950,/Users/nickzwart/Desktop/2 Dipam Chakraborty (Ogerpon)/92216950.json,Dipam Chakraborty,0,1,0.7647,Alakazam
92217851,/Users/nickzwart/Desktop/2 Dipam Chakraborty (Ogerpon)/92217851.json,Dipam Chakraborty,0,1,0.7647,Grimmsnarl
92218786,/Users/nickzwart/Desktop/2 Dipam Chakraborty (Ogerpon)/92218786.json,Dipam Chakraborty,1,1,0.7647,Grimmsnarl
92219741,/Users/nickzwart/Desktop/2 Dipam Chakraborty (Ogerpon)/92219741.json,Dipam Chakraborty,0,0,0.7647,other
92220698,/Users/nickzwart/Desktop/2 Dipam Chakraborty (Ogerpon)/92220698.json,Dipam Chakraborty,0,1,0.7647,M-Lopunny
92246150,/Users/nickzwart/Desktop/1 Sixt sense (Dragapult)/92246150.json,Dipam Chakraborty,1,1,0.7647,Dragapult
92236713,/Users/nickzwart/Desktop/2 Dipam Chakraborty (Ogerpon)/92236713.json,Dipam Chakraborty,0,1,0.7647,Dragapult
92237645,/Users/nickzwart/Desktop/2 Dipam Chakraborty (Ogerpon)/92237645.json,Dipam Chakraborty,1,1,0.7647,Grimmsnarl
92238593,/Users/nickzwart/Desktop/2 Dipam Chakraborty (Ogerpon)/92238593.json,Dipam Chakraborty,0,1,0.7647,M-Lucario
92239538,/Users/nickzwart/Desktop/2 Dipam Chakraborty (Ogerpon)/92239538.json,Dipam Chakraborty,0,1,0.7647,M-Kangaskhan
92240468,/Users/nickzwart/Desktop/2 Dipam Chakraborty (Ogerpon)/92240468.json,Dipam Chakraborty,0,1,0.7647,Archaludon
92241309,/Users/nickzwart/Desktop/2 Dipam Chakraborty (Ogerpon)/92241309.json,Dipam Chakraborty,1,0,0.7647,Ogerpon
92241353,/Users/nickzwart/Desktop/2 Dipam Chakraborty (Ogerpon)/92241353.json,Dipam Chakraborty,0,1,0.7647,Dudunsparce
92241403,/Users/nickzwart/Desktop/2 Dipam Chakraborty (Ogerpon)/92241403.json,Dipam Chakraborty,1,1,0.7647,M-Lopunny
92229118,/Users/nickzwart/Desktop/2 Dipam Chakraborty (Ogerpon)/92229118.json,Dipam Chakraborty,0,1,0.7647,Dragapult
92230086,/Users/nickzwart/Desktop/2 Dipam Chakraborty (Ogerpon)/92230086.json,Dipam Chakraborty,1,0,0.7647,Dragapult
92231032,/Users/nickzwart/Desktop/2 Dipam Chakraborty (Ogerpon)/92231032.json,Dipam Chakraborty,1,1,0.7647,M-Lopunny
92231969,/Users/nickzwart/Desktop/2 Dipam Chakraborty (Ogerpon)/92231969.json,Dipam Chakraborty,0,1,0.7647,M-Lopunny
92232919,/Users/nickzwart/Desktop/2 Dipam Chakraborty (Ogerpon)/92232919.json,Dipam Chakraborty,0,1,0.7647,M-Lopunny
92233875,/Users/nickzwart/Desktop/2 Dipam Chakraborty (Ogerpon)/92233875.json,Dipam Chakraborty,1,1,0.7647,M-Kangaskhan
92234813,/Users/nickzwart/Desktop/2 Dipam Chakraborty (Ogerpon)/92234813.json,Dipam Chakraborty,0,0,0.7647,Ogerpon
92234813,/Users/nickzwart/Desktop/2 Dipam Chakraborty (Ogerpon)/92234813.json,熱異常,1,1,0.4921,Ogerpon
92235754,/Users/nickzwart/Desktop/2 Dipam Chakraborty (Ogerpon)/92235754.json,Dipam Chakraborty,1,1,0.7647,Dragapult
92242362,/Users/nickzwart/Desktop/2 Dipam Chakraborty (Ogerpon)/92242362.json,Dipam Chakraborty,0,1,0.7647,Ogerpon
92242362,/Users/nickzwart/Desktop/2 Dipam Chakraborty (Ogerpon)/92242362.json,Oshbocker,1,0,0.5676,Ogerpon
92243290,/Users/nickzwart/Desktop/2 Dipam Chakraborty (Ogerpon)/92243290.json,Dipam Chakraborty,1,1,0.7647,Dudunsparce
92244247,/Users/nickzwart/Desktop/2 Dipam Chakraborty (Ogerpon)/92244247.json,Dipam Chakraborty,0,1,0.7647,Dragapult
92245190,/Users/nickzwart/Desktop/2 Dipam Chakraborty (Ogerpon)/92245190.json,熱異常,0,0,0.4921,Ogerpon
92245190,/Users/nickzwart/Desktop/2 Dipam Chakraborty (Ogerpon)/92245190.json,Dipam Chakraborty,1,1,0.7647,Ogerpon
92247089,/Users/nickzwart/Desktop/2 Dipam Chakraborty (Ogerpon)/92247089.json,Dipam Chakraborty,0,0,0.7647,M-Lucario
92248038,/Users/nickzwart/Desktop/2 Dipam Chakraborty (Ogerpon)/92248038.json,Dipam Chakraborty,1,1,0.7647,M-Lucario
92248969,/Users/nickzwart/Desktop/2 Dipam Chakraborty (Ogerpon)/92248969.json,Dipam Chakraborty,0,1,0.7647,Ogerpon
92248969,/Users/nickzwart/Desktop/2 Dipam Chakraborty (Ogerpon)/92248969.json,Oshbocker,1,0,0.5676,Ogerpon
92249907,/Users/nickzwart/Desktop/2 Dipam Chakraborty (Ogerpon)/92249907.json,Dipam Chakraborty,1,1,0.7647,Dragapult
92250802,/Users/nickzwart/Desktop/2 Dipam Chakraborty (Ogerpon)/92250802.json,Dipam Chakraborty,1,0,0.7647,Dudunsparce
92258277,/Users/nickzwart/Desktop/2 Dipam Chakraborty (Ogerpon)/92258277.json,Dipam Chakraborty,0,1,0.7647,Dudunsparce
92206237,/Users/nickzwart/Desktop/5 Luca (M-Lucario/92206237.json,Dipam Chakraborty,0,0,0.7647,Ogerpon
92206237,/Users/nickzwart/Desktop/5 Luca (M-Lucario/92206237.json,Dipam Chakraborty,1,1,0.7647,Ogerpon
92218051,/Users/nickzwart/Desktop/5 Luca (M-Lucario/92218051.json,Oshbocker,0,1,0.5676,M-Lucario
92218110,/Users/nickzwart/Desktop/5 Luca (M-Lucario/92218110.json,Oshbocker,1,1,0.5676,M-Lucario
92275106,/Users/nickzwart/Desktop/5 Luca (M-Lucario/92275106.json,Dipam Chakraborty,0,0,0.7647,Dragapult
92291005,/Users/nickzwart/Desktop/5 Luca (M-Lucario/92291005.json,Dipam Chakraborty,1,0,0.7647,Dragapult
92291905,/Users/nickzwart/Desktop/5 Luca (M-Lucario/92291905.json,Dipam Chakraborty,1,1,0.7647,Dragapult
92250850,/Users/nickzwart/Desktop/5 Luca (M-Lucario/92250850.json,Dipam Chakraborty,0,0,0.7647,Dragapult
92251789,/Users/nickzwart/Desktop/5 Luca (M-Lucario/92251789.json,Dipam Chakraborty,0,0,0.7647,Dragapult
92252615,/Users/nickzwart/Desktop/5 Luca (M-Lucario/92252615.json,Dipam Chakraborty,0,0,0.7647,Ogerpon
