episode,path,player,side,won,player_winrate,opp_deck
90883470,/Users/nickzwart/Desktop/Palsystem 2/90883470.json,palsystem,1,1,0.6233,M-Froslass
90884326,/Users/nickzwart/Desktop/Palsystem 2/90884326.json,palsystem,1,1,0.6233,M-Starmie
90885979,/Users/nickzwart/Desktop/Palsystem 2/90885979.json,palsystem,1,1,0.6233,Alakazam
90887660,/Users/nickzwart/Desktop/Palsystem 2/90887660.json,palsystem,0,1,0.6233,other
90888495,/Users/nickzwart/Desktop/Palsystem 2/90888495.json,palsystem,0,1,0.6233,M-Lopunny
90869946,/Users/nickzwart/Desktop/Palsystem 2/90869946.json,palsystem,0,1,0.6233,Grimmsnarl
90870808,/Users/nickzwart/Desktop/Palsystem 2/90870808.json,palsystem,1,1,0.6233,M-Lopunny
90871644,/Users/nickzwart/Desktop/Palsystem 2/90871644.json,palsystem,0,1,0.6233,M-Lopunny
90873341,/Users/nickzwart/Desktop/Palsystem 2/90873341.json,palsystem,1,1,0.6233,M-Kangaskhan
90874170,/Users/nickzwart/Desktop/Palsystem 2/90874170.json,palsystem,1,1,0.6233,Grimmsnarl
90875034,/Users/nickzwart/Desktop/Palsystem 2/90875034.json,palsystem,0,1,0.6233,Alakazam
90896081,/Users/nickzwart/Desktop/Palsystem 2/90896081.json,palsystem,0,1,0.6233,M-Lopunny
90897757,/Users/nickzwart/Desktop/Palsystem 2/90897757.json,palsystem,1,1,0.6233,M-Kangaskhan
90900278,/Users/nickzwart/Desktop/Palsystem 2/90900278.json,palsystem,1,1,0.6233,M-Lopunny
90889356,/Users/nickzwart/Desktop/Palsystem 2/90889356.json,palsystem,1,1,0.6233,Grimmsnarl
90891039,/Users/nickzwart/Desktop/Palsystem 2/90891039.json,palsystem,0,1,0.6233,M-Lopunny
90892739,/Users/nickzwart/Desktop/Palsystem 2/90892739.json,palsystem,0,1,0.6233,Alakazam
90895249,/Users/nickzwart/Desktop/Palsystem 2/90895249.json,palsystem,0,1,0.6233,Ogerpon
90863087,/Users/nickzwart/Desktop/Palsystem 2/90863087.json,palsystem,0,1,0.6233,Dragapult
90863928,/Users/nickzwart/Desktop/Palsystem 2/90863928.json,palsystem,0,1,0.6233,Dragapult
90864790,/Users/nickzwart/Desktop/Palsystem 2/90864790.json,palsystem,0,1,0.6233,M-Kangaskhan
90865646,/Users/nickzwart/Desktop/Palsystem 2/90865646.json,palsystem,0,1,0.6233,Grimmsnarl
90866494,/Users/nickzwart/Desktop/Palsystem 2/90866494.json,palsystem,1,1,0.6233,other
90867378,/Users/nickzwart/Desktop/Palsystem 2/90867378.json,palsystem,1,1,0.6233,M-Lopunny
90868231,/Users/nickzwart/Desktop/Palsystem 2/90868231.json,palsystem,1,1,0.6233,M-Lucario
90869101,/Users/nickzwart/Desktop/Palsystem 2/90869101.json,palsystem,0,1,0.6233,Grimmsnarl
90876731,/Users/nickzwart/Desktop/Palsystem 2/90876731.json,palsystem,0,1,0.6233,Grimmsnarl
90878418,/Users/nickzwart/Desktop/Palsystem 2/90878418.json,palsystem,1,1,0.6233,M-Kangaskhan
90879246,/Users/nickzwart/Desktop/Palsystem 2/90879246.json,palsystem,0,1,0.6233,M-Froslass
90880156,/Users/nickzwart/Desktop/Palsystem 2/90880156(1).json,palsystem,0,1,0.6233,Dragapult
90881789,/Users/nickzwart/Desktop/Palsystem 2/90881789.json,palsystem,0,1,0.6233,other
90902865,/Users/nickzwart/Desktop/Palsystem 2/90902865.json,palsystem,0,1,0.6233,Ogerpon
90903731,/Users/nickzwart/Desktop/Palsystem 2/90903731.json,palsystem,0,1,0.6233,M-Lopunny
90905443,/Users/nickzwart/Desktop/Palsystem 2/90905443.json,palsystem,1,1,0.6233,M-Lopunny
90906308,/Users/nickzwart/Desktop/Palsystem 2/90906308.json,palsystem,0,1,0.6233,M-Lopunny
90908005,/Users/nickzwart/Desktop/Palsystem 2/90908005.json,palsystem,1,1,0.6233,Alakazam
90909675,/Users/nickzwart/Desktop/Palsystem 2/90909675.json,palsystem,0,1,0.6233,Crustle
90910549,/Users/nickzwart/Desktop/Palsystem 2/90910549.json,palsystem,1,1,0.6233,Grimmsnarl
90918228,/Users/nickzwart/Desktop/Palsystem 2/90918228.json,palsystem,0,1,0.6233,Grimmsnarl
90919835,/Users/nickzwart/Desktop/Palsystem 2/90919835.json,palsystem,1,1,0.6233,Dragapult
90926326,/Users/nickzwart/Desktop/Palsystem 2/90926326.json,palsystem,1,1,0.6233,Ogerpon
90934758,/Users/nickzwart/Desktop/Palsystem 2/90934758.json,palsystem,0,1,0.6233,M-Lopunny
90935520,/Users/nickzwart/Desktop/Palsystem 2/90935520.json,palsystem,1,1,0.6233,other
90939953,/Users/nickzwart/Desktop/Palsystem 2/90939953.json,palsystem,0,1,0.6233,M-Lucario
90948177,/Users/nickzwart/Desktop/Palsystem 2/90948177.json,palsystem,1,1,0.6233,Ogerpon
90950703,/Users/nickzwart/Desktop/Palsystem 2/90950703.json,palsystem,1,1,0.6233,Grimmsnarl
90959765,/Users/nickzwart/Desktop/Palsystem 2/90959765.json,palsystem,0,1,0.6233,other
90968103,/Users/nickzwart/Desktop/Palsystem 2/90968103.json,palsystem,1,1,0.6233,other
91080263,/Users/nickzwart/Desktop/Palsystem 2/91080263.json,palsystem,0,1,0.6233,Dragapult
91081137,/Users/nickzwart/Desktop/Palsystem 2/91081137.json,palsystem,0,1,0.6233,Dragapult
91093430,/Users/nickzwart/Desktop/Palsystem 2/91093430.json,palsystem,0,1,0.6233,Grimmsnarl
91125632,/Users/nickzwart/Desktop/Palsystem 2/91125632.json,palsystem,0,1,0.6233,M-Lopunny
91139685,/Users/nickzwart/Desktop/Palsystem 2/91139685.json,palsystem,1,1,0.6233,Dragapult
91012274,/Users/nickzwart/Desktop/Palsystem 2/91012274.json,palsystem,0,1,0.6233,Grimmsnarl
91068166,/Users/nickzwart/Desktop/Palsystem 2/91068166.json,palsystem,1,1,0.6233,M-Lopunny
91140528,/Users/nickzwart/Desktop/Palsystem 2/91140528.json,palsystem,0,1,0.6233,other
91151120,/Users/nickzwart/Desktop/Palsystem 2/91151120.json,palsystem,0,1,0.6233,Grimmsnarl
91159856,/Users/nickzwart/Desktop/Palsystem 2/91159856.json,palsystem,0,1,0.6233,Garchomp
91184632,/Users/nickzwart/Desktop/Palsystem 2/91184632.json,palsystem,1,1,0.6233,Grimmsnarl
91194188,/Users/nickzwart/Desktop/Palsystem 2/91194188.json,palsystem,1,1,0.6233,Dragapult
91214330,/Users/nickzwart/Desktop/Palsystem 2/91214330.json,palsystem,1,1,0.6233,Grimmsnarl
91240039,/Users/nickzwart/Desktop/Palsystem 2/91240039.json,palsystem,0,1,0.6233,M-Lopunny
91240241,/Users/nickzwart/Desktop/Palsystem 2/91240241.json,palsystem,0,1,0.6233,Grimmsnarl
91248983,/Users/nickzwart/Desktop/Palsystem 2/91248983.json,palsystem,0,1,0.6233,M-Lopunny
91276681,/Users/nickzwart/Desktop/Palsystem 2/91276681.json,palsystem,1,1,0.6233,M-Kangaskhan
91471234,/Users/nickzwart/Desktop/Palsystem 2/91471234.json,flg,1,1,0.6,Ogerpon
91503355,/Users/nickzwart/Desktop/Palsystem 2/91503355.json,palsystem,1,1,0.6233,Grimmsnarl
91544481,/Users/nickzwart/Desktop/Palsystem 2/91544481.json,palsystem,0,1,0.6233,Ogerpon
91569263,/Users/nickzwart/Desktop/Palsystem 2/91569263.json,palsystem,0,1,0.6233,M-Lopunny
91319578,/Users/nickzwart/Desktop/Palsystem 2/91319578.json,palsystem,0,1,0.6233,M-Lopunny
91365484,/Users/nickzwart/Desktop/Palsystem 2/91365484.json,palsystem,1,1,0.6233,M-Lopunny
91388266,/Users/nickzwart/Desktop/Palsystem 2/91388266.json,palsystem,0,1,0.6233,M-Lucario
91397002,/Users/nickzwart/Desktop/Palsystem 2/91397002.json,palsystem,0,1,0.6233,M-Lucario
91423346,/Users/nickzwart/Desktop/Palsystem 2/91423346.json,palsystem,1,1,0.6233,Dragapult
91423368,/Users/nickzwart/Desktop/Palsystem 2/91423368.json,palsystem,0,1,0.6233,Dragapult
91442363,/Users/nickzwart/Desktop/Palsystem 2/91442363.json,palsystem,1,1,0.6233,M-Lopunny
91590301,/Users/nickzwart/Desktop/Palsystem 2/91590301.json,palsystem,1,1,0.6233,Dragapult
91616124,/Users/nickzwart/Desktop/Palsystem 2/91616124.json,palsystem,0,1,0.6233,M-Kangaskhan
91621647,/Users/nickzwart/Desktop/Palsystem 2/91621647.json,palsystem,1,1,0.6233,Grimmsnarl
91627257,/Users/nickzwart/Desktop/Palsystem 2/91627257.json,palsystem,1,1,0.6233,M-Kangaskhan
91656060,/Users/nickzwart/Desktop/Palsystem 2/91656060.json,palsystem,1,1,0.6233,Ogerpon
91671599,/Users/nickzwart/Desktop/Palsystem 2/91671599.json,palsystem,0,1,0.6233,Grimmsnarl
91695012,/Users/nickzwart/Desktop/Palsystem 2/91695012.json,palsystem,0,1,0.6233,Ogerpon
91708929,/Users/nickzwart/Desktop/Palsystem 2/91708929.json,palsystem,1,1,0.6233,M-Kangaskhan
91724674,/Users/nickzwart/Desktop/Palsystem 2/91724674.json,palsystem,0,1,0.6233,M-Lucario
91726505,/Users/nickzwart/Desktop/Palsystem 2/91726505.json,palsystem,1,1,0.6233,Dragapult
91734890,/Users/nickzwart/Desktop/Palsystem 2/91734890.json,palsystem,1,1,0.6233,Dragapult
91154684,/Users/nickzwart/Desktop/8-8-2026/91154684.json,Dipam Chakraborty,0,1,0.8065,Grimmsnarl
91155505,/Users/nickzwart/Desktop/8-8-2026/91155505.json,takayosi,0,1,0.4333,Grimmsnarl
91156458,/Users/nickzwart/Desktop/8-8-2026/91156458.json,KouFu,1,1,0.377,Grimmsnarl
91156508,/Users/nickzwart/Desktop/8-8-2026/91156508.json,takayosi,1,1,0.4333,Grimmsnarl
91157109,/Users/nickzwart/Desktop/8-8-2026/91157109.json,Luca,0,1,0.623,Ogerpon
91157176,/Users/nickzwart/Desktop/8-8-2026/91157176.json,Nghia Tran,1,1,0.3415,Dragapult
91157364,/Users/nickzwart/Desktop/8-8-2026/91157364.json,Dipam Chakraborty,1,1,0.8065,Grimmsnarl
91158010,/Users/nickzwart/Desktop/8-8-2026/91158010.json,Luca,0,1,0.623,Grimmsnarl
91158185,/Users/nickzwart/Desktop/8-8-2026/91158185.json,Boss's Orders Are All You Need,0,1,0.5312,Crustle
91158244,/Users/nickzwart/Desktop/8-8-2026/91158244.json,Dipam Chakraborty,0,1,0.8065,Alakazam
91158291,/Users/nickzwart/Desktop/8-8-2026/91158291.json,flg,0,1,0.6,Grimmsnarl
91159123,/Users/nickzwart/Desktop/8-8-2026/91159123.json,Dipam Chakraborty,1,1,0.8065,M-Kangaskhan
91159774,/Users/nickzwart/Desktop/8-8-2026/91159774.json,Luca,0,1,0.623,Alakazam
91159831,/Users/nickzwart/Desktop/8-8-2026/91159831.json,__Taichicchi__,1,1,0.6,Grimmsnarl
91159836,/Users/nickzwart/Desktop/8-8-2026/91159836.json,tktkyamyam,0,1,0.4889,Alakazam
91160665,/Users/nickzwart/Desktop/8-8-2026/91160665.json,Luca,0,1,0.623,Grimmsnarl
91160769,/Users/nickzwart/Desktop/8-8-2026/91160769.json,__Taichicchi__,0,1,0.6,Grimmsnarl
91161551,/Users/nickzwart/Desktop/8-8-2026/91161551.json,__Taichicchi__,1,1,0.6,M-Kangaskhan
91161506,/Users/nickzwart/Desktop/8-8-2026/91161506.json,Luca,1,1,0.623,Grimmsnarl
91162387,/Users/nickzwart/Desktop/8-8-2026/91162387.json,Luca,1,1,0.623,Grimmsnarl
91162431,/Users/nickzwart/Desktop/8-8-2026/91162431.json,__Taichicchi__,1,1,0.6,Grimmsnarl
91163339,/Users/nickzwart/Desktop/8-8-2026/91163339.json,__Taichicchi__,1,1,0.6,Grimmsnarl
91163281,/Users/nickzwart/Desktop/8-8-2026/91163281.json,Luca,1,1,0.623,Ogerpon
91164217,/Users/nickzwart/Desktop/8-8-2026/91164217.json,__Taichicchi__,0,1,0.6,M-Lucario
91164319,/Users/nickzwart/Desktop/8-8-2026/91164319.json,__Taichicchi__,0,1,0.6,other
91164159,/Users/nickzwart/Desktop/8-8-2026/91164159.json,Luca,1,1,0.623,Alakazam
91166081,/Users/nickzwart/Desktop/8-8-2026/91166081.json,takayosi,0,1,0.4333,Grimmsnarl
91166762,/Users/nickzwart/Desktop/8-8-2026/91166762.json,Luca,0,1,0.623,Grimmsnarl
91166793,/Users/nickzwart/Desktop/8-8-2026/91166793.json,Luca,0,1,0.623,Alakazam
91166896,/Users/nickzwart/Desktop/8-8-2026/91166896.json,palsystem,1,1,0.6233,M-Lopunny
91167671,/Users/nickzwart/Desktop/8-8-2026/91167671.json,takayosi,1,1,0.4333,Grimmsnarl
91167892,/Users/nickzwart/Desktop/8-8-2026/91167892.json,flg,0,1,0.6,Alakazam
91167945,/Users/nickzwart/Desktop/8-8-2026/91167945.json,Luca,1,1,0.623,Grimmsnarl
91168631,/Users/nickzwart/Desktop/8-8-2026/91168631.json,__Taichicchi__,0,1,0.6,Grimmsnarl
91170222,/Users/nickzwart/Desktop/8-8-2026/91170222.json,PokeBot,1,1,0.4545,Grimmsnarl
91168817,/Users/nickzwart/Desktop/8-8-2026/91168817.json,tktkyamyam,0,1,0.4889,Grimmsnarl
91169580,/Users/nickzwart/Desktop/8-8-2026/91169580.json,flg,0,1,0.6,Alakazam
91170237,/Users/nickzwart/Desktop/8-8-2026/91170237.json,Changyuan Chen,0,1,0.4595,Grimmsnarl
91170377,/Users/nickzwart/Desktop/8-8-2026/91170377.json,__Taichicchi__,0,1,0.6,Hydrapple
91171152,/Users/nickzwart/Desktop/8-8-2026/91171152.json,takayosi,0,1,0.4333,Dragapult
91171214,/Users/nickzwart/Desktop/8-8-2026/91171214.json,Luca,1,1,0.623,M-Kangaskhan
91171263,/Users/nickzwart/Desktop/8-8-2026/91171263.json,__Taichicchi__,1,1,0.6,Grimmsnarl
91171991,/Users/nickzwart/Desktop/8-8-2026/91171991.json,PokeBot,0,1,0.4545,Grimmsnarl
91172875,/Users/nickzwart/Desktop/8-8-2026/91172875.json,takayosi,1,1,0.4333,Ogerpon
91173898,/Users/nickzwart/Desktop/8-8-2026/91173898.json,Dipam Chakraborty,0,1,0.8065,Ogerpon
91174613,/Users/nickzwart/Desktop/8-8-2026/91174613.json,Nghia Tran,1,1,0.3415,M-Kangaskhan
91174651,/Users/nickzwart/Desktop/8-8-2026/91174651.json,PokeBot,1,1,0.4545,Grimmsnarl
91174701,/Users/nickzwart/Desktop/8-8-2026/91174701.json,llkarill,1,1,0.4773,Grimmsnarl
91174736,/Users/nickzwart/Desktop/8-8-2026/91174736.json,Luca,1,1,0.623,Grimmsnarl
91175518,/Users/nickzwart/Desktop/8-8-2026/91175518.json,PokeBot,0,1,0.4545,Grimmsnarl
91175661,/Users/nickzwart/Desktop/8-8-2026/91175661.json,__Taichicchi__,1,1,0.6,Grimmsnarl
91176381,/Users/nickzwart/Desktop/8-8-2026/91176381.json,MissingNo.,0,1,0.6364,Hydrapple
91177384,/Users/nickzwart/Desktop/8-8-2026/91177384.json,Luca,1,1,0.623,M-Lopunny
91177408,/Users/nickzwart/Desktop/8-8-2026/91177408.json,tktkyamyam,1,1,0.4889,Grimmsnarl
91177427,/Users/nickzwart/Desktop/8-8-2026/91177427.json,__Taichicchi__,1,1,0.6,M-Kangaskhan
91179171,/Users/nickzwart/Desktop/8-8-2026/91179171.json,Dipam Chakraborty,1,1,0.8065,Ogerpon
91179225,/Users/nickzwart/Desktop/8-8-2026/91179225.json,__Taichicchi__,1,1,0.6,Grimmsnarl
91180047,/Users/nickzwart/Desktop/8-8-2026/91180047.json,Luca,0,1,0.623,Alakazam
91180100,/Users/nickzwart/Desktop/8-8-2026/91180100.json,__Taichicchi__,1,1,0.6,Garchomp
91180868,/Users/nickzwart/Desktop/8-8-2026/91180868.json,Nghia Tran,1,1,0.3415,Ogerpon
91180886,/Users/nickzwart/Desktop/8-8-2026/91180886.json,Battle Data Base,0,1,0.4396,Grimmsnarl
91180894,/Users/nickzwart/Desktop/8-8-2026/91180894.json,Battle Data Base,0,1,0.4396,M-Kangaskhan
91180952,/Users/nickzwart/Desktop/8-8-2026/91180952.json,Luca,1,1,0.623,Dragapult
91181787,/Users/nickzwart/Desktop/8-8-2026/91181787.json,flg,0,1,0.6,Grimmsnarl
91182694,/Users/nickzwart/Desktop/8-8-2026/91182694.json,NIWATORI,1,1,0.4167,Grimmsnarl
91182737,/Users/nickzwart/Desktop/8-8-2026/91182737.json,Luca,1,1,0.623,Grimmsnarl
91182776,/Users/nickzwart/Desktop/8-8-2026/91182776.json,__Taichicchi__,0,1,0.6,Ogerpon
91181841,/Users/nickzwart/Desktop/8-8-2026/91181841.json,Luca,0,1,0.623,Dragapult
91183550,/Users/nickzwart/Desktop/8-8-2026/91183550.json,__Taichicchi__,1,1,0.6,Grimmsnarl
91184414,/Users/nickzwart/Desktop/8-8-2026/91184414.json,PokeBot,0,1,0.4545,Grimmsnarl
91184513,/Users/nickzwart/Desktop/8-8-2026/91184513.json,Luca,0,1,0.623,Grimmsnarl
91184531,/Users/nickzwart/Desktop/8-8-2026/91184531.json,__Taichicchi__,0,1,0.6,Garchomp
91186194,/Users/nickzwart/Desktop/8-8-2026/91186194.json,tktkyamyam,1,1,0.4889,Grimmsnarl
91185411,/Users/nickzwart/Desktop/8-8-2026/91185411.json,__Taichicchi__,1,1,0.6,Ogerpon
91186298,/Users/nickzwart/Desktop/8-8-2026/91186298.json,Luca,0,1,0.623,M-Lopunny
91187139,/Users/nickzwart/Desktop/8-8-2026/91187139.json,Luca,0,1,0.623,M-Kangaskhan
91187166,/Users/nickzwart/Desktop/8-8-2026/91187166.json,Dipam Chakraborty,0,1,0.8065,Grimmsnarl
91187986,/Users/nickzwart/Desktop/8-8-2026/91187986.json,Dipam Chakraborty,0,1,0.8065,Grimmsnarl
91188903,/Users/nickzwart/Desktop/8-8-2026/91188903.json,takayosi,1,1,0.4333,Grimmsnarl
91188934,/Users/nickzwart/Desktop/8-8-2026/91188934.json,Luca,0,1,0.623,Grimmsnarl
91188942,/Users/nickzwart/Desktop/8-8-2026/91188942.json,__Taichicchi__,0,1,0.6,Ogerpon
91189718,/Users/nickzwart/Desktop/8-8-2026/91189718.json,Luca,0,1,0.623,Grimmsnarl
91189745,/Users/nickzwart/Desktop/8-8-2026/91189745.json,Luca,0,1,0.623,Grimmsnarl
91189810,/Users/nickzwart/Desktop/8-8-2026/91189810.json,Luca,0,1,0.623,M-Kangaskhan
91190676,/Users/nickzwart/Desktop/8-8-2026/91190676.json,flg,1,1,0.6,Grimmsnarl
91192373,/Users/nickzwart/Desktop/8-8-2026/91192373.json,__Taichicchi__,1,1,0.6,Grimmsnarl
91192382,/Users/nickzwart/Desktop/8-8-2026/91192382.json,tktkyamyam,0,1,0.4889,Grimmsnarl
91192402,/Users/nickzwart/Desktop/8-8-2026/91192402.json,yuki0202,0,1,0.4483,Grimmsnarl
91193264,/Users/nickzwart/Desktop/8-8-2026/91193264.json,Battle Data Base,0,1,0.4396,Crustle
91194238,/Users/nickzwart/Desktop/8-8-2026/91194238.json,Dipam Chakraborty,1,1,0.8065,Grimmsnarl
91194866,/Users/nickzwart/Desktop/8-8-2026/91194866.json,タニシ,1,1,0.5882,Grimmsnarl
91195952,/Users/nickzwart/Desktop/8-8-2026/91195952.json,llkarill,1,1,0.4773,M-Lopunny
91196052,/Users/nickzwart/Desktop/8-8-2026/91196052.json,Dipam Chakraborty,1,1,0.8065,Ogerpon
91195043,/Users/nickzwart/Desktop/8-8-2026/91195043.json,Battle Data Base,0,1,0.4396,Grimmsnarl
91196588,/Users/nickzwart/Desktop/8-8-2026/91196588.json,kashiwashira,1,1,0.4848,Grimmsnarl
91197489,/Users/nickzwart/Desktop/8-8-2026/91197489.json,kashiwashira,1,1,0.4848,M-Kangaskhan
91198378,/Users/nickzwart/Desktop/8-8-2026/91198378.json,kashiwashira,1,1,0.4848,Alakazam
91199264,/Users/nickzwart/Desktop/8-8-2026/91199264.json,kashiwashira,0,1,0.4848,Alakazam
91199517,/Users/nickzwart/Desktop/8-8-2026/91199517.json,tktkyamyam,0,1,0.4889,Grimmsnarl
91201033,/Users/nickzwart/Desktop/8-8-2026/91201033.json,kashiwashira,1,1,0.4848,Grimmsnarl
91203059,/Users/nickzwart/Desktop/8-8-2026/91203059.json,Battle Data Base,0,1,0.4396,Hydrapple
91202795,/Users/nickzwart/Desktop/8-8-2026/91202795.json,kashiwashira,0,1,0.4848,M-Kangaskhan
91204573,/Users/nickzwart/Desktop/8-8-2026/91204573.json,Nghia Tran,1,1,0.3415,Ogerpon
91203700,/Users/nickzwart/Desktop/8-8-2026/91203700.json,kashiwashira,0,1,0.4848,Dragapult
91205472,/Users/nickzwart/Desktop/8-8-2026/91205472.json,kashiwashira,1,1,0.4848,M-Lopunny
91206356,/Users/nickzwart/Desktop/8-8-2026/91206356.json,kashiwashira,0,1,0.4848,Alakazam
91207214,/Users/nickzwart/Desktop/8-8-2026/91207214.json,Confusion,1,1,0.4833,Grimmsnarl
91208159,/Users/nickzwart/Desktop/8-8-2026/91208159.json,Battle Data Base,1,1,0.4396,Ogerpon
91208367,/Users/nickzwart/Desktop/8-8-2026/91208367.json,flg,0,1,0.6,M-Kangaskhan
91209848,/Users/nickzwart/Desktop/8-8-2026/91209848.json,__Taichicchi__,0,1,0.6,Dragapult
91210778,/Users/nickzwart/Desktop/8-8-2026/91210778.json,kashiwashira,1,1,0.4848,Grimmsnarl
91211749,/Users/nickzwart/Desktop/8-8-2026/91211749.json,kashiwashira,0,1,0.4848,Garchomp
91212519,/Users/nickzwart/Desktop/8-8-2026/91212519.json,Dipam Chakraborty,0,1,0.8065,Hydrapple
91213517,/Users/nickzwart/Desktop/8-8-2026/91213517.json,yuki0202,0,1,0.4483,Ogerpon
91214413,/Users/nickzwart/Desktop/8-8-2026/91214413.json,tktkyamyam,1,1,0.4889,Ogerpon
91214424,/Users/nickzwart/Desktop/8-8-2026/91214424.json,Confusion,0,1,0.4833,Dragapult
91213523,/Users/nickzwart/Desktop/8-8-2026/91213523.json,kashiwashira,0,1,0.4848,Ogerpon
91216047,/Users/nickzwart/Desktop/8-8-2026/91216047.json,yuki0202,0,1,0.4483,other
91216217,/Users/nickzwart/Desktop/8-8-2026/91216217.json,kashiwashira,0,1,0.4848,Grimmsnarl
91217827,/Users/nickzwart/Desktop/8-8-2026/91217827.json,yuki0202,1,1,0.4483,M-Kangaskhan
91218738,/Users/nickzwart/Desktop/8-8-2026/91218738.json,tw_shin,1,1,0.5,Ogerpon
91219606,/Users/nickzwart/Desktop/8-8-2026/91219606.json,Dipam Chakraborty,0,1,0.8065,Grimmsnarl
91220797,/Users/nickzwart/Desktop/8-8-2026/91220797.json,Dipam Chakraborty,1,1,0.8065,Grimmsnarl
91220489,/Users/nickzwart/Desktop/8-8-2026/91220489.json,Luca,1,1,0.623,Grimmsnarl
91224119,/Users/nickzwart/Desktop/8-8-2026/91224119.json,Nghia Tran + ketchum alt,1,1,0.3333,Grimmsnarl
91224992,/Users/nickzwart/Desktop/8-8-2026/91224992.json,Confusion,1,1,0.4833,Grimmsnarl
91225021,/Users/nickzwart/Desktop/8-8-2026/91225021.json,__Taichicchi__,0,1,0.6,Grimmsnarl
91225084,/Users/nickzwart/Desktop/8-8-2026/91225084.json,takayosi,0,1,0.4333,Grimmsnarl
91223140,/Users/nickzwart/Desktop/8-8-2026/91223140.json,__Taichicchi__,1,1,0.6,Grimmsnarl
91229381,/Users/nickzwart/Desktop/8-8-2026/91229381.json,__Taichicchi__,1,1,0.6,M-Kangaskhan
91233101,/Users/nickzwart/Desktop/8-8-2026/91233101.json,flg,0,1,0.6,Grimmsnarl
91233984,/Users/nickzwart/Desktop/8-8-2026/91233984.json,tktkyamyam,1,1,0.4889,Grimmsnarl
91234040,/Users/nickzwart/Desktop/8-8-2026/91234040.json,yuki0202,1,1,0.4483,Grimmsnarl
91236565,/Users/nickzwart/Desktop/8-8-2026/91236565.json,yuki0202,0,1,0.4483,Grimmsnarl
91236581,/Users/nickzwart/Desktop/8-8-2026/91236581.json,tktkyamyam,0,1,0.4889,Grimmsnarl
91237267,/Users/nickzwart/Desktop/8-8-2026/91237267.json,Luca,0,1,0.623,Alakazam
91237363,/Users/nickzwart/Desktop/8-8-2026/91237363.json,Luca,1,1,0.623,M-Lopunny
91234773,/Users/nickzwart/Desktop/8-8-2026/91234773.json,yuki0202,1,1,0.4483,Ogerpon
91239226,/Users/nickzwart/Desktop/8-8-2026/91239226.json,yuki0202,1,1,0.4483,M-Kangaskhan
91241911,/Users/nickzwart/Desktop/8-8-2026/91241911.json,Nghia Tran + ketchum alt,1,1,0.3333,Grimmsnarl
91242681,/Users/nickzwart/Desktop/8-8-2026/91242681.json,Confusion,1,1,0.4833,Alakazam
91243576,/Users/nickzwart/Desktop/8-8-2026/91243576.json,タニシ,1,1,0.5882,Grimmsnarl
91245388,/Users/nickzwart/Desktop/8-8-2026/91245388.json,タニシ,0,1,0.5882,M-Kangaskhan
91247096,/Users/nickzwart/Desktop/8-8-2026/91247096.json,Changyuan Chen,0,1,0.4595,Grimmsnarl
91249036,/Users/nickzwart/Desktop/8-8-2026/91249036.json,Changyuan Chen,1,1,0.4595,Grimmsnarl
91249993,/Users/nickzwart/Desktop/8-8-2026/91249993.json,takayosi,1,1,0.4333,Grimmsnarl
91250603,/Users/nickzwart/Desktop/8-8-2026/91250603.json,guruguru000,0,1,0.4167,Grimmsnarl
91251579,/Users/nickzwart/Desktop/8-8-2026/91251579.json,guruguru000,1,1,0.4167,Grimmsnarl
91251793,/Users/nickzwart/Desktop/8-8-2026/91251793.json,MissingNo.,1,1,0.6364,Ogerpon
91252402,/Users/nickzwart/Desktop/8-8-2026/91252402.json,guruguru000,1,1,0.4167,M-Kangaskhan
91253308,/Users/nickzwart/Desktop/8-8-2026/91253308.json,guruguru000,0,1,0.4167,Ogerpon
91255020,/Users/nickzwart/Desktop/8-8-2026/91255020.json,llkarill,0,1,0.4773,Alakazam
91255069,/Users/nickzwart/Desktop/8-8-2026/91255069.json,guruguru000,1,1,0.4167,Grimmsnarl
91255963,/Users/nickzwart/Desktop/8-8-2026/91255963.json,kashiwashira,0,1,0.4848,other
91255968,/Users/nickzwart/Desktop/8-8-2026/91255968.json,Battle Data Base,1,1,0.4396,Ogerpon
91256855,/Users/nickzwart/Desktop/8-8-2026/91256855.json,kashiwashira,1,1,0.4848,Alakazam
91257730,/Users/nickzwart/Desktop/8-8-2026/91257730.json,kashiwashira,0,1,0.4848,Ogerpon
91258640,/Users/nickzwart/Desktop/8-8-2026/91258640.json,kashiwashira,1,1,0.4848,Grimmsnarl
91258714,/Users/nickzwart/Desktop/8-8-2026/91258714.json,takayosi,1,1,0.4333,Grimmsnarl
91259638,/Users/nickzwart/Desktop/8-8-2026/91259638.json,Nghia Tran + ketchum alt,0,1,0.3333,Alakazam
91260471,/Users/nickzwart/Desktop/8-8-2026/91260471.json,Yan,0,1,0.3438,M-Kangaskhan
91262226,/Users/nickzwart/Desktop/8-8-2026/91262226.json,Confusion,0,1,0.4833,Grimmsnarl
91261394,/Users/nickzwart/Desktop/8-8-2026/91261394.json,goonew,1,1,0.44,Grimmsnarl
91263188,/Users/nickzwart/Desktop/8-8-2026/91263188.json,tw_shin,0,1,0.5,Grimmsnarl
91263269,/Users/nickzwart/Desktop/8-8-2026/91263269.json,flg,0,1,0.6,Grimmsnarl
91264054,/Users/nickzwart/Desktop/8-8-2026/91264054.json,goonew,0,1,0.44,Grimmsnarl
91264160,/Users/nickzwart/Desktop/8-8-2026/91264160.json,Luca,0,1,0.623,M-Kangaskhan
91265699,/Users/nickzwart/Desktop/8-8-2026/91265699.json,Nghia Tran + ketchum alt,0,1,0.3333,other
91265808,/Users/nickzwart/Desktop/8-8-2026/91265808.json,Changyuan Chen,0,1,0.4595,Ogerpon
91265874,/Users/nickzwart/Desktop/8-8-2026/91265874.json,goonew,1,1,0.44,M-Lopunny
91267639,/Users/nickzwart/Desktop/8-8-2026/91267639.json,goonew,1,1,0.44,Grimmsnarl
91268405,/Users/nickzwart/Desktop/8-8-2026/91268405.json,goonew,0,1,0.44,Grimmsnarl
91270216,/Users/nickzwart/Desktop/8-8-2026/91270216.json,Luca,0,1,0.623,Dragapult
91273041,/Users/nickzwart/Desktop/8-8-2026/91273041.json,goonew,1,1,0.44,M-Lopunny
91272988,/Users/nickzwart/Desktop/8-8-2026/91272988.json,kashiwashira,1,1,0.4848,Grimmsnarl
91274783,/Users/nickzwart/Desktop/8-8-2026/91274783.json,kashiwashira,0,1,0.4848,Ogerpon
91274789,/Users/nickzwart/Desktop/8-8-2026/91274789.json,Confusion,1,1,0.4833,Grimmsnarl
91275779,/Users/nickzwart/Desktop/8-8-2026/91275779.json,Saber,1,1,0.52,Ogerpon
91277303,/Users/nickzwart/Desktop/8-8-2026/91277303.json,Shardul Gharat,1,1,0.5,Alakazam
91278197,/Users/nickzwart/Desktop/8-8-2026/91278197.json,Shardul Gharat,1,1,0.5,Grimmsnarl
91279948,/Users/nickzwart/Desktop/8-8-2026/91279948.json,Battle Data Base,1,1,0.4396,M-Kangaskhan
91279990,/Users/nickzwart/Desktop/8-8-2026/91279990.json,Shardul Gharat,1,1,0.5,Grimmsnarl
91280121,/Users/nickzwart/Desktop/8-8-2026/91280121.json,Shardul Gharat,0,1,0.5,Dragapult
91281073,/Users/nickzwart/Desktop/8-8-2026/91281073.json,Yan,1,1,0.3438,Grimmsnarl
91281084,/Users/nickzwart/Desktop/8-8-2026/91281084.json,kashiwashira,1,1,0.4848,Grimmsnarl
91280895,/Users/nickzwart/Desktop/8-8-2026/91280895.json,Shardul Gharat,0,1,0.5,Grimmsnarl
91282653,/Users/nickzwart/Desktop/8-8-2026/91282653.json,__Taichicchi__,0,1,0.6,M-Lopunny
91282695,/Users/nickzwart/Desktop/8-8-2026/91282695.json,Shardul Gharat,0,1,0.5,other
91283584,/Users/nickzwart/Desktop/8-8-2026/91283584.json,Shardul Gharat,0,1,0.5,Grimmsnarl
91285605,/Users/nickzwart/Desktop/8-8-2026/91285605.json,kashiwashira,0,1,0.4848,Grimmsnarl
91284627,/Users/nickzwart/Desktop/8-8-2026/91284627.json,Nghia Tran + ketchum alt,1,1,0.3333,Grimmsnarl
91285399,/Users/nickzwart/Desktop/8-8-2026/91285399.json,Shardul Gharat,0,1,0.5,Alakazam
91286435,/Users/nickzwart/Desktop/8-8-2026/91286435.json,kashiwashira,0,1,0.4848,Alakazam
91286437,/Users/nickzwart/Desktop/8-8-2026/91286437.json,KouFu,1,1,0.377,Grimmsnarl
91287192,/Users/nickzwart/Desktop/8-8-2026/91287192.json,Shardul Gharat,1,1,0.5,Garchomp
91287265,/Users/nickzwart/Desktop/8-8-2026/91287265.json,takayosi,0,1,0.4333,Hydrapple
91290849,/Users/nickzwart/Desktop/8-8-2026/91290849.json,tktkyamyam,1,1,0.4889,Grimmsnarl
91289952,/Users/nickzwart/Desktop/8-8-2026/91289952.json,Shardul Gharat,1,1,0.5,Ogerpon
91291663,/Users/nickzwart/Desktop/8-8-2026/91291663.json,Changyuan Chen,1,1,0.4595,Grimmsnarl
91293528,/Users/nickzwart/Desktop/8-8-2026/91293528.json,Confusion,0,1,0.4833,Ogerpon
91292646,/Users/nickzwart/Desktop/8-8-2026/91292646.json,Shardul Gharat,0,1,0.5,Grimmsnarl
91296860,/Users/nickzwart/Desktop/8-8-2026/91296860.json,Shelgon,0,1,0.6154,Ogerpon
91297877,/Users/nickzwart/Desktop/8-8-2026/91297877.json,Shelgon,1,1,0.6154,other
91298667,/Users/nickzwart/Desktop/8-8-2026/91298667.json,__Taichicchi__,0,1,0.6,Ogerpon
91300468,/Users/nickzwart/Desktop/8-8-2026/91300468.json,Shelgon,1,1,0.6154,Grimmsnarl
91302276,/Users/nickzwart/Desktop/8-8-2026/91302276.json,Shelgon,0,1,0.6154,M-Kangaskhan
91301378,/Users/nickzwart/Desktop/8-8-2026/91301378.json,Shelgon,1,1,0.6154,Grimmsnarl
91303191,/Users/nickzwart/Desktop/8-8-2026/91303191.json,Shelgon,0,1,0.6154,Alakazam
91305003,/Users/nickzwart/Desktop/8-8-2026/91305003.json,Shelgon,0,1,0.6154,M-Lopunny
91306809,/Users/nickzwart/Desktop/8-8-2026/91306809.json,Luca,1,1,0.623,Ogerpon
91307812,/Users/nickzwart/Desktop/8-8-2026/91307812.json,flg,1,1,0.6,Alakazam
91308602,/Users/nickzwart/Desktop/8-8-2026/91308602.json,Shelgon,1,1,0.6154,Ogerpon
91311523,/Users/nickzwart/Desktop/8-8-2026/91311523.json,takayosi,0,1,0.4333,Garchomp
91312958,/Users/nickzwart/Desktop/8-8-2026/91312958.json,__Taichicchi__,0,1,0.6,Grimmsnarl
91313324,/Users/nickzwart/Desktop/8-8-2026/91313324.json,Shardul Gharat,0,1,0.5,Grimmsnarl
91321241,/Users/nickzwart/Desktop/8-8-2026/91321241.json,tktkyamyam,0,1,0.4889,Grimmsnarl
91324864,/Users/nickzwart/Desktop/8-8-2026/91324864.json,goonew,0,1,0.44,other
91327640,/Users/nickzwart/Desktop/8-8-2026/91327640.json,Confusion,1,1,0.4833,M-Lucario
91330310,/Users/nickzwart/Desktop/8-8-2026/91330310.json,KouFu,0,1,0.377,Grimmsnarl
91333803,/Users/nickzwart/Desktop/8-8-2026/91333803.json,KouFu,0,1,0.377,Grimmsnarl
91336601,/Users/nickzwart/Desktop/8-8-2026/91336601.json,llkarill,0,1,0.4773,Grimmsnarl
91339164,/Users/nickzwart/Desktop/8-8-2026/91339164.json,KouFu,0,1,0.377,Alakazam
91340275,/Users/nickzwart/Desktop/8-8-2026/91340275.json,takayosi,1,1,0.4333,Grimmsnarl
91344736,/Users/nickzwart/Desktop/8-8-2026/91344736.json,takayosi,0,1,0.4333,Alakazam
91347446,/Users/nickzwart/Desktop/8-8-2026/91347446.json,tktkyamyam,0,1,0.4889,M-Lucario
91348289,/Users/nickzwart/Desktop/8-8-2026/91348289.json,Luca,0,1,0.623,Grimmsnarl
91349226,/Users/nickzwart/Desktop/8-8-2026/91349226.json,flg,0,1,0.6,M-Lucario
91351991,/Users/nickzwart/Desktop/8-8-2026/91351991.json,__Taichicchi__,1,1,0.6,Grimmsnarl
91353004,/Users/nickzwart/Desktop/8-8-2026/91353004.json,tktkyamyam,0,1,0.4889,Alakazam
91356442,/Users/nickzwart/Desktop/8-8-2026/91356442.json,__Taichicchi__,1,1,0.6,Grimmsnarl
91359116,/Users/nickzwart/Desktop/8-8-2026/91359116.json,MissingNo.,1,1,0.6364,Grimmsnarl
91360000,/Users/nickzwart/Desktop/8-8-2026/91360000.json,gecogeco,1,1,0.4286,Grimmsnarl
91362005,/Users/nickzwart/Desktop/8-8-2026/91362005.json,Battle Data Base,0,1,0.4396,Grimmsnarl
91364734,/Users/nickzwart/Desktop/8-8-2026/91364734.json,tktkyamyam,1,1,0.4889,Grimmsnarl
91363678,/Users/nickzwart/Desktop/8-8-2026/91363678.json,gecogeco,0,1,0.4286,Alakazam
91365350,/Users/nickzwart/Desktop/8-8-2026/91365350.json,flg,1,1,0.6,Grimmsnarl
91365640,/Users/nickzwart/Desktop/8-8-2026/91365640.json,llkarill,1,1,0.4773,Grimmsnarl
91367439,/Users/nickzwart/Desktop/8-8-2026/91367439.json,MissingNo.,1,1,0.6364,Grimmsnarl
91369045,/Users/nickzwart/Desktop/8-8-2026/91369045.json,tktkyamyam,0,1,0.4889,Grimmsnarl
91370099,/Users/nickzwart/Desktop/8-8-2026/91370099.json,flg,1,1,0.6,M-Lopunny
91371745,/Users/nickzwart/Desktop/8-8-2026/91371745.json,takayosi,0,1,0.4333,Grimmsnarl
91371876,/Users/nickzwart/Desktop/8-8-2026/91371876.json,gecogeco,1,1,0.4286,Grimmsnarl
91375613,/Users/nickzwart/Desktop/8-8-2026/91375613.json,HD h Joratos,1,1,0.5,Grimmsnarl
91377372,/Users/nickzwart/Desktop/8-8-2026/91377372.json,gecogeco,1,1,0.4286,Alakazam
91377427,/Users/nickzwart/Desktop/8-8-2026/91377427.json,gecogeco,1,1,0.4286,Ogerpon
91378190,/Users/nickzwart/Desktop/8-8-2026/91378190.json,HD h Joratos,1,1,0.5,Dragapult
91378213,/Users/nickzwart/Desktop/8-8-2026/91378213.json,__Taichicchi__,0,1,0.6,Grimmsnarl
91378285,/Users/nickzwart/Desktop/8-8-2026/91378285.json,__Taichicchi__,1,1,0.6,Garchomp
91379970,/Users/nickzwart/Desktop/8-8-2026/91379970.json,__Taichicchi__,0,1,0.6,Dudunsparce
91380026,/Users/nickzwart/Desktop/8-8-2026/91380026.json,HD h Joratos,0,1,0.5,Grimmsnarl
91381690,/Users/nickzwart/Desktop/8-8-2026/91381690.json,goonew,1,1,0.44,Ogerpon
91380868,/Users/nickzwart/Desktop/8-8-2026/91380868.json,Confusion,1,1,0.4833,Grimmsnarl
91380940,/Users/nickzwart/Desktop/8-8-2026/91380940.json,HD h Joratos,1,1,0.5,Grimmsnarl
91382744,/Users/nickzwart/Desktop/8-8-2026/91382744.json,HD h Joratos,0,1,0.5,Grimmsnarl
91383483,/Users/nickzwart/Desktop/8-8-2026/91383483.json,tktkyamyam,1,1,0.4889,M-Lucario
91384544,/Users/nickzwart/Desktop/8-8-2026/91384544.json,tktkyamyam,1,1,0.4889,Grimmsnarl
91384586,/Users/nickzwart/Desktop/8-8-2026/91384586.json,HD h Joratos,0,1,0.5,Grimmsnarl
91386174,/Users/nickzwart/Desktop/8-8-2026/91386174.json,tktkyamyam,0,1,0.4889,Grimmsnarl
91388257,/Users/nickzwart/Desktop/8-8-2026/91388257.json,HD h Joratos,0,1,0.5,Grimmsnarl
91389070,/Users/nickzwart/Desktop/8-8-2026/91389070.json,HD h Joratos,1,1,0.5,Grimmsnarl
91389141,/Users/nickzwart/Desktop/8-8-2026/91389141.json,Luca,0,1,0.623,Garchomp
91390932,/Users/nickzwart/Desktop/8-8-2026/91390932.json,Luca,1,1,0.623,Grimmsnarl
91391826,/Users/nickzwart/Desktop/8-8-2026/91391826.json,HD h Joratos,0,1,0.5,Grimmsnarl
91394297,/Users/nickzwart/Desktop/8-8-2026/91394297.json,Confusion,0,1,0.4833,other
91396244,/Users/nickzwart/Desktop/8-8-2026/91396244.json,MissingNo.,1,1,0.6364,M-Kangaskhan
91399766,/Users/nickzwart/Desktop/8-8-2026/91399766.json,Battle Data Base,0,1,0.4396,Hydrapple
91398074,/Users/nickzwart/Desktop/8-8-2026/91398074.json,MissingNo.,1,1,0.6364,M-Kangaskhan
91400673,/Users/nickzwart/Desktop/8-8-2026/91400673.json,Battle Data Base,1,1,0.4396,Grimmsnarl
91400735,/Users/nickzwart/Desktop/8-8-2026/91400735.json,MissingNo.,1,1,0.6364,Dragapult
91401624,/Users/nickzwart/Desktop/8-8-2026/91401624.json,flg,0,1,0.6,M-Starmie
91406084,/Users/nickzwart/Desktop/8-8-2026/91406084.json,Battle Data Base,0,1,0.4396,Grimmsnarl
91406977,/Users/nickzwart/Desktop/8-8-2026/91406977.json,goonew,0,1,0.44,Grimmsnarl
91408015,/Users/nickzwart/Desktop/8-8-2026/91408015.json,llkarill,0,1,0.4773,Grimmsnarl
91409042,/Users/nickzwart/Desktop/8-8-2026/91409042.json,Battle Data Base,0,1,0.4396,Grimmsnarl
91409694,/Users/nickzwart/Desktop/8-8-2026/91409694.json,goonew,0,1,0.44,M-Kangaskhan
91415216,/Users/nickzwart/Desktop/8-8-2026/91415216.json,Battle Data Base,0,1,0.4396,Ogerpon
91420673,/Users/nickzwart/Desktop/8-8-2026/91420673.json,__Taichicchi__,1,1,0.6,Alakazam
91420731,/Users/nickzwart/Desktop/8-8-2026/91420731.json,llkarill,0,1,0.4773,Grimmsnarl
91424410,/Users/nickzwart/Desktop/8-8-2026/91424410.json,flg,0,1,0.6,M-Lucario
91425010,/Users/nickzwart/Desktop/8-8-2026/91425010.json,HD h Joratos,0,1,0.5,Grimmsnarl
91423264,/Users/nickzwart/Desktop/8-8-2026/91423264.json,takayosi,1,1,0.4333,Grimmsnarl
91430385,/Users/nickzwart/Desktop/8-8-2026/91430385.json,Luca,1,1,0.623,Grimmsnarl
91432416,/Users/nickzwart/Desktop/8-8-2026/91432416.json,Confusion,0,1,0.4833,other
91431526,/Users/nickzwart/Desktop/8-8-2026/91431526.json,Battle Data Base,1,1,0.4396,Ogerpon
91436723,/Users/nickzwart/Desktop/8-8-2026/91436723.json,Luca,0,1,0.623,Grimmsnarl
91438561,/Users/nickzwart/Desktop/8-8-2026/91438561.json,tktkyamyam,1,1,0.4889,Grimmsnarl
91440612,/Users/nickzwart/Desktop/8-8-2026/91440612.json,Luca,0,1,0.623,Dragapult
91441368,/Users/nickzwart/Desktop/8-8-2026/91441368.json,tktkyamyam,0,1,0.4889,Grimmsnarl
91445830,/Users/nickzwart/Desktop/8-8-2026/91445830.json,__Taichicchi__,1,1,0.6,Alakazam
91446052,/Users/nickzwart/Desktop/8-8-2026/91446052.json,goonew,0,1,0.44,Grimmsnarl
91449352,/Users/nickzwart/Desktop/8-8-2026/91449352.json,Confusion,0,1,0.4833,Grimmsnarl
91449445,/Users/nickzwart/Desktop/8-8-2026/91449445.json,Luca,1,1,0.623,Grimmsnarl
91453029,/Users/nickzwart/Desktop/8-8-2026/91453029.json,llkarill,0,1,0.4773,Grimmsnarl
91452346,/Users/nickzwart/Desktop/8-8-2026/91452346.json,HD h Joratos,0,1,0.5,Grimmsnarl
91454157,/Users/nickzwart/Desktop/8-8-2026/91454157.json,Battle Data Base,0,1,0.4396,Grimmsnarl
91457574,/Users/nickzwart/Desktop/8-8-2026/91457574.json,__Taichicchi__,1,1,0.6,Grimmsnarl
91457718,/Users/nickzwart/Desktop/8-8-2026/91457718.json,Battle Data Base,1,1,0.4396,Grimmsnarl
91459222,/Users/nickzwart/Desktop/8-8-2026/91459222.json,Boss's Orders Are All You Need,1,1,0.5312,Alakazam
91460124,/Users/nickzwart/Desktop/8-8-2026/91460124.json,Boss's Orders Are All You Need,0,1,0.5312,Grimmsnarl
91461030,/Users/nickzwart/Desktop/8-8-2026/91461030.json,Boss's Orders Are All You Need,0,1,0.5312,Dragapult
91461089,/Users/nickzwart/Desktop/8-8-2026/91461089.json,__Taichicchi__,1,1,0.6,M-Lopunny
91463749,/Users/nickzwart/Desktop/8-8-2026/91463749.json,Boss's Orders Are All You Need,0,1,0.5312,Grimmsnarl
91462187,/Users/nickzwart/Desktop/8-8-2026/91462187.json,kashiwashira,0,1,0.4848,M-Lopunny
91464760,/Users/nickzwart/Desktop/8-8-2026/91464760.json,HD h Joratos,1,1,0.5,Hydrapple
91465553,/Users/nickzwart/Desktop/8-8-2026/91465553.json,Boss's Orders Are All You Need,1,1,0.5312,Alakazam
91466654,/Users/nickzwart/Desktop/8-8-2026/91466654.json,tktkyamyam,1,1,0.4889,Grimmsnarl
91467387,/Users/nickzwart/Desktop/8-8-2026/91467387.json,Boss's Orders Are All You Need,0,1,0.5312,M-Lopunny
91467467,/Users/nickzwart/Desktop/8-8-2026/91467467.json,takayosi,0,1,0.4333,M-Lopunny
91467478,/Users/nickzwart/Desktop/8-8-2026/91467478.json,tktkyamyam,0,1,0.4889,Alakazam
91468442,/Users/nickzwart/Desktop/8-8-2026/91468442.json,Battle Data Base,0,1,0.4396,Grimmsnarl
91468534,/Users/nickzwart/Desktop/8-8-2026/91468534.json,Boss's Orders Are All You Need,1,1,0.5312,M-Kangaskhan
91469199,/Users/nickzwart/Desktop/8-8-2026/91469199.json,Boss's Orders Are All You Need,0,1,0.5312,other
91469280,/Users/nickzwart/Desktop/8-8-2026/91469280.json,takayosi,0,1,0.4333,Grimmsnarl
91470126,/Users/nickzwart/Desktop/8-8-2026/91470126.json,Boss's Orders Are All You Need,0,1,0.5312,Dragapult
91470414,/Users/nickzwart/Desktop/8-8-2026/91470414.json,Battle Data Base,0,1,0.4396,Ogerpon
91471943,/Users/nickzwart/Desktop/8-8-2026/91471943.json,Boss's Orders Are All You Need,1,1,0.5312,Grimmsnarl
91472159,/Users/nickzwart/Desktop/8-8-2026/91472159.json,tktkyamyam,1,1,0.4889,Alakazam
91472864,/Users/nickzwart/Desktop/8-8-2026/91472864.json,Confusion,0,1,0.4833,Hydrapple
91473767,/Users/nickzwart/Desktop/8-8-2026/91473767.json,Boss's Orders Are All You Need,0,1,0.5312,Garchomp
91473769,/Users/nickzwart/Desktop/8-8-2026/91473769.json,Changyuan Chen,1,1,0.4595,Hydrapple
91474001,/Users/nickzwart/Desktop/8-8-2026/91474001.json,gecogeco,1,1,0.4286,Grimmsnarl
91474672,/Users/nickzwart/Desktop/8-8-2026/91474672.json,flg,1,1,0.6,Ogerpon
90849909,/Users/nickzwart/Desktop/9-8-2026/90849909.json,palsystem,0,1,0.6233,M-Lopunny
90850599,/Users/nickzwart/Desktop/9-8-2026/90850599.json,palsystem,0,1,0.6233,other
90851577,/Users/nickzwart/Desktop/9-8-2026/90851577.json,palsystem,1,1,0.6233,M-Lopunny
90851660,/Users/nickzwart/Desktop/9-8-2026/90851660.json,llkarill,0,1,0.4773,Dragapult
90853161,/Users/nickzwart/Desktop/9-8-2026/90853161.json,Confusion,1,1,0.4833,M-Lopunny
90853229,/Users/nickzwart/Desktop/9-8-2026/90853229.json,tktkyamyam,0,1,0.4889,Alakazam
90854151,/Users/nickzwart/Desktop/9-8-2026/90854151.json,flg,0,1,0.6,Grimmsnarl
90854978,/Users/nickzwart/Desktop/9-8-2026/90854978.json,Nghia Tran,0,1,0.3415,Garchomp
90856606,/Users/nickzwart/Desktop/9-8-2026/90856606.json,tktkyamyam,0,1,0.4889,Grimmsnarl
90861595,/Users/nickzwart/Desktop/9-8-2026/90861595.json,gecogeco,0,1,0.4286,Grimmsnarl
90864064,/Users/nickzwart/Desktop/9-8-2026/90864064.json,KouFu,0,1,0.377,Grimmsnarl
90864088,/Users/nickzwart/Desktop/9-8-2026/90864088.json,gecogeco,1,1,0.4286,Alakazam
90864097,/Users/nickzwart/Desktop/9-8-2026/90864097.json,gecogeco,1,1,0.4286,Alakazam
90866655,/Users/nickzwart/Desktop/9-8-2026/90866655.json,gecogeco,0,1,0.4286,Grimmsnarl
90867676,/Users/nickzwart/Desktop/9-8-2026/90867676.json,flg,1,1,0.6,Dragapult
90868434,/Users/nickzwart/Desktop/9-8-2026/90868434.json,tktkyamyam,1,1,0.4889,Grimmsnarl
90869240,/Users/nickzwart/Desktop/9-8-2026/90869240.json,Changyuan Chen,0,1,0.4595,Grimmsnarl
90873335,/Users/nickzwart/Desktop/9-8-2026/90873335.json,NIWATORI,1,1,0.4167,Grimmsnarl
90872688,/Users/nickzwart/Desktop/9-8-2026/90872688.json,e-toppo + kurupical,0,1,0.4211,M-Kangaskhan
90872689,/Users/nickzwart/Desktop/9-8-2026/90872689.json,e-toppo + kurupical,0,1,0.4211,Grimmsnarl
90871873,/Users/nickzwart/Desktop/9-8-2026/90871873.json,Changyuan Chen,1,1,0.4595,M-Lopunny
90872473,/Users/nickzwart/Desktop/9-8-2026/90872473.json,Confusion,1,1,0.4833,Grimmsnarl
90874327,/Users/nickzwart/Desktop/9-8-2026/90874327.json,Confusion,0,1,0.4833,Grimmsnarl
90875172,/Users/nickzwart/Desktop/9-8-2026/90875172.json,MissingNo.,0,1,0.6364,Grimmsnarl
90875902,/Users/nickzwart/Desktop/9-8-2026/90875902.json,flg,1,1,0.6,Alakazam
90876002,/Users/nickzwart/Desktop/9-8-2026/90876002.json,takayosi,1,1,0.4333,Alakazam
90877716,/Users/nickzwart/Desktop/9-8-2026/90877716.json,Yan,1,1,0.3438,Grimmsnarl
90878602,/Users/nickzwart/Desktop/9-8-2026/90878602.json,gecogeco,1,1,0.4286,Grimmsnarl
90878651,/Users/nickzwart/Desktop/9-8-2026/90878651.json,MissingNo.,1,1,0.6364,Grimmsnarl
90881086,/Users/nickzwart/Desktop/9-8-2026/90881086.json,Nghia Tran,0,1,0.3415,M-Froslass
90881772,/Users/nickzwart/Desktop/9-8-2026/90881772.json,MissingNo.,0,1,0.6364,Alakazam
90881947,/Users/nickzwart/Desktop/9-8-2026/90881947.json,takayosi,1,1,0.4333,Grimmsnarl
90885116,/Users/nickzwart/Desktop/9-8-2026/90885116.json,MissingNo.,0,1,0.6364,M-Kangaskhan
90885232,/Users/nickzwart/Desktop/9-8-2026/90885232.json,Changyuan Chen,0,1,0.4595,M-Lopunny
90886143,/Users/nickzwart/Desktop/9-8-2026/90886143.json,flg,0,1,0.6,Alakazam
90889461,/Users/nickzwart/Desktop/9-8-2026/90889461.json,flg,0,1,0.6,Grimmsnarl
90888671,/Users/nickzwart/Desktop/9-8-2026/90888671.json,Changyuan Chen,0,1,0.4595,other
90891905,/Users/nickzwart/Desktop/9-8-2026/90891905.json,KouFu,0,1,0.377,Grimmsnarl
90892683,/Users/nickzwart/Desktop/9-8-2026/90892683.json,Yan,1,1,0.3438,Grimmsnarl
90895104,/Users/nickzwart/Desktop/9-8-2026/90895104.json,Nghia Tran,1,1,0.3415,Grimmsnarl
90896255,/Users/nickzwart/Desktop/9-8-2026/90896255.json,KouFu,1,1,0.377,Grimmsnarl
90897788,/Users/nickzwart/Desktop/9-8-2026/90897788.json,タニシ,1,1,0.5882,Grimmsnarl
90907770,/Users/nickzwart/Desktop/9-8-2026/90907770.json,ANDPAD kaggler team,0,1,0.6364,Grimmsnarl
90907136,/Users/nickzwart/Desktop/9-8-2026/90907136.json,e-toppo + kurupical,1,1,0.4211,M-Lopunny
90908615,/Users/nickzwart/Desktop/9-8-2026/90908615.json,ANDPAD kaggler team,0,1,0.6364,Alakazam
90909536,/Users/nickzwart/Desktop/9-8-2026/90909536.json,takayosi,0,1,0.4333,Dragapult
90909546,/Users/nickzwart/Desktop/9-8-2026/90909546.json,MissingNo.,0,1,0.6364,Grimmsnarl
90910571,/Users/nickzwart/Desktop/9-8-2026/90910571.json,Confusion,1,1,0.4833,Alakazam
90910314,/Users/nickzwart/Desktop/9-8-2026/90910314.json,ANDPAD kaggler team,0,1,0.6364,M-Kangaskhan
90911180,/Users/nickzwart/Desktop/9-8-2026/90911180.json,ANDPAD kaggler team,1,1,0.6364,M-Kangaskhan
90911322,/Users/nickzwart/Desktop/9-8-2026/90911322.json,tktkyamyam,0,1,0.4889,Grimmsnarl
90912186,/Users/nickzwart/Desktop/9-8-2026/90912186.json,KouFu,0,1,0.377,Grimmsnarl
90912891,/Users/nickzwart/Desktop/9-8-2026/90912891.json,ANDPAD kaggler team,0,1,0.6364,Grimmsnarl
90913157,/Users/nickzwart/Desktop/9-8-2026/90913157.json,flg,0,1,0.6,Grimmsnarl
90913721,/Users/nickzwart/Desktop/9-8-2026/90913721.json,tktkyamyam,0,1,0.4889,Grimmsnarl
90913746,/Users/nickzwart/Desktop/9-8-2026/90913746.json,ANDPAD kaggler team,0,1,0.6364,M-Lucario
90912038,/Users/nickzwart/Desktop/9-8-2026/90912038.json,ANDPAD kaggler team,1,1,0.6364,M-Lopunny
90913920,/Users/nickzwart/Desktop/9-8-2026/90913920.json,Confusion,1,1,0.4833,Grimmsnarl
90914589,/Users/nickzwart/Desktop/9-8-2026/90914589.json,ANDPAD kaggler team,1,1,0.6364,M-Kangaskhan
90915460,/Users/nickzwart/Desktop/9-8-2026/90915460.json,ANDPAD kaggler team,0,1,0.6364,M-Lopunny
90915555,/Users/nickzwart/Desktop/9-8-2026/90915555.json,KouFu,0,1,0.377,Dragapult
90916327,/Users/nickzwart/Desktop/9-8-2026/90916327.json,llkarill,1,1,0.4773,M-Kangaskhan
90917111,/Users/nickzwart/Desktop/9-8-2026/90917111.json,ANDPAD kaggler team,0,1,0.6364,Grimmsnarl
90918821,/Users/nickzwart/Desktop/9-8-2026/90918821.json,ANDPAD kaggler team,0,1,0.6364,M-Kangaskhan
90920500,/Users/nickzwart/Desktop/9-8-2026/90920500.json,ANDPAD kaggler team,0,1,0.6364,M-Kangaskhan
90921522,/Users/nickzwart/Desktop/9-8-2026/90921522.json,Changyuan Chen,0,1,0.4595,Alakazam
90922225,/Users/nickzwart/Desktop/9-8-2026/90922225.json,KouFu,1,1,0.377,other
90921372,/Users/nickzwart/Desktop/9-8-2026/90921372.json,Nghia Tran,1,1,0.3415,M-Kangaskhan
90923822,/Users/nickzwart/Desktop/9-8-2026/90923822.json,ANDPAD kaggler team,0,1,0.6364,M-Lopunny
90925479,/Users/nickzwart/Desktop/9-8-2026/90925479.json,ANDPAD kaggler team,0,1,0.6364,other
90924758,/Users/nickzwart/Desktop/9-8-2026/90924758.json,ANDPAD kaggler team,1,1,0.6364,M-Kangaskhan
90925442,/Users/nickzwart/Desktop/9-8-2026/90925442.json,KouFu,1,1,0.377,Grimmsnarl
90927380,/Users/nickzwart/Desktop/9-8-2026/90927380.json,ANDPAD kaggler team,0,1,0.6364,Alakazam
90928045,/Users/nickzwart/Desktop/9-8-2026/90928045.json,ANDPAD kaggler team,0,1,0.6364,M-Lopunny
90926549,/Users/nickzwart/Desktop/9-8-2026/90926549.json,gecogeco,0,1,0.4286,Grimmsnarl
90927198,/Users/nickzwart/Desktop/9-8-2026/90927198.json,ANDPAD kaggler team,1,1,0.6364,Ogerpon
90928204,/Users/nickzwart/Desktop/9-8-2026/90928204.json,Yan,0,1,0.3438,Alakazam
90930575,/Users/nickzwart/Desktop/9-8-2026/90930575.json,Nghia Tran,0,1,0.3415,Grimmsnarl
90931309,/Users/nickzwart/Desktop/9-8-2026/90931309.json,ANDPAD kaggler team,0,1,0.6364,other
90931395,/Users/nickzwart/Desktop/9-8-2026/90931395.json,ANDPAD kaggler team,1,1,0.6364,Grimmsnarl
90932160,/Users/nickzwart/Desktop/9-8-2026/90932160.json,Yan,1,1,0.3438,M-Kangaskhan
90932312,/Users/nickzwart/Desktop/9-8-2026/90932312.json,ANDPAD kaggler team,0,1,0.6364,Alakazam
90933232,/Users/nickzwart/Desktop/9-8-2026/90933232.json,e-toppo + kurupical,0,1,0.4211,Ogerpon
90933843,/Users/nickzwart/Desktop/9-8-2026/90933843.json,Confusion,1,1,0.4833,other
90933931,/Users/nickzwart/Desktop/9-8-2026/90933931.json,ANDPAD kaggler team,1,1,0.6364,M-Kangaskhan
90934032,/Users/nickzwart/Desktop/9-8-2026/90934032.json,flg,1,1,0.6,Dragapult
90933140,/Users/nickzwart/Desktop/9-8-2026/90933140.json,タニシ,0,1,0.5882,M-Kangaskhan
90935805,/Users/nickzwart/Desktop/9-8-2026/90935805.json,Yan,0,1,0.3438,Dragapult
90936452,/Users/nickzwart/Desktop/9-8-2026/90936452.json,tktkyamyam,1,1,0.4889,Grimmsnarl
90937163,/Users/nickzwart/Desktop/9-8-2026/90937163.json,ANDPAD kaggler team,0,1,0.6364,M-Kangaskhan
90934853,/Users/nickzwart/Desktop/9-8-2026/90934853.json,ANDPAD kaggler team,0,1,0.6364,Alakazam
90937243,/Users/nickzwart/Desktop/9-8-2026/90937243.json,Artalmaz31,0,1,0.2857,Grimmsnarl
90937412,/Users/nickzwart/Desktop/9-8-2026/90937412.json,sobameshi,0,1,0.4833,M-Kangaskhan
90939785,/Users/nickzwart/Desktop/9-8-2026/90939785.json,takayosi,0,1,0.4333,Grimmsnarl
90939813,/Users/nickzwart/Desktop/9-8-2026/90939813.json,ANDPAD kaggler team,1,1,0.6364,Grimmsnarl
90940682,/Users/nickzwart/Desktop/9-8-2026/90940682.json,ANDPAD kaggler team,1,1,0.6364,Grimmsnarl
90941519,/Users/nickzwart/Desktop/9-8-2026/90941519.json,ANDPAD kaggler team,0,1,0.6364,Dragapult
90944037,/Users/nickzwart/Desktop/9-8-2026/90944037.json,ANDPAD kaggler team,1,1,0.6364,Dudunsparce
90942408,/Users/nickzwart/Desktop/9-8-2026/90942408.json,flg,0,1,0.6,M-Kangaskhan
90943000,/Users/nickzwart/Desktop/9-8-2026/90943000.json,kigasudayooo,0,1,0.4054,M-Lopunny
90944870,/Users/nickzwart/Desktop/9-8-2026/90944870.json,ANDPAD kaggler team,0,1,0.6364,M-Kangaskhan
90945691,/Users/nickzwart/Desktop/9-8-2026/90945691.json,ANDPAD kaggler team,1,1,0.6364,Dragapult
90948136,/Users/nickzwart/Desktop/9-8-2026/90948136.json,takayosi,1,1,0.4333,Grimmsnarl
90946561,/Users/nickzwart/Desktop/9-8-2026/90946561.json,flg,0,1,0.6,Ogerpon
90947421,/Users/nickzwart/Desktop/9-8-2026/90947421.json,ANDPAD kaggler team,0,1,0.6364,other
90949824,/Users/nickzwart/Desktop/9-8-2026/90949824.json,takayosi,1,1,0.4333,M-Lopunny
90949852,/Users/nickzwart/Desktop/9-8-2026/90949852.json,ANDPAD kaggler team,1,1,0.6364,M-Lopunny
90948905,/Users/nickzwart/Desktop/9-8-2026/90948905.json,kigasudayooo,1,1,0.4054,Hydrapple
90948985,/Users/nickzwart/Desktop/9-8-2026/90948985.json,Changyuan Chen,0,1,0.4595,Grimmsnarl
90950564,/Users/nickzwart/Desktop/9-8-2026/90950564.json,kigasudayooo,0,1,0.4054,Grimmsnarl
90951299,/Users/nickzwart/Desktop/9-8-2026/90951299.json,kashiwashira,0,1,0.4848,M-Kangaskhan
90951497,/Users/nickzwart/Desktop/9-8-2026/90951497.json,ANDPAD kaggler team,1,1,0.6364,Alakazam
90953077,/Users/nickzwart/Desktop/9-8-2026/90953077.json,kigasudayooo,0,1,0.4054,Grimmsnarl
90953731,/Users/nickzwart/Desktop/9-8-2026/90953731.json,Changyuan Chen,0,1,0.4595,M-Lopunny
90953803,/Users/nickzwart/Desktop/9-8-2026/90953803.json,kashiwashira,0,1,0.4848,Grimmsnarl
90953866,/Users/nickzwart/Desktop/9-8-2026/90953866.json,takayosi,0,1,0.4333,Grimmsnarl
90953901,/Users/nickzwart/Desktop/9-8-2026/90953901.json,kigasudayooo,0,1,0.4054,Ogerpon
90954813,/Users/nickzwart/Desktop/9-8-2026/90954813.json,Yan,0,1,0.3438,Grimmsnarl
90956580,/Users/nickzwart/Desktop/9-8-2026/90956580.json,Confusion,1,1,0.4833,M-Lopunny
90955611,/Users/nickzwart/Desktop/9-8-2026/90955611.json,kigasudayooo,1,1,0.4054,Grimmsnarl
90958085,/Users/nickzwart/Desktop/9-8-2026/90958085.json,kigasudayooo,1,1,0.4054,Grimmsnarl
90958159,/Users/nickzwart/Desktop/9-8-2026/90958159.json,llkarill,0,1,0.4773,other
90957310,/Users/nickzwart/Desktop/9-8-2026/90957310.json,kigasudayooo,1,1,0.4054,M-Lopunny
90958915,/Users/nickzwart/Desktop/9-8-2026/90958915.json,タニシ,1,1,0.5882,Ogerpon
90959513,/Users/nickzwart/Desktop/9-8-2026/90959513.json,タニシ,1,1,0.5882,Grimmsnarl
90959876,/Users/nickzwart/Desktop/9-8-2026/90959876.json,ANDPAD kaggler team,0,1,0.6364,M-Lopunny
90959742,/Users/nickzwart/Desktop/9-8-2026/90959742.json,kigasudayooo,0,1,0.4054,M-Lopunny
90963096,/Users/nickzwart/Desktop/9-8-2026/90963096.json,ANDPAD kaggler team,0,1,0.6364,other
90963944,/Users/nickzwart/Desktop/9-8-2026/90963944.json,kigasudayooo,0,1,0.4054,Grimmsnarl
90965575,/Users/nickzwart/Desktop/9-8-2026/90965575.json,kigasudayooo,1,1,0.4054,Grimmsnarl
90966492,/Users/nickzwart/Desktop/9-8-2026/90966492.json,kigasudayooo,1,1,0.4054,Grimmsnarl
90966562,/Users/nickzwart/Desktop/9-8-2026/90966562.json,flg,1,1,0.6,Alakazam
90967241,/Users/nickzwart/Desktop/9-8-2026/90967241.json,MissingNo.,0,1,0.6364,Grimmsnarl
90967247,/Users/nickzwart/Desktop/9-8-2026/90967247.json,Boss's Orders Are All You Need,0,1,0.5312,Grimmsnarl
90967927,/Users/nickzwart/Desktop/9-8-2026/90967927.json,llkarill,0,1,0.4773,Alakazam
90968132,/Users/nickzwart/Desktop/9-8-2026/90968132.json,tktkyamyam,1,1,0.4889,Grimmsnarl
90968917,/Users/nickzwart/Desktop/9-8-2026/90968917.json,Yan,0,1,0.3438,Grimmsnarl
90969853,/Users/nickzwart/Desktop/9-8-2026/90969853.json,flg,0,1,0.6,Grimmsnarl
90972217,/Users/nickzwart/Desktop/9-8-2026/90972217.json,takayosi,1,1,0.4333,Grimmsnarl
90973103,/Users/nickzwart/Desktop/9-8-2026/90973103.json,Changyuan Chen,1,1,0.4595,Grimmsnarl
90973800,/Users/nickzwart/Desktop/9-8-2026/90973800.json,takayosi,0,1,0.4333,M-Lucario
90974639,/Users/nickzwart/Desktop/9-8-2026/90974639.json,Confusion,1,1,0.4833,Dragapult
90974683,/Users/nickzwart/Desktop/9-8-2026/90974683.json,takayosi,1,1,0.4333,Hydrapple
90976480,/Users/nickzwart/Desktop/9-8-2026/90976480.json,takayosi,1,1,0.4333,Grimmsnarl
90977293,/Users/nickzwart/Desktop/9-8-2026/90977293.json,タニシ,1,1,0.5882,Grimmsnarl
90977891,/Users/nickzwart/Desktop/9-8-2026/90977891.json,tktkyamyam,1,1,0.4889,Alakazam
90978737,/Users/nickzwart/Desktop/9-8-2026/90978737.json,Confusion,1,1,0.4833,Alakazam
90989554,/Users/nickzwart/Desktop/9-8-2026/90989554.json,Battle Data Base,1,1,0.4396,M-Lopunny
90990618,/Users/nickzwart/Desktop/9-8-2026/90990618.json,e-toppo + kurupical,0,1,0.4211,M-Lopunny
90990397,/Users/nickzwart/Desktop/9-8-2026/90990397.json,Battle Data Base,1,1,0.4396,Grimmsnarl
90991242,/Users/nickzwart/Desktop/9-8-2026/90991242.json,takayosi,0,1,0.4333,Alakazam
90992121,/Users/nickzwart/Desktop/9-8-2026/90992121.json,Battle Data Base,0,1,0.4396,Grimmsnarl
90992926,/Users/nickzwart/Desktop/9-8-2026/90992926.json,e-toppo + kurupical,1,1,0.4211,Alakazam
90993004,/Users/nickzwart/Desktop/9-8-2026/90993004.json,Battle Data Base,1,1,0.4396,Grimmsnarl
90993790,/Users/nickzwart/Desktop/9-8-2026/90993790.json,Battle Data Base,0,1,0.4396,M-Kangaskhan
90995418,/Users/nickzwart/Desktop/9-8-2026/90995418.json,Battle Data Base,1,1,0.4396,M-Kangaskhan
90994587,/Users/nickzwart/Desktop/9-8-2026/90994587.json,Battle Data Base,0,1,0.4396,Grimmsnarl
90996315,/Users/nickzwart/Desktop/9-8-2026/90996315.json,Battle Data Base,0,1,0.4396,Grimmsnarl
90999602,/Users/nickzwart/Desktop/9-8-2026/90999602.json,タニシ,1,1,0.5882,M-Kangaskhan
90998786,/Users/nickzwart/Desktop/9-8-2026/90998786.json,Battle Data Base,0,1,0.4396,Grimmsnarl
90997956,/Users/nickzwart/Desktop/9-8-2026/90997956.json,Battle Data Base,0,1,0.4396,Grimmsnarl
90997105,/Users/nickzwart/Desktop/9-8-2026/90997105.json,Confusion,1,1,0.4833,other
90998808,/Users/nickzwart/Desktop/9-8-2026/90998808.json,Battle Data Base,1,1,0.4396,Grimmsnarl
90999789,/Users/nickzwart/Desktop/9-8-2026/90999789.json,kashiwashira,0,1,0.4848,M-Lopunny
91001267,/Users/nickzwart/Desktop/9-8-2026/91001267.json,Battle Data Base,0,1,0.4396,Garchomp
91000664,/Users/nickzwart/Desktop/9-8-2026/91000664.json,Confusion,1,1,0.4833,Ogerpon
91002398,/Users/nickzwart/Desktop/9-8-2026/91002398.json,tktkyamyam,1,1,0.4889,Grimmsnarl
91002920,/Users/nickzwart/Desktop/9-8-2026/91002920.json,Nghia Tran,1,1,0.3415,Grimmsnarl
91003011,/Users/nickzwart/Desktop/9-8-2026/91003011.json,Battle Data Base,1,1,0.4396,M-Kangaskhan
91007082,/Users/nickzwart/Desktop/9-8-2026/91007082.json,takayosi,1,1,0.4333,Grimmsnarl
91006435,/Users/nickzwart/Desktop/9-8-2026/91006435.json,Artalmaz31,1,1,0.2857,Grimmsnarl
91008077,/Users/nickzwart/Desktop/9-8-2026/91008077.json,Battle Data Base,1,1,0.4396,M-Lopunny
91009950,/Users/nickzwart/Desktop/9-8-2026/91009950.json,kashiwashira,1,1,0.4848,Alakazam
91010593,/Users/nickzwart/Desktop/9-8-2026/91010593.json,Battle Data Base,1,1,0.4396,Grimmsnarl
91012225,/Users/nickzwart/Desktop/9-8-2026/91012225.json,Battle Data Base,0,1,0.4396,Hydrapple
91012924,/Users/nickzwart/Desktop/9-8-2026/91012924.json,kigasudayooo,1,1,0.4054,Alakazam
91015572,/Users/nickzwart/Desktop/9-8-2026/91015572.json,KouFu,0,1,0.377,Grimmsnarl
91017982,/Users/nickzwart/Desktop/9-8-2026/91017982.json,llkarill,1,1,0.4773,Grimmsnarl
91020743,/Users/nickzwart/Desktop/9-8-2026/91020743.json,palsystem,1,1,0.6233,M-Lopunny
91021604,/Users/nickzwart/Desktop/9-8-2026/91021604.json,Battle Data Base,0,1,0.4396,M-Kangaskhan
91022237,/Users/nickzwart/Desktop/9-8-2026/91022237.json,tktkyamyam,1,1,0.4889,M-Kangaskhan
91022273,/Users/nickzwart/Desktop/9-8-2026/91022273.json,Confusion,0,1,0.4833,Grimmsnarl
91023166,/Users/nickzwart/Desktop/9-8-2026/91023166.json,tktkyamyam,0,1,0.4889,Grimmsnarl
91024845,/Users/nickzwart/Desktop/9-8-2026/91024845.json,Nghia Tran,0,1,0.3415,Grimmsnarl
91025755,/Users/nickzwart/Desktop/9-8-2026/91025755.json,NIWATORI,0,1,0.4167,Grimmsnarl
91024938,/Users/nickzwart/Desktop/9-8-2026/91024938.json,MissingNo.,0,1,0.6364,Garchomp
91026516,/Users/nickzwart/Desktop/9-8-2026/91026516.json,KouFu,0,1,0.377,Grimmsnarl
91028986,/Users/nickzwart/Desktop/9-8-2026/91028986.json,Confusion,1,1,0.4833,Grimmsnarl
91029885,/Users/nickzwart/Desktop/9-8-2026/91029885.json,flg,1,1,0.6,Grimmsnarl
91030691,/Users/nickzwart/Desktop/9-8-2026/91030691.json,tktkyamyam,0,1,0.4889,Grimmsnarl
91031525,/Users/nickzwart/Desktop/9-8-2026/91031525.json,e-toppo + kurupical,1,1,0.4211,Hydrapple
91033219,/Users/nickzwart/Desktop/9-8-2026/91033219.json,Changyuan Chen,0,1,0.4595,Grimmsnarl
91035596,/Users/nickzwart/Desktop/9-8-2026/91035596.json,NIWATORI,0,1,0.4167,Grimmsnarl
91035768,/Users/nickzwart/Desktop/9-8-2026/91035768.json,kashiwashira,1,1,0.4848,Hydrapple
91035903,/Users/nickzwart/Desktop/9-8-2026/91035903.json,takayosi,0,1,0.4333,Grimmsnarl
91037581,/Users/nickzwart/Desktop/9-8-2026/91037581.json,kigasudayooo,0,1,0.4054,Grimmsnarl
91038359,/Users/nickzwart/Desktop/9-8-2026/91038359.json,Yan,1,1,0.3438,Grimmsnarl
91038366,/Users/nickzwart/Desktop/9-8-2026/91038366.json,tktkyamyam,0,1,0.4889,Grimmsnarl
91038374,/Users/nickzwart/Desktop/9-8-2026/91038374.json,takayosi,0,1,0.4333,Grimmsnarl
91043438,/Users/nickzwart/Desktop/9-8-2026/91043438.json,MissingNo.,0,1,0.6364,Grimmsnarl
91047572,/Users/nickzwart/Desktop/9-8-2026/91047572.json,kashiwashira,0,1,0.4848,other
91047580,/Users/nickzwart/Desktop/9-8-2026/91047580.json,kashiwashira,1,1,0.4848,M-Lopunny
91049083,/Users/nickzwart/Desktop/9-8-2026/91049083.json,KouFu,0,1,0.377,Grimmsnarl
91050180,/Users/nickzwart/Desktop/9-8-2026/91050180.json,takayosi,1,1,0.4333,Dragapult
91050719,/Users/nickzwart/Desktop/9-8-2026/91050719.json,Confusion,1,1,0.4833,Dragapult
91050937,/Users/nickzwart/Desktop/9-8-2026/91050937.json,Changyuan Chen,1,1,0.4595,Grimmsnarl
91051013,/Users/nickzwart/Desktop/9-8-2026/91051013.json,llkarill,0,1,0.4773,Ogerpon
91051730,/Users/nickzwart/Desktop/9-8-2026/91051730.json,KouFu,1,1,0.377,Grimmsnarl
91052731,/Users/nickzwart/Desktop/9-8-2026/91052731.json,Boss's Orders Are All You Need,1,1,0.5312,Grimmsnarl
91052757,/Users/nickzwart/Desktop/9-8-2026/91052757.json,kashiwashira,1,1,0.4848,Grimmsnarl
91056621,/Users/nickzwart/Desktop/9-8-2026/91056621.json,sobameshi,1,1,0.4833,Dragapult
91059492,/Users/nickzwart/Desktop/9-8-2026/91059492.json,flg,1,1,0.6,Alakazam
91060946,/Users/nickzwart/Desktop/9-8-2026/91060946.json,sobameshi,0,1,0.4833,Grimmsnarl
91061821,/Users/nickzwart/Desktop/9-8-2026/91061821.json,sobameshi,0,1,0.4833,Grimmsnarl
91062818,/Users/nickzwart/Desktop/9-8-2026/91062818.json,sobameshi,0,1,0.4833,M-Lopunny
91066212,/Users/nickzwart/Desktop/9-8-2026/91066212.json,sobameshi,1,1,0.4833,Alakazam
91065329,/Users/nickzwart/Desktop/9-8-2026/91065329.json,sobameshi,1,1,0.4833,Grimmsnarl
91067064,/Users/nickzwart/Desktop/9-8-2026/91067064.json,sobameshi,0,1,0.4833,M-Lucario
91066295,/Users/nickzwart/Desktop/9-8-2026/91066295.json,Changyuan Chen,0,1,0.4595,Dragapult
91068085,/Users/nickzwart/Desktop/9-8-2026/91068085.json,llkarill,0,1,0.4773,Dragapult
91067952,/Users/nickzwart/Desktop/9-8-2026/91067952.json,sobameshi,1,1,0.4833,M-Kangaskhan
91069021,/Users/nickzwart/Desktop/9-8-2026/91069021.json,flg,0,1,0.6,Grimmsnarl
91069965,/Users/nickzwart/Desktop/9-8-2026/91069965.json,takayosi,1,1,0.4333,M-Kangaskhan
91068827,/Users/nickzwart/Desktop/9-8-2026/91068827.json,sobameshi,0,1,0.4833,M-Kangaskhan
91071461,/Users/nickzwart/Desktop/9-8-2026/91071461.json,Artalmaz31,1,1,0.2857,Ogerpon
91072346,/Users/nickzwart/Desktop/9-8-2026/91072346.json,sobameshi,0,1,0.4833,Grimmsnarl
91072497,/Users/nickzwart/Desktop/9-8-2026/91072497.json,e-toppo + kurupical,0,1,0.4211,M-Lucario
91073189,/Users/nickzwart/Desktop/9-8-2026/91073189.json,sobameshi,1,1,0.4833,M-Lucario
91074875,/Users/nickzwart/Desktop/9-8-2026/91074875.json,tw_shin,0,1,0.5,Grimmsnarl
91075763,/Users/nickzwart/Desktop/9-8-2026/91075763.json,sobameshi,1,1,0.4833,Grimmsnarl
91076071,/Users/nickzwart/Desktop/9-8-2026/91076071.json,tw_shin,1,1,0.5,Grimmsnarl
91076748,/Users/nickzwart/Desktop/9-8-2026/91076748.json,takayosi,0,1,0.4333,Ogerpon
91077608,/Users/nickzwart/Desktop/9-8-2026/91077608.json,KouFu,0,1,0.377,Ogerpon
91078520,/Users/nickzwart/Desktop/9-8-2026/91078520.json,tktkyamyam,0,1,0.4889,Ogerpon
91078633,/Users/nickzwart/Desktop/9-8-2026/91078633.json,takayosi,0,1,0.4333,Grimmsnarl
91078634,/Users/nickzwart/Desktop/9-8-2026/91078634.json,Battle Data Base,0,1,0.4396,Dragapult
91079383,/Users/nickzwart/Desktop/9-8-2026/91079383.json,sobameshi,1,1,0.4833,M-Kangaskhan
91079415,/Users/nickzwart/Desktop/9-8-2026/91079415.json,MissingNo.,1,1,0.6364,Hydrapple
91079493,/Users/nickzwart/Desktop/9-8-2026/91079493.json,Artalmaz31,0,1,0.2857,Grimmsnarl
91080137,/Users/nickzwart/Desktop/9-8-2026/91080137.json,tw_shin,0,1,0.5,Grimmsnarl
91080258,/Users/nickzwart/Desktop/9-8-2026/91080258.json,sobameshi,0,1,0.4833,Ogerpon
91081011,/Users/nickzwart/Desktop/9-8-2026/91081011.json,KouFu,0,1,0.377,Ogerpon
91081120,/Users/nickzwart/Desktop/9-8-2026/91081120.json,sobameshi,0,1,0.4833,Grimmsnarl
91082751,/Users/nickzwart/Desktop/9-8-2026/91082751.json,tw_shin,0,1,0.5,Grimmsnarl
91082864,/Users/nickzwart/Desktop/9-8-2026/91082864.json,sobameshi,0,1,0.4833,Grimmsnarl
91083764,/Users/nickzwart/Desktop/9-8-2026/91083764.json,sobameshi,0,1,0.4833,Grimmsnarl
91085409,/Users/nickzwart/Desktop/9-8-2026/91085409.json,tw_shin,1,1,0.5,Grimmsnarl
91085514,/Users/nickzwart/Desktop/9-8-2026/91085514.json,Nghia Tran,0,1,0.3415,Ogerpon
91086388,/Users/nickzwart/Desktop/9-8-2026/91086388.json,sobameshi,0,1,0.4833,Grimmsnarl
91086448,/Users/nickzwart/Desktop/9-8-2026/91086448.json,tktkyamyam,0,1,0.4889,Dragapult
91087282,/Users/nickzwart/Desktop/9-8-2026/91087282.json,Yan,0,1,0.3438,Ogerpon
91087429,/Users/nickzwart/Desktop/9-8-2026/91087429.json,tw_shin,1,1,0.5,Grimmsnarl
91088291,/Users/nickzwart/Desktop/9-8-2026/91088291.json,yuki0202,1,1,0.4483,M-Lucario
91088053,/Users/nickzwart/Desktop/9-8-2026/91088053.json,tw_shin,0,1,0.5,Ogerpon
91088144,/Users/nickzwart/Desktop/9-8-2026/91088144.json,tktkyamyam,1,1,0.4889,Grimmsnarl
91088150,/Users/nickzwart/Desktop/9-8-2026/91088150.json,sobameshi,0,1,0.4833,Grimmsnarl
91088913,/Users/nickzwart/Desktop/9-8-2026/91088913.json,KouFu,1,1,0.377,Alakazam
91089006,/Users/nickzwart/Desktop/9-8-2026/91089006.json,tw_shin,0,1,0.5,M-Kangaskhan
91089191,/Users/nickzwart/Desktop/9-8-2026/91089191.json,KouFu,0,1,0.377,M-Lopunny
91089738,/Users/nickzwart/Desktop/9-8-2026/91089738.json,Saber,0,1,0.52,Grimmsnarl
91089789,/Users/nickzwart/Desktop/9-8-2026/91089789.json,tw_shin,1,1,0.5,Ogerpon
91090805,/Users/nickzwart/Desktop/9-8-2026/91090805.json,sobameshi,0,1,0.4833,Grimmsnarl
91091469,/Users/nickzwart/Desktop/9-8-2026/91091469.json,Boss's Orders Are All You Need,1,1,0.5312,Ogerpon
91091515,/Users/nickzwart/Desktop/9-8-2026/91091515.json,tw_shin,0,1,0.5,M-Kangaskhan
91091611,/Users/nickzwart/Desktop/9-8-2026/91091611.json,sobameshi,1,1,0.4833,Garchomp
91092504,/Users/nickzwart/Desktop/9-8-2026/91092504.json,sobameshi,0,1,0.4833,M-Lopunny
91093392,/Users/nickzwart/Desktop/9-8-2026/91093392.json,llkarill,0,1,0.4773,Hydrapple
91093226,/Users/nickzwart/Desktop/9-8-2026/91093226.json,Saber,0,1,0.52,Grimmsnarl
91094186,/Users/nickzwart/Desktop/9-8-2026/91094186.json,tw_shin,0,1,0.5,Grimmsnarl
91095986,/Users/nickzwart/Desktop/9-8-2026/91095986.json,sobameshi,0,1,0.4833,Alakazam
91096094,/Users/nickzwart/Desktop/9-8-2026/91096094.json,yuki0202,1,1,0.4483,Crustle
91097660,/Users/nickzwart/Desktop/9-8-2026/91097660.json,tw_shin,0,1,0.5,Grimmsnarl
91098512,/Users/nickzwart/Desktop/9-8-2026/91098512.json,KouFu,0,1,0.377,Hydrapple
91098604,/Users/nickzwart/Desktop/9-8-2026/91098604.json,llkarill,1,1,0.4773,Ogerpon
91099564,/Users/nickzwart/Desktop/9-8-2026/91099564.json,yuki0202,0,1,0.4483,M-Lucario
91100366,/Users/nickzwart/Desktop/9-8-2026/91100366.json,sobameshi,1,1,0.4833,Ogerpon
91101272,/Users/nickzwart/Desktop/9-8-2026/91101272.json,sobameshi,0,1,0.4833,Grimmsnarl
91102067,/Users/nickzwart/Desktop/9-8-2026/91102067.json,Saber,1,1,0.52,Ogerpon
91102248,/Users/nickzwart/Desktop/9-8-2026/91102248.json,yuki0202,1,1,0.4483,Grimmsnarl
91102852,/Users/nickzwart/Desktop/9-8-2026/91102852.json,Saber,1,1,0.52,Grimmsnarl
91103066,/Users/nickzwart/Desktop/9-8-2026/91103066.json,sobameshi,0,1,0.4833,Hydrapple
91103841,/Users/nickzwart/Desktop/9-8-2026/91103841.json,NIWATORI,0,1,0.4167,Grimmsnarl
91103908,/Users/nickzwart/Desktop/9-8-2026/91103908.json,MissingNo.,0,1,0.6364,Hydrapple
91103923,/Users/nickzwart/Desktop/9-8-2026/91103923.json,sobameshi,0,1,0.4833,Grimmsnarl
91106364,/Users/nickzwart/Desktop/9-8-2026/91106364.json,Saber,1,1,0.52,Grimmsnarl
91106508,/Users/nickzwart/Desktop/9-8-2026/91106508.json,MissingNo.,0,1,0.6364,Dragapult
91106575,/Users/nickzwart/Desktop/9-8-2026/91106575.json,takayosi,0,1,0.4333,Grimmsnarl
91109195,/Users/nickzwart/Desktop/9-8-2026/91109195.json,Boss's Orders Are All You Need,1,1,0.5312,Dragapult
91111666,/Users/nickzwart/Desktop/9-8-2026/91111666.json,Saber,0,1,0.52,Grimmsnarl
91114280,/Users/nickzwart/Desktop/9-8-2026/91114280.json,Saber,0,1,0.52,Grimmsnarl
91115057,/Users/nickzwart/Desktop/9-8-2026/91115057.json,Battle Data Base,0,1,0.4396,Grimmsnarl
91115926,/Users/nickzwart/Desktop/9-8-2026/91115926.json,sobameshi,1,1,0.4833,Grimmsnarl
91116238,/Users/nickzwart/Desktop/9-8-2026/91116238.json,flg,0,1,0.6,Grimmsnarl
91117988,/Users/nickzwart/Desktop/9-8-2026/91117988.json,Confusion,0,1,0.4833,Grimmsnarl
91116928,/Users/nickzwart/Desktop/9-8-2026/91116928.json,Saber,1,1,0.52,Grimmsnarl
91118697,/Users/nickzwart/Desktop/9-8-2026/91118697.json,Saber,0,1,0.52,Grimmsnarl
91119563,/Users/nickzwart/Desktop/9-8-2026/91119563.json,kigasudayooo,1,1,0.4054,Dragapult
91119626,/Users/nickzwart/Desktop/9-8-2026/91119626.json,Nghia Tran,0,1,0.3415,Grimmsnarl
91120258,/Users/nickzwart/Desktop/9-8-2026/91120258.json,MissingNo.,1,1,0.6364,Alakazam
91120527,/Users/nickzwart/Desktop/9-8-2026/91120527.json,llkarill,1,1,0.4773,Alakazam
91123106,/Users/nickzwart/Desktop/9-8-2026/91123106.json,tktkyamyam,0,1,0.4889,Hydrapple
91123831,/Users/nickzwart/Desktop/9-8-2026/91123831.json,Saber,0,1,0.52,Grimmsnarl
91124963,/Users/nickzwart/Desktop/9-8-2026/91124963.json,takayosi,0,1,0.4333,Grimmsnarl
91125571,/Users/nickzwart/Desktop/9-8-2026/91125571.json,yuki0202,1,1,0.4483,Grimmsnarl
91126545,/Users/nickzwart/Desktop/9-8-2026/91126545.json,tktkyamyam,0,1,0.4889,Grimmsnarl
91126659,/Users/nickzwart/Desktop/9-8-2026/91126659.json,KouFu,1,1,0.377,Grimmsnarl
91128397,/Users/nickzwart/Desktop/9-8-2026/91128397.json,KouFu,0,1,0.377,Dragapult
91129061,/Users/nickzwart/Desktop/9-8-2026/91129061.json,Dipam Chakraborty,1,1,0.8065,Alakazam
91129066,/Users/nickzwart/Desktop/9-8-2026/91129066.json,tktkyamyam,1,1,0.4889,Grimmsnarl
91131019,/Users/nickzwart/Desktop/9-8-2026/91131019.json,flg,1,1,0.6,M-Lopunny
91131873,/Users/nickzwart/Desktop/9-8-2026/91131873.json,タニシ,1,1,0.5882,Grimmsnarl
91132642,/Users/nickzwart/Desktop/9-8-2026/91132642.json,llkarill,1,1,0.4773,M-Lopunny
91135058,/Users/nickzwart/Desktop/9-8-2026/91135058.json,Boss's Orders Are All You Need,1,1,0.5312,Alakazam
91135167,/Users/nickzwart/Desktop/9-8-2026/91135167.json,Dipam Chakraborty,0,1,0.8065,Ogerpon
91135994,/Users/nickzwart/Desktop/9-8-2026/91135994.json,Dipam Chakraborty,1,1,0.8065,Grimmsnarl
91136038,/Users/nickzwart/Desktop/9-8-2026/91136038.json,Dipam Chakraborty,1,1,0.8065,Grimmsnarl
91136923,/Users/nickzwart/Desktop/9-8-2026/91136923.json,Dipam Chakraborty,1,1,0.8065,Ogerpon
91138008,/Users/nickzwart/Desktop/9-8-2026/91138008.json,kashiwashira,0,1,0.4848,Hydrapple
91141418,/Users/nickzwart/Desktop/9-8-2026/91141418.json,llkarill,1,1,0.4773,Grimmsnarl
91141264,/Users/nickzwart/Desktop/9-8-2026/91141264.json,Battle Data Base,1,1,0.4396,Grimmsnarl
91141377,/Users/nickzwart/Desktop/9-8-2026/91141377.json,Saber,0,1,0.52,Alakazam
91141390,/Users/nickzwart/Desktop/9-8-2026/91141390.json,Dipam Chakraborty,0,1,0.8065,Alakazam
91142166,/Users/nickzwart/Desktop/9-8-2026/91142166.json,Battle Data Base,1,1,0.4396,Grimmsnarl
91142184,/Users/nickzwart/Desktop/9-8-2026/91142184.json,Dipam Chakraborty,1,1,0.8065,Grimmsnarl
91143000,/Users/nickzwart/Desktop/9-8-2026/91143000.json,llkarill,1,1,0.4773,Grimmsnarl
91143060,/Users/nickzwart/Desktop/9-8-2026/91143060.json,tktkyamyam,1,1,0.4889,Grimmsnarl
91143067,/Users/nickzwart/Desktop/9-8-2026/91143067.json,Confusion,0,1,0.4833,Alakazam
91143193,/Users/nickzwart/Desktop/9-8-2026/91143193.json,MissingNo.,0,1,0.6364,Grimmsnarl
91143210,/Users/nickzwart/Desktop/9-8-2026/91143210.json,flg,1,1,0.6,Ogerpon
91144031,/Users/nickzwart/Desktop/9-8-2026/91144031.json,Dipam Chakraborty,0,1,0.8065,Dragapult
91144073,/Users/nickzwart/Desktop/9-8-2026/91144073.json,Marshall Maximizer,1,1,0.1818,Alakazam
91144832,/Users/nickzwart/Desktop/9-8-2026/91144832.json,Dipam Chakraborty,0,1,0.8065,M-Lopunny
91147485,/Users/nickzwart/Desktop/9-8-2026/91147485.json,Dipam Chakraborty,0,1,0.8065,Ogerpon
91149276,/Users/nickzwart/Desktop/9-8-2026/91149276.json,Nghia Tran,0,1,0.3415,M-Kangaskhan
91149068,/Users/nickzwart/Desktop/9-8-2026/91149068.json,Saber,0,1,0.52,Garchomp
91149143,/Users/nickzwart/Desktop/9-8-2026/91149143.json,Dipam Chakraborty,1,1,0.8065,Dudunsparce
91149187,/Users/nickzwart/Desktop/9-8-2026/91149187.json,MissingNo.,1,1,0.6364,Grimmsnarl
91151887,/Users/nickzwart/Desktop/9-8-2026/91151887.json,tktkyamyam,0,1,0.4889,Grimmsnarl
91152738,/Users/nickzwart/Desktop/9-8-2026/91152738.json,Marshall Maximizer,1,1,0.1818,Grimmsnarl
91152786,/Users/nickzwart/Desktop/9-8-2026/91152786.json,Dipam Chakraborty,0,1,0.8065,M-Kangaskhan
88148312,/Users/nickzwart/Desktop/PTCG-AI-Challenge/__Taichicchi__/88148312.json,zoroark190,0,1,0.6,mixed
88202656,/Users/nickzwart/Desktop/PTCG-AI-Challenge/__Taichicchi__/88202656.json,zoroark190,0,1,0.6,mixed
88190927,/Users/nickzwart/Desktop/PTCG-AI-Challenge/__Taichicchi__/88190927.json,zoroark190,0,1,0.6,mixed
88214806,/Users/nickzwart/Desktop/PTCG-AI-Challenge/__Taichicchi__/88214806.json,zoroark190,0,1,0.6,mixed
88208966,/Users/nickzwart/Desktop/PTCG-AI-Challenge/__Taichicchi__/88208966.json,zoroark190,1,1,0.6,mixed
88167140,/Users/nickzwart/Desktop/PTCG-AI-Challenge/__Taichicchi__/88167140.json,zoroark190,0,1,0.6,mixed
episode-91597627,/Users/nickzwart/Desktop/PTCG-AI-Challenge/oger/episode-91597627-replay.json,Kilupy,1,1,0.6,mixed
episode-91583806,/Users/nickzwart/Desktop/PTCG-AI-Challenge/oger/episode-91583806-replay.json,Kilupy,0,1,0.6,mixed
episode-91585657,/Users/nickzwart/Desktop/PTCG-AI-Challenge/oger/episode-91585657-replay.json,Kilupy,1,1,0.6,mixed
episode-91576364,/Users/nickzwart/Desktop/PTCG-AI-Challenge/oger/episode-91576364-replay.json,Kilupy,1,1,0.6,mixed
episode-91590279,/Users/nickzwart/Desktop/PTCG-AI-Challenge/oger/episode-91590279-replay.json,Kilupy,0,1,0.6,mixed
episode-91572657,/Users/nickzwart/Desktop/PTCG-AI-Challenge/oger/episode-91572657-replay.json,Kilupy,0,1,0.6,mixed
episode-91593977,/Users/nickzwart/Desktop/PTCG-AI-Challenge/oger/episode-91593977-replay.json,Kilupy,1,1,0.6,mixed
episode-91587495,/Users/nickzwart/Desktop/PTCG-AI-Challenge/oger/episode-91587495-replay.json,Kilupy,0,1,0.6,mixed
episode-91591232,/Users/nickzwart/Desktop/PTCG-AI-Challenge/oger/episode-91591232-replay.json,Kilupy,1,1,0.6,mixed
episode-91573566,/Users/nickzwart/Desktop/PTCG-AI-Challenge/oger/episode-91573566-replay.json,Kilupy,1,1,0.6,mixed
episode-91577283,/Users/nickzwart/Desktop/PTCG-AI-Challenge/oger/episode-91577283-replay.json,Kilupy,0,1,0.6,mixed
episode-91572564,/Users/nickzwart/Desktop/PTCG-AI-Challenge/oger/episode-91572564-replay.json,Kilupy,0,1,0.6,mixed
episode-91598656,/Users/nickzwart/Desktop/PTCG-AI-Challenge/oger/episode-91598656-replay.json,Kilupy,0,1,0.6,mixed
episode-91579149,/Users/nickzwart/Desktop/PTCG-AI-Challenge/oger/episode-91579149-replay.json,Kilupy,1,1,0.6,mixed
episode-91574497,/Users/nickzwart/Desktop/PTCG-AI-Challenge/oger/episode-91574497-replay.json,Kilupy,0,1,0.6,mixed
episode-91581973,/Users/nickzwart/Desktop/PTCG-AI-Challenge/oger/episode-91581973-replay.json,Kilupy,0,1,0.6,mixed
episode-91580066,/Users/nickzwart/Desktop/PTCG-AI-Challenge/oger/episode-91580066-replay.json,Kilupy,1,1,0.6,mixed
episode-91595877,/Users/nickzwart/Desktop/PTCG-AI-Challenge/oger/episode-91595877-replay.json,Kilupy,1,1,0.6,mixed
episode-91596808,/Users/nickzwart/Desktop/PTCG-AI-Challenge/oger/episode-91596808-replay.json,Kilupy,0,1,0.6,mixed
episode-91586536,/Users/nickzwart/Desktop/PTCG-AI-Challenge/oger/episode-91586536-replay.json,Kilupy,0,1,0.6,mixed
episode-89691424,/Users/nickzwart/Desktop/PTCG-AI-Challenge/V12_1/episode-89691424-replay.json,sukeke,0,1,0.6,mixed
90019504,/Users/nickzwart/Desktop/PTCG-AI-Challenge/LiamK_05082926/90019504.json,James Cox & Henry Chao,0,1,0.6,mixed
90037162,/Users/nickzwart/Desktop/PTCG-AI-Challenge/LiamK_05082926/90037162.json,James Cox & Henry Chao,1,1,0.6,mixed
90026935,/Users/nickzwart/Desktop/PTCG-AI-Challenge/LiamK_05082926/90026935.json,James Cox & Henry Chao,0,1,0.6,mixed
90110911,/Users/nickzwart/Desktop/PTCG-AI-Challenge/LiamK_05082926/90110911.json,James Cox & Henry Chao,0,1,0.6,mixed
88173006,/Users/nickzwart/Desktop/PTCG-AI-Challenge/Dominic Peel/88173006.json,zoroark190,1,1,0.6,mixed
88692647,/Users/nickzwart/Desktop/PTCG-AI-Challenge/James Cox & Henry Chao/88692647.json,James Cox & Henry Chao,0,1,0.6,mixed
88705135,/Users/nickzwart/Desktop/PTCG-AI-Challenge/James Cox & Henry Chao/88705135.json,James Cox & Henry Chao,0,1,0.6,mixed
88876848,/Users/nickzwart/Desktop/PTCG-AI-Challenge/James Cox & Henry Chao/88876848.json,James Cox & Henry Chao,0,1,0.6,mixed
88673255,/Users/nickzwart/Desktop/PTCG-AI-Challenge/James Cox & Henry Chao/88673255.json,James Cox & Henry Chao,1,1,0.6,mixed
88683778,/Users/nickzwart/Desktop/PTCG-AI-Challenge/James Cox & Henry Chao/88683778.json,James Cox & Henry Chao,1,1,0.6,mixed
89058232,/Users/nickzwart/Desktop/PTCG-AI-Challenge/James Cox & Henry Chao/89058232.json,James Cox & Henry Chao,1,1,0.6,mixed
89054704,/Users/nickzwart/Desktop/PTCG-AI-Challenge/James Cox & Henry Chao/89054704.json,James Cox & Henry Chao,0,1,0.6,mixed
88688876,/Users/nickzwart/Desktop/PTCG-AI-Challenge/James Cox & Henry Chao/88688876.json,James Cox & Henry Chao,1,1,0.6,mixed
88741990,/Users/nickzwart/Desktop/PTCG-AI-Challenge/James Cox & Henry Chao/88741990.json,James Cox & Henry Chao,0,1,0.6,mixed
88879683,/Users/nickzwart/Desktop/PTCG-AI-Challenge/James Cox & Henry Chao/88879683.json,James Cox & Henry Chao,1,1,0.6,mixed
88882018,/Users/nickzwart/Desktop/PTCG-AI-Challenge/James Cox & Henry Chao/88882018.json,James Cox & Henry Chao,0,1,0.6,mixed
88799580,/Users/nickzwart/Desktop/PTCG-AI-Challenge/James Cox & Henry Chao/88799580.json,James Cox & Henry Chao,0,1,0.6,mixed
88958838,/Users/nickzwart/Desktop/PTCG-AI-Challenge/James Cox & Henry Chao/88958838.json,James Cox & Henry Chao,1,1,0.6,mixed
88673445,/Users/nickzwart/Desktop/PTCG-AI-Challenge/James Cox & Henry Chao/88673445.json,James Cox & Henry Chao,0,1,0.6,mixed
88862348,/Users/nickzwart/Desktop/PTCG-AI-Challenge/James Cox & Henry Chao/88862348.json,James Cox & Henry Chao,0,1,0.6,mixed
88683723,/Users/nickzwart/Desktop/PTCG-AI-Challenge/James Cox & Henry Chao/88683723.json,James Cox & Henry Chao,0,1,0.6,mixed
89010544,/Users/nickzwart/Desktop/PTCG-AI-Challenge/James Cox & Henry Chao/89010544.json,James Cox & Henry Chao,1,1,0.6,mixed
88687449,/Users/nickzwart/Desktop/PTCG-AI-Challenge/James Cox & Henry Chao/88687449.json,James Cox & Henry Chao,0,1,0.6,mixed
88885616,/Users/nickzwart/Desktop/PTCG-AI-Challenge/James Cox & Henry Chao/88885616.json,James Cox & Henry Chao,1,1,0.6,mixed
88679592,/Users/nickzwart/Desktop/PTCG-AI-Challenge/James Cox & Henry Chao/88679592.json,James Cox & Henry Chao,0,1,0.6,mixed
88933639,/Users/nickzwart/Desktop/PTCG-AI-Challenge/James Cox & Henry Chao/88933639.json,James Cox & Henry Chao,1,1,0.6,mixed
88669204,/Users/nickzwart/Desktop/PTCG-AI-Challenge/James Cox & Henry Chao/88669204.json,James Cox & Henry Chao,0,1,0.6,mixed
88940747,/Users/nickzwart/Desktop/PTCG-AI-Challenge/James Cox & Henry Chao/88940747.json,James Cox & Henry Chao,1,1,0.6,mixed
88867039,/Users/nickzwart/Desktop/PTCG-AI-Challenge/James Cox & Henry Chao/88867039.json,James Cox & Henry Chao,0,1,0.6,mixed
88876852,/Users/nickzwart/Desktop/PTCG-AI-Challenge/James Cox & Henry Chao/88876852.json,James Cox & Henry Chao,0,1,0.6,mixed
88701642,/Users/nickzwart/Desktop/PTCG-AI-Challenge/James Cox & Henry Chao/88701642.json,James Cox & Henry Chao,0,1,0.6,mixed
88888435,/Users/nickzwart/Desktop/PTCG-AI-Challenge/James Cox & Henry Chao/88888435.json,James Cox & Henry Chao,0,1,0.6,mixed
88856733,/Users/nickzwart/Desktop/PTCG-AI-Challenge/James Cox & Henry Chao/88856733.json,James Cox & Henry Chao,0,1,0.6,mixed
88803211,/Users/nickzwart/Desktop/PTCG-AI-Challenge/James Cox & Henry Chao/88803211.json,James Cox & Henry Chao,0,1,0.6,mixed
88812816,/Users/nickzwart/Desktop/PTCG-AI-Challenge/James Cox & Henry Chao/88812816.json,James Cox & Henry Chao,0,1,0.6,mixed
88864394,/Users/nickzwart/Desktop/PTCG-AI-Challenge/James Cox & Henry Chao/88864394.json,James Cox & Henry Chao,0,1,0.6,mixed
88739596,/Users/nickzwart/Desktop/PTCG-AI-Challenge/James Cox & Henry Chao/88739596.json,James Cox & Henry Chao,1,1,0.6,mixed
88967770,/Users/nickzwart/Desktop/PTCG-AI-Challenge/James Cox & Henry Chao/88967770.json,James Cox & Henry Chao,1,1,0.6,mixed
88687536,/Users/nickzwart/Desktop/PTCG-AI-Challenge/James Cox & Henry Chao/88687536.json,James Cox & Henry Chao,0,1,0.6,mixed
89046099,/Users/nickzwart/Desktop/PTCG-AI-Challenge/James Cox & Henry Chao/89046099.json,James Cox & Henry Chao,1,1,0.6,mixed
88669678,/Users/nickzwart/Desktop/PTCG-AI-Challenge/James Cox & Henry Chao/88669678.json,James Cox & Henry Chao,1,1,0.6,mixed
88864910,/Users/nickzwart/Desktop/PTCG-AI-Challenge/James Cox & Henry Chao/88864910.json,James Cox & Henry Chao,1,1,0.6,mixed
88901335,/Users/nickzwart/Desktop/PTCG-AI-Challenge/James Cox & Henry Chao/88901335.json,James Cox & Henry Chao,1,1,0.6,mixed
89088371,/Users/nickzwart/Desktop/PTCG-AI-Challenge/James Cox & Henry Chao/89088371.json,James Cox & Henry Chao,1,1,0.6,mixed
88868573,/Users/nickzwart/Desktop/PTCG-AI-Challenge/James Cox & Henry Chao/88868573.json,James Cox & Henry Chao,1,1,0.6,mixed
89033120,/Users/nickzwart/Desktop/PTCG-AI-Challenge/James Cox & Henry Chao/89033120.json,James Cox & Henry Chao,1,1,0.6,mixed
89039487,/Users/nickzwart/Desktop/PTCG-AI-Challenge/James Cox & Henry Chao/89039487.json,James Cox & Henry Chao,1,1,0.6,mixed
88879227,/Users/nickzwart/Desktop/PTCG-AI-Challenge/James Cox & Henry Chao/88879227.json,James Cox & Henry Chao,0,1,0.6,mixed
88801145,/Users/nickzwart/Desktop/PTCG-AI-Challenge/James Cox & Henry Chao/88801145.json,James Cox & Henry Chao,1,1,0.6,mixed
88864383,/Users/nickzwart/Desktop/PTCG-AI-Challenge/James Cox & Henry Chao/88864383.json,James Cox & Henry Chao,1,1,0.6,mixed
88863329,/Users/nickzwart/Desktop/PTCG-AI-Challenge/James Cox & Henry Chao/88863329.json,James Cox & Henry Chao,0,1,0.6,mixed
88773854,/Users/nickzwart/Desktop/PTCG-AI-Challenge/James Cox & Henry Chao/88773854.json,James Cox & Henry Chao,1,1,0.6,mixed
88973270,/Users/nickzwart/Desktop/PTCG-AI-Challenge/James Cox & Henry Chao/88973270.json,James Cox & Henry Chao,1,1,0.6,mixed
88686058,/Users/nickzwart/Desktop/PTCG-AI-Challenge/James Cox & Henry Chao/88686058.json,James Cox & Henry Chao,0,1,0.6,mixed
89047109,/Users/nickzwart/Desktop/PTCG-AI-Challenge/James Cox & Henry Chao/89047109.json,James Cox & Henry Chao,0,1,0.6,mixed
88695463,/Users/nickzwart/Desktop/PTCG-AI-Challenge/James Cox & Henry Chao/88695463.json,James Cox & Henry Chao,1,1,0.6,mixed
88862847,/Users/nickzwart/Desktop/PTCG-AI-Challenge/James Cox & Henry Chao/88862847.json,James Cox & Henry Chao,0,1,0.6,mixed
88886996,/Users/nickzwart/Desktop/PTCG-AI-Challenge/James Cox & Henry Chao/88886996.json,James Cox & Henry Chao,1,1,0.6,mixed
88893055,/Users/nickzwart/Desktop/PTCG-AI-Challenge/James Cox & Henry Chao/88893055.json,James Cox & Henry Chao,1,1,0.6,mixed
88755321,/Users/nickzwart/Desktop/PTCG-AI-Challenge/James Cox & Henry Chao/88755321.json,James Cox & Henry Chao,0,1,0.6,mixed
88865947,/Users/nickzwart/Desktop/PTCG-AI-Challenge/James Cox & Henry Chao/88865947.json,James Cox & Henry Chao,0,1,0.6,mixed
88672605,/Users/nickzwart/Desktop/PTCG-AI-Challenge/James Cox & Henry Chao/88672605.json,James Cox & Henry Chao,0,1,0.6,mixed
88727897,/Users/nickzwart/Desktop/PTCG-AI-Challenge/James Cox & Henry Chao/88727897.json,James Cox & Henry Chao,0,1,0.6,mixed
88690745,/Users/nickzwart/Desktop/PTCG-AI-Challenge/James Cox & Henry Chao/88690745.json,James Cox & Henry Chao,1,1,0.6,mixed
88767362,/Users/nickzwart/Desktop/PTCG-AI-Challenge/James Cox & Henry Chao/88767362.json,James Cox & Henry Chao,0,1,0.6,mixed
88684194,/Users/nickzwart/Desktop/PTCG-AI-Challenge/James Cox & Henry Chao/88684194.json,James Cox & Henry Chao,1,1,0.6,mixed
88797462,/Users/nickzwart/Desktop/PTCG-AI-Challenge/James Cox & Henry Chao/88797462.json,James Cox & Henry Chao,0,1,0.6,mixed
88989632,/Users/nickzwart/Desktop/PTCG-AI-Challenge/James Cox & Henry Chao/88989632.json,James Cox & Henry Chao,1,1,0.6,mixed
89060759,/Users/nickzwart/Desktop/PTCG-AI-Challenge/James Cox & Henry Chao/89060759.json,James Cox & Henry Chao,1,1,0.6,mixed
88958546,/Users/nickzwart/Desktop/PTCG-AI-Challenge/James Cox & Henry Chao/88958546.json,James Cox & Henry Chao,0,1,0.6,mixed
88672853,/Users/nickzwart/Desktop/PTCG-AI-Challenge/James Cox & Henry Chao/88672853.json,James Cox & Henry Chao,0,1,0.6,mixed
89049192,/Users/nickzwart/Desktop/PTCG-AI-Challenge/James Cox & Henry Chao/89049192.json,James Cox & Henry Chao,0,1,0.6,mixed
88686989,/Users/nickzwart/Desktop/PTCG-AI-Challenge/James Cox & Henry Chao/88686989.json,James Cox & Henry Chao,1,1,0.6,mixed
88870095,/Users/nickzwart/Desktop/PTCG-AI-Challenge/James Cox & Henry Chao/88870095.json,James Cox & Henry Chao,0,1,0.6,mixed
88750077,/Users/nickzwart/Desktop/PTCG-AI-Challenge/James Cox & Henry Chao/88750077.json,James Cox & Henry Chao,0,1,0.6,mixed
89037220,/Users/nickzwart/Desktop/PTCG-AI-Challenge/James Cox & Henry Chao/89037220.json,James Cox & Henry Chao,0,1,0.6,mixed
88873705,/Users/nickzwart/Desktop/PTCG-AI-Challenge/James Cox & Henry Chao/88873705.json,James Cox & Henry Chao,1,1,0.6,mixed
88861368,/Users/nickzwart/Desktop/PTCG-AI-Challenge/James Cox & Henry Chao/88861368.json,James Cox & Henry Chao,1,1,0.6,mixed
88873181,/Users/nickzwart/Desktop/PTCG-AI-Challenge/James Cox & Henry Chao/88873181.json,James Cox & Henry Chao,1,1,0.6,mixed
88686531,/Users/nickzwart/Desktop/PTCG-AI-Challenge/James Cox & Henry Chao/88686531.json,James Cox & Henry Chao,1,1,0.6,mixed
89038403,/Users/nickzwart/Desktop/PTCG-AI-Challenge/James Cox & Henry Chao/89038403.json,James Cox & Henry Chao,0,1,0.6,mixed
88871128,/Users/nickzwart/Desktop/PTCG-AI-Challenge/James Cox & Henry Chao/88871128.json,James Cox & Henry Chao,0,1,0.6,mixed
89045099,/Users/nickzwart/Desktop/PTCG-AI-Challenge/James Cox & Henry Chao/89045099.json,James Cox & Henry Chao,1,1,0.6,mixed
88867551,/Users/nickzwart/Desktop/PTCG-AI-Challenge/James Cox & Henry Chao/88867551.json,James Cox & Henry Chao,0,1,0.6,mixed
88864404,/Users/nickzwart/Desktop/PTCG-AI-Challenge/James Cox & Henry Chao/88864404.json,James Cox & Henry Chao,1,1,0.6,mixed
89034898,/Users/nickzwart/Desktop/PTCG-AI-Challenge/James Cox & Henry Chao/89034898.json,James Cox & Henry Chao,0,1,0.6,mixed
88882907,/Users/nickzwart/Desktop/PTCG-AI-Challenge/James Cox & Henry Chao/88882907.json,James Cox & Henry Chao,0,1,0.6,mixed
88677288,/Users/nickzwart/Desktop/PTCG-AI-Challenge/James Cox & Henry Chao/88677288.json,James Cox & Henry Chao,0,1,0.6,mixed
88895796,/Users/nickzwart/Desktop/PTCG-AI-Challenge/James Cox & Henry Chao/88895796.json,James Cox & Henry Chao,1,1,0.6,mixed
88687910,/Users/nickzwart/Desktop/PTCG-AI-Challenge/James Cox & Henry Chao/88687910.json,James Cox & Henry Chao,1,1,0.6,mixed
89091874,/Users/nickzwart/Desktop/PTCG-AI-Challenge/James Cox & Henry Chao/89091874.json,James Cox & Henry Chao,1,1,0.6,mixed
88672511,/Users/nickzwart/Desktop/PTCG-AI-Challenge/James Cox & Henry Chao/88672511.json,James Cox & Henry Chao,0,1,0.6,mixed
88875262,/Users/nickzwart/Desktop/PTCG-AI-Challenge/James Cox & Henry Chao/88875262.json,James Cox & Henry Chao,1,1,0.6,mixed
89057712,/Users/nickzwart/Desktop/PTCG-AI-Challenge/James Cox & Henry Chao/89057712.json,James Cox & Henry Chao,1,1,0.6,mixed
89028970,/Users/nickzwart/Desktop/PTCG-AI-Challenge/James Cox & Henry Chao/89028970.json,James Cox & Henry Chao,0,1,0.6,mixed
88890263,/Users/nickzwart/Desktop/PTCG-AI-Challenge/James Cox & Henry Chao/88890263.json,James Cox & Henry Chao,1,1,0.6,mixed
89053213,/Users/nickzwart/Desktop/PTCG-AI-Challenge/James Cox & Henry Chao/89053213.json,James Cox & Henry Chao,0,1,0.6,mixed
88701166,/Users/nickzwart/Desktop/PTCG-AI-Challenge/James Cox & Henry Chao/88701166.json,James Cox & Henry Chao,0,1,0.6,mixed
89042681,/Users/nickzwart/Desktop/PTCG-AI-Challenge/James Cox & Henry Chao/89042681.json,James Cox & Henry Chao,0,1,0.6,mixed
88881059,/Users/nickzwart/Desktop/PTCG-AI-Challenge/James Cox & Henry Chao/88881059.json,James Cox & Henry Chao,0,1,0.6,mixed
88884719,/Users/nickzwart/Desktop/PTCG-AI-Challenge/James Cox & Henry Chao/88884719.json,James Cox & Henry Chao,1,1,0.6,mixed
89052707,/Users/nickzwart/Desktop/PTCG-AI-Challenge/James Cox & Henry Chao/89052707.json,James Cox & Henry Chao,0,1,0.6,mixed
88968175,/Users/nickzwart/Desktop/PTCG-AI-Challenge/James Cox & Henry Chao/88968175.json,James Cox & Henry Chao,1,1,0.6,mixed
88673228,/Users/nickzwart/Desktop/PTCG-AI-Challenge/James Cox & Henry Chao/88673228.json,James Cox & Henry Chao,1,1,0.6,mixed
89044153,/Users/nickzwart/Desktop/PTCG-AI-Challenge/James Cox & Henry Chao/89044153.json,James Cox & Henry Chao,0,1,0.6,mixed
89036329,/Users/nickzwart/Desktop/PTCG-AI-Challenge/James Cox & Henry Chao/89036329.json,James Cox & Henry Chao,1,1,0.6,mixed
88699758,/Users/nickzwart/Desktop/PTCG-AI-Challenge/James Cox & Henry Chao/88699758.json,James Cox & Henry Chao,1,1,0.6,mixed
88673910,/Users/nickzwart/Desktop/PTCG-AI-Challenge/James Cox & Henry Chao/88673910.json,James Cox & Henry Chao,1,1,0.6,mixed
88674369,/Users/nickzwart/Desktop/PTCG-AI-Challenge/James Cox & Henry Chao/88674369.json,James Cox & Henry Chao,0,1,0.6,mixed
88681386,/Users/nickzwart/Desktop/PTCG-AI-Challenge/James Cox & Henry Chao/88681386.json,James Cox & Henry Chao,0,1,0.6,mixed
88707123,/Users/nickzwart/Desktop/PTCG-AI-Challenge/James Cox & Henry Chao/88707123.json,James Cox & Henry Chao,1,1,0.6,mixed
89048167,/Users/nickzwart/Desktop/PTCG-AI-Challenge/James Cox & Henry Chao/89048167.json,James Cox & Henry Chao,1,1,0.6,mixed
89097020,/Users/nickzwart/Desktop/PTCG-AI-Challenge/James Cox & Henry Chao/89097020.json,James Cox & Henry Chao,0,1,0.6,mixed
88700218,/Users/nickzwart/Desktop/PTCG-AI-Challenge/James Cox & Henry Chao/88700218.json,James Cox & Henry Chao,1,1,0.6,mixed
88683250,/Users/nickzwart/Desktop/PTCG-AI-Challenge/James Cox & Henry Chao/88683250.json,James Cox & Henry Chao,0,1,0.6,mixed
88697356,/Users/nickzwart/Desktop/PTCG-AI-Challenge/James Cox & Henry Chao/88697356.json,James Cox & Henry Chao,0,1,0.6,mixed
89056207,/Users/nickzwart/Desktop/PTCG-AI-Challenge/James Cox & Henry Chao/89056207.json,James Cox & Henry Chao,1,1,0.6,mixed
89040853,/Users/nickzwart/Desktop/PTCG-AI-Challenge/James Cox & Henry Chao/89040853.json,James Cox & Henry Chao,0,1,0.6,mixed
89032280,/Users/nickzwart/Desktop/PTCG-AI-Challenge/James Cox & Henry Chao/89032280.json,James Cox & Henry Chao,1,1,0.6,mixed
88954349,/Users/nickzwart/Desktop/PTCG-AI-Challenge/James Cox & Henry Chao/88954349.json,James Cox & Henry Chao,0,1,0.6,mixed
88680446,/Users/nickzwart/Desktop/PTCG-AI-Challenge/James Cox & Henry Chao/88680446.json,James Cox & Henry Chao,1,1,0.6,mixed
88789102,/Users/nickzwart/Desktop/PTCG-AI-Challenge/James Cox & Henry Chao/88789102.json,James Cox & Henry Chao,0,1,0.6,mixed
88871646,/Users/nickzwart/Desktop/PTCG-AI-Challenge/James Cox & Henry Chao/88871646.json,James Cox & Henry Chao,1,1,0.6,mixed
88877842,/Users/nickzwart/Desktop/PTCG-AI-Challenge/James Cox & Henry Chao/88877842.json,James Cox & Henry Chao,0,1,0.6,mixed
89052209,/Users/nickzwart/Desktop/PTCG-AI-Challenge/James Cox & Henry Chao/89052209.json,James Cox & Henry Chao,0,1,0.6,mixed
88846348,/Users/nickzwart/Desktop/PTCG-AI-Challenge/James Cox & Henry Chao/88846348.json,James Cox & Henry Chao,0,1,0.6,mixed
89059243,/Users/nickzwart/Desktop/PTCG-AI-Challenge/James Cox & Henry Chao/89059243.json,James Cox & Henry Chao,1,1,0.6,mixed
89029842,/Users/nickzwart/Desktop/PTCG-AI-Challenge/James Cox & Henry Chao/89029842.json,James Cox & Henry Chao,0,1,0.6,mixed
88876290,/Users/nickzwart/Desktop/PTCG-AI-Challenge/James Cox & Henry Chao/88876290.json,James Cox & Henry Chao,0,1,0.6,mixed
88702655,/Users/nickzwart/Desktop/PTCG-AI-Challenge/James Cox & Henry Chao/88702655.json,James Cox & Henry Chao,1,1,0.6,mixed
88704144,/Users/nickzwart/Desktop/PTCG-AI-Challenge/James Cox & Henry Chao/88704144.json,James Cox & Henry Chao,1,1,0.6,mixed
89020634,/Users/nickzwart/Desktop/PTCG-AI-Challenge/James Cox & Henry Chao/89020634.json,James Cox & Henry Chao,0,1,0.6,mixed
88891738,/Users/nickzwart/Desktop/PTCG-AI-Challenge/James Cox & Henry Chao/88891738.json,James Cox & Henry Chao,0,1,0.6,mixed
88793828,/Users/nickzwart/Desktop/PTCG-AI-Challenge/James Cox & Henry Chao/88793828.json,James Cox & Henry Chao,1,1,0.6,mixed
89043159,/Users/nickzwart/Desktop/PTCG-AI-Challenge/James Cox & Henry Chao/89043159.json,James Cox & Henry Chao,0,1,0.6,mixed
88691223,/Users/nickzwart/Desktop/PTCG-AI-Challenge/James Cox & Henry Chao/88691223.json,James Cox & Henry Chao,0,1,0.6,mixed
88688852,/Users/nickzwart/Desktop/PTCG-AI-Challenge/James Cox & Henry Chao/88688852.json,James Cox & Henry Chao,0,1,0.6,mixed
88698805,/Users/nickzwart/Desktop/PTCG-AI-Challenge/James Cox & Henry Chao/88698805.json,James Cox & Henry Chao,1,1,0.6,mixed
88670627,/Users/nickzwart/Desktop/PTCG-AI-Challenge/James Cox & Henry Chao/88670627.json,James Cox & Henry Chao,1,1,0.6,mixed
89024072,/Users/nickzwart/Desktop/PTCG-AI-Challenge/James Cox & Henry Chao/89024072.json,James Cox & Henry Chao,0,1,0.6,mixed
88973127,/Users/nickzwart/Desktop/PTCG-AI-Challenge/James Cox & Henry Chao/88973127.json,James Cox & Henry Chao,0,1,0.6,mixed
88740921,/Users/nickzwart/Desktop/PTCG-AI-Challenge/James Cox & Henry Chao/88740921.json,James Cox & Henry Chao,0,1,0.6,mixed
89044130,/Users/nickzwart/Desktop/PTCG-AI-Challenge/James Cox & Henry Chao/89044130.json,James Cox & Henry Chao,1,1,0.6,mixed
89035073,/Users/nickzwart/Desktop/PTCG-AI-Challenge/James Cox & Henry Chao/89035073.json,James Cox & Henry Chao,0,1,0.6,mixed
88887455,/Users/nickzwart/Desktop/PTCG-AI-Challenge/James Cox & Henry Chao/88887455.json,James Cox & Henry Chao,0,1,0.6,mixed
89037222,/Users/nickzwart/Desktop/PTCG-AI-Challenge/James Cox & Henry Chao/89037222.json,James Cox & Henry Chao,0,1,0.6,mixed
88878777,/Users/nickzwart/Desktop/PTCG-AI-Challenge/James Cox & Henry Chao/88878777.json,James Cox & Henry Chao,0,1,0.6,mixed
88875780,/Users/nickzwart/Desktop/PTCG-AI-Challenge/James Cox & Henry Chao/88875780.json,James Cox & Henry Chao,0,1,0.6,mixed
88814440,/Users/nickzwart/Desktop/PTCG-AI-Challenge/James Cox & Henry Chao/88814440.json,James Cox & Henry Chao,1,1,0.6,mixed
88999912,/Users/nickzwart/Desktop/PTCG-AI-Challenge/James Cox & Henry Chao/88999912.json,James Cox & Henry Chao,0,1,0.6,mixed
88685112,/Users/nickzwart/Desktop/PTCG-AI-Challenge/James Cox & Henry Chao/88685112.json,James Cox & Henry Chao,1,1,0.6,mixed
88684646,/Users/nickzwart/Desktop/PTCG-AI-Challenge/James Cox & Henry Chao/88684646.json,James Cox & Henry Chao,0,1,0.6,mixed
88863361,/Users/nickzwart/Desktop/PTCG-AI-Challenge/James Cox & Henry Chao/88863361.json,James Cox & Henry Chao,0,1,0.6,mixed
88694538,/Users/nickzwart/Desktop/PTCG-AI-Challenge/James Cox & Henry Chao/88694538.json,James Cox & Henry Chao,0,1,0.6,mixed
88691690,/Users/nickzwart/Desktop/PTCG-AI-Challenge/James Cox & Henry Chao/88691690.json,James Cox & Henry Chao,1,1,0.6,mixed
89040407,/Users/nickzwart/Desktop/PTCG-AI-Challenge/James Cox & Henry Chao/89040407.json,James Cox & Henry Chao,0,1,0.6,mixed
89051216,/Users/nickzwart/Desktop/PTCG-AI-Challenge/James Cox & Henry Chao/89051216.json,James Cox & Henry Chao,1,1,0.6,mixed
89046592,/Users/nickzwart/Desktop/PTCG-AI-Challenge/James Cox & Henry Chao/89046592.json,James Cox & Henry Chao,0,1,0.6,mixed
88695942,/Users/nickzwart/Desktop/PTCG-AI-Challenge/James Cox & Henry Chao/88695942.json,James Cox & Henry Chao,1,1,0.6,mixed
88889781,/Users/nickzwart/Desktop/PTCG-AI-Challenge/James Cox & Henry Chao/88889781.json,James Cox & Henry Chao,0,1,0.6,mixed
88881974,/Users/nickzwart/Desktop/PTCG-AI-Challenge/James Cox & Henry Chao/88881974.json,James Cox & Henry Chao,1,1,0.6,mixed
88694056,/Users/nickzwart/Desktop/PTCG-AI-Challenge/James Cox & Henry Chao/88694056.json,James Cox & Henry Chao,0,1,0.6,mixed
88884263,/Users/nickzwart/Desktop/PTCG-AI-Challenge/James Cox & Henry Chao/88884263.json,James Cox & Henry Chao,0,1,0.6,mixed
89052695,/Users/nickzwart/Desktop/PTCG-AI-Challenge/James Cox & Henry Chao/89052695.json,James Cox & Henry Chao,0,1,0.6,mixed
88892162,/Users/nickzwart/Desktop/PTCG-AI-Challenge/James Cox & Henry Chao/88892162.json,James Cox & Henry Chao,1,1,0.6,mixed
88679036,/Users/nickzwart/Desktop/PTCG-AI-Challenge/James Cox & Henry Chao/88679036.json,James Cox & Henry Chao,1,1,0.6,mixed
88885166,/Users/nickzwart/Desktop/PTCG-AI-Challenge/James Cox & Henry Chao/88885166.json,James Cox & Henry Chao,0,1,0.6,mixed
88852104,/Users/nickzwart/Desktop/PTCG-AI-Challenge/James Cox & Henry Chao/88852104.json,James Cox & Henry Chao,1,1,0.6,mixed
88779616,/Users/nickzwart/Desktop/PTCG-AI-Challenge/James Cox & Henry Chao/88779616.json,James Cox & Henry Chao,1,1,0.6,mixed
89054202,/Users/nickzwart/Desktop/PTCG-AI-Challenge/James Cox & Henry Chao/89054202.json,James Cox & Henry Chao,1,1,0.6,mixed
89053197,/Users/nickzwart/Desktop/PTCG-AI-Challenge/James Cox & Henry Chao/89053197.json,James Cox & Henry Chao,0,1,0.6,mixed
88704625,/Users/nickzwart/Desktop/PTCG-AI-Challenge/James Cox & Henry Chao/88704625.json,James Cox & Henry Chao,0,1,0.6,mixed
89048667,/Users/nickzwart/Desktop/PTCG-AI-Challenge/James Cox & Henry Chao/89048667.json,James Cox & Henry Chao,1,1,0.6,mixed
88885609,/Users/nickzwart/Desktop/PTCG-AI-Challenge/James Cox & Henry Chao/88885609.json,James Cox & Henry Chao,0,1,0.6,mixed
88867030,/Users/nickzwart/Desktop/PTCG-AI-Challenge/James Cox & Henry Chao/88867030.json,James Cox & Henry Chao,1,1,0.6,mixed
88889780,/Users/nickzwart/Desktop/PTCG-AI-Challenge/James Cox & Henry Chao/88889780.json,James Cox & Henry Chao,0,1,0.6,mixed
88692156,/Users/nickzwart/Desktop/PTCG-AI-Challenge/James Cox & Henry Chao/88692156.json,James Cox & Henry Chao,0,1,0.6,mixed
88894464,/Users/nickzwart/Desktop/PTCG-AI-Challenge/James Cox & Henry Chao/88894464.json,James Cox & Henry Chao,0,1,0.6,mixed
88885625,/Users/nickzwart/Desktop/PTCG-AI-Challenge/James Cox & Henry Chao/88885625.json,James Cox & Henry Chao,1,1,0.6,mixed
88671596,/Users/nickzwart/Desktop/PTCG-AI-Challenge/James Cox & Henry Chao/88671596.json,James Cox & Henry Chao,0,1,0.6,mixed
89039933,/Users/nickzwart/Desktop/PTCG-AI-Challenge/James Cox & Henry Chao/89039933.json,James Cox & Henry Chao,1,1,0.6,mixed
88868081,/Users/nickzwart/Desktop/PTCG-AI-Challenge/James Cox & Henry Chao/88868081.json,James Cox & Henry Chao,0,1,0.6,mixed
88803577,/Users/nickzwart/Desktop/PTCG-AI-Challenge/James Cox & Henry Chao/88803577.json,James Cox & Henry Chao,0,1,0.6,mixed
88804318,/Users/nickzwart/Desktop/PTCG-AI-Challenge/James Cox & Henry Chao/88804318.json,James Cox & Henry Chao,0,1,0.6,mixed
88682793,/Users/nickzwart/Desktop/PTCG-AI-Challenge/James Cox & Henry Chao/88682793.json,James Cox & Henry Chao,0,1,0.6,mixed
89046090,/Users/nickzwart/Desktop/PTCG-AI-Challenge/James Cox & Henry Chao/89046090.json,James Cox & Henry Chao,1,1,0.6,mixed
88982294,/Users/nickzwart/Desktop/PTCG-AI-Challenge/James Cox & Henry Chao/88982294.json,James Cox & Henry Chao,1,1,0.6,mixed
89035382,/Users/nickzwart/Desktop/PTCG-AI-Challenge/James Cox & Henry Chao/89035382.json,James Cox & Henry Chao,0,1,0.6,mixed
88880124,/Users/nickzwart/Desktop/PTCG-AI-Challenge/James Cox & Henry Chao/88880124.json,James Cox & Henry Chao,0,1,0.6,mixed
88863878,/Users/nickzwart/Desktop/PTCG-AI-Challenge/James Cox & Henry Chao/88863878.json,James Cox & Henry Chao,0,1,0.6,mixed
88892181,/Users/nickzwart/Desktop/PTCG-AI-Challenge/James Cox & Henry Chao/88892181.json,James Cox & Henry Chao,1,1,0.6,mixed
88872156,/Users/nickzwart/Desktop/PTCG-AI-Challenge/James Cox & Henry Chao/88872156.json,James Cox & Henry Chao,1,1,0.6,mixed
89001307,/Users/nickzwart/Desktop/PTCG-AI-Challenge/James Cox & Henry Chao/89001307.json,James Cox & Henry Chao,1,1,0.6,mixed
88888922,/Users/nickzwart/Desktop/PTCG-AI-Challenge/James Cox & Henry Chao/88888922.json,James Cox & Henry Chao,1,1,0.6,mixed
89041775,/Users/nickzwart/Desktop/PTCG-AI-Challenge/James Cox & Henry Chao/89041775.json,James Cox & Henry Chao,0,1,0.6,mixed
88678685,/Users/nickzwart/Desktop/PTCG-AI-Challenge/James Cox & Henry Chao/88678685.json,James Cox & Henry Chao,0,1,0.6,mixed
88874217,/Users/nickzwart/Desktop/PTCG-AI-Challenge/James Cox & Henry Chao/88874217.json,James Cox & Henry Chao,1,1,0.6,mixed
88716356,/Users/nickzwart/Desktop/PTCG-AI-Challenge/James Cox & Henry Chao/88716356.json,James Cox & Henry Chao,0,1,0.6,mixed
89077743,/Users/nickzwart/Desktop/PTCG-AI-Challenge/James Cox & Henry Chao/89077743.json,James Cox & Henry Chao,0,1,0.6,mixed
88880581,/Users/nickzwart/Desktop/PTCG-AI-Challenge/James Cox & Henry Chao/88880581.json,James Cox & Henry Chao,1,1,0.6,mixed
88679145,/Users/nickzwart/Desktop/PTCG-AI-Challenge/James Cox & Henry Chao/88679145.json,James Cox & Henry Chao,1,1,0.6,mixed
88703197,/Users/nickzwart/Desktop/PTCG-AI-Challenge/James Cox & Henry Chao/88703197.json,James Cox & Henry Chao,0,1,0.6,mixed
88668742,/Users/nickzwart/Desktop/PTCG-AI-Challenge/James Cox & Henry Chao/88668742.json,James Cox & Henry Chao,1,1,0.6,mixed
88889866,/Users/nickzwart/Desktop/PTCG-AI-Challenge/James Cox & Henry Chao/88889866.json,James Cox & Henry Chao,1,1,0.6,mixed
89032694,/Users/nickzwart/Desktop/PTCG-AI-Challenge/James Cox & Henry Chao/89032694.json,James Cox & Henry Chao,0,1,0.6,mixed
89050694,/Users/nickzwart/Desktop/PTCG-AI-Challenge/James Cox & Henry Chao/89050694.json,James Cox & Henry Chao,1,1,0.6,mixed
88893522,/Users/nickzwart/Desktop/PTCG-AI-Challenge/James Cox & Henry Chao/88893522.json,James Cox & Henry Chao,1,1,0.6,mixed
89059773,/Users/nickzwart/Desktop/PTCG-AI-Challenge/James Cox & Henry Chao/89059773.json,James Cox & Henry Chao,0,1,0.6,mixed
89043145,/Users/nickzwart/Desktop/PTCG-AI-Challenge/James Cox & Henry Chao/89043145.json,James Cox & Henry Chao,1,1,0.6,mixed
88866489,/Users/nickzwart/Desktop/PTCG-AI-Challenge/James Cox & Henry Chao/88866489.json,James Cox & Henry Chao,0,1,0.6,mixed
88877332,/Users/nickzwart/Desktop/PTCG-AI-Challenge/James Cox & Henry Chao/88877332.json,James Cox & Henry Chao,1,1,0.6,mixed
89042685,/Users/nickzwart/Desktop/PTCG-AI-Challenge/James Cox & Henry Chao/89042685.json,James Cox & Henry Chao,1,1,0.6,mixed
89044614,/Users/nickzwart/Desktop/PTCG-AI-Challenge/James Cox & Henry Chao/89044614.json,James Cox & Henry Chao,1,1,0.6,mixed
88698823,/Users/nickzwart/Desktop/PTCG-AI-Challenge/James Cox & Henry Chao/88698823.json,James Cox & Henry Chao,1,1,0.6,mixed
89035350,/Users/nickzwart/Desktop/PTCG-AI-Challenge/James Cox & Henry Chao/89035350.json,James Cox & Henry Chao,0,1,0.6,mixed
88846156,/Users/nickzwart/Desktop/PTCG-AI-Challenge/James Cox & Henry Chao/88846156.json,James Cox & Henry Chao,0,1,0.6,mixed
89022179,/Users/nickzwart/Desktop/PTCG-AI-Challenge/James Cox & Henry Chao/89022179.json,James Cox & Henry Chao,1,1,0.6,mixed
88884727,/Users/nickzwart/Desktop/PTCG-AI-Challenge/James Cox & Henry Chao/88884727.json,James Cox & Henry Chao,1,1,0.6,mixed
89053201,/Users/nickzwart/Desktop/PTCG-AI-Challenge/James Cox & Henry Chao/89053201.json,James Cox & Henry Chao,1,1,0.6,mixed
88860402,/Users/nickzwart/Desktop/PTCG-AI-Challenge/James Cox & Henry Chao/88860402.json,James Cox & Henry Chao,1,1,0.6,mixed
88735260,/Users/nickzwart/Desktop/PTCG-AI-Challenge/James Cox & Henry Chao/88735260.json,James Cox & Henry Chao,0,1,0.6,mixed
88692632,/Users/nickzwart/Desktop/PTCG-AI-Challenge/James Cox & Henry Chao/88692632.json,James Cox & Henry Chao,0,1,0.6,mixed
89024961,/Users/nickzwart/Desktop/PTCG-AI-Challenge/James Cox & Henry Chao/89024961.json,James Cox & Henry Chao,1,1,0.6,mixed
88672061,/Users/nickzwart/Desktop/PTCG-AI-Challenge/James Cox & Henry Chao/88672061.json,James Cox & Henry Chao,1,1,0.6,mixed
88699750,/Users/nickzwart/Desktop/PTCG-AI-Challenge/James Cox & Henry Chao/88699750.json,James Cox & Henry Chao,0,1,0.6,mixed
88699300,/Users/nickzwart/Desktop/PTCG-AI-Challenge/James Cox & Henry Chao/88699300.json,James Cox & Henry Chao,1,1,0.6,mixed
89036272,/Users/nickzwart/Desktop/PTCG-AI-Challenge/James Cox & Henry Chao/89036272.json,James Cox & Henry Chao,0,1,0.6,mixed
89046598,/Users/nickzwart/Desktop/PTCG-AI-Challenge/James Cox & Henry Chao/89046598.json,James Cox & Henry Chao,0,1,0.6,mixed
89057223,/Users/nickzwart/Desktop/PTCG-AI-Challenge/James Cox & Henry Chao/89057223.json,James Cox & Henry Chao,1,1,0.6,mixed
89044618,/Users/nickzwart/Desktop/PTCG-AI-Challenge/James Cox & Henry Chao/89044618.json,James Cox & Henry Chao,1,1,0.6,mixed
88869072,/Users/nickzwart/Desktop/PTCG-AI-Challenge/James Cox & Henry Chao/88869072.json,James Cox & Henry Chao,1,1,0.6,mixed
88883806,/Users/nickzwart/Desktop/PTCG-AI-Challenge/James Cox & Henry Chao/88883806.json,James Cox & Henry Chao,1,1,0.6,mixed
88967973,/Users/nickzwart/Desktop/PTCG-AI-Challenge/James Cox & Henry Chao/88967973.json,James Cox & Henry Chao,1,1,0.6,mixed
89069424,/Users/nickzwart/Desktop/PTCG-AI-Challenge/James Cox & Henry Chao/89069424.json,James Cox & Henry Chao,0,1,0.6,mixed
89038581,/Users/nickzwart/Desktop/PTCG-AI-Challenge/James Cox & Henry Chao/89038581.json,James Cox & Henry Chao,1,1,0.6,mixed
89056222,/Users/nickzwart/Desktop/PTCG-AI-Challenge/James Cox & Henry Chao/89056222.json,James Cox & Henry Chao,1,1,0.6,mixed
88891641,/Users/nickzwart/Desktop/PTCG-AI-Challenge/James Cox & Henry Chao/88891641.json,James Cox & Henry Chao,0,1,0.6,mixed
88881987,/Users/nickzwart/Desktop/PTCG-AI-Challenge/James Cox & Henry Chao/88881987.json,James Cox & Henry Chao,0,1,0.6,mixed
88759028,/Users/nickzwart/Desktop/PTCG-AI-Challenge/James Cox & Henry Chao/88759028.json,James Cox & Henry Chao,0,1,0.6,mixed
88895356,/Users/nickzwart/Desktop/PTCG-AI-Challenge/James Cox & Henry Chao/88895356.json,James Cox & Henry Chao,1,1,0.6,mixed
88677166,/Users/nickzwart/Desktop/PTCG-AI-Challenge/James Cox & Henry Chao/88677166.json,James Cox & Henry Chao,1,1,0.6,mixed
88689792,/Users/nickzwart/Desktop/PTCG-AI-Challenge/James Cox & Henry Chao/88689792.json,James Cox & Henry Chao,0,1,0.6,mixed
88717384,/Users/nickzwart/Desktop/PTCG-AI-Challenge/James Cox & Henry Chao/88717384.json,James Cox & Henry Chao,0,1,0.6,mixed
88729669,/Users/nickzwart/Desktop/PTCG-AI-Challenge/James Cox & Henry Chao/88729669.json,James Cox & Henry Chao,1,1,0.6,mixed
89038129,/Users/nickzwart/Desktop/PTCG-AI-Challenge/James Cox & Henry Chao/89038129.json,James Cox & Henry Chao,0,1,0.6,mixed
88678103,/Users/nickzwart/Desktop/PTCG-AI-Challenge/James Cox & Henry Chao/88678103.json,James Cox & Henry Chao,1,1,0.6,mixed
88893942,/Users/nickzwart/Desktop/PTCG-AI-Challenge/James Cox & Henry Chao/88893942.json,James Cox & Henry Chao,0,1,0.6,mixed
88696888,/Users/nickzwart/Desktop/PTCG-AI-Challenge/James Cox & Henry Chao/88696888.json,James Cox & Henry Chao,1,1,0.6,mixed
89011985,/Users/nickzwart/Desktop/PTCG-AI-Challenge/James Cox & Henry Chao/89011985.json,James Cox & Henry Chao,1,1,0.6,mixed
89037209,/Users/nickzwart/Desktop/PTCG-AI-Challenge/James Cox & Henry Chao/89037209.json,James Cox & Henry Chao,1,1,0.6,mixed
88670159,/Users/nickzwart/Desktop/PTCG-AI-Challenge/James Cox & Henry Chao/88670159.json,James Cox & Henry Chao,0,1,0.6,mixed
88677624,/Users/nickzwart/Desktop/PTCG-AI-Challenge/James Cox & Henry Chao/88677624.json,James Cox & Henry Chao,1,1,0.6,mixed
88694533,/Users/nickzwart/Desktop/PTCG-AI-Challenge/James Cox & Henry Chao/88694533.json,James Cox & Henry Chao,1,1,0.6,mixed
89083587,/Users/nickzwart/Desktop/PTCG-AI-Challenge/James Cox & Henry Chao/89083587.json,James Cox & Henry Chao,0,1,0.6,mixed
89060281,/Users/nickzwart/Desktop/PTCG-AI-Challenge/James Cox & Henry Chao/89060281.json,James Cox & Henry Chao,0,1,0.6,mixed
89049174,/Users/nickzwart/Desktop/PTCG-AI-Challenge/James Cox & Henry Chao/89049174.json,James Cox & Henry Chao,0,1,0.6,mixed
88886127,/Users/nickzwart/Desktop/PTCG-AI-Challenge/James Cox & Henry Chao/88886127.json,James Cox & Henry Chao,0,1,0.6,mixed
88689321,/Users/nickzwart/Desktop/PTCG-AI-Challenge/James Cox & Henry Chao/88689321.json,James Cox & Henry Chao,1,1,0.6,mixed
88968664,/Users/nickzwart/Desktop/PTCG-AI-Challenge/James Cox & Henry Chao/88968664.json,James Cox & Henry Chao,0,1,0.6,mixed
88881066,/Users/nickzwart/Desktop/PTCG-AI-Challenge/James Cox & Henry Chao/88881066.json,James Cox & Henry Chao,0,1,0.6,mixed
88773708,/Users/nickzwart/Desktop/PTCG-AI-Challenge/James Cox & Henry Chao/88773708.json,James Cox & Henry Chao,1,1,0.6,mixed
88700699,/Users/nickzwart/Desktop/PTCG-AI-Challenge/James Cox & Henry Chao/88700699.json,James Cox & Henry Chao,1,1,0.6,mixed
89037680,/Users/nickzwart/Desktop/PTCG-AI-Challenge/James Cox & Henry Chao/89037680.json,James Cox & Henry Chao,1,1,0.6,mixed
88878785,/Users/nickzwart/Desktop/PTCG-AI-Challenge/James Cox & Henry Chao/88878785.json,James Cox & Henry Chao,1,1,0.6,mixed
88671142,/Users/nickzwart/Desktop/PTCG-AI-Challenge/James Cox & Henry Chao/88671142.json,James Cox & Henry Chao,1,1,0.6,mixed
88948552,/Users/nickzwart/Desktop/PTCG-AI-Challenge/James Cox & Henry Chao/88948552.json,James Cox & Henry Chao,0,1,0.6,mixed
88693106,/Users/nickzwart/Desktop/PTCG-AI-Challenge/James Cox & Henry Chao/88693106.json,James Cox & Henry Chao,0,1,0.6,mixed
89047605,/Users/nickzwart/Desktop/PTCG-AI-Challenge/James Cox & Henry Chao/89047605.json,James Cox & Henry Chao,0,1,0.6,mixed
89034002,/Users/nickzwart/Desktop/PTCG-AI-Challenge/James Cox & Henry Chao/89034002.json,James Cox & Henry Chao,0,1,0.6,mixed
89052684,/Users/nickzwart/Desktop/PTCG-AI-Challenge/James Cox & Henry Chao/89052684.json,James Cox & Henry Chao,0,1,0.6,mixed
89083821,/Users/nickzwart/Desktop/PTCG-AI-Challenge/James Cox & Henry Chao/89083821.json,James Cox & Henry Chao,1,1,0.6,mixed
88759048,/Users/nickzwart/Desktop/PTCG-AI-Challenge/James Cox & Henry Chao/88759048.json,James Cox & Henry Chao,0,1,0.6,mixed
88670694,/Users/nickzwart/Desktop/PTCG-AI-Challenge/James Cox & Henry Chao/88670694.json,James Cox & Henry Chao,1,1,0.6,mixed
88693583,/Users/nickzwart/Desktop/PTCG-AI-Challenge/James Cox & Henry Chao/88693583.json,James Cox & Henry Chao,1,1,0.6,mixed
88678573,/Users/nickzwart/Desktop/PTCG-AI-Challenge/James Cox & Henry Chao/88678573.json,James Cox & Henry Chao,1,1,0.6,mixed
89028109,/Users/nickzwart/Desktop/PTCG-AI-Challenge/James Cox & Henry Chao/89028109.json,James Cox & Henry Chao,1,1,0.6,mixed
89718179,/Users/nickzwart/Desktop/PTCG-AI-Challenge/Number 3/89718179.json,Majkel1337,1,1,0.6,mixed
91147595,/Users/nickzwart/Desktop/PTCG-AI-Challenge/Makjkel1337/91147595.json,James Cox & Henry Chao,0,1,0.6,mixed
90990698,/Users/nickzwart/Desktop/PTCG-AI-Challenge/Makjkel1337/90990698.json,James Cox & Henry Chao,0,1,0.6,mixed
91130124,/Users/nickzwart/Desktop/PTCG-AI-Challenge/Makjkel1337/91130124.json,James Cox & Henry Chao,0,1,0.6,mixed
91150162,/Users/nickzwart/Desktop/PTCG-AI-Challenge/Makjkel1337/91150162.json,James Cox & Henry Chao,0,1,0.6,mixed
91125711,/Users/nickzwart/Desktop/PTCG-AI-Challenge/Makjkel1337/91125711.json,James Cox & Henry Chao,1,1,0.6,mixed
91178397,/Users/nickzwart/Desktop/PTCG-AI-Challenge/Makjkel1337/91178397.json,James Cox & Henry Chao,1,1,0.6,mixed
91344835,/Users/nickzwart/Desktop/PTCG-AI-Challenge/Makjkel1337/91344835.json,James Cox & Henry Chao,1,1,0.6,mixed
91158253,/Users/nickzwart/Desktop/PTCG-AI-Challenge/Makjkel1337/91158253.json,James Cox & Henry Chao,0,1,0.6,mixed
91116151,/Users/nickzwart/Desktop/PTCG-AI-Challenge/Makjkel1337/91116151.json,James Cox & Henry Chao,1,1,0.6,mixed
episode-89842304,/Users/nickzwart/Desktop/PTCG-AI-Challenge/V12_2_04082026/episode-89842304-replay.json,xnx,0,1,0.6,mixed
episode-89845678,/Users/nickzwart/Desktop/PTCG-AI-Challenge/V12_2_04082026/episode-89845678-replay.json,Jose Coronel,0,1,0.6,mixed
episode-89919837,/Users/nickzwart/Desktop/PTCG-AI-Challenge/V12_2_04082026/episode-89919837-replay.json,Byer Scrip,1,1,0.6,mixed
episode-89692506,/Users/nickzwart/Desktop/PTCG-AI-Challenge/V12_2_04082026/episode-89692506-replay.json,monnosuke,0,1,0.6,mixed
episode-89705380,/Users/nickzwart/Desktop/PTCG-AI-Challenge/V12_2_04082026/episode-89705380-replay.json,서주영,1,1,0.6,mixed
88404880,/Users/nickzwart/Desktop/PTCG-AI-Challenge/LiamK/88404880.json,SORA,1,1,0.6,mixed
88502476,/Users/nickzwart/Desktop/PTCG-AI-Challenge/LiamK/88502476.json,James Cox,0,1,0.6,mixed
88530049,/Users/nickzwart/Desktop/PTCG-AI-Challenge/LiamK/88530049.json,James Cox,0,1,0.6,mixed
88399665,/Users/nickzwart/Desktop/PTCG-AI-Challenge/LiamK/88399665.json,James Cox,0,1,0.6,mixed
88340907,/Users/nickzwart/Desktop/PTCG-AI-Challenge/LiamK/88340907.json,James Cox,0,1,0.6,mixed
88504727,/Users/nickzwart/Desktop/PTCG-AI-Challenge/LiamK/88504727.json,James Cox,0,1,0.6,mixed
88599040,/Users/nickzwart/Desktop/PTCG-AI-Challenge/LiamK/88599040.json,James Cox,1,1,0.6,mixed
88614116,/Users/nickzwart/Desktop/PTCG-AI-Challenge/LiamK/88614116.json,James Cox,1,1,0.6,mixed
88345731,/Users/nickzwart/Desktop/PTCG-AI-Challenge/LiamK/88345731.json,James Cox,1,1,0.6,mixed
88578111,/Users/nickzwart/Desktop/PTCG-AI-Challenge/LiamK/88578111.json,James Cox,1,1,0.6,mixed
88496462,/Users/nickzwart/Desktop/PTCG-AI-Challenge/LiamK/88496462.json,James Cox,0,1,0.6,mixed
88507933,/Users/nickzwart/Desktop/PTCG-AI-Challenge/LiamK/88507933.json,James Cox,0,1,0.6,mixed
88521284,/Users/nickzwart/Desktop/PTCG-AI-Challenge/LiamK/88521284.json,James Cox,1,1,0.6,mixed
89933524,/Users/nickzwart/Desktop/PTCG-AI-Challenge/number 4_04082026/89933524.json,llkarill,0,1,0.6,mixed
89908489,/Users/nickzwart/Desktop/PTCG-AI-Challenge/number 4_04082026/89908489.json,James Cox & Henry Chao,0,1,0.6,mixed
episode-90165015,/Users/nickzwart/Desktop/PTCG-AI-Challenge/V12_2_05082026/episode-90165015-replay.json,Marshall Maximizer,0,1,0.6,mixed
episode-90120733,/Users/nickzwart/Desktop/PTCG-AI-Challenge/V12_2_05082026/episode-90120733-replay.json,Confusion,0,1,0.6,mixed
episode-90131821,/Users/nickzwart/Desktop/PTCG-AI-Challenge/V12_2_05082026/episode-90131821-replay.json,RuiKimura4,1,1,0.6,mixed
episode-90696775,/Users/nickzwart/Desktop/PTCG-AI-Challenge/V12_1_08082026/episode-90696775-replay.json,Articuno0144,1,1,0.6,mixed
episode-90682365,/Users/nickzwart/Desktop/PTCG-AI-Challenge/V12_1_08082026/episode-90682365-replay.json,SQUIRTLE (prime),1,1,0.6,mixed
episode-90896280,/Users/nickzwart/Desktop/PTCG-AI-Challenge/V12_1_08082026/episode-90896280-replay.json,UBI=ISHI,0,1,0.6,mixed
episode-90928067,/Users/nickzwart/Desktop/PTCG-AI-Challenge/V12_1_08082026/episode-90928067-replay.json,kazuki0123,1,1,0.6,mixed
episode-90671890,/Users/nickzwart/Desktop/PTCG-AI-Challenge/V12_1_08082026/episode-90671890-replay.json,hinox13,0,1,0.6,mixed
episode-90668749,/Users/nickzwart/Desktop/PTCG-AI-Challenge/V12_1_08082026/episode-90668749-replay.json,SQUIRTLE (prime),0,1,0.6,mixed
episode-90827567,/Users/nickzwart/Desktop/PTCG-AI-Challenge/V12_1_08082026/episode-90827567-replay.json,NoOneAhead,0,1,0.6,mixed
episode-90685575,/Users/nickzwart/Desktop/PTCG-AI-Challenge/V12_1_08082026/episode-90685575-replay.json,WUHAOZHE618,1,1,0.6,mixed
episode-90985559,/Users/nickzwart/Desktop/PTCG-AI-Challenge/V12_1_08092026/episode-90985559-replay.json,Boss's Orders Are All You Need,1,1,0.6,mixed
episode-90993941,/Users/nickzwart/Desktop/PTCG-AI-Challenge/V12_1_08092026/episode-90993941-replay.json,DarkLayer,1,1,0.6,mixed
episode-89755007,/Users/nickzwart/Desktop/PTCG-AI-Challenge/V12_1_04082026/episode-89755007-replay.json,monnosuke,0,1,0.6,mixed
88339858,/Users/nickzwart/Desktop/PTCG-AI-Challenge/Dries Tufa Labs/88339858.json,James Cox,1,1,0.6,mixed
88276480,/Users/nickzwart/Desktop/PTCG-AI-Challenge/Dries Tufa Labs/88276480.json,James Cox,0,1,0.6,mixed
88345190,/Users/nickzwart/Desktop/PTCG-AI-Challenge/Dries Tufa Labs/88345190.json,James Cox,0,1,0.6,mixed
88410102,/Users/nickzwart/Desktop/PTCG-AI-Challenge/Dries Tufa Labs/88410102.json,James Cox,1,1,0.6,mixed
88344149,/Users/nickzwart/Desktop/PTCG-AI-Challenge/Dries Tufa Labs/88344149.json,James Cox,0,1,0.6,mixed
88390697,/Users/nickzwart/Desktop/PTCG-AI-Challenge/Dries Tufa Labs/88390697.json,James Cox,1,1,0.6,mixed
88331998,/Users/nickzwart/Desktop/PTCG-AI-Challenge/Dries Tufa Labs/88331998.json,James Cox,0,1,0.6,mixed
88343625,/Users/nickzwart/Desktop/PTCG-AI-Challenge/Dries Tufa Labs/88343625.json,James Cox,1,1,0.6,mixed
88309616,/Users/nickzwart/Desktop/PTCG-AI-Challenge/Dries Tufa Labs/88309616.json,James Cox,1,1,0.6,mixed
88408016,/Users/nickzwart/Desktop/PTCG-AI-Challenge/Dries Tufa Labs/88408016.json,James Cox,0,1,0.6,mixed
88307517,/Users/nickzwart/Desktop/PTCG-AI-Challenge/Dries Tufa Labs/88307517.json,James Cox,0,1,0.6,mixed
88401756,/Users/nickzwart/Desktop/PTCG-AI-Challenge/Dries Tufa Labs/88401756.json,James Cox,0,1,0.6,mixed
88332011,/Users/nickzwart/Desktop/PTCG-AI-Challenge/Dries Tufa Labs/88332011.json,James Cox,1,1,0.6,mixed
88411167,/Users/nickzwart/Desktop/PTCG-AI-Challenge/Dries Tufa Labs/88411167.json,James Cox,1,1,0.6,mixed
88315322,/Users/nickzwart/Desktop/PTCG-AI-Challenge/Dries Tufa Labs/88315322.json,James Cox,1,1,0.6,mixed
88349417,/Users/nickzwart/Desktop/PTCG-AI-Challenge/Dries Tufa Labs/88349417.json,James Cox,0,1,0.6,mixed
88347855,/Users/nickzwart/Desktop/PTCG-AI-Challenge/Dries Tufa Labs/88347855.json,James Cox,0,1,0.6,mixed
88379229,/Users/nickzwart/Desktop/PTCG-AI-Challenge/Dries Tufa Labs/88379229.json,James Cox,1,1,0.6,mixed
88357838,/Users/nickzwart/Desktop/PTCG-AI-Challenge/Dries Tufa Labs/88357838.json,James Cox,0,1,0.6,mixed
88353640,/Users/nickzwart/Desktop/PTCG-AI-Challenge/Dries Tufa Labs/88353640.json,James Cox,0,1,0.6,mixed
88370287,/Users/nickzwart/Desktop/PTCG-AI-Challenge/Dries Tufa Labs/88370287.json,James Cox,0,1,0.6,mixed
88278632,/Users/nickzwart/Desktop/PTCG-AI-Challenge/Dries Tufa Labs/88278632.json,James Cox,0,1,0.6,mixed
88333040,/Users/nickzwart/Desktop/PTCG-AI-Challenge/Dries Tufa Labs/88333040.json,James Cox,1,1,0.6,mixed
90024186,/Users/nickzwart/Desktop/PTCG-AI-Challenge/ntumInoob/90024186.json,James Cox & Henry Chao,1,1,0.6,mixed
90079574,/Users/nickzwart/Desktop/PTCG-AI-Challenge/ntumInoob/90079574.json,James Cox & Henry Chao,0,1,0.6,mixed
90011217,/Users/nickzwart/Desktop/PTCG-AI-Challenge/ntumInoob/90011217.json,llkarill,1,1,0.6,mixed
89522779,/Users/nickzwart/Desktop/PTCG-AI-Challenge/ntumInoob/89522779.json,Majkel1337,1,1,0.6,mixed
89538947,/Users/nickzwart/Desktop/PTCG-AI-Challenge/ntumInoob/89538947.json,tonakaiiii,0,1,0.6,mixed
89823687,/Users/nickzwart/Desktop/PTCG-AI-Challenge/ntumInoob/89823687.json,Tatsuya Kayama,0,1,0.6,mixed
90028304,/Users/nickzwart/Desktop/PTCG-AI-Challenge/ntumInoob/90028304.json,Majkel1337,0,1,0.6,mixed
90046936,/Users/nickzwart/Desktop/PTCG-AI-Challenge/ntumInoob/90046936.json,James Cox & Henry Chao,0,1,0.6,mixed
89971378,/Users/nickzwart/Desktop/PTCG-AI-Challenge/ntumInoob/89971378.json,James Cox & Henry Chao,1,1,0.6,mixed
89579037,/Users/nickzwart/Desktop/PTCG-AI-Challenge/ntumInoob/89579037.json,Majkel1337,0,1,0.6,mixed
episode-90357652,/Users/nickzwart/Desktop/PTCG-AI-Challenge/grimm_06082026/episode-90357652-replay.json,Tatsuya Kayama,1,1,0.6,mixed
episode-90212928,/Users/nickzwart/Desktop/PTCG-AI-Challenge/grimm_06082026/episode-90212928-replay.json,Battle Data Base,0,1,0.6,mixed
episode-90120060,/Users/nickzwart/Desktop/PTCG-AI-Challenge/grimm_06082026/episode-90120060-replay.json,タニシ,1,1,0.6,mixed
episode-90157284,/Users/nickzwart/Desktop/PTCG-AI-Challenge/grimm_06082026/episode-90157284-replay.json,Jie Orkarin,1,1,0.6,mixed
89531529,/Users/nickzwart/Desktop/PTCG-AI-Challenge/Majkel1337/89531529.json,Jose Coronel,0,1,0.6,mixed
88352053,/Users/nickzwart/Desktop/PTCG-AI-Challenge/flg/88352053.json,James Cox,1,1,0.6,mixed
88403333,/Users/nickzwart/Desktop/PTCG-AI-Challenge/flg/88403333.json,James Cox,0,1,0.6,mixed
88313284,/Users/nickzwart/Desktop/PTCG-AI-Challenge/flg/88313284.json,James Cox,0,1,0.6,mixed
88326763,/Users/nickzwart/Desktop/PTCG-AI-Challenge/flg/88326763.json,James Cox,0,1,0.6,mixed
88309597,/Users/nickzwart/Desktop/PTCG-AI-Challenge/flg/88309597.json,James Cox,1,1,0.6,mixed
88297470,/Users/nickzwart/Desktop/PTCG-AI-Challenge/flg/88297470.json,James Cox,1,1,0.6,mixed
88311676,/Users/nickzwart/Desktop/PTCG-AI-Challenge/flg/88311676.json,James Cox,0,1,0.6,mixed
88324164,/Users/nickzwart/Desktop/PTCG-AI-Challenge/flg/88324164.json,James Cox,1,1,0.6,mixed
88338278,/Users/nickzwart/Desktop/PTCG-AI-Challenge/flg/88338278.json,James Cox,1,1,0.6,mixed
88328847,/Users/nickzwart/Desktop/PTCG-AI-Challenge/flg/88328847.json,James Cox,1,1,0.6,mixed
88321502,/Users/nickzwart/Desktop/PTCG-AI-Challenge/flg/88321502.json,James Cox,1,1,0.6,mixed
88339325,/Users/nickzwart/Desktop/PTCG-AI-Challenge/flg/88339325.json,James Cox,1,1,0.6,mixed
88332509,/Users/nickzwart/Desktop/PTCG-AI-Challenge/flg/88332509.json,James Cox,1,1,0.6,mixed
88320987,/Users/nickzwart/Desktop/PTCG-AI-Challenge/flg/88320987.json,James Cox,1,1,0.6,mixed
88404374,/Users/nickzwart/Desktop/PTCG-AI-Challenge/flg/88404374.json,James Cox,1,1,0.6,mixed
88404354,/Users/nickzwart/Desktop/PTCG-AI-Challenge/flg/88404354.json,James Cox,1,1,0.6,mixed
88338284,/Users/nickzwart/Desktop/PTCG-AI-Challenge/flg/88338284.json,James Cox,1,1,0.6,mixed
88324675,/Users/nickzwart/Desktop/PTCG-AI-Challenge/flg/88324675.json,James Cox,0,1,0.6,mixed
88345737,/Users/nickzwart/Desktop/PTCG-AI-Challenge/flg/88345737.json,James Cox,0,1,0.6,mixed
88343084,/Users/nickzwart/Desktop/PTCG-AI-Challenge/flg/88343084.json,James Cox,0,1,0.6,mixed
88318412,/Users/nickzwart/Desktop/PTCG-AI-Challenge/flg/88318412.json,James Cox,0,1,0.6,mixed
88344151,/Users/nickzwart/Desktop/PTCG-AI-Challenge/flg/88344151.json,James Cox,1,1,0.6,mixed
90292332,/Users/nickzwart/Desktop/PTCG-AI-Challenge/AlphaStarmie/90292332.json,James Cox & Henry Chao,1,1,0.6,mixed
91139748,/Users/nickzwart/Desktop/PTCG-AI-Challenge/AlphaStarmie/91139748.json,James Cox & Henry Chao,1,1,0.6,mixed
90462225,/Users/nickzwart/Desktop/PTCG-AI-Challenge/AlphaStarmie/90462225.json,sadwat,0,1,0.6,mixed
90536370,/Users/nickzwart/Desktop/PTCG-AI-Challenge/AlphaStarmie/90536370.json,ANDPAD kaggler team,1,1,0.6,mixed
91145798,/Users/nickzwart/Desktop/PTCG-AI-Challenge/AlphaStarmie/91145798.json,James Cox & Henry Chao,0,1,0.6,mixed
90544850,/Users/nickzwart/Desktop/PTCG-AI-Challenge/AlphaStarmie/90544850.json,James Cox & Henry Chao,1,1,0.6,mixed
91154723,/Users/nickzwart/Desktop/PTCG-AI-Challenge/AlphaStarmie/91154723.json,James Cox & Henry Chao,0,1,0.6,mixed
90174623,/Users/nickzwart/Desktop/PTCG-AI-Challenge/JB Bryant/90174623.json,tonakaiiii,1,1,0.6,mixed
episode-90723008,/Users/nickzwart/Desktop/PTCG-AI-Challenge/V12_2_08082026/episode-90723008-replay.json,Boss's Orders Are All You Need,0,1,0.6,mixed
episode-90830722,/Users/nickzwart/Desktop/PTCG-AI-Challenge/V12_2_08082026/episode-90830722-replay.json,Lemmes Yad,0,1,0.6,mixed
episode-90691194,/Users/nickzwart/Desktop/PTCG-AI-Challenge/V12_2_08082026/episode-90691194-replay.json,jhammer4,0,1,0.6,mixed
episode-88819016,/Users/nickzwart/Desktop/PTCG-AI-Challenge/V12-30072026_02/episode-88819016-replay.json,jp_nerdery,1,1,0.6,mixed
episode-91015473,/Users/nickzwart/Desktop/PTCG-AI-Challenge/V12_2_08092026/episode-91015473-replay.json,kazuki0123,0,1,0.6,mixed
episode-90972869,/Users/nickzwart/Desktop/PTCG-AI-Challenge/V12_2_08092026/episode-90972869-replay.json,Masatoshi Hidaka,0,1,0.6,mixed
episode-91193185,/Users/nickzwart/Desktop/PTCG-AI-Challenge/V12_2_08092026/episode-91193185-replay.json,kazuki0123,0,1,0.6,mixed
episode-91573598,/Users/nickzwart/Desktop/PTCG-AI-Challenge/luc/episode-91573598-replay.json,Jose Coronel,0,1,0.6,mixed
episode-91526155,/Users/nickzwart/Desktop/PTCG-AI-Challenge/luc/episode-91526155-replay.json,WJui,0,1,0.6,mixed
episode-91581087,/Users/nickzwart/Desktop/PTCG-AI-Challenge/luc/episode-91581087-replay.json,Tianfu Wang (王天夫),0,1,0.6,mixed
episode-91441217,/Users/nickzwart/Desktop/PTCG-AI-Challenge/grimm/episode-91441217-replay.json,palsystem,1,1,0.6,mixed
episode-91449350,/Users/nickzwart/Desktop/PTCG-AI-Challenge/grimm/episode-91449350-replay.json,Nghia Tran + ketchum alt,0,1,0.6,mixed
episode-91460250,/Users/nickzwart/Desktop/PTCG-AI-Challenge/grimm/episode-91460250-replay.json,kazuki0123,1,1,0.6,mixed
