episode,path,player,side,won,player_winrate,opp_deck
92719924,scraped/ss_0813/episode-92719924-replay.json,Sixth Sense,0,0,0.6541,Ogerpon
92719924,scraped/ss_0813/episode-92719924-replay.json,Sixth Sense,1,1,0.6541,Ogerpon
92720013,scraped/ss_0813/episode-92720013-replay.json,Sixth Sense,0,1,0.6541,other
92720953,scraped/ss_0813/episode-92720953-replay.json,Sixth Sense,1,1,0.6541,M-Lucario
92721901,scraped/ss_0813/episode-92721901-replay.json,Sixth Sense,0,1,0.6541,Archaludon
92722817,scraped/ss_0813/episode-92722817-replay.json,Sixth Sense,0,1,0.6541,M-Starmie
92724685,scraped/ss_0813/episode-92724685-replay.json,Sixth Sense,1,1,0.6541,other
92724846,scraped/ss_0813/episode-92724846-replay.json,Sixth Sense,1,1,0.6541,other
92755387,scraped/ss_0813/episode-92755387-replay.json,ANDPAD kaggler team,0,0,0.6301,Ogerpon
92755387,scraped/ss_0813/episode-92755387-replay.json,Sixth Sense,1,1,0.6541,Ogerpon
92756305,scraped/ss_0813/episode-92756305-replay.json,Sixth Sense,0,1,0.6541,Dragapult
92757233,scraped/ss_0813/episode-92757233-replay.json,Sixth Sense,0,1,0.6541,Alakazam
92758174,scraped/ss_0813/episode-92758174-replay.json,Sixth Sense,0,0,0.6541,M-Lopunny
92759097,scraped/ss_0813/episode-92759097-replay.json,Sixth Sense,0,1,0.6541,other
92760019,scraped/ss_0813/episode-92760019-replay.json,Sixth Sense,1,0,0.6541,Alakazam
92760945,scraped/ss_0813/episode-92760945-replay.json,Sixth Sense,0,0,0.6541,Ogerpon
92760945,scraped/ss_0813/episode-92760945-replay.json,熱異常,1,1,0.5,Ogerpon
92761866,scraped/ss_0813/episode-92761866-replay.json,Sixth Sense,1,1,0.6541,Dragapult
92733078,scraped/ss_0813/episode-92733078-replay.json,熱異常,0,1,0.5,Ogerpon
92733078,scraped/ss_0813/episode-92733078-replay.json,Sixth Sense,1,0,0.6541,Ogerpon
92734017,scraped/ss_0813/episode-92734017-replay.json,Sixth Sense,0,0,0.6541,Ogerpon
92734017,scraped/ss_0813/episode-92734017-replay.json,ANDPAD kaggler team,1,1,0.6301,Ogerpon
92734960,scraped/ss_0813/episode-92734960-replay.json,Sixth Sense,1,0,0.6541,M-Kangaskhan
92735869,scraped/ss_0813/episode-92735869-replay.json,Sixth Sense,0,1,0.6541,M-Lopunny
92736814,scraped/ss_0813/episode-92736814-replay.json,Sixth Sense,0,1,0.6541,Ogerpon
92736814,scraped/ss_0813/episode-92736814-replay.json,ANDPAD kaggler team,1,0,0.6301,Ogerpon
92737744,scraped/ss_0813/episode-92737744-replay.json,Sixth Sense,1,1,0.6541,Garchomp
92738667,scraped/ss_0813/episode-92738667-replay.json,Sixth Sense,0,0,0.6541,Dragapult
92739632,scraped/ss_0813/episode-92739632-replay.json,Sixth Sense,0,1,0.6541,Alakazam
92740520,scraped/ss_0813/episode-92740520-replay.json,Sixth Sense,1,1,0.6541,M-Lopunny
92741449,scraped/ss_0813/episode-92741449-replay.json,Sixth Sense,0,0,0.6541,Dragapult
92742374,scraped/ss_0813/episode-92742374-replay.json,Sixth Sense,0,0,0.6541,Alakazam
92743308,scraped/ss_0813/episode-92743308-replay.json,Sixth Sense,0,1,0.6541,Grimmsnarl
92744242,scraped/ss_0813/episode-92744242-replay.json,Sixth Sense,0,1,0.6541,other
92745175,scraped/ss_0813/episode-92745175-replay.json,Sixth Sense,0,1,0.6541,Dragapult
92746091,scraped/ss_0813/episode-92746091-replay.json,ANDPAD kaggler team,0,0,0.6301,Ogerpon
92746091,scraped/ss_0813/episode-92746091-replay.json,Sixth Sense,1,1,0.6541,Ogerpon
92747021,scraped/ss_0813/episode-92747021-replay.json,Rmy,0,0,0.5102,Ogerpon
92747021,scraped/ss_0813/episode-92747021-replay.json,Sixth Sense,1,1,0.6541,Ogerpon
92747944,scraped/ss_0813/episode-92747944-replay.json,Sixth Sense,0,0,0.6541,Ogerpon
92747944,scraped/ss_0813/episode-92747944-replay.json,Rmy,1,1,0.5102,Ogerpon
92748868,scraped/ss_0813/episode-92748868-replay.json,Sixth Sense,0,0,0.6541,M-Kangaskhan
92749805,scraped/ss_0813/episode-92749805-replay.json,Sixth Sense,1,0,0.6541,M-Lucario
92750745,scraped/ss_0813/episode-92750745-replay.json,Sixth Sense,0,0,0.6541,Dragapult
92751671,scraped/ss_0813/episode-92751671-replay.json,Sixth Sense,0,1,0.6541,Dragapult
92752604,scraped/ss_0813/episode-92752604-replay.json,熱異常,0,0,0.5,Ogerpon
92752604,scraped/ss_0813/episode-92752604-replay.json,Sixth Sense,1,1,0.6541,Ogerpon
92753530,scraped/ss_0813/episode-92753530-replay.json,palsystem,0,1,0.6183,Ogerpon
92753530,scraped/ss_0813/episode-92753530-replay.json,Sixth Sense,1,0,0.6541,Ogerpon
92754458,scraped/ss_0813/episode-92754458-replay.json,熱異常,0,1,0.5,Ogerpon
92754458,scraped/ss_0813/episode-92754458-replay.json,Sixth Sense,1,0,0.6541,Ogerpon
92725626,scraped/ss_0813/episode-92725626-replay.json,Sixth Sense,1,1,0.6541,Grimmsnarl
92726587,scraped/ss_0813/episode-92726587-replay.json,Sixth Sense,0,1,0.6541,Alakazam
92727523,scraped/ss_0813/episode-92727523-replay.json,Sixth Sense,1,1,0.6541,Hydrapple
92728458,scraped/ss_0813/episode-92728458-replay.json,Sixth Sense,1,1,0.6541,M-Lopunny
92729370,scraped/ss_0813/episode-92729370-replay.json,Sixth Sense,1,1,0.6541,M-Lopunny
92730310,scraped/ss_0813/episode-92730310-replay.json,Sixth Sense,1,1,0.6541,Dragapult
92731223,scraped/ss_0813/episode-92731223-replay.json,Sixth Sense,0,1,0.6541,Dragapult
92732157,scraped/ss_0813/episode-92732157-replay.json,Sixth Sense,0,1,0.6541,Grimmsnarl
92719230,scraped/oger_dipam/episode-92719230-replay.json,Dipam Chakraborty,0,1,0.7491,Ogerpon
92720068,scraped/oger_dipam/episode-92720068-replay.json,Dipam Chakraborty,1,0,0.7491,M-Froslass
92720153,scraped/oger_dipam/episode-92720153-replay.json,Dipam Chakraborty,0,1,0.7491,Grimmsnarl
92722057,scraped/oger_dipam/episode-92722057-replay.json,Dipam Chakraborty,1,1,0.7491,Grimmsnarl
92722988,scraped/oger_dipam/episode-92722988-replay.json,Dipam Chakraborty,1,1,0.7491,Grimmsnarl
92723915,scraped/oger_dipam/episode-92723915-replay.json,Dipam Chakraborty,1,1,0.7491,Ogerpon
92724860,scraped/oger_dipam/episode-92724860-replay.json,Dipam Chakraborty,0,1,0.7491,M-Kangaskhan
92762761,scraped/ss_0813/episode-92762761-replay.json,Sixth Sense,0,0,0.6541,Ogerpon
92762761,scraped/ss_0813/episode-92762761-replay.json,Rmy,1,1,0.5102,Ogerpon
92763717,scraped/ss_0813/episode-92763717-replay.json,Sixth Sense,1,1,0.6541,Grimmsnarl
92764643,scraped/ss_0813/episode-92764643-replay.json,EliKal,0,0,0.4118,Ogerpon
92764643,scraped/ss_0813/episode-92764643-replay.json,Sixth Sense,1,1,0.6541,Ogerpon
92765562,scraped/ss_0813/episode-92765562-replay.json,Sixth Sense,0,1,0.6541,Grimmsnarl
92766492,scraped/ss_0813/episode-92766492-replay.json,Sixth Sense,1,1,0.6541,Grimmsnarl
92767417,scraped/ss_0813/episode-92767417-replay.json,Sixth Sense,1,1,0.6541,Alakazam
92767437,scraped/ss_0813/episode-92767437-replay.json,__Taichicchi__,0,1,0.6119,Ogerpon
92767437,scraped/ss_0813/episode-92767437-replay.json,Sixth Sense,1,0,0.6541,Ogerpon
92769410,scraped/ss_0813/episode-92769410-replay.json,Sixth Sense,0,0,0.6541,Dragapult
92548829,scraped/oger_dipam/episode-92548829-replay.json,Dipam Chakraborty,1,1,0.7491,M-Froslass
92699040,scraped/oger_dipam/episode-92699040-replay.json,Dipam Chakraborty,0,1,0.7491,Ogerpon
92699040,scraped/oger_dipam/episode-92699040-replay.json,Dipam Chakraborty,1,0,0.7491,Ogerpon
92699590,scraped/oger_dipam/episode-92699590-replay.json,Dipam Chakraborty,0,1,0.7491,Alakazam
92700509,scraped/oger_dipam/episode-92700509-replay.json,Dipam Chakraborty,0,1,0.7491,Archaludon
92700680,scraped/oger_dipam/episode-92700680-replay.json,Dipam Chakraborty,0,1,0.7491,Grimmsnarl
92701521,scraped/oger_dipam/episode-92701521-replay.json,Dipam Chakraborty,0,1,0.7491,Ogerpon
92701521,scraped/oger_dipam/episode-92701521-replay.json,Changyuan Chen,1,0,0.3962,Ogerpon
92702410,scraped/oger_dipam/episode-92702410-replay.json,Dipam Chakraborty,0,1,0.7491,Grimmsnarl
92703351,scraped/oger_dipam/episode-92703351-replay.json,Dipam Chakraborty,1,1,0.7491,Hydrapple
92725782,scraped/oger_dipam/episode-92725782-replay.json,Dipam Chakraborty,1,1,0.7491,Alakazam
92726750,scraped/oger_dipam/episode-92726750-replay.json,Dipam Chakraborty,0,1,0.7491,M-Lopunny
92727695,scraped/oger_dipam/episode-92727695-replay.json,Dipam Chakraborty,0,1,0.7491,other
92728608,scraped/oger_dipam/episode-92728608-replay.json,Dipam Chakraborty,0,1,0.7491,Grimmsnarl
92729529,scraped/oger_dipam/episode-92729529-replay.json,Dipam Chakraborty,1,1,0.7491,M-Lopunny
92730466,scraped/oger_dipam/episode-92730466-replay.json,Dipam Chakraborty,0,1,0.7491,Alakazam
92731378,scraped/oger_dipam/episode-92731378-replay.json,Dipam Chakraborty,1,1,0.7491,Grimmsnarl
92732309,scraped/oger_dipam/episode-92732309-replay.json,Dipam Chakraborty,0,1,0.7491,M-Kangaskhan
92704290,scraped/oger_dipam/episode-92704290-replay.json,Dipam Chakraborty,0,0,0.7491,Grimmsnarl
92705224,scraped/oger_dipam/episode-92705224-replay.json,Dipam Chakraborty,1,0,0.7491,Dragapult
92706161,scraped/oger_dipam/episode-92706161-replay.json,Dipam Chakraborty,0,1,0.7491,Grimmsnarl
92707106,scraped/oger_dipam/episode-92707106-replay.json,Dipam Chakraborty,0,1,0.7491,Grimmsnarl
92708028,scraped/oger_dipam/episode-92708028-replay.json,Dipam Chakraborty,0,1,0.7491,Ogerpon
92708028,scraped/oger_dipam/episode-92708028-replay.json,Boss's Orders Are All You Need,1,0,0.4872,Ogerpon
92708982,scraped/oger_dipam/episode-92708982-replay.json,Dipam Chakraborty,0,1,0.7491,other
92709927,scraped/oger_dipam/episode-92709927-replay.json,Dipam Chakraborty,1,0,0.7491,Alakazam
92710843,scraped/oger_dipam/episode-92710843-replay.json,Dipam Chakraborty,1,1,0.7491,M-Kangaskhan
92711790,scraped/oger_dipam/episode-92711790-replay.json,Dipam Chakraborty,0,1,0.7491,M-Lucario
92712709,scraped/oger_dipam/episode-92712709-replay.json,Dipam Chakraborty,1,0,0.7491,M-Lucario
92713654,scraped/oger_dipam/episode-92713654-replay.json,Dipam Chakraborty,1,1,0.7491,Grimmsnarl
92714565,scraped/oger_dipam/episode-92714565-replay.json,Dipam Chakraborty,0,0,0.7491,Alakazam
92715482,scraped/oger_dipam/episode-92715482-replay.json,Dipam Chakraborty,0,1,0.7491,M-Lopunny
92716445,scraped/oger_dipam/episode-92716445-replay.json,Dipam Chakraborty,0,0,0.7491,Alakazam
92717376,scraped/oger_dipam/episode-92717376-replay.json,Dipam Chakraborty,1,0,0.7491,Alakazam
92718298,scraped/oger_dipam/episode-92718298-replay.json,Dipam Chakraborty,0,1,0.7491,M-Kangaskhan
92733235,scraped/oger_dipam/episode-92733235-replay.json,Dipam Chakraborty,1,1,0.7491,Dragapult
92734165,scraped/oger_dipam/episode-92734165-replay.json,Dipam Chakraborty,0,1,0.7491,M-Lopunny
92735106,scraped/oger_dipam/episode-92735106-replay.json,Dipam Chakraborty,0,1,0.7491,M-Lopunny
92736077,scraped/oger_dipam/episode-92736077-replay.json,Dipam Chakraborty,0,1,0.7491,Grimmsnarl
92736961,scraped/oger_dipam/episode-92736961-replay.json,Dipam Chakraborty,0,1,0.7491,M-Kangaskhan
92737884,scraped/oger_dipam/episode-92737884-replay.json,Dipam Chakraborty,1,0,0.7491,Dudunsparce
92738803,scraped/oger_dipam/episode-92738803-replay.json,Dipam Chakraborty,0,1,0.7491,Dragapult
92739718,scraped/oger_dipam/episode-92739718-replay.json,Dipam Chakraborty,1,1,0.7491,M-Kangaskhan
92740651,scraped/oger_dipam/episode-92740651-replay.json,Dipam Chakraborty,0,1,0.7491,Alakazam
92741576,scraped/oger_dipam/episode-92741576-replay.json,Dipam Chakraborty,0,1,0.7491,Grimmsnarl
92742499,scraped/oger_dipam/episode-92742499-replay.json,Dipam Chakraborty,1,1,0.7491,M-Lopunny
92743475,scraped/oger_dipam/episode-92743475-replay.json,Dipam Chakraborty,1,0,0.7491,Grimmsnarl
92747208,scraped/oger_dipam/episode-92747208-replay.json,Dipam Chakraborty,0,1,0.7491,M-Kangaskhan
92750050,scraped/oger_dipam/episode-92750050-replay.json,Dipam Chakraborty,0,0,0.7491,M-Kangaskhan
92755527,scraped/oger_dipam/episode-92755527-replay.json,Dipam Chakraborty,0,0,0.7491,Dragapult
92761102,scraped/oger_dipam/episode-92761102-replay.json,Dipam Chakraborty,0,1,0.7491,M-Kangaskhan
91791176,scraped/oger_pal/episode-91791176-replay.json,palsystem,1,0,0.6183,M-Lucario
91793000,scraped/oger_pal/episode-91793000-replay.json,palsystem,0,1,0.6183,M-Kangaskhan
91801489,scraped/oger_pal/episode-91801489-replay.json,palsystem,0,1,0.6183,M-Lopunny
91802249,scraped/oger_pal/episode-91802249-replay.json,palsystem,0,0,0.6183,Ogerpon
91802249,scraped/oger_pal/episode-91802249-replay.json,Oshbocker,1,1,0.6304,Ogerpon
91814636,scraped/oger_pal/episode-91814636-replay.json,palsystem,0,0,0.6183,Alakazam
92765703,scraped/oger_dipam/episode-92765703-replay.json,Dipam Chakraborty,1,1,0.7491,Dragapult
92771271,scraped/oger_dipam/episode-92771271-replay.json,Dipam Chakraborty,0,1,0.7491,M-Kangaskhan
90862155,scraped/oger_pal/episode-90862155-replay.json,palsystem,0,1,0.6183,Ogerpon
90862155,scraped/oger_pal/episode-90862155-replay.json,palsystem,1,0,0.6183,Ogerpon
91757188,scraped/oger_pal/episode-91757188-replay.json,palsystem,0,1,0.6183,M-Lopunny
91758945,scraped/oger_pal/episode-91758945-replay.json,palsystem,0,1,0.6183,Dragapult
91767311,scraped/oger_pal/episode-91767311-replay.json,palsystem,0,1,0.6183,M-Kangaskhan
91775663,scraped/oger_pal/episode-91775663-replay.json,palsystem,1,1,0.6183,M-Kangaskhan
91780888,scraped/oger_pal/episode-91780888-replay.json,palsystem,0,0,0.6183,Ogerpon
91780888,scraped/oger_pal/episode-91780888-replay.json,Oshbocker,1,1,0.6304,Ogerpon
92661550,scraped/oger_pal/episode-92661550-replay.json,ANDPAD kaggler team,1,0,0.6301,Dragapult
92662499,scraped/oger_pal/episode-92662499-replay.json,ANDPAD kaggler team,0,0,0.6301,Dragapult
92653084,scraped/oger_pal/episode-92653084-replay.json,ANDPAD kaggler team,0,0,0.6301,Dragapult
92654968,scraped/oger_pal/episode-92654968-replay.json,Dipam Chakraborty,0,0,0.7491,Dragapult
92655905,scraped/oger_pal/episode-92655905-replay.json,ANDPAD kaggler team,0,1,0.6301,Dragapult
92687782,scraped/oger_pal/episode-92687782-replay.json,Dipam Chakraborty,0,1,0.7491,Dragapult
92733320,scraped/oger_pal/episode-92733320-replay.json,ANDPAD kaggler team,1,1,0.6301,Dragapult
92739863,scraped/oger_pal/episode-92739863-replay.json,熱異常,0,0,0.5,Dragapult
92261583,/Users/nickzwart/Desktop/ogerpon/episode-92261583-replay.json,Kilupy,0,0,0.5405,Ogerpon
92261583,/Users/nickzwart/Desktop/ogerpon/episode-92261583-replay.json,Kilupy,1,1,0.5405,Ogerpon
92261728,/Users/nickzwart/Desktop/ogerpon/episode-92261728-replay.json,Kilupy,0,0,0.5405,Alakazam
92262696,/Users/nickzwart/Desktop/ogerpon/episode-92262696-replay.json,Kilupy,0,1,0.5405,Grimmsnarl
92275007,/Users/nickzwart/Desktop/ogerpon/episode-92275007-replay.json,Kilupy,1,1,0.5405,M-Kangaskhan
92275942,/Users/nickzwart/Desktop/ogerpon/episode-92275942-replay.json,Kilupy,0,1,0.5405,M-Lucario
92276882,/Users/nickzwart/Desktop/ogerpon/episode-92276882-replay.json,Kilupy,1,1,0.5405,Ogerpon
92277824,/Users/nickzwart/Desktop/ogerpon/episode-92277824-replay.json,Kilupy,0,1,0.5405,Grimmsnarl
92264574,/Users/nickzwart/Desktop/ogerpon/episode-92264574-replay.json,Kilupy,0,0,0.5405,M-Kangaskhan
92265546,/Users/nickzwart/Desktop/ogerpon/episode-92265546-replay.json,Kilupy,1,1,0.5405,Alakazam
92266472,/Users/nickzwart/Desktop/ogerpon/episode-92266472-replay.json,Kilupy,0,1,0.5405,M-Starmie
92278751,/Users/nickzwart/Desktop/ogerpon/episode-92278751-replay.json,Kilupy,0,0,0.5405,Alakazam
92278762,/Users/nickzwart/Desktop/ogerpon/episode-92278762-replay.json,Kilupy,1,1,0.5405,other
92279717,/Users/nickzwart/Desktop/ogerpon/episode-92279717-replay.json,Kilupy,0,1,0.5405,Grimmsnarl
92280656,/Users/nickzwart/Desktop/ogerpon/episode-92280656-replay.json,Kilupy,0,0,0.5405,Crustle
92267402,/Users/nickzwart/Desktop/ogerpon/episode-92267402-replay.json,Kilupy,1,0,0.5405,Ogerpon
92268364,/Users/nickzwart/Desktop/ogerpon/episode-92268364-replay.json,Kilupy,1,0,0.5405,M-Lopunny
92269327,/Users/nickzwart/Desktop/ogerpon/episode-92269327-replay.json,Kilupy,0,0,0.5405,Crustle
92270275,/Users/nickzwart/Desktop/ogerpon/episode-92270275-replay.json,Kilupy,1,0,0.5405,M-Kangaskhan
92271238,/Users/nickzwart/Desktop/ogerpon/episode-92271238-replay.json,Kilupy,0,1,0.5405,Grimmsnarl
92272176,/Users/nickzwart/Desktop/ogerpon/episode-92272176-replay.json,Kilupy,1,1,0.5405,other
92273134,/Users/nickzwart/Desktop/ogerpon/episode-92273134-replay.json,Kilupy,0,0,0.5405,Crustle
92274075,/Users/nickzwart/Desktop/ogerpon/episode-92274075-replay.json,Kilupy,0,0,0.5405,Crustle
92281599,/Users/nickzwart/Desktop/ogerpon/episode-92281599-replay.json,Kilupy,1,1,0.5405,other
92283521,/Users/nickzwart/Desktop/ogerpon/episode-92283521-replay.json,Kilupy,0,0,0.5405,Alakazam
92642096,/Users/nickzwart/Desktop/V5_13082026/episode-92642096-replay.json,hatata,0,1,0.5238,Dragapult
89194921,scraped/ss_full/episode-89194921-replay.json,Rmy,0,1,0.5102,Grimmsnarl
89196530,scraped/ss_full/episode-89196530-replay.json,keidroid,1,1,0.3778,Grimmsnarl
89200191,scraped/ss_full/episode-89200191-replay.json,Rmy,1,1,0.5102,Grimmsnarl
89185375,scraped/ss_full/episode-89185375-replay.json,keidroid,1,1,0.3778,Grimmsnarl
89213180,scraped/ss_full/episode-89213180-replay.json,keidroid,1,0,0.3778,Grimmsnarl
89207664,scraped/ss_full/episode-89207664-replay.json,Rmy,0,1,0.5102,Grimmsnarl
89208182,scraped/ss_full/episode-89208182-replay.json,Rmy,0,1,0.5102,Grimmsnarl
89211176,scraped/ss_full/episode-89211176-replay.json,Rmy,1,0,0.5102,Grimmsnarl
89217201,scraped/ss_full/episode-89217201-replay.json,keidroid,1,1,0.3778,Grimmsnarl
89217704,scraped/ss_full/episode-89217704-replay.json,Rmy,0,1,0.5102,Grimmsnarl
89219203,scraped/ss_full/episode-89219203-replay.json,Rmy,1,1,0.5102,Grimmsnarl
89223236,scraped/ss_full/episode-89223236-replay.json,Rmy,1,1,0.5102,Grimmsnarl
89223740,scraped/ss_full/episode-89223740-replay.json,Majkel1337,1,1,0.4255,Grimmsnarl
89231434,scraped/ss_full/episode-89231434-replay.json,Rmy,0,1,0.5102,Grimmsnarl
89229377,scraped/ss_full/episode-89229377-replay.json,Majkel1337,1,1,0.4255,Grimmsnarl
89234522,scraped/ss_full/episode-89234522-replay.json,Majkel1337,1,1,0.4255,Grimmsnarl
89243286,scraped/ss_full/episode-89243286-replay.json,Rmy,1,1,0.5102,Grimmsnarl
89244306,scraped/ss_full/episode-89244306-replay.json,keidroid,0,1,0.3778,Grimmsnarl
89269343,scraped/ss_full/episode-89269343-replay.json,Majkel1337,0,1,0.4255,Grimmsnarl
89237639,scraped/ss_full/episode-89237639-replay.json,keidroid,1,1,0.3778,Grimmsnarl
89278194,scraped/ss_full/episode-89278194-replay.json,Majkel1337,0,1,0.4255,Grimmsnarl
89279782,scraped/ss_full/episode-89279782-replay.json,James Cox & Henry Chao,0,0,0.3846,Grimmsnarl
89274009,scraped/ss_full/episode-89274009-replay.json,Rmy,1,0,0.5102,Grimmsnarl
89275052,scraped/ss_full/episode-89275052-replay.json,keidroid,0,1,0.3778,Grimmsnarl
89280751,scraped/ss_full/episode-89280751-replay.json,keidroid,0,1,0.3778,Grimmsnarl
89282965,scraped/ss_full/episode-89282965-replay.json,flg,1,0,0.6902,Grimmsnarl
89287791,scraped/ss_full/episode-89287791-replay.json,Rmy,1,1,0.5102,Grimmsnarl
89321832,scraped/ss_full/episode-89321832-replay.json,keidroid,1,0,0.3778,Grimmsnarl
89324454,scraped/ss_full/episode-89324454-replay.json,Majkel1337,0,1,0.4255,Grimmsnarl
89319189,scraped/ss_full/episode-89319189-replay.json,Kazama Yusuke,0,1,0.3333,Grimmsnarl
89319263,scraped/ss_full/episode-89319263-replay.json,keidroid,1,1,0.3778,Grimmsnarl
89321690,scraped/ss_full/episode-89321690-replay.json,Majkel1337,0,1,0.4255,Grimmsnarl
89377999,scraped/ss_full/episode-89377999-replay.json,Majkel1337,1,1,0.4255,Grimmsnarl
89385805,scraped/ss_full/episode-89385805-replay.json,Rmy,0,1,0.5102,Grimmsnarl
89387341,scraped/ss_full/episode-89387341-replay.json,Majkel1337,0,1,0.4255,Grimmsnarl
89392584,scraped/ss_full/episode-89392584-replay.json,Rmy,0,1,0.5102,Grimmsnarl
89393617,scraped/ss_full/episode-89393617-replay.json,Majkel1337,0,0,0.4255,Grimmsnarl
89399965,scraped/ss_full/episode-89399965-replay.json,Tatsuya Kayama,1,1,0.4375,Grimmsnarl
89400492,scraped/ss_full/episode-89400492-replay.json,keidroid,1,1,0.3778,Grimmsnarl
89402081,scraped/ss_full/episode-89402081-replay.json,Kazama Yusuke,1,0,0.3333,Grimmsnarl
89410483,scraped/ss_full/episode-89410483-replay.json,Majkel1337,0,1,0.4255,Grimmsnarl
89412594,scraped/ss_full/episode-89412594-replay.json,Rmy,1,1,0.5102,Grimmsnarl
89408383,scraped/ss_full/episode-89408383-replay.json,keidroid,0,1,0.3778,Grimmsnarl
89418009,scraped/ss_full/episode-89418009-replay.json,Tatsuya Kayama,0,0,0.4375,Grimmsnarl
89419069,scraped/ss_full/episode-89419069-replay.json,keidroid,0,0,0.3778,Grimmsnarl
89424493,scraped/ss_full/episode-89424493-replay.json,Kazama Yusuke,1,0,0.3333,Grimmsnarl
89425558,scraped/ss_full/episode-89425558-replay.json,Kazama Yusuke,0,1,0.3333,Grimmsnarl
89427171,scraped/ss_full/episode-89427171-replay.json,keidroid,1,1,0.3778,Grimmsnarl
89446572,scraped/ss_full/episode-89446572-replay.json,Majkel1337,1,1,0.4255,Grimmsnarl
89421787,scraped/ss_full/episode-89421787-replay.json,Kazama Yusuke,1,1,0.3333,Grimmsnarl
89575357,scraped/ss_full/episode-89575357-replay.json,Majkel1337,1,1,0.4255,Grimmsnarl
89597117,scraped/ss_full/episode-89597117-replay.json,Tatsuya Kayama,0,0,0.4375,Grimmsnarl
89597661,scraped/ss_full/episode-89597661-replay.json,Tatsuya Kayama,1,1,0.4375,Grimmsnarl
89588409,scraped/ss_full/episode-89588409-replay.json,Tatsuya Kayama,1,1,0.4375,Grimmsnarl
89608171,scraped/ss_full/episode-89608171-replay.json,Majkel1337,1,1,0.4255,Grimmsnarl
89608727,scraped/ss_full/episode-89608727-replay.json,Tatsuya Kayama,1,1,0.4375,Grimmsnarl
89609288,scraped/ss_full/episode-89609288-replay.json,Tatsuya Kayama,1,1,0.4375,Grimmsnarl
89611502,scraped/ss_full/episode-89611502-replay.json,Jose Coronel,1,0,0.2222,Grimmsnarl
89614370,scraped/ss_full/episode-89614370-replay.json,Tatsuya Kayama,1,1,0.4375,Grimmsnarl
89616679,scraped/ss_full/episode-89616679-replay.json,Majkel1337,1,1,0.4255,Grimmsnarl
89767655,scraped/ss_full/episode-89767655-replay.json,llkarill,0,0,0.4375,Grimmsnarl
89802541,scraped/ss_full/episode-89802541-replay.json,keidroid,1,1,0.3778,Grimmsnarl
89809096,scraped/ss_full/episode-89809096-replay.json,keidroid,0,0,0.3778,Grimmsnarl
89814095,scraped/ss_full/episode-89814095-replay.json,keidroid,0,1,0.3778,Grimmsnarl
89859305,scraped/ss_full/episode-89859305-replay.json,MissingNo.,1,1,0.6389,Grimmsnarl
90004171,scraped/ss_full/episode-90004171-replay.json,tw_shin,1,1,0.475,Grimmsnarl
90015159,scraped/ss_full/episode-90015159-replay.json,タニシ,0,0,0.4324,Grimmsnarl
90033114,scraped/ss_full/episode-90033114-replay.json,tw_shin,0,0,0.475,Grimmsnarl
90033799,scraped/ss_full/episode-90033799-replay.json,llkarill,1,0,0.4375,Grimmsnarl
90043318,scraped/ss_full/episode-90043318-replay.json,Yan,1,1,0.3462,Grimmsnarl
90275771,scraped/ss_full/episode-90275771-replay.json,tw_shin,1,1,0.475,Grimmsnarl
90280793,scraped/ss_full/episode-90280793-replay.json,KouFu,0,1,0.3906,Grimmsnarl
90287274,scraped/ss_full/episode-90287274-replay.json,Marshall Maximizer,1,1,0.6389,Grimmsnarl
90292355,scraped/ss_full/episode-90292355-replay.json,Marshall Maximizer,1,0,0.6389,Grimmsnarl
90299718,scraped/ss_full/episode-90299718-replay.json,Marshall Maximizer,1,1,0.6389,Grimmsnarl
90300471,scraped/ss_full/episode-90300471-replay.json,ANDPAD kaggler team,1,1,0.6301,Grimmsnarl
90313561,scraped/ss_full/episode-90313561-replay.json,ANDPAD kaggler team,0,0,0.6301,Grimmsnarl
90552502,scraped/ss_full/episode-90552502-replay.json,kigasudayooo,0,1,0.4103,Grimmsnarl
90559594,scraped/ss_full/episode-90559594-replay.json,タニシ,1,0,0.4324,Grimmsnarl
90646797,scraped/ss_full/episode-90646797-replay.json,ANDPAD kaggler team,0,1,0.6301,Grimmsnarl
90846384,scraped/ss_full/episode-90846384-replay.json,James Cox & Henry Chao,1,0,0.3846,Grimmsnarl
91062023,scraped/ss_full/episode-91062023-replay.json,タニシ,1,1,0.4324,Hydrapple
91149925,scraped/ss_full/episode-91149925-replay.json,__Taichicchi__,1,0,0.6119,Hydrapple
91477601,scraped/ss_full/episode-91477601-replay.json,Boss's Orders Are All You Need,1,0,0.4872,M-Kangaskhan
91372595,scraped/ss_full/episode-91372595-replay.json,Sixth Sense,0,1,0.6541,Ogerpon
91362646,scraped/ss_full/episode-91362646-replay.json,kashiwashira,1,1,0.4925,Grimmsnarl
91574553,scraped/ss_full/episode-91574553-replay.json,Boss's Orders Are All You Need,1,1,0.4872,Dragapult
91580365,scraped/ss_full/episode-91580365-replay.json,ANDPAD kaggler team,1,1,0.6301,Dragapult
91581043,scraped/ss_full/episode-91581043-replay.json,Boss's Orders Are All You Need,0,0,0.4872,Dragapult
91584758,scraped/ss_full/episode-91584758-replay.json,Boss's Orders Are All You Need,0,1,0.4872,Dragapult
91597603,scraped/ss_full/episode-91597603-replay.json,flg,0,1,0.6902,Dragapult
91692134,scraped/ss_full/episode-91692134-replay.json,Marshall Maximizer,0,1,0.6389,Dragapult
91698675,scraped/ss_full/episode-91698675-replay.json,Marshall Maximizer,1,1,0.6389,Dragapult
92596400,scraped/ss_full/episode-92596400-replay.json,ANDPAD kaggler team,0,0,0.6301,Dragapult
92306593,scraped/ss_full/episode-92306593-replay.json,ANDPAD kaggler team,0,0,0.6301,Dragapult
92230319,scraped/ss_full/episode-92230319-replay.json,Oshbocker,0,1,0.6304,Dragapult
92234700,scraped/ss_full/episode-92234700-replay.json,KatR,1,1,0.6364,Dragapult
92391765,top_fresh/Dipam Chakraborty/92391765.json,Dipam Chakraborty,1,0,0.7491,Alakazam
92393745,top_fresh/Dipam Chakraborty/92393745.json,Dipam Chakraborty,1,1,0.7491,other
92394631,top_fresh/Dipam Chakraborty/92394631.json,Dipam Chakraborty,1,1,0.7491,Alakazam
92395371,top_fresh/Dipam Chakraborty/92395371.json,Dipam Chakraborty,0,1,0.7491,M-Lopunny
92395379,top_fresh/Dipam Chakraborty/92395379.json,Dipam Chakraborty,1,0,0.7491,other
92403894,top_fresh/Dipam Chakraborty/92403894.json,Dipam Chakraborty,0,1,0.7491,Grimmsnarl
92409432,top_fresh/Dipam Chakraborty/92409432.json,Dipam Chakraborty,0,1,0.7491,Grimmsnarl
92413168,top_fresh/Dipam Chakraborty/92413168.json,Dipam Chakraborty,1,1,0.7491,M-Lopunny
92377728,top_fresh/Dipam Chakraborty/92377728.json,tktkyamyam,0,0,0.4797,Ogerpon
92377728,top_fresh/Dipam Chakraborty/92377728.json,Dipam Chakraborty,1,1,0.7491,Ogerpon
92378664,top_fresh/Dipam Chakraborty/92378664.json,Dipam Chakraborty,0,1,0.7491,Alakazam
92379602,top_fresh/Dipam Chakraborty/92379602.json,Dipam Chakraborty,0,1,0.7491,M-Kangaskhan
92380582,top_fresh/Dipam Chakraborty/92380582.json,Dipam Chakraborty,1,1,0.7491,Grimmsnarl
92381491,top_fresh/Dipam Chakraborty/92381491.json,Dipam Chakraborty,1,1,0.7491,M-Lopunny
92382415,top_fresh/Dipam Chakraborty/92382415.json,Dipam Chakraborty,0,1,0.7491,Dragapult
92383354,top_fresh/Dipam Chakraborty/92383354.json,Dipam Chakraborty,1,1,0.7491,M-Kangaskhan
92384272,top_fresh/Dipam Chakraborty/92384272.json,Dipam Chakraborty,0,1,0.7491,M-Lopunny
92359678,top_fresh/Dipam Chakraborty/92359678.json,Dipam Chakraborty,0,1,0.7491,Ogerpon
92359678,top_fresh/Dipam Chakraborty/92359678.json,Dipam Chakraborty,1,0,0.7491,Ogerpon
92359773,top_fresh/Dipam Chakraborty/92359773.json,Dipam Chakraborty,0,1,0.7491,M-Lucario
92360092,top_fresh/Dipam Chakraborty/92360092.json,Dipam Chakraborty,0,1,0.7491,Alakazam
92360722,top_fresh/Dipam Chakraborty/92360722.json,Dipam Chakraborty,0,1,0.7491,Grimmsnarl
92361664,top_fresh/Dipam Chakraborty/92361664.json,Dipam Chakraborty,1,1,0.7491,Grimmsnarl
92362611,top_fresh/Dipam Chakraborty/92362611.json,Dipam Chakraborty,0,1,0.7491,Alakazam
92363548,top_fresh/Dipam Chakraborty/92363548.json,Dipam Chakraborty,1,1,0.7491,Alakazam
92363737,top_fresh/Dipam Chakraborty/92363737.json,Dipam Chakraborty,1,1,0.7491,M-Lopunny
92371114,top_fresh/Dipam Chakraborty/92371114.json,Dipam Chakraborty,1,0,0.7491,Grimmsnarl
92372082,top_fresh/Dipam Chakraborty/92372082.json,Dipam Chakraborty,0,1,0.7491,Alakazam
92373025,top_fresh/Dipam Chakraborty/92373025.json,Dipam Chakraborty,0,1,0.7491,Alakazam
92373220,top_fresh/Dipam Chakraborty/92373220.json,Dipam Chakraborty,1,1,0.7491,M-Kangaskhan
92373984,top_fresh/Dipam Chakraborty/92373984.json,Dipam Chakraborty,1,0,0.7491,Alakazam
92374915,top_fresh/Dipam Chakraborty/92374915.json,Dipam Chakraborty,1,0,0.7491,M-Kangaskhan
92375855,top_fresh/Dipam Chakraborty/92375855.json,Dipam Chakraborty,1,1,0.7491,Grimmsnarl
92376800,top_fresh/Dipam Chakraborty/92376800.json,Dipam Chakraborty,1,1,0.7491,other
92364509,top_fresh/Dipam Chakraborty/92364509.json,Dipam Chakraborty,1,0,0.7491,M-Lopunny
92365460,top_fresh/Dipam Chakraborty/92365460.json,タニシ,0,1,0.4324,Ogerpon
92365460,top_fresh/Dipam Chakraborty/92365460.json,Dipam Chakraborty,1,0,0.7491,Ogerpon
92366410,top_fresh/Dipam Chakraborty/92366410.json,Dipam Chakraborty,1,1,0.7491,Grimmsnarl
92367331,top_fresh/Dipam Chakraborty/92367331.json,Dipam Chakraborty,0,1,0.7491,Garchomp
92368289,top_fresh/Dipam Chakraborty/92368289.json,Dipam Chakraborty,1,0,0.7491,Alakazam
92369227,top_fresh/Dipam Chakraborty/92369227.json,Dipam Chakraborty,0,0,0.7491,Hydrapple
92370178,top_fresh/Dipam Chakraborty/92370178.json,Dipam Chakraborty,0,1,0.7491,Grimmsnarl
92371004,top_fresh/Dipam Chakraborty/92371004.json,Dipam Chakraborty,0,0,0.7491,M-Kangaskhan
92385204,top_fresh/Dipam Chakraborty/92385204.json,Dipam Chakraborty,0,1,0.7491,Alakazam
92386145,top_fresh/Dipam Chakraborty/92386145.json,Dipam Chakraborty,1,1,0.7491,Grimmsnarl
92387078,top_fresh/Dipam Chakraborty/92387078.json,Dipam Chakraborty,0,0,0.7491,Archaludon
92388054,top_fresh/Dipam Chakraborty/92388054.json,Dipam Chakraborty,0,1,0.7491,Alakazam
92388976,top_fresh/Dipam Chakraborty/92388976.json,Dipam Chakraborty,1,1,0.7491,Dragapult
92388979,top_fresh/Dipam Chakraborty/92388979.json,Dipam Chakraborty,0,1,0.7491,Ogerpon
92389909,top_fresh/Dipam Chakraborty/92389909.json,Dipam Chakraborty,0,0,0.7491,Grimmsnarl
92390830,top_fresh/Dipam Chakraborty/92390830.json,Dipam Chakraborty,0,1,0.7491,Dudunsparce
92416879,top_fresh/Dipam Chakraborty/92416879.json,Dipam Chakraborty,0,1,0.7491,Dragapult
92417794,top_fresh/Dipam Chakraborty/92417794.json,Dipam Chakraborty,0,1,0.7491,Grimmsnarl
92418754,top_fresh/Dipam Chakraborty/92418754.json,Dipam Chakraborty,1,0,0.7491,Alakazam
92435365,top_fresh/Dipam Chakraborty/92435365.json,Dipam Chakraborty,1,1,0.7491,Grimmsnarl
92436197,top_fresh/Dipam Chakraborty/92436197.json,Dipam Chakraborty,0,1,0.7491,M-Lopunny
92440809,top_fresh/Dipam Chakraborty/92440809.json,Changyuan Chen,0,0,0.3962,Dragapult
92433486,top_fresh/Dipam Chakraborty/92433486.json,Dipam Chakraborty,0,0,0.7491,Alakazam
92423993,top_fresh/Dipam Chakraborty/92423993.json,Dipam Chakraborty,1,1,0.7491,Alakazam
92428641,top_fresh/Dipam Chakraborty/92428641.json,keidroid,1,1,0.3778,Dragapult
92428789,top_fresh/Dipam Chakraborty/92428789.json,Dipam Chakraborty,0,0,0.7491,Dragapult
92446536,top_fresh/Dipam Chakraborty/92446536.json,Dipam Chakraborty,0,1,0.7491,Ogerpon
92454851,top_fresh/Dipam Chakraborty/92454851.json,Dipam Chakraborty,0,1,0.7491,Grimmsnarl
92477957,top_fresh/Dipam Chakraborty/92477957.json,LiamK,0,0,0.6667,Dragapult
92485395,top_fresh/Dipam Chakraborty/92485395.json,Dipam Chakraborty,0,1,0.7491,Ogerpon
92485395,top_fresh/Dipam Chakraborty/92485395.json,LiamK,1,0,0.6667,Ogerpon
92491027,top_fresh/Dipam Chakraborty/92491027.json,Dipam Chakraborty,0,1,0.7491,Alakazam
92497557,top_fresh/Dipam Chakraborty/92497557.json,Dipam Chakraborty,0,1,0.7491,Crustle
92463199,top_fresh/Dipam Chakraborty/92463199.json,Dipam Chakraborty,1,1,0.7491,Grimmsnarl
92497663,top_fresh/Dipam Chakraborty/92497663.json,Dipam Chakraborty,0,1,0.7491,Grimmsnarl
92505862,top_fresh/Dipam Chakraborty/92505862.json,Dipam Chakraborty,0,1,0.7491,Dragapult
92517093,top_fresh/Dipam Chakraborty/92517093.json,Dipam Chakraborty,1,1,0.7491,Grimmsnarl
92315002,top_fresh/Sixth Sense/92315002.json,yamakawanin,1,0,0.1111,Dragapult
92317834,top_fresh/Sixth Sense/92317834.json,EliKal,0,0,0.4118,Dragapult
92369171,top_fresh/Sixth Sense/92369171.json,KatR,0,0,0.6364,Alakazam
92382366,top_fresh/Sixth Sense/92382366.json,takayosi,1,0,0.3967,Alakazam
92408263,top_fresh/Sixth Sense/92408263.json,Eason0203,0,1,0.625,Dragapult
92250802,top_fresh/__________/92250802.json,Dipam Chakraborty,1,0,0.7491,Dudunsparce
92258277,top_fresh/__________/92258277.json,Dipam Chakraborty,0,1,0.7491,Dudunsparce
92390911,top_fresh/__________/92390911.json,ANDPAD kaggler team,1,0,0.6301,Dudunsparce
92315038,top_fresh/__________/92315038.json,ANDPAD kaggler team,1,0,0.6301,Dudunsparce
92311282,top_fresh/__________/92311282.json,ANDPAD kaggler team,0,1,0.6301,Dragapult
92425922,top_fresh/__________/92425922.json,Dries @ Tufa Labs,1,0,0.561,M-Lopunny
92427793,top_fresh/__________/92427793.json,KatR,0,0,0.6364,M-Lopunny
92428711,top_fresh/__________/92428711.json,KatR,1,0,0.6364,M-Lopunny
92437083,top_fresh/__________/92437083.json,Yan,1,1,0.3462,Grimmsnarl
92438076,top_fresh/__________/92438076.json,ANDPAD kaggler team,1,1,0.6301,M-Lopunny
92450127,top_fresh/__________/92450127.json,ANDPAD kaggler team,0,1,0.6301,M-Lopunny
92494724,top_fresh/__________/92494724.json,LiamK,0,0,0.6667,M-Lopunny
92275106,top_fresh/flg/92275106.json,Dipam Chakraborty,0,0,0.7491,Dragapult
92297282,top_fresh/flg/92297282.json,EliKal,0,0,0.4118,Dragapult
92298182,top_fresh/flg/92298182.json,Battle Data Base,1,0,0.419,Dragapult
92303820,top_fresh/flg/92303820.json,Oshbocker,0,1,0.6304,Dragapult
92304758,top_fresh/flg/92304758.json,Oshbocker,1,1,0.6304,Dragapult
92305690,top_fresh/flg/92305690.json,ANDPAD kaggler team,1,1,0.6301,Dragapult
92315100,top_fresh/flg/92315100.json,ANDPAD kaggler team,1,1,0.6301,Dragapult
92319756,top_fresh/flg/92319756.json,ANDPAD kaggler team,0,1,0.6301,Dragapult
92320785,top_fresh/flg/92320785.json,Oshbocker,1,0,0.6304,Dragapult
92323566,top_fresh/flg/92323566.json,ANDPAD kaggler team,1,0,0.6301,Dragapult
92333881,top_fresh/flg/92333881.json,ANDPAD kaggler team,0,1,0.6301,Dragapult
92938327,scraped/ss_oger_daily/episode-92938327-replay.json,Sixth Sense,1,1,0.6541,M-Kangaskhan
92973892,scraped/ss_oger_daily/episode-92973892-replay.json,Sixth Sense,0,1,0.6541,Ogerpon
92973892,scraped/ss_oger_daily/episode-92973892-replay.json,Dipam Chakraborty,1,0,0.7491,Ogerpon
92976599,scraped/ss_oger_daily/episode-92976599-replay.json,Sixth Sense,1,1,0.6541,other
92982019,scraped/ss_oger_daily/episode-92982019-replay.json,Sixth Sense,1,1,0.6541,Dragapult
92991382,scraped/ss_oger_daily/episode-92991382-replay.json,Sixth Sense,0,1,0.6541,Dragapult
93007299,scraped/ss_oger_daily/episode-93007299-replay.json,Sixth Sense,0,1,0.6541,M-Kangaskhan
93646803,scraped/ss_oger_daily/episode-93646803-replay.json,Sixth Sense,0,1,0.6541,Hydrapple
93646921,scraped/ss_oger_daily/episode-93646921-replay.json,Sixth Sense,1,1,0.6541,M-Lucario
93647796,scraped/ss_oger_daily/episode-93647796-replay.json,Sixth Sense,1,1,0.6541,M-Lucario
93648723,scraped/ss_oger_daily/episode-93648723-replay.json,Sixth Sense,1,1,0.6541,Grimmsnarl
93649619,scraped/ss_oger_daily/episode-93649619-replay.json,Sixth Sense,1,1,0.6541,M-Starmie
93650602,scraped/ss_oger_daily/episode-93650602-replay.json,Sixth Sense,0,1,0.6541,Alakazam
93651446,scraped/ss_oger_daily/episode-93651446-replay.json,Sixth Sense,1,1,0.6541,Dragapult
93652374,scraped/ss_oger_daily/episode-93652374-replay.json,Sixth Sense,1,1,0.6541,M-Kangaskhan
93653286,scraped/ss_oger_daily/episode-93653286-replay.json,Sixth Sense,0,1,0.6541,M-Kangaskhan
93653314,scraped/ss_oger_daily/episode-93653314-replay.json,Sixth Sense,0,1,0.6541,Grimmsnarl
93661535,scraped/ss_oger_daily/episode-93661535-replay.json,Sixth Sense,1,1,0.6541,Alakazam
93662453,scraped/ss_oger_daily/episode-93662453-replay.json,Sixth Sense,1,1,0.6541,Alakazam
93663354,scraped/ss_oger_daily/episode-93663354-replay.json,Sixth Sense,0,1,0.6541,Alakazam
93664091,scraped/ss_oger_daily/episode-93664091-replay.json,Sixth Sense,1,1,0.6541,other
93664381,scraped/ss_oger_daily/episode-93664381-replay.json,Sixth Sense,0,1,0.6541,M-Lucario
93665181,scraped/ss_oger_daily/episode-93665181-replay.json,Sixth Sense,1,1,0.6541,Dragapult
93666096,scraped/ss_oger_daily/episode-93666096-replay.json,Sixth Sense,0,0,0.6541,M-Kangaskhan
93654204,scraped/ss_oger_daily/episode-93654204-replay.json,Sixth Sense,0,1,0.6541,M-Lopunny
93656286,scraped/ss_oger_daily/episode-93656286-replay.json,Sixth Sense,1,1,0.6541,Dragapult
93656919,scraped/ss_oger_daily/episode-93656919-replay.json,Sixth Sense,0,0,0.6541,Dragapult
93657832,scraped/ss_oger_daily/episode-93657832-replay.json,Sixth Sense,1,1,0.6541,Grimmsnarl
93658733,scraped/ss_oger_daily/episode-93658733-replay.json,Sixth Sense,0,0,0.6541,Ogerpon
93658733,scraped/ss_oger_daily/episode-93658733-replay.json,Rmy,1,1,0.5102,Ogerpon
93659540,scraped/ss_oger_daily/episode-93659540-replay.json,Sixth Sense,0,1,0.6541,Dragapult
93659803,scraped/ss_oger_daily/episode-93659803-replay.json,Sixth Sense,1,0,0.6541,M-Kangaskhan
92832371,scraped/ss_oger_daily/episode-92832371-replay.json,Sixth Sense,0,1,0.6541,Dragapult
92840791,scraped/ss_oger_daily/episode-92840791-replay.json,Sixth Sense,0,0,0.6541,Dragapult
92847305,scraped/ss_oger_daily/episode-92847305-replay.json,Sixth Sense,1,0,0.6541,Dragapult
92882674,scraped/ss_oger_daily/episode-92882674-replay.json,Rmy,0,1,0.5102,Ogerpon
92882674,scraped/ss_oger_daily/episode-92882674-replay.json,Sixth Sense,1,0,0.6541,Ogerpon
92907701,scraped/ss_oger_daily/episode-92907701-replay.json,Sixth Sense,1,1,0.6541,M-Lucario
92930089,scraped/ss_oger_daily/episode-92930089-replay.json,Sixth Sense,0,0,0.6541,Ogerpon
92930089,scraped/ss_oger_daily/episode-92930089-replay.json,LiamK,1,1,0.6667,Ogerpon
92930870,scraped/ss_oger_daily/episode-92930870-replay.json,Sixth Sense,1,1,0.6541,other
92931158,scraped/ss_oger_daily/episode-92931158-replay.json,Sixth Sense,0,0,0.6541,Ogerpon
92931158,scraped/ss_oger_daily/episode-92931158-replay.json,熱異常,1,1,0.5,Ogerpon
92774853,scraped/ss_oger_daily/episode-92774853-replay.json,Sixth Sense,0,1,0.6541,Garchomp
92778641,scraped/ss_oger_daily/episode-92778641-replay.json,Sixth Sense,1,0,0.6541,M-Lucario
92780315,scraped/ss_oger_daily/episode-92780315-replay.json,Sixth Sense,1,0,0.6541,Dragapult
92787742,scraped/ss_oger_daily/episode-92787742-replay.json,Sixth Sense,1,1,0.6541,Dragapult
92792376,scraped/ss_oger_daily/episode-92792376-replay.json,Sixth Sense,1,0,0.6541,Dragapult
92792403,scraped/ss_oger_daily/episode-92792403-replay.json,Sixth Sense,1,1,0.6541,Dragapult
92799003,scraped/ss_oger_daily/episode-92799003-replay.json,Sixth Sense,0,1,0.6541,Ogerpon
92799003,scraped/ss_oger_daily/episode-92799003-replay.json,Dipam Chakraborty,1,0,0.7491,Ogerpon
92802526,scraped/ss_oger_daily/episode-92802526-replay.json,Sixth Sense,0,0,0.6541,Dragapult
93671626,scraped/ss_oger_daily/episode-93671626-replay.json,Rmy,0,1,0.5102,other
93672557,scraped/ss_oger_daily/episode-93672557-replay.json,Sixth Sense,1,1,0.6541,other
93673478,scraped/ss_oger_daily/episode-93673478-replay.json,Sixth Sense,0,1,0.6541,M-Kangaskhan
93677062,scraped/ss_oger_daily/episode-93677062-replay.json,Sixth Sense,1,1,0.6541,M-Kangaskhan
93689579,scraped/ss_oger_daily/episode-93689579-replay.json,Sixth Sense,1,0,0.6541,M-Kangaskhan
93692022,scraped/ss_oger_daily/episode-93692022-replay.json,Luca,0,1,0.6349,Ogerpon
93692022,scraped/ss_oger_daily/episode-93692022-replay.json,Sixth Sense,1,0,0.6541,Ogerpon
93666156,scraped/ss_oger_daily/episode-93666156-replay.json,Rmy,0,1,0.5102,Ogerpon
93666156,scraped/ss_oger_daily/episode-93666156-replay.json,Sixth Sense,1,0,0.6541,Ogerpon
93667012,scraped/ss_oger_daily/episode-93667012-replay.json,Sixth Sense,0,1,0.6541,Hydrapple
93667070,scraped/ss_oger_daily/episode-93667070-replay.json,Sixth Sense,0,1,0.6541,Ogerpon
93667070,scraped/ss_oger_daily/episode-93667070-replay.json,Rmy,1,0,0.5102,Ogerpon
93667958,scraped/ss_oger_daily/episode-93667958-replay.json,Sixth Sense,1,0,0.6541,Dragapult
93668897,scraped/ss_oger_daily/episode-93668897-replay.json,Rmy,0,0,0.5102,Ogerpon
93668897,scraped/ss_oger_daily/episode-93668897-replay.json,Sixth Sense,1,1,0.6541,Ogerpon
93668959,scraped/ss_oger_daily/episode-93668959-replay.json,Sixth Sense,0,0,0.6541,Dragapult
93669801,scraped/ss_oger_daily/episode-93669801-replay.json,Sixth Sense,0,1,0.6541,Dragapult
93670703,scraped/ss_oger_daily/episode-93670703-replay.json,Sixth Sense,0,0,0.6541,Ogerpon
91808093,/Users/nickzwart/Desktop/11082026/91808093.json,Oshbocker,0,1,0.6304,M-Lucario
91804319,/Users/nickzwart/Desktop/11082026/91804319.json,Oshbocker,0,0,0.6304,Hydrapple
91804327,/Users/nickzwart/Desktop/11082026/91804327.json,wwwwwwwwwwwwwwwwwwwwwwwwwwwwww,1,0,0.375,Alakazam
91807182,/Users/nickzwart/Desktop/11082026/91807182.json,Oshbocker,1,1,0.6304,M-Lucario
91805251,/Users/nickzwart/Desktop/11082026/91805251.json,Sixth Sense,0,1,0.6541,Ogerpon
91805251,/Users/nickzwart/Desktop/11082026/91805251.json,Oshbocker,1,0,0.6304,Ogerpon
91803181,/Users/nickzwart/Desktop/11082026/91803181.json,__Taichicchi__,0,1,0.6119,Alakazam
91806076,/Users/nickzwart/Desktop/11082026/91806076.json,Changyuan Chen,1,0,0.3962,Alakazam
91806197,/Users/nickzwart/Desktop/11082026/91806197.json,Oshbocker,1,0,0.6304,M-Lucario
91810774,/Users/nickzwart/Desktop/11082026/91810774.json,Oshbocker,0,1,0.6304,M-Lucario
91811518,/Users/nickzwart/Desktop/11082026/91811518.json,shyjin,1,0,0.0,Dragapult
91809006,/Users/nickzwart/Desktop/11082026/91809006.json,takayosi,0,0,0.3967,Ogerpon
91809006,/Users/nickzwart/Desktop/11082026/91809006.json,goonew,1,1,0.5714,Ogerpon
91808095,/Users/nickzwart/Desktop/11082026/91808095.json,shyjin,0,0,0.0,Alakazam
91812480,/Users/nickzwart/Desktop/11082026/91812480.json,wwwwwwwwwwwwwwwwwwwwwwwwwwwwww,1,1,0.375,M-Lopunny
91813707,/Users/nickzwart/Desktop/11082026/91813707.json,goonew,0,0,0.5714,Alakazam
91815366,/Users/nickzwart/Desktop/11082026/91815366.json,tktkyamyam,0,0,0.4797,Alakazam
91817376,/Users/nickzwart/Desktop/11082026/91817376.json,wwwwwwwwwwwwwwwwwwwwwwwwwwwwww,1,0,0.375,Alakazam
91819054,/Users/nickzwart/Desktop/11082026/91819054.json,palsystem,1,1,0.6183,M-Lopunny
91820967,/Users/nickzwart/Desktop/11082026/91820967.json,Budew,0,0,0.3333,Alakazam
91821761,/Users/nickzwart/Desktop/11082026/91821761.json,guruguru000,0,1,0.4286,Alakazam
91823002,/Users/nickzwart/Desktop/11082026/91823002.json,ANDPAD kaggler team,1,1,0.6301,Alakazam
91824619,/Users/nickzwart/Desktop/11082026/91824619.json,Marshall Maximizer,0,1,0.6389,Ogerpon
91824619,/Users/nickzwart/Desktop/11082026/91824619.json,tktkyamyam,1,0,0.4797,Ogerpon
91826500,/Users/nickzwart/Desktop/11082026/91826500.json,tktkyamyam,1,1,0.4797,Grimmsnarl
91826504,/Users/nickzwart/Desktop/11082026/91826504.json,Marshall Maximizer,1,1,0.6389,M-Lopunny
91827436,/Users/nickzwart/Desktop/11082026/91827436.json,Marshall Maximizer,0,1,0.6389,Garchomp
91825646,/Users/nickzwart/Desktop/11082026/91825646.json,Marshall Maximizer,0,0,0.6389,Alakazam
91825674,/Users/nickzwart/Desktop/11082026/91825674.json,タニシ,1,0,0.4324,other
91827497,/Users/nickzwart/Desktop/11082026/91827497.json,Sixth Sense,0,0,0.6541,M-Lopunny
91828491,/Users/nickzwart/Desktop/11082026/91828491.json,ANDPAD kaggler team,0,0,0.6301,Alakazam
91828494,/Users/nickzwart/Desktop/11082026/91828494.json,Shardul Gharat,1,0,0.48,M-Lucario
91829328,/Users/nickzwart/Desktop/11082026/91829328.json,Marshall Maximizer,0,1,0.6389,Grimmsnarl
91829396,/Users/nickzwart/Desktop/11082026/91829396.json,wwwwwwwwwwwwwwwwwwwwwwwwwwwwww,0,0,0.375,Alakazam
91830267,/Users/nickzwart/Desktop/11082026/91830267.json,Marshall Maximizer,0,1,0.6389,Alakazam
91832138,/Users/nickzwart/Desktop/11082026/91832138.json,Marshall Maximizer,1,0,0.6389,M-Kangaskhan
91833087,/Users/nickzwart/Desktop/11082026/91833087.json,Marshall Maximizer,1,1,0.6389,Grimmsnarl
91833139,/Users/nickzwart/Desktop/11082026/91833139.json,Marshall Maximizer,0,1,0.6389,M-Lopunny
91832324,/Users/nickzwart/Desktop/11082026/91832324.json,Confusion,1,0,0.4651,Grimmsnarl
91833984,/Users/nickzwart/Desktop/11082026/91833984.json,Marshall Maximizer,1,1,0.6389,M-Lopunny
91834017,/Users/nickzwart/Desktop/11082026/91834017.json,wwwwwwwwwwwwwwwwwwwwwwwwwwwwww,1,1,0.375,M-Lopunny
91834022,/Users/nickzwart/Desktop/11082026/91834022.json,tktkyamyam,0,0,0.4797,Alakazam
91834163,/Users/nickzwart/Desktop/11082026/91834163.json,Marshall Maximizer,1,1,0.6389,M-Lopunny
91835064,/Users/nickzwart/Desktop/11082026/91835064.json,ANDPAD kaggler team,0,1,0.6301,M-Lopunny
91835110,/Users/nickzwart/Desktop/11082026/91835110.json,Marshall Maximizer,0,0,0.6389,Alakazam
91835984,/Users/nickzwart/Desktop/11082026/91835984.json,goonew,1,1,0.5714,Dragapult
91836668,/Users/nickzwart/Desktop/11082026/91836668.json,shyjin,1,0,0.0,Archaludon
91835911,/Users/nickzwart/Desktop/11082026/91835911.json,Marshall Maximizer,1,1,0.6389,Grimmsnarl
91836832,/Users/nickzwart/Desktop/11082026/91836832.json,ANDPAD kaggler team,0,1,0.6301,Grimmsnarl
91836852,/Users/nickzwart/Desktop/11082026/91836852.json,Marshall Maximizer,0,1,0.6389,Grimmsnarl
91837760,/Users/nickzwart/Desktop/11082026/91837760.json,Marshall Maximizer,1,1,0.6389,Grimmsnarl
91837787,/Users/nickzwart/Desktop/11082026/91837787.json,Marshall Maximizer,0,0,0.6389,Alakazam
91837854,/Users/nickzwart/Desktop/11082026/91837854.json,Yan,1,0,0.3462,Alakazam
91837897,/Users/nickzwart/Desktop/11082026/91837897.json,Oshbocker,1,1,0.6304,Hydrapple
91839497,/Users/nickzwart/Desktop/11082026/91839497.json,takayosi,1,0,0.3967,Dudunsparce
91839532,/Users/nickzwart/Desktop/11082026/91839532.json,takayosi,1,0,0.3967,Alakazam
91838739,/Users/nickzwart/Desktop/11082026/91838739.json,Marshall Maximizer,1,0,0.6389,Grimmsnarl
91839676,/Users/nickzwart/Desktop/11082026/91839676.json,Marshall Maximizer,1,0,0.6389,M-Lopunny
91840531,/Users/nickzwart/Desktop/11082026/91840531.json,Marshall Maximizer,0,1,0.6389,M-Kangaskhan
91840636,/Users/nickzwart/Desktop/11082026/91840636.json,Marshall Maximizer,1,0,0.6389,Alakazam
91841584,/Users/nickzwart/Desktop/11082026/91841584.json,Marshall Maximizer,0,1,0.6389,M-Lucario
91843468,/Users/nickzwart/Desktop/11082026/91843468.json,Marshall Maximizer,1,0,0.6389,Grimmsnarl
91842521,/Users/nickzwart/Desktop/11082026/91842521.json,Marshall Maximizer,0,0,0.6389,M-Lopunny
91842541,/Users/nickzwart/Desktop/11082026/91842541.json,Masaruto,0,0,0.5,M-Lopunny
91843281,/Users/nickzwart/Desktop/11082026/91843281.json,tktkyamyam,0,0,0.4797,Dragapult
91843317,/Users/nickzwart/Desktop/11082026/91843317.json,Marshall Maximizer,0,1,0.6389,Alakazam
91845332,/Users/nickzwart/Desktop/11082026/91845332.json,Marshall Maximizer,1,1,0.6389,M-Lopunny
91846172,/Users/nickzwart/Desktop/11082026/91846172.json,palsystem,0,1,0.6183,Hydrapple
91846324,/Users/nickzwart/Desktop/11082026/91846324.json,Marshall Maximizer,0,1,0.6389,M-Kangaskhan
91847076,/Users/nickzwart/Desktop/11082026/91847076.json,ANDPAD kaggler team,0,1,0.6301,Grimmsnarl
91847995,/Users/nickzwart/Desktop/11082026/91847995.json,goonew,0,1,0.5714,Alakazam
91849106,/Users/nickzwart/Desktop/11082026/91849106.json,ANDPAD kaggler team,1,1,0.6301,M-Lopunny
91851003,/Users/nickzwart/Desktop/11082026/91851003.json,Marshall Maximizer,0,1,0.6389,M-Lopunny
91851645,/Users/nickzwart/Desktop/11082026/91851645.json,Yan,1,0,0.3462,M-Lucario
91852523,/Users/nickzwart/Desktop/11082026/91852523.json,Dipam Chakraborty,0,1,0.7491,Grimmsnarl
91852720,/Users/nickzwart/Desktop/11082026/91852720.json,palsystem,1,0,0.6183,Hydrapple
91854383,/Users/nickzwart/Desktop/11082026/91854383.json,Dipam Chakraborty,0,1,0.7491,Grimmsnarl
91857206,/Users/nickzwart/Desktop/11082026/91857206.json,Dipam Chakraborty,1,1,0.7491,Grimmsnarl
91857300,/Users/nickzwart/Desktop/11082026/91857300.json,takayosi,0,0,0.3967,Dragapult
91855454,/Users/nickzwart/Desktop/11082026/91855454.json,cabbage patch,0,0,0.4706,Dudunsparce
91856338,/Users/nickzwart/Desktop/11082026/91856338.json,Dipam Chakraborty,1,1,0.7491,Dragapult
91856353,/Users/nickzwart/Desktop/11082026/91856353.json,Marshall Maximizer,0,1,0.6389,M-Lopunny
91858138,/Users/nickzwart/Desktop/11082026/91858138.json,Dipam Chakraborty,1,1,0.7491,M-Lopunny
91858316,/Users/nickzwart/Desktop/11082026/91858316.json,ANDPAD kaggler team,0,1,0.6301,other
91859052,/Users/nickzwart/Desktop/11082026/91859052.json,Dipam Chakraborty,0,1,0.7491,M-Lopunny
91859996,/Users/nickzwart/Desktop/11082026/91859996.json,Dipam Chakraborty,0,1,0.7491,M-Lopunny
91860938,/Users/nickzwart/Desktop/11082026/91860938.json,Dipam Chakraborty,1,1,0.7491,M-Lopunny
91861035,/Users/nickzwart/Desktop/11082026/91861035.json,ANDPAD kaggler team,0,1,0.6301,Dudunsparce
91861858,/Users/nickzwart/Desktop/11082026/91861858.json,Dipam Chakraborty,1,0,0.7491,M-Lopunny
91862908,/Users/nickzwart/Desktop/11082026/91862908.json,Dipam Chakraborty,0,1,0.7491,Grimmsnarl
91862962,/Users/nickzwart/Desktop/11082026/91862962.json,Confusion,0,1,0.4651,Alakazam
91862973,/Users/nickzwart/Desktop/11082026/91862973.json,wwwwwwwwwwwwwwwwwwwwwwwwwwwwww,0,0,0.375,M-Lopunny
91862064,/Users/nickzwart/Desktop/11082026/91862064.json,Oshbocker,1,1,0.6304,M-Lopunny
91863657,/Users/nickzwart/Desktop/11082026/91863657.json,Changyuan Chen,0,0,0.3962,Dragapult
91864682,/Users/nickzwart/Desktop/11082026/91864682.json,Dipam Chakraborty,0,1,0.7491,Garchomp
91863735,/Users/nickzwart/Desktop/11082026/91863735.json,Dipam Chakraborty,1,1,0.7491,M-Kangaskhan
91864824,/Users/nickzwart/Desktop/11082026/91864824.json,cabbage patch,0,0,0.4706,M-Lopunny
91864891,/Users/nickzwart/Desktop/11082026/91864891.json,Marshall Maximizer,0,1,0.6389,M-Lopunny
91863857,/Users/nickzwart/Desktop/11082026/91863857.json,ANDPAD kaggler team,0,0,0.6301,M-Lopunny
91865616,/Users/nickzwart/Desktop/11082026/91865616.json,Dipam Chakraborty,1,1,0.7491,Grimmsnarl
91865695,/Users/nickzwart/Desktop/11082026/91865695.json,Confusion,0,1,0.4651,Grimmsnarl
91866529,/Users/nickzwart/Desktop/11082026/91866529.json,Dipam Chakraborty,0,1,0.7491,M-Lopunny
91866469,/Users/nickzwart/Desktop/11082026/91866469.json,takayosi,0,1,0.3967,M-Lucario
91867652,/Users/nickzwart/Desktop/11082026/91867652.json,tktkyamyam,1,0,0.4797,M-Lopunny
91867420,/Users/nickzwart/Desktop/11082026/91867420.json,Oshbocker,1,1,0.6304,M-Lopunny
91867454,/Users/nickzwart/Desktop/11082026/91867454.json,Dipam Chakraborty,1,0,0.7491,M-Lopunny
91867471,/Users/nickzwart/Desktop/11082026/91867471.json,yamakawanin,1,0,0.1111,Dragapult
91868354,/Users/nickzwart/Desktop/11082026/91868354.json,Dipam Chakraborty,1,1,0.7491,M-Lucario
91868413,/Users/nickzwart/Desktop/11082026/91868413.json,Dipam Chakraborty,0,1,0.7491,M-Lopunny
91869386,/Users/nickzwart/Desktop/11082026/91869386.json,Dipam Chakraborty,1,1,0.7491,M-Lucario
91869482,/Users/nickzwart/Desktop/11082026/91869482.json,yamakawanin,1,0,0.1111,Crustle
91870349,/Users/nickzwart/Desktop/11082026/91870349.json,__Taichicchi__,1,1,0.6119,M-Lopunny
91870519,/Users/nickzwart/Desktop/11082026/91870519.json,Dipam Chakraborty,1,1,0.7491,Grimmsnarl
91872184,/Users/nickzwart/Desktop/11082026/91872184.json,ANDPAD kaggler team,1,0,0.6301,M-Lucario
91871264,/Users/nickzwart/Desktop/11082026/91871264.json,Dipam Chakraborty,1,1,0.7491,Grimmsnarl
91871328,/Users/nickzwart/Desktop/11082026/91871328.json,ANDPAD kaggler team,1,0,0.6301,M-Lucario
91871369,/Users/nickzwart/Desktop/11082026/91871369.json,tktkyamyam,0,1,0.4797,other
91873124,/Users/nickzwart/Desktop/11082026/91873124.json,Dipam Chakraborty,0,1,0.7491,M-Lucario
91873233,/Users/nickzwart/Desktop/11082026/91873233.json,yamakawanin,0,0,0.1111,Ogerpon
91873233,/Users/nickzwart/Desktop/11082026/91873233.json,cabbage patch,1,1,0.4706,Ogerpon
91873307,/Users/nickzwart/Desktop/11082026/91873307.json,Marshall Maximizer,1,1,0.6389,M-Lucario
91873316,/Users/nickzwart/Desktop/11082026/91873316.json,Budew,1,1,0.3333,M-Lopunny
91874926,/Users/nickzwart/Desktop/11082026/91874926.json,yamakawanin,1,0,0.1111,Grimmsnarl
91874937,/Users/nickzwart/Desktop/11082026/91874937.json,palsystem,1,1,0.6183,Dragapult
91874063,/Users/nickzwart/Desktop/11082026/91874063.json,Dipam Chakraborty,1,1,0.7491,Alakazam
91875008,/Users/nickzwart/Desktop/11082026/91875008.json,Dipam Chakraborty,1,1,0.7491,M-Kangaskhan
91875890,/Users/nickzwart/Desktop/11082026/91875890.json,Budew,0,1,0.3333,M-Lucario
91875891,/Users/nickzwart/Desktop/11082026/91875891.json,Marshall Maximizer,0,1,0.6389,Grimmsnarl
91875948,/Users/nickzwart/Desktop/11082026/91875948.json,Dipam Chakraborty,0,1,0.7491,Alakazam
91876877,/Users/nickzwart/Desktop/11082026/91876877.json,Dipam Chakraborty,1,0,0.7491,M-Lucario
91877726,/Users/nickzwart/Desktop/11082026/91877726.json,Yan,1,1,0.3462,other
91877811,/Users/nickzwart/Desktop/11082026/91877811.json,Dipam Chakraborty,0,1,0.7491,M-Kangaskhan
91878713,/Users/nickzwart/Desktop/11082026/91878713.json,Sixth Sense,1,0,0.6541,M-Lucario
91878788,/Users/nickzwart/Desktop/11082026/91878788.json,Dipam Chakraborty,1,0,0.7491,M-Lucario
91878797,/Users/nickzwart/Desktop/11082026/91878797.json,Dipam Chakraborty,1,1,0.7491,M-Lucario
91878885,/Users/nickzwart/Desktop/11082026/91878885.json,タニシ,1,1,0.4324,Crustle
91878916,/Users/nickzwart/Desktop/11082026/91878916.json,tktkyamyam,0,0,0.4797,M-Lopunny
91879575,/Users/nickzwart/Desktop/11082026/91879575.json,cabbage patch,0,0,0.4706,M-Lucario
91879635,/Users/nickzwart/Desktop/11082026/91879635.json,palsystem,1,1,0.6183,Dragapult
91879641,/Users/nickzwart/Desktop/11082026/91879641.json,tktkyamyam,0,1,0.4797,M-Lopunny
91879698,/Users/nickzwart/Desktop/11082026/91879698.json,Confusion,0,0,0.4651,M-Lucario
91879706,/Users/nickzwart/Desktop/11082026/91879706.json,palsystem,0,0,0.6183,Ogerpon
91879706,/Users/nickzwart/Desktop/11082026/91879706.json,Dipam Chakraborty,1,1,0.7491,Ogerpon
91880584,/Users/nickzwart/Desktop/11082026/91880584.json,takayosi,0,1,0.3967,Grimmsnarl
91880631,/Users/nickzwart/Desktop/11082026/91880631.json,palsystem,1,1,0.6183,M-Lucario
91880655,/Users/nickzwart/Desktop/11082026/91880655.json,Dipam Chakraborty,0,0,0.7491,Hydrapple
91880514,/Users/nickzwart/Desktop/11082026/91880514.json,takayosi,0,1,0.3967,Alakazam
91881605,/Users/nickzwart/Desktop/11082026/91881605.json,Dipam Chakraborty,1,1,0.7491,M-Lopunny
91882520,/Users/nickzwart/Desktop/11082026/91882520.json,Dipam Chakraborty,1,0,0.7491,M-Lucario
91882539,/Users/nickzwart/Desktop/11082026/91882539.json,Dipam Chakraborty,0,1,0.7491,Dragapult
91881616,/Users/nickzwart/Desktop/11082026/91881616.json,Budew,0,0,0.3333,Alakazam
91884428,/Users/nickzwart/Desktop/11082026/91884428.json,Marshall Maximizer,0,1,0.6389,other
91884450,/Users/nickzwart/Desktop/11082026/91884450.json,タニシ,1,0,0.4324,M-Lucario
91884466,/Users/nickzwart/Desktop/11082026/91884466.json,Dipam Chakraborty,0,1,0.7491,M-Lopunny
91885340,/Users/nickzwart/Desktop/11082026/91885340.json,Confusion,1,0,0.4651,M-Lucario
91883462,/Users/nickzwart/Desktop/11082026/91883462.json,Oshbocker,0,0,0.6304,M-Lucario
91883496,/Users/nickzwart/Desktop/11082026/91883496.json,Oshbocker,0,1,0.6304,Ogerpon
91883496,/Users/nickzwart/Desktop/11082026/91883496.json,Dipam Chakraborty,1,0,0.7491,Ogerpon
91883441,/Users/nickzwart/Desktop/11082026/91883441.json,yamakawanin,0,0,0.1111,M-Lucario
91886316,/Users/nickzwart/Desktop/11082026/91886316.json,Dipam Chakraborty,0,1,0.7491,M-Lucario
91888948,/Users/nickzwart/Desktop/11082026/91888948.json,ANDPAD kaggler team,0,1,0.6301,Grimmsnarl
91888982,/Users/nickzwart/Desktop/11082026/91888982.json,cabbage patch,0,0,0.4706,M-Lucario
91889017,/Users/nickzwart/Desktop/11082026/91889017.json,Dipam Chakraborty,0,1,0.7491,Ogerpon
91889017,/Users/nickzwart/Desktop/11082026/91889017.json,palsystem,1,0,0.6183,Ogerpon
91887241,/Users/nickzwart/Desktop/11082026/91887241.json,Dipam Chakraborty,0,1,0.7491,M-Lucario
91888205,/Users/nickzwart/Desktop/11082026/91888205.json,Dipam Chakraborty,0,0,0.7491,Ogerpon
91888205,/Users/nickzwart/Desktop/11082026/91888205.json,Oshbocker,1,1,0.6304,Ogerpon
91889095,/Users/nickzwart/Desktop/11082026/91889095.json,タニシ,1,0,0.4324,Dragapult
91889907,/Users/nickzwart/Desktop/11082026/91889907.json,ANDPAD kaggler team,0,1,0.6301,Dragapult
91889966,/Users/nickzwart/Desktop/11082026/91889966.json,tktkyamyam,0,1,0.4797,Alakazam
91890012,/Users/nickzwart/Desktop/11082026/91890012.json,EliKal,1,0,0.4118,M-Lucario
91890051,/Users/nickzwart/Desktop/11082026/91890051.json,tktkyamyam,1,1,0.4797,Grimmsnarl
91890133,/Users/nickzwart/Desktop/11082026/91890133.json,Yan,1,0,0.3462,Alakazam
91890146,/Users/nickzwart/Desktop/11082026/91890146.json,goonew,1,0,0.5714,Alakazam
91889886,/Users/nickzwart/Desktop/11082026/91889886.json,Marshall Maximizer,1,0,0.6389,M-Lucario
91889892,/Users/nickzwart/Desktop/11082026/91889892.json,Dipam Chakraborty,0,0,0.7491,M-Lucario
91890813,/Users/nickzwart/Desktop/11082026/91890813.json,NIWATORI,0,1,0.5652,M-Lucario
91890848,/Users/nickzwart/Desktop/11082026/91890848.json,Confusion,1,0,0.4651,M-Lucario
91890919,/Users/nickzwart/Desktop/11082026/91890919.json,ANDPAD kaggler team,0,0,0.6301,Dragapult
91891750,/Users/nickzwart/Desktop/11082026/91891750.json,ANDPAD kaggler team,1,1,0.6301,M-Kangaskhan
91891932,/Users/nickzwart/Desktop/11082026/91891932.json,takayosi,1,1,0.3967,M-Lucario
91893606,/Users/nickzwart/Desktop/11082026/91893606.json,tktkyamyam,0,0,0.4797,Dragapult
91893645,/Users/nickzwart/Desktop/11082026/91893645.json,ANDPAD kaggler team,0,1,0.6301,M-Kangaskhan
91894518,/Users/nickzwart/Desktop/11082026/91894518.json,Confusion,0,0,0.4651,Dragapult
91894570,/Users/nickzwart/Desktop/11082026/91894570.json,ANDPAD kaggler team,0,1,0.6301,other
91894706,/Users/nickzwart/Desktop/11082026/91894706.json,goonew,1,0,0.5714,Dragapult
91895478,/Users/nickzwart/Desktop/11082026/91895478.json,ANDPAD kaggler team,0,1,0.6301,Grimmsnarl
91896462,/Users/nickzwart/Desktop/11082026/91896462.json,ANDPAD kaggler team,0,0,0.6301,Grimmsnarl
91896620,/Users/nickzwart/Desktop/11082026/91896620.json,Dipam Chakraborty,1,0,0.7491,M-Lucario
91897389,/Users/nickzwart/Desktop/11082026/91897389.json,ANDPAD kaggler team,1,0,0.6301,Grimmsnarl
91898298,/Users/nickzwart/Desktop/11082026/91898298.json,sobameshi,1,0,0.481,Dragapult
91898332,/Users/nickzwart/Desktop/11082026/91898332.json,ANDPAD kaggler team,1,1,0.6301,Grimmsnarl
91899264,/Users/nickzwart/Desktop/11082026/91899264.json,ANDPAD kaggler team,0,0,0.6301,Alakazam
91900212,/Users/nickzwart/Desktop/11082026/91900212.json,ANDPAD kaggler team,0,1,0.6301,Alakazam
91901015,/Users/nickzwart/Desktop/11082026/91901015.json,Dries @ Tufa Labs,0,1,0.561,Grimmsnarl
91901986,/Users/nickzwart/Desktop/11082026/91901986.json,shyjin,1,0,0.0,Alakazam
91901108,/Users/nickzwart/Desktop/11082026/91901108.json,sobameshi,0,0,0.481,Dragapult
91901144,/Users/nickzwart/Desktop/11082026/91901144.json,ANDPAD kaggler team,0,0,0.6301,M-Lopunny
91902980,/Users/nickzwart/Desktop/11082026/91902980.json,ANDPAD kaggler team,0,0,0.6301,Dragapult
91903205,/Users/nickzwart/Desktop/11082026/91903205.json,Dipam Chakraborty,0,1,0.7491,M-Lucario
91903826,/Users/nickzwart/Desktop/11082026/91903826.json,Jose Coronel,1,0,0.2222,Dragapult
91904003,/Users/nickzwart/Desktop/11082026/91904003.json,ANDPAD kaggler team,0,0,0.6301,Alakazam
91905864,/Users/nickzwart/Desktop/11082026/91905864.json,ANDPAD kaggler team,1,0,0.6301,Grimmsnarl
91904875,/Users/nickzwart/Desktop/11082026/91904875.json,cabbage patch,0,1,0.4706,Grimmsnarl
91906788,/Users/nickzwart/Desktop/11082026/91906788.json,ANDPAD kaggler team,0,0,0.6301,Grimmsnarl
91907620,/Users/nickzwart/Desktop/11082026/91907620.json,Dries @ Tufa Labs,1,1,0.561,Grimmsnarl
91908462,/Users/nickzwart/Desktop/11082026/91908462.json,palsystem,1,1,0.6183,Grimmsnarl
91908550,/Users/nickzwart/Desktop/11082026/91908550.json,tktkyamyam,1,0,0.4797,Dragapult
91908581,/Users/nickzwart/Desktop/11082026/91908581.json,Dries @ Tufa Labs,0,1,0.561,Grimmsnarl
91908699,/Users/nickzwart/Desktop/11082026/91908699.json,ANDPAD kaggler team,1,0,0.6301,Grimmsnarl
91909385,/Users/nickzwart/Desktop/11082026/91909385.json,shyjin,1,0,0.0,Dragapult
91909513,/Users/nickzwart/Desktop/11082026/91909513.json,tktkyamyam,0,1,0.4797,Ogerpon
91909513,/Users/nickzwart/Desktop/11082026/91909513.json,Dries @ Tufa Labs,1,0,0.561,Ogerpon
91909636,/Users/nickzwart/Desktop/11082026/91909636.json,ANDPAD kaggler team,1,0,0.6301,Alakazam
91909748,/Users/nickzwart/Desktop/11082026/91909748.json,Marshall Maximizer,1,0,0.6389,M-Lopunny
91910423,/Users/nickzwart/Desktop/11082026/91910423.json,goonew,0,1,0.5714,Grimmsnarl
91910449,/Users/nickzwart/Desktop/11082026/91910449.json,Dries @ Tufa Labs,0,0,0.561,Ogerpon
91910449,/Users/nickzwart/Desktop/11082026/91910449.json,Confusion,1,1,0.4651,Ogerpon
91910478,/Users/nickzwart/Desktop/11082026/91910478.json,Yan,1,0,0.3462,M-Lucario
91910587,/Users/nickzwart/Desktop/11082026/91910587.json,ANDPAD kaggler team,1,1,0.6301,Grimmsnarl
91911391,/Users/nickzwart/Desktop/11082026/91911391.json,Dries @ Tufa Labs,1,0,0.561,M-Lopunny
91911404,/Users/nickzwart/Desktop/11082026/91911404.json,tktkyamyam,0,1,0.4797,M-Lucario
91911512,/Users/nickzwart/Desktop/11082026/91911512.json,ANDPAD kaggler team,1,0,0.6301,Alakazam
91892715,/Users/nickzwart/Desktop/11082026/91892715.json,takayosi,0,0,0.3967,M-Lopunny
91913251,/Users/nickzwart/Desktop/11082026/91913251.json,goonew,1,0,0.5714,Grimmsnarl
91913318,/Users/nickzwart/Desktop/11082026/91913318.json,Dries @ Tufa Labs,1,0,0.561,Alakazam
91912255,/Users/nickzwart/Desktop/11082026/91912255.json,Changyuan Chen,1,0,0.3962,M-Kangaskhan
91912360,/Users/nickzwart/Desktop/11082026/91912360.json,goonew,0,1,0.5714,Grimmsnarl
91914196,/Users/nickzwart/Desktop/11082026/91914196.json,goonew,1,1,0.5714,Alakazam
91914368,/Users/nickzwart/Desktop/11082026/91914368.json,ANDPAD kaggler team,1,0,0.6301,Hydrapple
91913355,/Users/nickzwart/Desktop/11082026/91913355.json,Marshall Maximizer,1,0,0.6389,Dragapult
91913439,/Users/nickzwart/Desktop/11082026/91913439.json,ANDPAD kaggler team,1,1,0.6301,Grimmsnarl
91915136,/Users/nickzwart/Desktop/11082026/91915136.json,goonew,1,0,0.5714,Alakazam
91915201,/Users/nickzwart/Desktop/11082026/91915201.json,Dries @ Tufa Labs,1,1,0.561,Grimmsnarl
91915105,/Users/nickzwart/Desktop/11082026/91915105.json,takayosi,0,0,0.3967,Dragapult
91916040,/Users/nickzwart/Desktop/11082026/91916040.json,Confusion,0,0,0.4651,Dragapult
91916059,/Users/nickzwart/Desktop/11082026/91916059.json,palsystem,0,1,0.6183,Dragapult
91916298,/Users/nickzwart/Desktop/11082026/91916298.json,Oshbocker,0,1,0.6304,Dragapult
91917009,/Users/nickzwart/Desktop/11082026/91917009.json,goonew,0,1,0.5714,M-Froslass
91917184,/Users/nickzwart/Desktop/11082026/91917184.json,Confusion,1,1,0.4651,Grimmsnarl
91917914,/Users/nickzwart/Desktop/11082026/91917914.json,tw_shin,1,1,0.475,M-Lucario
91917941,/Users/nickzwart/Desktop/11082026/91917941.json,goonew,1,1,0.5714,M-Lucario
91918938,/Users/nickzwart/Desktop/11082026/91918938.json,James Cox & Henry Chao,1,0,0.3846,Dragapult
91917966,/Users/nickzwart/Desktop/11082026/91917966.json,goonew,1,0,0.5714,Alakazam
91918007,/Users/nickzwart/Desktop/11082026/91918007.json,Dries @ Tufa Labs,0,1,0.561,Ogerpon
91918007,/Users/nickzwart/Desktop/11082026/91918007.json,goonew,1,0,0.5714,Ogerpon
91919832,/Users/nickzwart/Desktop/11082026/91919832.json,Oshbocker,0,0,0.6304,Dragapult
91919900,/Users/nickzwart/Desktop/11082026/91919900.json,Dries @ Tufa Labs,0,0,0.561,Alakazam
91919961,/Users/nickzwart/Desktop/11082026/91919961.json,tktkyamyam,0,0,0.4797,Ogerpon
91919961,/Users/nickzwart/Desktop/11082026/91919961.json,sobameshi,1,1,0.481,Ogerpon
91920016,/Users/nickzwart/Desktop/11082026/91920016.json,Dipam Chakraborty,0,0,0.7491,Dragapult
91920021,/Users/nickzwart/Desktop/11082026/91920021.json,Budew,0,0,0.3333,Alakazam
91921754,/Users/nickzwart/Desktop/11082026/91921754.json,goonew,1,1,0.5714,Crustle
91920781,/Users/nickzwart/Desktop/11082026/91920781.json,Oshbocker,1,1,0.6304,Dragapult
91921888,/Users/nickzwart/Desktop/11082026/91921888.json,Masaruto,1,1,0.5,M-Lopunny
91922694,/Users/nickzwart/Desktop/11082026/91922694.json,goonew,0,1,0.5714,Grimmsnarl
91923624,/Users/nickzwart/Desktop/11082026/91923624.json,goonew,1,0,0.5714,Alakazam
91923702,/Users/nickzwart/Desktop/11082026/91923702.json,sobameshi,0,1,0.481,Grimmsnarl
91922734,/Users/nickzwart/Desktop/11082026/91922734.json,Dries @ Tufa Labs,0,1,0.561,Hydrapple
91924665,/Users/nickzwart/Desktop/11082026/91924665.json,palsystem,0,1,0.6183,M-Lucario
91924707,/Users/nickzwart/Desktop/11082026/91924707.json,Dipam Chakraborty,0,1,0.7491,Alakazam
91924546,/Users/nickzwart/Desktop/11082026/91924546.json,Dipam Chakraborty,0,0,0.7491,Dragapult
91924572,/Users/nickzwart/Desktop/11082026/91924572.json,goonew,1,1,0.5714,Alakazam
91926436,/Users/nickzwart/Desktop/11082026/91926436.json,Oshbocker,1,0,0.6304,Dragapult
91926458,/Users/nickzwart/Desktop/11082026/91926458.json,goonew,0,1,0.5714,Alakazam
91926459,/Users/nickzwart/Desktop/11082026/91926459.json,tktkyamyam,0,1,0.4797,Alakazam
91926483,/Users/nickzwart/Desktop/11082026/91926483.json,Dries @ Tufa Labs,0,1,0.561,Grimmsnarl
91927389,/Users/nickzwart/Desktop/11082026/91927389.json,goonew,0,1,0.5714,Ogerpon
91927389,/Users/nickzwart/Desktop/11082026/91927389.json,Masaruto,1,0,0.5,Ogerpon
91927417,/Users/nickzwart/Desktop/11082026/91927417.json,Dries @ Tufa Labs,1,1,0.561,Grimmsnarl
91928353,/Users/nickzwart/Desktop/11082026/91928353.json,Dries @ Tufa Labs,1,1,0.561,Grimmsnarl
91929261,/Users/nickzwart/Desktop/11082026/91929261.json,goonew,0,1,0.5714,Grimmsnarl
91929286,/Users/nickzwart/Desktop/11082026/91929286.json,Dries @ Tufa Labs,0,0,0.561,M-Lucario
91930130,/Users/nickzwart/Desktop/11082026/91930130.json,Dipam Chakraborty,1,1,0.7491,Dragapult
91930183,/Users/nickzwart/Desktop/11082026/91930183.json,goonew,1,1,0.5714,M-Lopunny
91930215,/Users/nickzwart/Desktop/11082026/91930215.json,Dries @ Tufa Labs,1,1,0.561,Grimmsnarl
91930853,/Users/nickzwart/Desktop/11082026/91930853.json,NIWATORI,0,1,0.5652,Ogerpon
91930853,/Users/nickzwart/Desktop/11082026/91930853.json,goonew,1,0,0.5714,Ogerpon
91931141,/Users/nickzwart/Desktop/11082026/91931141.json,Dries @ Tufa Labs,1,1,0.561,Grimmsnarl
91932060,/Users/nickzwart/Desktop/11082026/91932060.json,Oshbocker,0,1,0.6304,Dragapult
91932074,/Users/nickzwart/Desktop/11082026/91932074.json,goonew,0,1,0.5714,Grimmsnarl
91932102,/Users/nickzwart/Desktop/11082026/91932102.json,takayosi,1,0,0.3967,Dragapult
91932747,/Users/nickzwart/Desktop/11082026/91932747.json,takayosi,1,0,0.3967,M-Lopunny
91933740,/Users/nickzwart/Desktop/11082026/91933740.json,tktkyamyam,0,0,0.4797,Alakazam
91933939,/Users/nickzwart/Desktop/11082026/91933939.json,goonew,1,1,0.5714,Grimmsnarl
91934003,/Users/nickzwart/Desktop/11082026/91934003.json,sobameshi,0,1,0.481,Grimmsnarl
91934598,/Users/nickzwart/Desktop/11082026/91934598.json,NIWATORI,0,1,0.5652,Grimmsnarl
91934872,/Users/nickzwart/Desktop/11082026/91934872.json,goonew,1,1,0.5714,M-Lopunny
91934944,/Users/nickzwart/Desktop/11082026/91934944.json,Dries @ Tufa Labs,1,1,0.561,Grimmsnarl
91935871,/Users/nickzwart/Desktop/11082026/91935871.json,goonew,0,1,0.5714,Grimmsnarl
91936796,/Users/nickzwart/Desktop/11082026/91936796.json,Confusion,1,0,0.4651,Alakazam
91937581,/Users/nickzwart/Desktop/11082026/91937581.json,ANDPAD kaggler team,1,1,0.6301,Grimmsnarl
91937659,/Users/nickzwart/Desktop/11082026/91937659.json,Changyuan Chen,0,0,0.3962,Dragapult
91938383,/Users/nickzwart/Desktop/11082026/91938383.json,takayosi,1,0,0.3967,Crustle
91938578,/Users/nickzwart/Desktop/11082026/91938578.json,Oshbocker,1,0,0.6304,Dragapult
91938595,/Users/nickzwart/Desktop/11082026/91938595.json,Oshbocker,0,1,0.6304,Dragapult
91941439,/Users/nickzwart/Desktop/11082026/91941439.json,goonew,1,1,0.5714,Alakazam
91939517,/Users/nickzwart/Desktop/11082026/91939517.json,palsystem,0,0,0.6183,Dragapult
91940497,/Users/nickzwart/Desktop/11082026/91940497.json,palsystem,0,1,0.6183,Dragapult
91940526,/Users/nickzwart/Desktop/11082026/91940526.json,Dries @ Tufa Labs,0,1,0.561,Grimmsnarl
91942419,/Users/nickzwart/Desktop/11082026/91942419.json,palsystem,0,0,0.6183,Dragapult
91943297,/Users/nickzwart/Desktop/11082026/91943297.json,sobameshi,1,1,0.481,Grimmsnarl
91944993,/Users/nickzwart/Desktop/11082026/91944993.json,Confusion,1,0,0.4651,Grimmsnarl
91944004,/Users/nickzwart/Desktop/11082026/91944004.json,NIWATORI,1,0,0.5652,Grimmsnarl
91944013,/Users/nickzwart/Desktop/11082026/91944013.json,ANDPAD kaggler team,1,1,0.6301,Grimmsnarl
91946060,/Users/nickzwart/Desktop/11082026/91946060.json,Changyuan Chen,0,0,0.3962,Dudunsparce
91946109,/Users/nickzwart/Desktop/11082026/91946109.json,Dries @ Tufa Labs,0,1,0.561,Grimmsnarl
91946119,/Users/nickzwart/Desktop/11082026/91946119.json,goonew,1,1,0.5714,M-Kangaskhan
91947758,/Users/nickzwart/Desktop/11082026/91947758.json,NIWATORI,0,1,0.5652,Alakazam
91946951,/Users/nickzwart/Desktop/11082026/91946951.json,NIWATORI,0,1,0.5652,Grimmsnarl
91947777,/Users/nickzwart/Desktop/11082026/91947777.json,sobameshi,0,0,0.481,M-Lopunny
91947873,/Users/nickzwart/Desktop/11082026/91947873.json,Budew,1,0,0.3333,Alakazam
91947941,/Users/nickzwart/Desktop/11082026/91947941.json,hatata,1,1,0.5238,Alakazam
91948001,/Users/nickzwart/Desktop/11082026/91948001.json,Jose Coronel,0,0,0.2222,Dragapult
91948594,/Users/nickzwart/Desktop/11082026/91948594.json,Confusion,0,0,0.4651,M-Lopunny
91948633,/Users/nickzwart/Desktop/11082026/91948633.json,hatata,1,0,0.5238,M-Lucario
91949605,/Users/nickzwart/Desktop/11082026/91949605.json,Masaruto,1,0,0.5,M-Lucario
91950546,/Users/nickzwart/Desktop/11082026/91950546.json,hatata,1,0,0.5238,M-Lopunny
91951569,/Users/nickzwart/Desktop/11082026/91951569.json,NIWATORI,1,1,0.5652,M-Kangaskhan
91951722,/Users/nickzwart/Desktop/11082026/91951722.json,Oshbocker,1,0,0.6304,M-Lucario
91952660,/Users/nickzwart/Desktop/11082026/91952660.json,goonew,0,1,0.5714,Alakazam
91952678,/Users/nickzwart/Desktop/11082026/91952678.json,Dries @ Tufa Labs,0,1,0.561,Grimmsnarl
91953394,/Users/nickzwart/Desktop/11082026/91953394.json,hatata,0,1,0.5238,Grimmsnarl
91954545,/Users/nickzwart/Desktop/11082026/91954545.json,palsystem,1,1,0.6183,Dragapult
91955180,/Users/nickzwart/Desktop/11082026/91955180.json,Marshall Maximizer,0,1,0.6389,Garchomp
91955365,/Users/nickzwart/Desktop/11082026/91955365.json,palsystem,1,0,0.6183,Alakazam
91956136,/Users/nickzwart/Desktop/11082026/91956136.json,hatata,0,1,0.5238,Garchomp
91957239,/Users/nickzwart/Desktop/11082026/91957239.json,cabbage patch,0,1,0.4706,Grimmsnarl
91959126,/Users/nickzwart/Desktop/11082026/91959126.json,Confusion,0,0,0.4651,Ogerpon
91959126,/Users/nickzwart/Desktop/11082026/91959126.json,NIWATORI,1,1,0.5652,Ogerpon
91959852,/Users/nickzwart/Desktop/11082026/91959852.json,hatata,1,0,0.5238,M-Kangaskhan
91959033,/Users/nickzwart/Desktop/11082026/91959033.json,sobameshi,0,1,0.481,Grimmsnarl
91959044,/Users/nickzwart/Desktop/11082026/91959044.json,hatata,1,1,0.5238,Grimmsnarl
91959967,/Users/nickzwart/Desktop/11082026/91959967.json,tktkyamyam,1,1,0.4797,Garchomp
91962797,/Users/nickzwart/Desktop/11082026/91962797.json,hatata,0,0,0.5238,Crustle
91961076,/Users/nickzwart/Desktop/11082026/91961076.json,hatata,1,1,0.5238,Dragapult
91961856,/Users/nickzwart/Desktop/11082026/91961856.json,hatata,0,0,0.5238,Ogerpon
91961856,/Users/nickzwart/Desktop/11082026/91961856.json,hinox13,1,1,0.5,Ogerpon
91961858,/Users/nickzwart/Desktop/11082026/91961858.json,sobameshi,1,1,0.481,Alakazam
91961894,/Users/nickzwart/Desktop/11082026/91961894.json,cabbage patch,0,1,0.4706,Grimmsnarl
91961960,/Users/nickzwart/Desktop/11082026/91961960.json,ANDPAD kaggler team,1,1,0.6301,Grimmsnarl
91960926,/Users/nickzwart/Desktop/11082026/91960926.json,sobameshi,1,1,0.481,Dragapult
91960929,/Users/nickzwart/Desktop/11082026/91960929.json,Dries @ Tufa Labs,0,1,0.561,Hydrapple
91963816,/Users/nickzwart/Desktop/11082026/91963816.json,NIWATORI,0,1,0.5652,M-Lopunny
91962874,/Users/nickzwart/Desktop/11082026/91962874.json,cabbage patch,1,1,0.4706,Dragapult
91962898,/Users/nickzwart/Desktop/11082026/91962898.json,Yan,1,1,0.3462,Grimmsnarl
91967326,/Users/nickzwart/Desktop/11082026/91967326.json,loIzpo + emonga,0,1,0.5254,Crustle
91967437,/Users/nickzwart/Desktop/11082026/91967437.json,takayosi,1,0,0.3967,Hydrapple
91964632,/Users/nickzwart/Desktop/11082026/91964632.json,Yan,1,0,0.3462,Garchomp
91968569,/Users/nickzwart/Desktop/11082026/91968569.json,goonew,1,1,0.5714,M-Lopunny
91969198,/Users/nickzwart/Desktop/11082026/91969198.json,goonew,0,1,0.5714,M-Lucario
91969233,/Users/nickzwart/Desktop/11082026/91969233.json,loIzpo + emonga,0,0,0.5254,Grimmsnarl
91969330,/Users/nickzwart/Desktop/11082026/91969330.json,sobameshi,1,0,0.481,M-Lopunny
91970182,/Users/nickzwart/Desktop/11082026/91970182.json,loIzpo + emonga,1,1,0.5254,Dudunsparce
91970391,/Users/nickzwart/Desktop/11082026/91970391.json,hatata,1,1,0.5238,Dragapult
91968254,/Users/nickzwart/Desktop/11082026/91968254.json,loIzpo + emonga,0,1,0.5254,Alakazam
91968418,/Users/nickzwart/Desktop/11082026/91968418.json,palsystem,0,0,0.6183,Dragapult
91971959,/Users/nickzwart/Desktop/11082026/91971959.json,James Cox & Henry Chao,1,1,0.3846,Alakazam
91972026,/Users/nickzwart/Desktop/11082026/91972026.json,takayosi,1,1,0.3967,M-Lucario
91972055,/Users/nickzwart/Desktop/11082026/91972055.json,loIzpo + emonga,1,1,0.5254,Grimmsnarl
91972171,/Users/nickzwart/Desktop/11082026/91972171.json,loIzpo + emonga,0,1,0.5254,Hydrapple
91972191,/Users/nickzwart/Desktop/11082026/91972191.json,cabbage patch,0,1,0.4706,Garchomp
91973952,/Users/nickzwart/Desktop/11082026/91973952.json,loIzpo + emonga,0,1,0.5254,M-Lopunny
91972995,/Users/nickzwart/Desktop/11082026/91972995.json,loIzpo + emonga,0,1,0.5254,Grimmsnarl
91973237,/Users/nickzwart/Desktop/11082026/91973237.json,ANDPAD kaggler team,1,0,0.6301,Alakazam
91974880,/Users/nickzwart/Desktop/11082026/91974880.json,loIzpo + emonga,0,1,0.5254,Hydrapple
91975003,/Users/nickzwart/Desktop/11082026/91975003.json,loIzpo + emonga,0,0,0.5254,Dragapult
91976772,/Users/nickzwart/Desktop/11082026/91976772.json,loIzpo + emonga,1,1,0.5254,Grimmsnarl
91976839,/Users/nickzwart/Desktop/11082026/91976839.json,Yan,0,0,0.3462,M-Lopunny
91976898,/Users/nickzwart/Desktop/11082026/91976898.json,palsystem,0,0,0.6183,Dragapult
91977572,/Users/nickzwart/Desktop/11082026/91977572.json,Marshall Maximizer,1,1,0.6389,other
91977613,/Users/nickzwart/Desktop/11082026/91977613.json,ANDPAD kaggler team,1,1,0.6301,Grimmsnarl
91975841,/Users/nickzwart/Desktop/11082026/91975841.json,loIzpo + emonga,1,1,0.5254,M-Lopunny
91977707,/Users/nickzwart/Desktop/11082026/91977707.json,goonew,0,1,0.5714,Ogerpon
91977707,/Users/nickzwart/Desktop/11082026/91977707.json,loIzpo + emonga,1,0,0.5254,Ogerpon
91978705,/Users/nickzwart/Desktop/11082026/91978705.json,loIzpo + emonga,1,0,0.5254,M-Lopunny
91979440,/Users/nickzwart/Desktop/11082026/91979440.json,Marshall Maximizer,0,1,0.6389,Grimmsnarl
91980380,/Users/nickzwart/Desktop/11082026/91980380.json,Marshall Maximizer,1,1,0.6389,Hydrapple
91980425,/Users/nickzwart/Desktop/11082026/91980425.json,goonew,0,0,0.5714,M-Kangaskhan
91981491,/Users/nickzwart/Desktop/11082026/91981491.json,loIzpo + emonga,1,1,0.5254,M-Lopunny
91981516,/Users/nickzwart/Desktop/11082026/91981516.json,Battle Data Base,0,0,0.419,M-Lopunny
91979504,/Users/nickzwart/Desktop/11082026/91979504.json,loIzpo + emonga,1,1,0.5254,Dragapult
91979597,/Users/nickzwart/Desktop/11082026/91979597.json,loIzpo + emonga,0,0,0.5254,Dragapult
91979718,/Users/nickzwart/Desktop/11082026/91979718.json,loIzpo + emonga,0,0,0.5254,Dragapult
91980570,/Users/nickzwart/Desktop/11082026/91980570.json,Battle Data Base,1,0,0.419,M-Lucario
91981328,/Users/nickzwart/Desktop/11082026/91981328.json,Marshall Maximizer,1,0,0.6389,Dragapult
91982442,/Users/nickzwart/Desktop/11082026/91982442.json,loIzpo + emonga,0,0,0.5254,Alakazam
91983237,/Users/nickzwart/Desktop/11082026/91983237.json,Marshall Maximizer,1,1,0.6389,Grimmsnarl
91982265,/Users/nickzwart/Desktop/11082026/91982265.json,Marshall Maximizer,0,1,0.6389,M-Lucario
91983400,/Users/nickzwart/Desktop/11082026/91983400.json,loIzpo + emonga,1,1,0.5254,Garchomp
91985275,/Users/nickzwart/Desktop/11082026/91985275.json,loIzpo + emonga,1,1,0.5254,Ogerpon
91985350,/Users/nickzwart/Desktop/11082026/91985350.json,Oshbocker,0,1,0.6304,M-Lucario
91986057,/Users/nickzwart/Desktop/11082026/91986057.json,Marshall Maximizer,0,1,0.6389,Ogerpon
91986057,/Users/nickzwart/Desktop/11082026/91986057.json,palsystem,1,0,0.6183,Ogerpon
91983509,/Users/nickzwart/Desktop/11082026/91983509.json,Dries @ Tufa Labs,1,0,0.561,Alakazam
91984175,/Users/nickzwart/Desktop/11082026/91984175.json,Marshall Maximizer,1,1,0.6389,Dragapult
91984338,/Users/nickzwart/Desktop/11082026/91984338.json,loIzpo + emonga,0,0,0.5254,Alakazam
91986205,/Users/nickzwart/Desktop/11082026/91986205.json,hinox13,0,1,0.5,M-Lucario
91986221,/Users/nickzwart/Desktop/11082026/91986221.json,loIzpo + emonga,1,0,0.5254,Alakazam
91987011,/Users/nickzwart/Desktop/11082026/91987011.json,Marshall Maximizer,0,1,0.6389,Alakazam
91987951,/Users/nickzwart/Desktop/11082026/91987951.json,Marshall Maximizer,1,0,0.6389,Dragapult
91989818,/Users/nickzwart/Desktop/11082026/91989818.json,Marshall Maximizer,1,0,0.6389,Alakazam
91988219,/Users/nickzwart/Desktop/11082026/91988219.json,loIzpo + emonga,1,1,0.5254,Grimmsnarl
91988935,/Users/nickzwart/Desktop/11082026/91988935.json,loIzpo + emonga,0,0,0.5254,Alakazam
91988982,/Users/nickzwart/Desktop/11082026/91988982.json,Marshall Maximizer,0,1,0.6389,M-Kangaskhan
91991741,/Users/nickzwart/Desktop/11082026/91991741.json,Marshall Maximizer,1,1,0.6389,M-Lopunny
91991796,/Users/nickzwart/Desktop/11082026/91991796.json,tktkyamyam,1,0,0.4797,M-Lopunny
91989978,/Users/nickzwart/Desktop/11082026/91989978.json,loIzpo + emonga,0,0,0.5254,Grimmsnarl
91990799,/Users/nickzwart/Desktop/11082026/91990799.json,Marshall Maximizer,0,1,0.6389,Dragapult
91990909,/Users/nickzwart/Desktop/11082026/91990909.json,shyjin,0,0,0.0,M-Lopunny
91990954,/Users/nickzwart/Desktop/11082026/91990954.json,loIzpo + emonga,1,1,0.5254,Dragapult
91991839,/Users/nickzwart/Desktop/11082026/91991839.json,ANDPAD kaggler team,1,1,0.6301,Crustle
91991902,/Users/nickzwart/Desktop/11082026/91991902.json,loIzpo + emonga,1,0,0.5254,Dragapult
91992862,/Users/nickzwart/Desktop/11082026/91992862.json,loIzpo + emonga,1,0,0.5254,Garchomp
91993636,/Users/nickzwart/Desktop/11082026/91993636.json,Marshall Maximizer,1,1,0.6389,M-Kangaskhan
91992691,/Users/nickzwart/Desktop/11082026/91992691.json,Marshall Maximizer,0,0,0.6389,M-Lucario
91994645,/Users/nickzwart/Desktop/11082026/91994645.json,Dries @ Tufa Labs,0,1,0.561,Dragapult
91994566,/Users/nickzwart/Desktop/11082026/91994566.json,Marshall Maximizer,1,1,0.6389,M-Lucario
91994718,/Users/nickzwart/Desktop/11082026/91994718.json,cabbage patch,0,1,0.4706,Grimmsnarl
91995440,/Users/nickzwart/Desktop/11082026/91995440.json,EliKal,0,0,0.4118,Alakazam
91995513,/Users/nickzwart/Desktop/11082026/91995513.json,Oshbocker,0,0,0.6304,Ogerpon
91995513,/Users/nickzwart/Desktop/11082026/91995513.json,Marshall Maximizer,1,1,0.6389,Ogerpon
91995542,/Users/nickzwart/Desktop/11082026/91995542.json,takayosi,1,1,0.3967,Grimmsnarl
91996512,/Users/nickzwart/Desktop/11082026/91996512.json,Marshall Maximizer,0,1,0.6389,M-Kangaskhan
91997407,/Users/nickzwart/Desktop/11082026/91997407.json,熱異常,1,0,0.5,M-Lucario
91997475,/Users/nickzwart/Desktop/11082026/91997475.json,goonew,0,1,0.5714,M-Kangaskhan
91998291,/Users/nickzwart/Desktop/11082026/91998291.json,gecogeco,0,1,0.4118,Hydrapple
91998346,/Users/nickzwart/Desktop/11082026/91998346.json,熱異常,1,1,0.5,Dragapult
91999308,/Users/nickzwart/Desktop/11082026/91999308.json,熱異常,0,1,0.5,M-Lucario
91999122,/Users/nickzwart/Desktop/11082026/91999122.json,goonew,0,0,0.5714,Grimmsnarl
91999222,/Users/nickzwart/Desktop/11082026/91999222.json,loIzpo + emonga,1,1,0.5254,Hydrapple
92000293,/Users/nickzwart/Desktop/11082026/92000293.json,James Cox & Henry Chao,0,0,0.3846,M-Lopunny
92000365,/Users/nickzwart/Desktop/11082026/92000365.json,Confusion,0,1,0.4651,Grimmsnarl
92000997,/Users/nickzwart/Desktop/11082026/92000997.json,cabbage patch,0,0,0.4706,Alakazam
92001145,/Users/nickzwart/Desktop/11082026/92001145.json,熱異常,0,0,0.5,M-Kangaskhan
92001223,/Users/nickzwart/Desktop/11082026/92001223.json,James Cox & Henry Chao,1,1,0.3846,Alakazam
92001267,/Users/nickzwart/Desktop/11082026/92001267.json,hinox13,1,1,0.5,Grimmsnarl
92001922,/Users/nickzwart/Desktop/11082026/92001922.json,takayosi,0,0,0.3967,Alakazam
92001928,/Users/nickzwart/Desktop/11082026/92001928.json,takayosi,1,0,0.3967,Dragapult
92002034,/Users/nickzwart/Desktop/11082026/92002034.json,EliKal,0,1,0.4118,Alakazam
92002093,/Users/nickzwart/Desktop/11082026/92002093.json,熱異常,1,1,0.5,Dragapult
92002166,/Users/nickzwart/Desktop/11082026/92002166.json,James Cox & Henry Chao,1,0,0.3846,M-Lopunny
92003003,/Users/nickzwart/Desktop/11082026/92003003.json,sobameshi,0,1,0.481,M-Lopunny
92003072,/Users/nickzwart/Desktop/11082026/92003072.json,Oshbocker,0,1,0.6304,Ogerpon
92003072,/Users/nickzwart/Desktop/11082026/92003072.json,熱異常,1,0,0.5,Ogerpon
92003807,/Users/nickzwart/Desktop/11082026/92003807.json,tktkyamyam,1,1,0.4797,Grimmsnarl
92003888,/Users/nickzwart/Desktop/11082026/92003888.json,Battle Data Base,1,0,0.419,M-Lopunny
92003756,/Users/nickzwart/Desktop/11082026/92003756.json,Confusion,0,0,0.4651,Alakazam
92004891,/Users/nickzwart/Desktop/11082026/92004891.json,熱異常,0,1,0.5,Ogerpon
92004891,/Users/nickzwart/Desktop/11082026/92004891.json,Oshbocker,1,0,0.6304,Ogerpon
92005703,/Users/nickzwart/Desktop/11082026/92005703.json,goonew,1,1,0.5714,Grimmsnarl
92005830,/Users/nickzwart/Desktop/11082026/92005830.json,熱異常,1,1,0.5,Dragapult
92005631,/Users/nickzwart/Desktop/11082026/92005631.json,sobameshi,1,0,0.481,Alakazam
92006739,/Users/nickzwart/Desktop/11082026/92006739.json,EliKal,0,0,0.4118,Alakazam
92006777,/Users/nickzwart/Desktop/11082026/92006777.json,熱異常,0,0,0.5,Ogerpon
92006777,/Users/nickzwart/Desktop/11082026/92006777.json,Oshbocker,1,1,0.6304,Ogerpon
92007659,/Users/nickzwart/Desktop/11082026/92007659.json,tw_shin,1,0,0.475,Hydrapple
92007721,/Users/nickzwart/Desktop/11082026/92007721.json,熱異常,1,1,0.5,M-Lopunny
92007571,/Users/nickzwart/Desktop/11082026/92007571.json,Oshbocker,0,1,0.6304,Dragapult
92009495,/Users/nickzwart/Desktop/11082026/92009495.json,sobameshi,0,1,0.481,Grimmsnarl
92008794,/Users/nickzwart/Desktop/11082026/92008794.json,熱異常,1,1,0.5,Grimmsnarl
92010409,/Users/nickzwart/Desktop/11082026/92010409.json,hatata,0,0,0.5238,M-Kangaskhan
92010426,/Users/nickzwart/Desktop/11082026/92010426.json,ANDPAD kaggler team,0,0,0.6301,Dragapult
92010512,/Users/nickzwart/Desktop/11082026/92010512.json,sobameshi,1,0,0.481,Dragapult
92010523,/Users/nickzwart/Desktop/11082026/92010523.json,EliKal,1,0,0.4118,Grimmsnarl
92011376,/Users/nickzwart/Desktop/11082026/92011376.json,タニシ,0,1,0.4324,Grimmsnarl
92011477,/Users/nickzwart/Desktop/11082026/92011477.json,ANDPAD kaggler team,1,1,0.6301,Dragapult
92010543,/Users/nickzwart/Desktop/11082026/92010543.json,熱異常,1,1,0.5,Dragapult
92011520,/Users/nickzwart/Desktop/11082026/92011520.json,熱異常,0,1,0.5,Grimmsnarl
92013435,/Users/nickzwart/Desktop/11082026/92013435.json,熱異常,1,1,0.5,M-Lucario
92012460,/Users/nickzwart/Desktop/11082026/92012460.json,熱異常,1,0,0.5,M-Lucario
92012555,/Users/nickzwart/Desktop/11082026/92012555.json,Yan,0,0,0.3462,Dragapult
92014326,/Users/nickzwart/Desktop/11082026/92014326.json,EliKal,0,0,0.4118,Hydrapple
92014353,/Users/nickzwart/Desktop/11082026/92014353.json,熱異常,1,1,0.5,other
92015106,/Users/nickzwart/Desktop/11082026/92015106.json,Changyuan Chen,0,0,0.3962,Ogerpon
92015106,/Users/nickzwart/Desktop/11082026/92015106.json,zzholo,1,1,0.52,Ogerpon
92015159,/Users/nickzwart/Desktop/11082026/92015159.json,Dries @ Tufa Labs,0,1,0.561,Alakazam
92017013,/Users/nickzwart/Desktop/11082026/92017013.json,hatata,0,0,0.5238,Dragapult
92016255,/Users/nickzwart/Desktop/11082026/92016255.json,熱異常,1,1,0.5,M-Lucario
92016256,/Users/nickzwart/Desktop/11082026/92016256.json,loIzpo + emonga,0,1,0.5254,Grimmsnarl
92015280,/Users/nickzwart/Desktop/11082026/92015280.json,loIzpo + emonga,1,1,0.5254,Dragapult
92015300,/Users/nickzwart/Desktop/11082026/92015300.json,熱異常,0,0,0.5,M-Kangaskhan
92015376,/Users/nickzwart/Desktop/11082026/92015376.json,loIzpo + emonga,0,1,0.5254,Grimmsnarl
92016021,/Users/nickzwart/Desktop/11082026/92016021.json,zzholo,1,0,0.52,Grimmsnarl
92017032,/Users/nickzwart/Desktop/11082026/92017032.json,タニシ,0,0,0.4324,Ogerpon
92017032,/Users/nickzwart/Desktop/11082026/92017032.json,zzholo,1,1,0.52,Ogerpon
92017050,/Users/nickzwart/Desktop/11082026/92017050.json,熱異常,1,1,0.5,M-Lopunny
92017156,/Users/nickzwart/Desktop/11082026/92017156.json,cabbage patch,1,0,0.4706,Alakazam
92017910,/Users/nickzwart/Desktop/11082026/92017910.json,zzholo,0,1,0.52,Grimmsnarl
92017930,/Users/nickzwart/Desktop/11082026/92017930.json,Dries @ Tufa Labs,1,0,0.561,M-Lucario
92017936,/Users/nickzwart/Desktop/11082026/92017936.json,ANDPAD kaggler team,1,0,0.6301,Dragapult
92017969,/Users/nickzwart/Desktop/11082026/92017969.json,タニシ,0,0,0.4324,Alakazam
92019030,/Users/nickzwart/Desktop/11082026/92019030.json,熱異常,1,0,0.5,Dragapult
92018744,/Users/nickzwart/Desktop/11082026/92018744.json,Katasonov Evgeny,1,1,0.4091,Alakazam
92018806,/Users/nickzwart/Desktop/11082026/92018806.json,Eason0203,0,1,0.625,M-Lopunny
92018853,/Users/nickzwart/Desktop/11082026/92018853.json,zzholo,0,1,0.52,Ogerpon
92018853,/Users/nickzwart/Desktop/11082026/92018853.json,yamakawanin,1,0,0.1111,Ogerpon
92019967,/Users/nickzwart/Desktop/11082026/92019967.json,Katasonov Evgeny,1,0,0.4091,Hydrapple
92020642,/Users/nickzwart/Desktop/11082026/92020642.json,Katasonov Evgeny,1,0,0.4091,M-Lopunny
92020684,/Users/nickzwart/Desktop/11082026/92020684.json,Eason0203,0,1,0.625,Alakazam
92020726,/Users/nickzwart/Desktop/11082026/92020726.json,zzholo,1,0,0.52,Grimmsnarl
92020843,/Users/nickzwart/Desktop/11082026/92020843.json,loIzpo + emonga,0,0,0.5254,Dragapult
92021626,/Users/nickzwart/Desktop/11082026/92021626.json,Eason0203,0,1,0.625,Alakazam
92021673,/Users/nickzwart/Desktop/11082026/92021673.json,zzholo,0,0,0.52,M-Lopunny
92021766,/Users/nickzwart/Desktop/11082026/92021766.json,loIzpo + emonga,0,0,0.5254,Alakazam
92022524,/Users/nickzwart/Desktop/11082026/92022524.json,Katasonov Evgeny,0,1,0.4091,Ogerpon
92022611,/Users/nickzwart/Desktop/11082026/92022611.json,zzholo,0,0,0.52,M-Kangaskhan
92022691,/Users/nickzwart/Desktop/11082026/92022691.json,Dries @ Tufa Labs,1,0,0.561,Alakazam
92023451,/Users/nickzwart/Desktop/11082026/92023451.json,Katasonov Evgeny,1,1,0.4091,Grimmsnarl
92023460,/Users/nickzwart/Desktop/11082026/92023460.json,loIzpo + emonga,1,0,0.5254,other
92023500,/Users/nickzwart/Desktop/11082026/92023500.json,Eason0203,1,1,0.625,Grimmsnarl
92023643,/Users/nickzwart/Desktop/11082026/92023643.json,Eason0203,0,1,0.625,M-Lucario
92023652,/Users/nickzwart/Desktop/11082026/92023652.json,Yan,1,0,0.3462,Dragapult
92023745,/Users/nickzwart/Desktop/11082026/92023745.json,hatata,0,1,0.5238,Hydrapple
92024669,/Users/nickzwart/Desktop/11082026/92024669.json,tktkyamyam,0,0,0.4797,M-Lucario
92025342,/Users/nickzwart/Desktop/11082026/92025342.json,Katasonov Evgeny,0,1,0.4091,Grimmsnarl
92025405,/Users/nickzwart/Desktop/11082026/92025405.json,Eason0203,1,0,0.625,Hydrapple
92023774,/Users/nickzwart/Desktop/11082026/92023774.json,熱異常,0,1,0.5,M-Kangaskhan
92024388,/Users/nickzwart/Desktop/11082026/92024388.json,Katasonov Evgeny,1,0,0.4091,M-Lucario
92024394,/Users/nickzwart/Desktop/11082026/92024394.json,hinox13,1,0,0.5,other
92024429,/Users/nickzwart/Desktop/11082026/92024429.json,Eason0203,0,1,0.625,Grimmsnarl
92024439,/Users/nickzwart/Desktop/11082026/92024439.json,Eason0203,0,0,0.625,M-Lopunny
92025521,/Users/nickzwart/Desktop/11082026/92025521.json,Katasonov Evgeny,0,0,0.4091,Alakazam
92026309,/Users/nickzwart/Desktop/11082026/92026309.json,Katasonov Evgeny,1,0,0.4091,M-Lopunny
92026357,/Users/nickzwart/Desktop/11082026/92026357.json,Eason0203,1,0,0.625,Grimmsnarl
92028199,/Users/nickzwart/Desktop/11082026/92028199.json,cabbage patch,0,0,0.4706,Ogerpon
92028199,/Users/nickzwart/Desktop/11082026/92028199.json,Katasonov Evgeny,1,1,0.4091,Ogerpon
92026566,/Users/nickzwart/Desktop/11082026/92026566.json,Battle Data Base,1,1,0.419,Crustle
92027195,/Users/nickzwart/Desktop/11082026/92027195.json,zzholo,1,1,0.52,Dragapult
92027232,/Users/nickzwart/Desktop/11082026/92027232.json,Katasonov Evgeny,1,0,0.4091,M-Lopunny
92027240,/Users/nickzwart/Desktop/11082026/92027240.json,hatata,1,1,0.5238,other
92028259,/Users/nickzwart/Desktop/11082026/92028259.json,zzholo,1,0,0.52,M-Lopunny
92026380,/Users/nickzwart/Desktop/11082026/92026380.json,zzholo,1,1,0.52,Grimmsnarl
92028462,/Users/nickzwart/Desktop/11082026/92028462.json,熱異常,0,0,0.5,Dragapult
92029136,/Users/nickzwart/Desktop/11082026/92029136.json,Katasonov Evgeny,1,0,0.4091,Dragapult
92030100,/Users/nickzwart/Desktop/11082026/92030100.json,Katasonov Evgeny,0,1,0.4091,Alakazam
92030104,/Users/nickzwart/Desktop/11082026/92030104.json,EliKal,0,1,0.4118,Ogerpon
92030104,/Users/nickzwart/Desktop/11082026/92030104.json,Changyuan Chen,1,0,0.3962,Ogerpon
92030105,/Users/nickzwart/Desktop/11082026/92030105.json,Katasonov Evgeny,0,1,0.4091,Alakazam
92029303,/Users/nickzwart/Desktop/11082026/92029303.json,tktkyamyam,0,0,0.4797,Alakazam
92030194,/Users/nickzwart/Desktop/11082026/92030194.json,Yan,1,1,0.3462,Grimmsnarl
92030238,/Users/nickzwart/Desktop/11082026/92030238.json,EliKal,0,1,0.4118,Dragapult
92031047,/Users/nickzwart/Desktop/11082026/92031047.json,Katasonov Evgeny,0,0,0.4091,M-Froslass
92031915,/Users/nickzwart/Desktop/11082026/92031915.json,takayosi,1,0,0.3967,Dragapult
92032006,/Users/nickzwart/Desktop/11082026/92032006.json,Katasonov Evgeny,0,0,0.4091,Alakazam
92033865,/Users/nickzwart/Desktop/11082026/92033865.json,sobameshi,0,0,0.481,other
92033914,/Users/nickzwart/Desktop/11082026/92033914.json,Katasonov Evgeny,0,1,0.4091,Ogerpon
92033914,/Users/nickzwart/Desktop/11082026/92033914.json,cabbage patch,1,0,0.4706,Ogerpon
92032960,/Users/nickzwart/Desktop/11082026/92032960.json,Katasonov Evgeny,0,0,0.4091,Ogerpon
92032960,/Users/nickzwart/Desktop/11082026/92032960.json,Masaruto,1,1,0.5,Ogerpon
92034851,/Users/nickzwart/Desktop/11082026/92034851.json,Katasonov Evgeny,0,0,0.4091,M-Lucario
92034882,/Users/nickzwart/Desktop/11082026/92034882.json,Katasonov Evgeny,0,1,0.4091,Dragapult
92034939,/Users/nickzwart/Desktop/11082026/92034939.json,EliKal,1,1,0.4118,Dragapult
92035824,/Users/nickzwart/Desktop/11082026/92035824.json,Katasonov Evgeny,1,0,0.4091,M-Lopunny
92035847,/Users/nickzwart/Desktop/11082026/92035847.json,sobameshi,0,0,0.481,Alakazam
92035850,/Users/nickzwart/Desktop/11082026/92035850.json,Eason0203,1,1,0.625,Grimmsnarl
92036608,/Users/nickzwart/Desktop/11082026/92036608.json,Masaruto,0,0,0.5,Dragapult
92036653,/Users/nickzwart/Desktop/11082026/92036653.json,gecogeco,1,1,0.4118,Grimmsnarl
92036761,/Users/nickzwart/Desktop/11082026/92036761.json,sobameshi,0,0,0.481,M-Lopunny
92036805,/Users/nickzwart/Desktop/11082026/92036805.json,Eason0203,1,0,0.625,Hydrapple
92037620,/Users/nickzwart/Desktop/11082026/92037620.json,gecogeco,0,0,0.4118,M-Lopunny
92038723,/Users/nickzwart/Desktop/11082026/92038723.json,Eason0203,1,1,0.625,other
92037776,/Users/nickzwart/Desktop/11082026/92037776.json,Eason0203,1,1,0.625,Alakazam
92037881,/Users/nickzwart/Desktop/11082026/92037881.json,熱異常,1,0,0.5,Dragapult
92040608,/Users/nickzwart/Desktop/11082026/92040608.json,James Cox & Henry Chao,0,0,0.3846,M-Lucario
92040618,/Users/nickzwart/Desktop/11082026/92040618.json,Eason0203,0,1,0.625,Grimmsnarl
92040630,/Users/nickzwart/Desktop/11082026/92040630.json,takayosi,0,0,0.3967,Alakazam
92040643,/Users/nickzwart/Desktop/11082026/92040643.json,zzholo,0,0,0.52,Ogerpon
92040643,/Users/nickzwart/Desktop/11082026/92040643.json,Eason0203,1,1,0.625,Ogerpon
92041587,/Users/nickzwart/Desktop/11082026/92041587.json,Eason0203,0,1,0.625,Grimmsnarl
92041590,/Users/nickzwart/Desktop/11082026/92041590.json,loIzpo + emonga,0,0,0.5254,Grimmsnarl
92042532,/Users/nickzwart/Desktop/11082026/92042532.json,Eason0203,1,1,0.625,Grimmsnarl
92043487,/Users/nickzwart/Desktop/11082026/92043487.json,Eason0203,0,1,0.625,Grimmsnarl
92043495,/Users/nickzwart/Desktop/11082026/92043495.json,Oshbocker,1,0,0.6304,Dragapult
92043586,/Users/nickzwart/Desktop/11082026/92043586.json,Dries @ Tufa Labs,1,0,0.561,Alakazam
92044435,/Users/nickzwart/Desktop/11082026/92044435.json,Eason0203,0,1,0.625,Grimmsnarl
92045374,/Users/nickzwart/Desktop/11082026/92045374.json,Eason0203,0,1,0.625,Alakazam
92045455,/Users/nickzwart/Desktop/11082026/92045455.json,HD h Joratos,1,0,0.5,Alakazam
92046159,/Users/nickzwart/Desktop/11082026/92046159.json,タニシ,1,1,0.4324,Dragapult
92046390,/Users/nickzwart/Desktop/11082026/92046390.json,zzholo,0,0,0.52,Garchomp
92048200,/Users/nickzwart/Desktop/11082026/92048200.json,Confusion,0,1,0.4651,Alakazam
92049165,/Users/nickzwart/Desktop/11082026/92049165.json,熱異常,0,1,0.5,M-Lucario
92049190,/Users/nickzwart/Desktop/11082026/92049190.json,EliKal,1,1,0.4118,Grimmsnarl
92049202,/Users/nickzwart/Desktop/11082026/92049202.json,EliKal,1,1,0.4118,other
92049204,/Users/nickzwart/Desktop/11082026/92049204.json,Eason0203,1,0,0.625,Alakazam
92050845,/Users/nickzwart/Desktop/11082026/92050845.json,hatata,1,0,0.5238,Crustle
92051076,/Users/nickzwart/Desktop/11082026/92051076.json,sobameshi,1,0,0.481,Alakazam
92052667,/Users/nickzwart/Desktop/11082026/92052667.json,takayosi,0,0,0.3967,Alakazam
92052705,/Users/nickzwart/Desktop/11082026/92052705.json,Yan,1,0,0.3462,Dragapult
92052884,/Users/nickzwart/Desktop/11082026/92052884.json,ANDPAD kaggler team,0,1,0.6301,Grimmsnarl
92052940,/Users/nickzwart/Desktop/11082026/92052940.json,tktkyamyam,1,1,0.4797,Grimmsnarl
92057395,/Users/nickzwart/Desktop/11082026/92057395.json,Confusion,0,0,0.4651,Alakazam
92057596,/Users/nickzwart/Desktop/11082026/92057596.json,熱異常,0,0,0.5,Grimmsnarl
92057620,/Users/nickzwart/Desktop/11082026/92057620.json,Eason0203,0,0,0.625,Ogerpon
92057620,/Users/nickzwart/Desktop/11082026/92057620.json,HD h Joratos,1,1,0.5,Ogerpon
92058324,/Users/nickzwart/Desktop/11082026/92058324.json,熱異常,1,1,0.5,M-Lopunny
92061387,/Users/nickzwart/Desktop/11082026/92061387.json,EliKal,1,0,0.4118,Alakazam
92061438,/Users/nickzwart/Desktop/11082026/92061438.json,loIzpo + emonga,1,1,0.5254,Grimmsnarl
92063078,/Users/nickzwart/Desktop/11082026/92063078.json,熱異常,1,1,0.5,Grimmsnarl
92063095,/Users/nickzwart/Desktop/11082026/92063095.json,Changyuan Chen,0,1,0.3962,Grimmsnarl
92064191,/Users/nickzwart/Desktop/11082026/92064191.json,EliKal,1,0,0.4118,Alakazam
92064975,/Users/nickzwart/Desktop/11082026/92064975.json,熱異常,1,1,0.5,M-Lopunny
92065001,/Users/nickzwart/Desktop/11082026/92065001.json,Changyuan Chen,1,1,0.3962,Grimmsnarl
92065187,/Users/nickzwart/Desktop/11082026/92065187.json,熱異常,0,0,0.5,Alakazam
92065928,/Users/nickzwart/Desktop/11082026/92065928.json,ANDPAD kaggler team,0,0,0.6301,Alakazam
92066132,/Users/nickzwart/Desktop/11082026/92066132.json,Eason0203,0,0,0.625,M-Lopunny
92066759,/Users/nickzwart/Desktop/11082026/92066759.json,tktkyamyam,0,1,0.4797,Garchomp
92066919,/Users/nickzwart/Desktop/11082026/92066919.json,Changyuan Chen,1,0,0.3962,Alakazam
92066996,/Users/nickzwart/Desktop/11082026/92066996.json,takayosi,1,0,0.3967,Alakazam
92066875,/Users/nickzwart/Desktop/11082026/92066875.json,EliKal,0,0,0.4118,Alakazam
92068043,/Users/nickzwart/Desktop/11082026/92068043.json,Battle Data Base,1,1,0.419,Grimmsnarl
92067822,/Users/nickzwart/Desktop/11082026/92067822.json,loIzpo + emonga,0,0,0.5254,Alakazam
92068684,/Users/nickzwart/Desktop/11082026/92068684.json,熱異常,1,0,0.5,Dragapult
92068976,/Users/nickzwart/Desktop/11082026/92068976.json,EliKal,0,1,0.4118,M-Lopunny
92069714,/Users/nickzwart/Desktop/11082026/92069714.json,熱異常,0,0,0.5,Grimmsnarl
92069720,/Users/nickzwart/Desktop/11082026/92069720.json,EliKal,1,0,0.4118,Alakazam
92069737,/Users/nickzwart/Desktop/11082026/92069737.json,hinox13,1,0,0.5,Grimmsnarl
92070669,/Users/nickzwart/Desktop/11082026/92070669.json,熱異常,1,1,0.5,Grimmsnarl
92071645,/Users/nickzwart/Desktop/11082026/92071645.json,熱異常,0,1,0.5,M-Kangaskhan
92070702,/Users/nickzwart/Desktop/11082026/92070702.json,Masaruto,0,1,0.5,Grimmsnarl
92070784,/Users/nickzwart/Desktop/11082026/92070784.json,Dries @ Tufa Labs,1,1,0.561,Grimmsnarl
92072578,/Users/nickzwart/Desktop/11082026/92072578.json,熱異常,0,0,0.5,Alakazam
92073474,/Users/nickzwart/Desktop/11082026/92073474.json,Oshbocker,1,0,0.6304,Dragapult
92073532,/Users/nickzwart/Desktop/11082026/92073532.json,熱異常,1,1,0.5,M-Lopunny
92073664,/Users/nickzwart/Desktop/11082026/92073664.json,EliKal,0,0,0.4118,Alakazam
92074559,/Users/nickzwart/Desktop/11082026/92074559.json,EliKal,1,0,0.4118,Alakazam
92074518,/Users/nickzwart/Desktop/11082026/92074518.json,熱異常,0,0,0.5,M-Lopunny
92074532,/Users/nickzwart/Desktop/11082026/92074532.json,zzholo,1,1,0.52,Grimmsnarl
92075474,/Users/nickzwart/Desktop/11082026/92075474.json,熱異常,1,0,0.5,M-Lopunny
92075476,/Users/nickzwart/Desktop/11082026/92075476.json,tktkyamyam,1,0,0.4797,M-Lopunny
92076348,/Users/nickzwart/Desktop/11082026/92076348.json,熱異常,0,1,0.5,Dragapult
92076640,/Users/nickzwart/Desktop/11082026/92076640.json,loIzpo + emonga,1,0,0.5254,M-Kangaskhan
92076432,/Users/nickzwart/Desktop/11082026/92076432.json,熱異常,1,0,0.5,Grimmsnarl
92076522,/Users/nickzwart/Desktop/11082026/92076522.json,Changyuan Chen,1,1,0.3962,Grimmsnarl
92076525,/Users/nickzwart/Desktop/11082026/92076525.json,熱異常,0,0,0.5,Dragapult
92077316,/Users/nickzwart/Desktop/11082026/92077316.json,HD h Joratos,0,0,0.5,Ogerpon
92077392,/Users/nickzwart/Desktop/11082026/92077392.json,熱異常,1,1,0.5,Grimmsnarl
92078333,/Users/nickzwart/Desktop/11082026/92078333.json,loIzpo + emonga,0,1,0.5254,M-Lopunny
92078338,/Users/nickzwart/Desktop/11082026/92078338.json,熱異常,1,0,0.5,Alakazam
92078443,/Users/nickzwart/Desktop/11082026/92078443.json,Eason0203,0,0,0.625,Dragapult
92079201,/Users/nickzwart/Desktop/11082026/92079201.json,Eason0203,1,1,0.625,M-Kangaskhan
92079284,/Users/nickzwart/Desktop/11082026/92079284.json,熱異常,0,1,0.5,Dragapult
92079314,/Users/nickzwart/Desktop/11082026/92079314.json,takayosi,1,0,0.3967,Alakazam
92080224,/Users/nickzwart/Desktop/11082026/92080224.json,熱異常,1,0,0.5,Alakazam
92081164,/Users/nickzwart/Desktop/11082026/92081164.json,熱異常,1,0,0.5,Alakazam
92082907,/Users/nickzwart/Desktop/11082026/92082907.json,EliKal,1,0,0.4118,Alakazam
92083149,/Users/nickzwart/Desktop/11082026/92083149.json,loIzpo + emonga,0,1,0.5254,Alakazam
92083884,/Users/nickzwart/Desktop/11082026/92083884.json,loIzpo + emonga,1,1,0.5254,M-Kangaskhan
92084008,/Users/nickzwart/Desktop/11082026/92084008.json,熱異常,1,0,0.5,Dragapult
92084803,/Users/nickzwart/Desktop/11082026/92084803.json,tktkyamyam,1,0,0.4797,Dragapult
92085021,/Users/nickzwart/Desktop/11082026/92085021.json,ANDPAD kaggler team,0,0,0.6301,Dragapult
92086642,/Users/nickzwart/Desktop/11082026/92086642.json,zzholo,0,0,0.52,Alakazam
92085688,/Users/nickzwart/Desktop/11082026/92085688.json,loIzpo + emonga,1,1,0.5254,Alakazam
92086681,/Users/nickzwart/Desktop/11082026/92086681.json,takayosi,1,0,0.3967,Dragapult
92086808,/Users/nickzwart/Desktop/11082026/92086808.json,Eason0203,0,0,0.625,Alakazam
92086817,/Users/nickzwart/Desktop/11082026/92086817.json,Dries @ Tufa Labs,0,1,0.561,Dragapult
92088417,/Users/nickzwart/Desktop/11082026/92088417.json,hinox13,0,0,0.5,M-Lopunny
92088666,/Users/nickzwart/Desktop/11082026/92088666.json,Battle Data Base,1,0,0.419,M-Lopunny
92089418,/Users/nickzwart/Desktop/11082026/92089418.json,熱異常,0,0,0.5,Dragapult
92089677,/Users/nickzwart/Desktop/11082026/92089677.json,熱異常,1,1,0.5,M-Kangaskhan
92090591,/Users/nickzwart/Desktop/11082026/92090591.json,Confusion,0,1,0.4651,Alakazam
92091341,/Users/nickzwart/Desktop/11082026/92091341.json,Yan,1,0,0.3462,Dragapult
92091438,/Users/nickzwart/Desktop/11082026/92091438.json,loIzpo + emonga,1,1,0.5254,Alakazam
92091453,/Users/nickzwart/Desktop/11082026/92091453.json,Dries @ Tufa Labs,1,0,0.561,Hydrapple
92092174,/Users/nickzwart/Desktop/11082026/92092174.json,loIzpo + emonga,1,1,0.5254,Hydrapple
92092214,/Users/nickzwart/Desktop/11082026/92092214.json,熱異常,1,0,0.5,Dragapult
92094022,/Users/nickzwart/Desktop/11082026/92094022.json,tktkyamyam,0,0,0.4797,M-Lopunny
92094076,/Users/nickzwart/Desktop/11082026/92094076.json,熱異常,0,0,0.5,Dragapult
92093023,/Users/nickzwart/Desktop/11082026/92093023.json,Dries @ Tufa Labs,1,1,0.561,Alakazam
92094196,/Users/nickzwart/Desktop/11082026/92094196.json,Confusion,0,1,0.4651,Grimmsnarl
92094212,/Users/nickzwart/Desktop/11082026/92094212.json,loIzpo + emonga,1,0,0.5254,M-Lopunny
92094309,/Users/nickzwart/Desktop/11082026/92094309.json,Eason0203,1,0,0.625,Alakazam
92095005,/Users/nickzwart/Desktop/11082026/92095005.json,熱異常,0,1,0.5,Dragapult
92095894,/Users/nickzwart/Desktop/11082026/92095894.json,loIzpo + emonga,0,1,0.5254,M-Lopunny
92096008,/Users/nickzwart/Desktop/11082026/92096008.json,zzholo,1,0,0.52,Dragapult
92096045,/Users/nickzwart/Desktop/11082026/92096045.json,Oshbocker,1,1,0.6304,M-Lopunny
92096132,/Users/nickzwart/Desktop/11082026/92096132.json,タニシ,0,0,0.4324,Grimmsnarl
92097089,/Users/nickzwart/Desktop/11082026/92097089.json,Battle Data Base,1,0,0.419,Alakazam
92097882,/Users/nickzwart/Desktop/11082026/92097882.json,loIzpo + emonga,1,0,0.5254,Grimmsnarl
92098677,/Users/nickzwart/Desktop/11082026/92098677.json,loIzpo + emonga,0,0,0.5254,Grimmsnarl
92097724,/Users/nickzwart/Desktop/11082026/92097724.json,熱異常,1,0,0.5,Alakazam
92097786,/Users/nickzwart/Desktop/11082026/92097786.json,zzholo,0,1,0.52,Alakazam
92098773,/Users/nickzwart/Desktop/11082026/92098773.json,熱異常,0,0,0.5,Dragapult
92099742,/Users/nickzwart/Desktop/11082026/92099742.json,Oshbocker,0,0,0.6304,Dragapult
92099949,/Users/nickzwart/Desktop/11082026/92099949.json,EliKal,1,1,0.4118,Grimmsnarl
92099955,/Users/nickzwart/Desktop/11082026/92099955.json,Yan,0,1,0.3462,Grimmsnarl
92102454,/Users/nickzwart/Desktop/11082026/92102454.json,loIzpo + emonga,1,0,0.5254,other
92102489,/Users/nickzwart/Desktop/11082026/92102489.json,zzholo,0,0,0.52,Dragapult
92102693,/Users/nickzwart/Desktop/11082026/92102693.json,loIzpo + emonga,1,1,0.5254,M-Lucario
92102778,/Users/nickzwart/Desktop/11082026/92102778.json,loIzpo + emonga,0,0,0.5254,Dragapult
92103553,/Users/nickzwart/Desktop/11082026/92103553.json,EliKal,0,1,0.4118,M-Lopunny
92103568,/Users/nickzwart/Desktop/11082026/92103568.json,熱異常,0,1,0.5,Dragapult
92103605,/Users/nickzwart/Desktop/11082026/92103605.json,EliKal,0,1,0.4118,M-Lopunny
92104617,/Users/nickzwart/Desktop/11082026/92104617.json,loIzpo + emonga,0,0,0.5254,Hydrapple
92106329,/Users/nickzwart/Desktop/11082026/92106329.json,loIzpo + emonga,0,0,0.5254,Hydrapple
92106339,/Users/nickzwart/Desktop/11082026/92106339.json,Dries @ Tufa Labs,0,0,0.561,Dragapult
92106407,/Users/nickzwart/Desktop/11082026/92106407.json,takayosi,0,0,0.3967,M-Lopunny
92108125,/Users/nickzwart/Desktop/11082026/92108125.json,Confusion,1,0,0.4651,Dragapult
92108283,/Users/nickzwart/Desktop/11082026/92108283.json,Oshbocker,0,0,0.6304,Dragapult
92108292,/Users/nickzwart/Desktop/11082026/92108292.json,熱異常,0,0,0.5,Dragapult
92109056,/Users/nickzwart/Desktop/11082026/92109056.json,Battle Data Base,0,1,0.419,Dragapult
92111024,/Users/nickzwart/Desktop/11082026/92111024.json,熱異常,0,1,0.5,Dragapult
92111997,/Users/nickzwart/Desktop/11082026/92111997.json,熱異常,0,1,0.5,Dragapult
92113770,/Users/nickzwart/Desktop/11082026/92113770.json,cabbage patch,1,0,0.4706,M-Lopunny
92113882,/Users/nickzwart/Desktop/11082026/92113882.json,熱異常,0,1,0.5,Dragapult
92113937,/Users/nickzwart/Desktop/11082026/92113937.json,EliKal,0,1,0.4118,Grimmsnarl
92117391,/Users/nickzwart/Desktop/11082026/92117391.json,tktkyamyam,1,1,0.4797,Grimmsnarl
92116625,/Users/nickzwart/Desktop/11082026/92116625.json,takayosi,1,1,0.3967,Hydrapple
92117640,/Users/nickzwart/Desktop/11082026/92117640.json,Battle Data Base,1,0,0.419,M-Lopunny
92117497,/Users/nickzwart/Desktop/11082026/92117497.json,Confusion,0,1,0.4651,Alakazam
92119289,/Users/nickzwart/Desktop/11082026/92119289.json,EliKal,1,1,0.4118,Dragapult
92119360,/Users/nickzwart/Desktop/11082026/92119360.json,__Taichicchi__,0,1,0.6119,M-Lopunny
92119362,/Users/nickzwart/Desktop/11082026/92119362.json,Dries @ Tufa Labs,0,1,0.561,Alakazam
92119453,/Users/nickzwart/Desktop/11082026/92119453.json,hatata,0,1,0.5238,Alakazam
92120291,/Users/nickzwart/Desktop/11082026/92120291.json,tktkyamyam,1,1,0.4797,M-Lopunny
92121981,/Users/nickzwart/Desktop/11082026/92121981.json,takayosi,1,0,0.3967,M-Lopunny
92122121,/Users/nickzwart/Desktop/11082026/92122121.json,EliKal,0,0,0.4118,Grimmsnarl
92122952,/Users/nickzwart/Desktop/11082026/92122952.json,tktkyamyam,0,0,0.4797,M-Lucario
92122963,/Users/nickzwart/Desktop/11082026/92122963.json,Yan,0,0,0.3462,Grimmsnarl
92123973,/Users/nickzwart/Desktop/11082026/92123973.json,Battle Data Base,0,0,0.419,Dragapult
92124124,/Users/nickzwart/Desktop/11082026/92124124.json,Battle Data Base,0,0,0.419,Ogerpon
92124124,/Users/nickzwart/Desktop/11082026/92124124.json,EliKal,1,1,0.4118,Ogerpon
92124922,/Users/nickzwart/Desktop/11082026/92124922.json,loIzpo + emonga,1,1,0.5254,other
92125004,/Users/nickzwart/Desktop/11082026/92125004.json,熱異常,0,0,0.5,Alakazam
92125008,/Users/nickzwart/Desktop/11082026/92125008.json,Eason0203,0,0,0.625,M-Lopunny
92125049,/Users/nickzwart/Desktop/11082026/92125049.json,Oshbocker,0,1,0.6304,M-Lopunny
92125078,/Users/nickzwart/Desktop/11082026/92125078.json,Eason0203,1,1,0.625,Dragapult
92125119,/Users/nickzwart/Desktop/11082026/92125119.json,Oshbocker,1,1,0.6304,Dragapult
92125148,/Users/nickzwart/Desktop/11082026/92125148.json,Dries @ Tufa Labs,0,0,0.561,Dragapult
92126903,/Users/nickzwart/Desktop/11082026/92126903.json,EliKal,1,1,0.4118,Grimmsnarl
92126944,/Users/nickzwart/Desktop/11082026/92126944.json,ANDPAD kaggler team,0,0,0.6301,Alakazam
92126088,/Users/nickzwart/Desktop/11082026/92126088.json,熱異常,0,0,0.5,Dragapult
92127761,/Users/nickzwart/Desktop/11082026/92127761.json,EliKal,0,0,0.4118,Grimmsnarl
92127859,/Users/nickzwart/Desktop/11082026/92127859.json,Confusion,1,1,0.4651,Grimmsnarl
92131546,/Users/nickzwart/Desktop/11082026/92131546.json,HD h Joratos,0,1,0.5,M-Lopunny
92128924,/Users/nickzwart/Desktop/11082026/92128924.json,Eason0203,0,1,0.625,Alakazam
92129647,/Users/nickzwart/Desktop/11082026/92129647.json,Yan,0,0,0.3462,Dragapult
92129730,/Users/nickzwart/Desktop/11082026/92129730.json,ANDPAD kaggler team,0,1,0.6301,other
92130699,/Users/nickzwart/Desktop/11082026/92130699.json,Confusion,0,0,0.4651,Dragapult
92132465,/Users/nickzwart/Desktop/11082026/92132465.json,タニシ,0,0,0.4324,Dragapult
92132614,/Users/nickzwart/Desktop/11082026/92132614.json,__Taichicchi__,0,1,0.6119,Ogerpon
92132614,/Users/nickzwart/Desktop/11082026/92132614.json,EliKal,1,0,0.4118,Ogerpon
92132617,/Users/nickzwart/Desktop/11082026/92132617.json,Dries @ Tufa Labs,0,1,0.561,Grimmsnarl
92133556,/Users/nickzwart/Desktop/11082026/92133556.json,__Taichicchi__,1,0,0.6119,Grimmsnarl
92133632,/Users/nickzwart/Desktop/11082026/92133632.json,熱異常,1,0,0.5,Dragapult
92135312,/Users/nickzwart/Desktop/11082026/92135312.json,takayosi,0,1,0.3967,Grimmsnarl
92135468,/Users/nickzwart/Desktop/11082026/92135468.json,hatata,0,0,0.5238,Alakazam
92136266,/Users/nickzwart/Desktop/11082026/92136266.json,loIzpo + emonga,0,1,0.5254,M-Lopunny
92136314,/Users/nickzwart/Desktop/11082026/92136314.json,Dries @ Tufa Labs,1,0,0.561,Dragapult
92136376,/Users/nickzwart/Desktop/11082026/92136376.json,Dries @ Tufa Labs,0,0,0.561,Ogerpon
92136376,/Users/nickzwart/Desktop/11082026/92136376.json,Changyuan Chen,1,1,0.3962,Ogerpon
92137290,/Users/nickzwart/Desktop/11082026/92137290.json,Confusion,1,0,0.4651,M-Kangaskhan
92137340,/Users/nickzwart/Desktop/11082026/92137340.json,Masaruto,1,1,0.5,Grimmsnarl
92137390,/Users/nickzwart/Desktop/11082026/92137390.json,Dipam Chakraborty,1,1,0.7491,M-Lopunny
92207280,/Users/nickzwart/Desktop/2 Dipam Chakraborty (Ogerpon)/92207280.json,Dipam Chakraborty,0,1,0.7491,Crustle
92208246,/Users/nickzwart/Desktop/2 Dipam Chakraborty (Ogerpon)/92208246.json,Dipam Chakraborty,0,1,0.7491,Archaludon
92209194,/Users/nickzwart/Desktop/2 Dipam Chakraborty (Ogerpon)/92209194.json,Dipam Chakraborty,1,1,0.7491,other
92210149,/Users/nickzwart/Desktop/2 Dipam Chakraborty (Ogerpon)/92210149.json,Dipam Chakraborty,1,1,0.7491,M-Lucario
92211110,/Users/nickzwart/Desktop/2 Dipam Chakraborty (Ogerpon)/92211110.json,Dipam Chakraborty,1,1,0.7491,Hydrapple
92212078,/Users/nickzwart/Desktop/2 Dipam Chakraborty (Ogerpon)/92212078.json,Dipam Chakraborty,0,1,0.7491,Crustle
92213057,/Users/nickzwart/Desktop/2 Dipam Chakraborty (Ogerpon)/92213057.json,Dipam Chakraborty,1,1,0.7491,M-Lucario
92221636,/Users/nickzwart/Desktop/2 Dipam Chakraborty (Ogerpon)/92221636.json,Dipam Chakraborty,1,1,0.7491,Crustle
92222570,/Users/nickzwart/Desktop/2 Dipam Chakraborty (Ogerpon)/92222570.json,Dipam Chakraborty,1,1,0.7491,M-Lopunny
92223492,/Users/nickzwart/Desktop/2 Dipam Chakraborty (Ogerpon)/92223492.json,Dipam Chakraborty,0,1,0.7491,other
92224433,/Users/nickzwart/Desktop/2 Dipam Chakraborty (Ogerpon)/92224433.json,Dipam Chakraborty,0,1,0.7491,Dragapult
92225370,/Users/nickzwart/Desktop/2 Dipam Chakraborty (Ogerpon)/92225370.json,Dipam Chakraborty,1,1,0.7491,Grimmsnarl
92226307,/Users/nickzwart/Desktop/2 Dipam Chakraborty (Ogerpon)/92226307.json,Dipam Chakraborty,1,1,0.7491,M-Lopunny
92227243,/Users/nickzwart/Desktop/2 Dipam Chakraborty (Ogerpon)/92227243.json,Dipam Chakraborty,0,1,0.7491,Ogerpon
92227243,/Users/nickzwart/Desktop/2 Dipam Chakraborty (Ogerpon)/92227243.json,Eason0203,1,0,0.625,Ogerpon
92228163,/Users/nickzwart/Desktop/2 Dipam Chakraborty (Ogerpon)/92228163.json,Dipam Chakraborty,0,1,0.7491,Alakazam
92214076,/Users/nickzwart/Desktop/2 Dipam Chakraborty (Ogerpon)/92214076.json,Dipam Chakraborty,1,1,0.7491,Grimmsnarl
92214991,/Users/nickzwart/Desktop/2 Dipam Chakraborty (Ogerpon)/92214991.json,Dipam Chakraborty,1,0,0.7491,M-Lopunny
92215965,/Users/nickzwart/Desktop/2 Dipam Chakraborty (Ogerpon)/92215965.json,Dipam Chakraborty,1,0,0.7491,Dragapult
92216950,/Users/nickzwart/Desktop/2 Dipam Chakraborty (Ogerpon)/92216950.json,Dipam Chakraborty,0,1,0.7491,Alakazam
92217851,/Users/nickzwart/Desktop/2 Dipam Chakraborty (Ogerpon)/92217851.json,Dipam Chakraborty,0,1,0.7491,Grimmsnarl
92218786,/Users/nickzwart/Desktop/2 Dipam Chakraborty (Ogerpon)/92218786.json,Dipam Chakraborty,1,1,0.7491,Grimmsnarl
92219741,/Users/nickzwart/Desktop/2 Dipam Chakraborty (Ogerpon)/92219741.json,Dipam Chakraborty,0,0,0.7491,other
92220698,/Users/nickzwart/Desktop/2 Dipam Chakraborty (Ogerpon)/92220698.json,Dipam Chakraborty,0,1,0.7491,M-Lopunny
92246150,/Users/nickzwart/Desktop/1 Sixt sense (Dragapult)/92246150.json,Dipam Chakraborty,1,1,0.7491,Dragapult
92236713,/Users/nickzwart/Desktop/2 Dipam Chakraborty (Ogerpon)/92236713.json,Dipam Chakraborty,0,1,0.7491,Dragapult
92237645,/Users/nickzwart/Desktop/2 Dipam Chakraborty (Ogerpon)/92237645.json,Dipam Chakraborty,1,1,0.7491,Grimmsnarl
92238593,/Users/nickzwart/Desktop/2 Dipam Chakraborty (Ogerpon)/92238593.json,Dipam Chakraborty,0,1,0.7491,M-Lucario
92239538,/Users/nickzwart/Desktop/2 Dipam Chakraborty (Ogerpon)/92239538.json,Dipam Chakraborty,0,1,0.7491,M-Kangaskhan
92240468,/Users/nickzwart/Desktop/2 Dipam Chakraborty (Ogerpon)/92240468.json,Dipam Chakraborty,0,1,0.7491,Archaludon
92241309,/Users/nickzwart/Desktop/2 Dipam Chakraborty (Ogerpon)/92241309.json,KatR,0,1,0.6364,Ogerpon
92241309,/Users/nickzwart/Desktop/2 Dipam Chakraborty (Ogerpon)/92241309.json,Dipam Chakraborty,1,0,0.7491,Ogerpon
92241353,/Users/nickzwart/Desktop/2 Dipam Chakraborty (Ogerpon)/92241353.json,Dipam Chakraborty,0,1,0.7491,Dudunsparce
92241403,/Users/nickzwart/Desktop/2 Dipam Chakraborty (Ogerpon)/92241403.json,Dipam Chakraborty,1,1,0.7491,M-Lopunny
92229118,/Users/nickzwart/Desktop/2 Dipam Chakraborty (Ogerpon)/92229118.json,Dipam Chakraborty,0,1,0.7491,Dragapult
92230086,/Users/nickzwart/Desktop/2 Dipam Chakraborty (Ogerpon)/92230086.json,Dipam Chakraborty,1,0,0.7491,Dragapult
92231032,/Users/nickzwart/Desktop/2 Dipam Chakraborty (Ogerpon)/92231032.json,Dipam Chakraborty,1,1,0.7491,M-Lopunny
92231969,/Users/nickzwart/Desktop/2 Dipam Chakraborty (Ogerpon)/92231969.json,Dipam Chakraborty,0,1,0.7491,M-Lopunny
92232919,/Users/nickzwart/Desktop/2 Dipam Chakraborty (Ogerpon)/92232919.json,Dipam Chakraborty,0,1,0.7491,M-Lopunny
92233875,/Users/nickzwart/Desktop/2 Dipam Chakraborty (Ogerpon)/92233875.json,Dipam Chakraborty,1,1,0.7491,M-Kangaskhan
92234813,/Users/nickzwart/Desktop/2 Dipam Chakraborty (Ogerpon)/92234813.json,Dipam Chakraborty,0,0,0.7491,Ogerpon
92234813,/Users/nickzwart/Desktop/2 Dipam Chakraborty (Ogerpon)/92234813.json,熱異常,1,1,0.5,Ogerpon
92235754,/Users/nickzwart/Desktop/2 Dipam Chakraborty (Ogerpon)/92235754.json,Dipam Chakraborty,1,1,0.7491,Dragapult
92242362,/Users/nickzwart/Desktop/2 Dipam Chakraborty (Ogerpon)/92242362.json,Dipam Chakraborty,0,1,0.7491,Ogerpon
92242362,/Users/nickzwart/Desktop/2 Dipam Chakraborty (Ogerpon)/92242362.json,Oshbocker,1,0,0.6304,Ogerpon
92243290,/Users/nickzwart/Desktop/2 Dipam Chakraborty (Ogerpon)/92243290.json,Dipam Chakraborty,1,1,0.7491,Dudunsparce
92244247,/Users/nickzwart/Desktop/2 Dipam Chakraborty (Ogerpon)/92244247.json,Dipam Chakraborty,0,1,0.7491,Dragapult
92245190,/Users/nickzwart/Desktop/2 Dipam Chakraborty (Ogerpon)/92245190.json,熱異常,0,0,0.5,Ogerpon
92245190,/Users/nickzwart/Desktop/2 Dipam Chakraborty (Ogerpon)/92245190.json,Dipam Chakraborty,1,1,0.7491,Ogerpon
92247089,/Users/nickzwart/Desktop/2 Dipam Chakraborty (Ogerpon)/92247089.json,Dipam Chakraborty,0,0,0.7491,M-Lucario
92248038,/Users/nickzwart/Desktop/2 Dipam Chakraborty (Ogerpon)/92248038.json,Dipam Chakraborty,1,1,0.7491,M-Lucario
92248969,/Users/nickzwart/Desktop/2 Dipam Chakraborty (Ogerpon)/92248969.json,Dipam Chakraborty,0,1,0.7491,Ogerpon
92248969,/Users/nickzwart/Desktop/2 Dipam Chakraborty (Ogerpon)/92248969.json,Oshbocker,1,0,0.6304,Ogerpon
92249907,/Users/nickzwart/Desktop/2 Dipam Chakraborty (Ogerpon)/92249907.json,Dipam Chakraborty,1,1,0.7491,Dragapult
92206237,/Users/nickzwart/Desktop/5 Luca (M-Lucario/92206237.json,Dipam Chakraborty,0,0,0.7491,Ogerpon
92206237,/Users/nickzwart/Desktop/5 Luca (M-Lucario/92206237.json,Dipam Chakraborty,1,1,0.7491,Ogerpon
92218051,/Users/nickzwart/Desktop/5 Luca (M-Lucario/92218051.json,Oshbocker,0,1,0.6304,M-Lucario
92218110,/Users/nickzwart/Desktop/5 Luca (M-Lucario/92218110.json,Oshbocker,1,1,0.6304,M-Lucario
92291005,/Users/nickzwart/Desktop/5 Luca (M-Lucario/92291005.json,Dipam Chakraborty,1,0,0.7491,Dragapult
92291905,/Users/nickzwart/Desktop/5 Luca (M-Lucario/92291905.json,Dipam Chakraborty,1,1,0.7491,Dragapult
92250850,/Users/nickzwart/Desktop/5 Luca (M-Lucario/92250850.json,Dipam Chakraborty,0,0,0.7491,Dragapult
92251789,/Users/nickzwart/Desktop/5 Luca (M-Lucario/92251789.json,Dipam Chakraborty,0,0,0.7491,Dragapult
92252615,/Users/nickzwart/Desktop/5 Luca (M-Lucario/92252615.json,Dipam Chakraborty,0,0,0.7491,Ogerpon
92252615,/Users/nickzwart/Desktop/5 Luca (M-Lucario/92252615.json,KatR,1,1,0.6364,Ogerpon
92879499,/Users/nickzwart/Desktop/V6_1_14082026/episode-92879499-replay.json,Kilupy,0,1,0.5405,Ogerpon
92879499,/Users/nickzwart/Desktop/V6_1_14082026/episode-92879499-replay.json,Kilupy,1,0,0.5405,Ogerpon
92880499,/Users/nickzwart/Desktop/V6_1_14082026/episode-92880499-replay.json,Kilupy,1,1,0.5405,M-Lucario
92881441,/Users/nickzwart/Desktop/V6_1_14082026/episode-92881441-replay.json,Kilupy,1,0,0.5405,M-Lucario
92893708,/Users/nickzwart/Desktop/V6_1_14082026/episode-92893708-replay.json,Kilupy,1,0,0.5405,Ogerpon
92894651,/Users/nickzwart/Desktop/V6_1_14082026/episode-92894651-replay.json,Kilupy,0,0,0.5405,Alakazam
92895596,/Users/nickzwart/Desktop/V6_1_14082026/episode-92895596-replay.json,Kilupy,1,0,0.5405,M-Lucario
92896541,/Users/nickzwart/Desktop/V6_1_14082026/episode-92896541-replay.json,Kilupy,1,1,0.5405,Ogerpon
92886238,/Users/nickzwart/Desktop/V6_1_14082026/episode-92886238-replay.json,Kilupy,1,1,0.5405,M-Lucario
92887153,/Users/nickzwart/Desktop/V6_1_14082026/episode-92887153-replay.json,Kilupy,0,0,0.5405,Alakazam
92888084,/Users/nickzwart/Desktop/V6_1_14082026/episode-92888084-replay.json,Kilupy,0,1,0.5405,other
92889004,/Users/nickzwart/Desktop/V6_1_14082026/episode-92889004-replay.json,Kilupy,0,1,0.5405,M-Lucario
92897464,/Users/nickzwart/Desktop/V6_1_14082026/episode-92897464-replay.json,Kilupy,1,0,0.5405,Crustle
92898392,/Users/nickzwart/Desktop/V6_1_14082026/episode-92898392-replay.json,Kilupy,0,1,0.5405,other
92899320,/Users/nickzwart/Desktop/V6_1_14082026/episode-92899320-replay.json,Kilupy,0,0,0.5405,M-Lucario
92900278,/Users/nickzwart/Desktop/V6_1_14082026/episode-92900278-replay.json,Kilupy,1,0,0.5405,Dragapult
92889961,/Users/nickzwart/Desktop/V6_1_14082026/episode-92889961-replay.json,Kilupy,0,1,0.5405,Alakazam
92890899,/Users/nickzwart/Desktop/V6_1_14082026/episode-92890899-replay.json,Kilupy,1,1,0.5405,Dragapult
92891833,/Users/nickzwart/Desktop/V6_1_14082026/episode-92891833-replay.json,Kilupy,0,1,0.5405,Grimmsnarl
92892750,/Users/nickzwart/Desktop/V6_1_14082026/episode-92892750-replay.json,Kilupy,0,0,0.5405,Alakazam
92882404,/Users/nickzwart/Desktop/V6_1_14082026/episode-92882404-replay.json,Kilupy,0,1,0.5405,M-Lucario
92883340,/Users/nickzwart/Desktop/V6_1_14082026/episode-92883340-replay.json,Kilupy,0,0,0.5405,M-Lucario
92884293,/Users/nickzwart/Desktop/V6_1_14082026/episode-92884293-replay.json,Kilupy,1,0,0.5405,Ogerpon
92885245,/Users/nickzwart/Desktop/V6_1_14082026/episode-92885245-replay.json,Kilupy,0,1,0.5405,Alakazam
92897478,/Users/nickzwart/Desktop/V6_2_14082026/episode-92897478-replay.json,Kilupy,0,1,0.5405,Crustle
92898409,/Users/nickzwart/Desktop/V6_2_14082026/episode-92898409-replay.json,Artalmaz31,0,0,0.2667,Ogerpon
92898409,/Users/nickzwart/Desktop/V6_2_14082026/episode-92898409-replay.json,Kilupy,1,1,0.5405,Ogerpon
92899334,/Users/nickzwart/Desktop/V6_2_14082026/episode-92899334-replay.json,Kilupy,1,1,0.5405,M-Lopunny
92886250,/Users/nickzwart/Desktop/V6_2_14082026/episode-92886250-replay.json,Kilupy,1,1,0.5405,M-Lucario
92887175,/Users/nickzwart/Desktop/V6_2_14082026/episode-92887175-replay.json,Kilupy,1,1,0.5405,M-Starmie
92888085,/Users/nickzwart/Desktop/V6_2_14082026/episode-92888085-replay.json,Kilupy,1,1,0.5405,Crustle
92889014,/Users/nickzwart/Desktop/V6_2_14082026/episode-92889014-replay.json,Kilupy,1,0,0.5405,Alakazam
92882414,/Users/nickzwart/Desktop/V6_2_14082026/episode-92882414-replay.json,Kilupy,1,1,0.5405,other
92883351,/Users/nickzwart/Desktop/V6_2_14082026/episode-92883351-replay.json,Kilupy,1,0,0.5405,Dudunsparce
92884302,/Users/nickzwart/Desktop/V6_2_14082026/episode-92884302-replay.json,Kilupy,1,0,0.5405,M-Lucario
92885259,/Users/nickzwart/Desktop/V6_2_14082026/episode-92885259-replay.json,Kilupy,1,1,0.5405,Alakazam
92900269,/Users/nickzwart/Desktop/V6_2_14082026/episode-92900269-replay.json,Kilupy,1,0,0.5405,M-Lucario
92901150,/Users/nickzwart/Desktop/V6_1_14082026/episode-92901150-replay.json,Kilupy,0,1,0.5405,other
92879501,/Users/nickzwart/Desktop/V6_2_14082026/episode-92879501-replay.json,Kilupy,0,0,0.5405,Ogerpon
92879501,/Users/nickzwart/Desktop/V6_2_14082026/episode-92879501-replay.json,Kilupy,1,1,0.5405,Ogerpon
92880504,/Users/nickzwart/Desktop/V6_2_14082026/episode-92880504-replay.json,Kilupy,0,1,0.5405,other
92881461,/Users/nickzwart/Desktop/V6_2_14082026/episode-92881461-replay.json,Kilupy,1,0,0.5405,M-Lucario
92889971,/Users/nickzwart/Desktop/V6_2_14082026/episode-92889971-replay.json,Kilupy,0,0,0.5405,Crustle
92890930,/Users/nickzwart/Desktop/V6_2_14082026/episode-92890930-replay.json,Kilupy,1,1,0.5405,Alakazam
92891862,/Users/nickzwart/Desktop/V6_2_14082026/episode-92891862-replay.json,Kilupy,0,1,0.5405,M-Kangaskhan
92892782,/Users/nickzwart/Desktop/V6_2_14082026/episode-92892782-replay.json,Kilupy,1,0,0.5405,Alakazam
92893738,/Users/nickzwart/Desktop/V6_2_14082026/episode-92893738-replay.json,Kilupy,0,0,0.5405,Ogerpon
92894665,/Users/nickzwart/Desktop/V6_2_14082026/episode-92894665-replay.json,Kilupy,0,0,0.5405,Ogerpon
92895615,/Users/nickzwart/Desktop/V6_2_14082026/episode-92895615-replay.json,Kilupy,0,1,0.5405,M-Starmie
92895698,/Users/nickzwart/Desktop/V6_2_14082026/episode-92895698-replay.json,Kilupy,1,1,0.5405,other
90882616,/Users/nickzwart/Desktop/Palsystem 2/90882616.json,palsystem,0,0,0.6183,Alakazam
90883470,/Users/nickzwart/Desktop/Palsystem 2/90883470.json,palsystem,1,1,0.6183,M-Froslass
90884326,/Users/nickzwart/Desktop/Palsystem 2/90884326.json,palsystem,1,1,0.6183,M-Starmie
90885133,/Users/nickzwart/Desktop/Palsystem 2/90885133.json,palsystem,0,0,0.6183,M-Lucario
90885979,/Users/nickzwart/Desktop/Palsystem 2/90885979.json,palsystem,1,1,0.6183,Alakazam
90886821,/Users/nickzwart/Desktop/Palsystem 2/90886821.json,palsystem,1,0,0.6183,M-Kangaskhan
90887660,/Users/nickzwart/Desktop/Palsystem 2/90887660.json,palsystem,0,1,0.6183,other
90888495,/Users/nickzwart/Desktop/Palsystem 2/90888495.json,palsystem,0,1,0.6183,M-Lopunny
90869946,/Users/nickzwart/Desktop/Palsystem 2/90869946.json,palsystem,0,1,0.6183,Grimmsnarl
90870808,/Users/nickzwart/Desktop/Palsystem 2/90870808.json,palsystem,1,1,0.6183,M-Lopunny
90871644,/Users/nickzwart/Desktop/Palsystem 2/90871644.json,palsystem,0,1,0.6183,M-Lopunny
90872498,/Users/nickzwart/Desktop/Palsystem 2/90872498.json,palsystem,0,0,0.6183,Dragapult
90873341,/Users/nickzwart/Desktop/Palsystem 2/90873341.json,palsystem,1,1,0.6183,M-Kangaskhan
90874170,/Users/nickzwart/Desktop/Palsystem 2/90874170.json,palsystem,1,1,0.6183,Grimmsnarl
90875034,/Users/nickzwart/Desktop/Palsystem 2/90875034.json,palsystem,0,1,0.6183,Alakazam
90875873,/Users/nickzwart/Desktop/Palsystem 2/90875873.json,palsystem,1,0,0.6183,Grimmsnarl
90896081,/Users/nickzwart/Desktop/Palsystem 2/90896081.json,palsystem,0,1,0.6183,M-Lopunny
90896980,/Users/nickzwart/Desktop/Palsystem 2/90896980.json,palsystem,0,0,0.6183,M-Kangaskhan
90897757,/Users/nickzwart/Desktop/Palsystem 2/90897757.json,palsystem,1,1,0.6183,M-Kangaskhan
90898589,/Users/nickzwart/Desktop/Palsystem 2/90898589.json,palsystem,1,0,0.6183,M-Kangaskhan
90899503,/Users/nickzwart/Desktop/Palsystem 2/90899503.json,palsystem,1,0,0.6183,Alakazam
90900278,/Users/nickzwart/Desktop/Palsystem 2/90900278.json,palsystem,1,1,0.6183,M-Lopunny
90901029,/Users/nickzwart/Desktop/Palsystem 2/90901029.json,palsystem,1,0,0.6183,Alakazam
90902009,/Users/nickzwart/Desktop/Palsystem 2/90902009.json,palsystem,0,0,0.6183,Grimmsnarl
90889356,/Users/nickzwart/Desktop/Palsystem 2/90889356.json,palsystem,1,1,0.6183,Grimmsnarl
90890196,/Users/nickzwart/Desktop/Palsystem 2/90890196.json,palsystem,1,0,0.6183,Alakazam
90891039,/Users/nickzwart/Desktop/Palsystem 2/90891039.json,palsystem,0,1,0.6183,M-Lopunny
90891880,/Users/nickzwart/Desktop/Palsystem 2/90891880.json,palsystem,1,0,0.6183,other
90892739,/Users/nickzwart/Desktop/Palsystem 2/90892739.json,palsystem,0,1,0.6183,Alakazam
90893584,/Users/nickzwart/Desktop/Palsystem 2/90893584.json,palsystem,1,0,0.6183,Grimmsnarl
90894520,/Users/nickzwart/Desktop/Palsystem 2/90894520.json,palsystem,1,0,0.6183,other
90895249,/Users/nickzwart/Desktop/Palsystem 2/90895249.json,palsystem,0,1,0.6183,Ogerpon
90895249,/Users/nickzwart/Desktop/Palsystem 2/90895249.json,Artalmaz31,1,0,0.2667,Ogerpon
90863087,/Users/nickzwart/Desktop/Palsystem 2/90863087.json,palsystem,0,1,0.6183,Dragapult
90863928,/Users/nickzwart/Desktop/Palsystem 2/90863928.json,palsystem,0,1,0.6183,Dragapult
90864790,/Users/nickzwart/Desktop/Palsystem 2/90864790.json,palsystem,0,1,0.6183,M-Kangaskhan
90865646,/Users/nickzwart/Desktop/Palsystem 2/90865646.json,palsystem,0,1,0.6183,Grimmsnarl
90866494,/Users/nickzwart/Desktop/Palsystem 2/90866494.json,palsystem,1,1,0.6183,other
90867378,/Users/nickzwart/Desktop/Palsystem 2/90867378.json,palsystem,1,1,0.6183,M-Lopunny
90868231,/Users/nickzwart/Desktop/Palsystem 2/90868231.json,palsystem,1,1,0.6183,M-Lucario
90869101,/Users/nickzwart/Desktop/Palsystem 2/90869101.json,palsystem,0,1,0.6183,Grimmsnarl
90876731,/Users/nickzwart/Desktop/Palsystem 2/90876731.json,palsystem,0,1,0.6183,Grimmsnarl
90877558,/Users/nickzwart/Desktop/Palsystem 2/90877558.json,palsystem,0,0,0.6183,M-Lopunny
90878418,/Users/nickzwart/Desktop/Palsystem 2/90878418.json,palsystem,1,1,0.6183,M-Kangaskhan
90879246,/Users/nickzwart/Desktop/Palsystem 2/90879246.json,palsystem,0,1,0.6183,M-Froslass
90880156,/Users/nickzwart/Desktop/Palsystem 2/90880156(1).json,palsystem,0,1,0.6183,Dragapult
90880948,/Users/nickzwart/Desktop/Palsystem 2/90880948.json,palsystem,0,0,0.6183,M-Lopunny
90881789,/Users/nickzwart/Desktop/Palsystem 2/90881789.json,palsystem,0,1,0.6183,other
90902865,/Users/nickzwart/Desktop/Palsystem 2/90902865.json,palsystem,0,1,0.6183,Ogerpon
90902865,/Users/nickzwart/Desktop/Palsystem 2/90902865.json,takayosi,1,0,0.3967,Ogerpon
90903731,/Users/nickzwart/Desktop/Palsystem 2/90903731.json,palsystem,0,1,0.6183,M-Lopunny
90904584,/Users/nickzwart/Desktop/Palsystem 2/90904584.json,palsystem,0,0,0.6183,Alakazam
90905443,/Users/nickzwart/Desktop/Palsystem 2/90905443.json,palsystem,1,1,0.6183,M-Lopunny
90906308,/Users/nickzwart/Desktop/Palsystem 2/90906308.json,palsystem,0,1,0.6183,M-Lopunny
90908005,/Users/nickzwart/Desktop/Palsystem 2/90908005.json,palsystem,1,1,0.6183,Alakazam
90908848,/Users/nickzwart/Desktop/Palsystem 2/90908848.json,palsystem,0,0,0.6183,Alakazam
90909675,/Users/nickzwart/Desktop/Palsystem 2/90909675.json,palsystem,0,1,0.6183,Crustle
90910549,/Users/nickzwart/Desktop/Palsystem 2/90910549.json,palsystem,1,1,0.6183,Grimmsnarl
90911424,/Users/nickzwart/Desktop/Palsystem 2/90911424.json,palsystem,1,0,0.6183,M-Kangaskhan
90918228,/Users/nickzwart/Desktop/Palsystem 2/90918228.json,palsystem,0,1,0.6183,Grimmsnarl
90919835,/Users/nickzwart/Desktop/Palsystem 2/90919835.json,palsystem,1,1,0.6183,Dragapult
90926326,/Users/nickzwart/Desktop/Palsystem 2/90926326.json,ANDPAD kaggler team,0,0,0.6301,Ogerpon
90926326,/Users/nickzwart/Desktop/Palsystem 2/90926326.json,palsystem,1,1,0.6183,Ogerpon
90934758,/Users/nickzwart/Desktop/Palsystem 2/90934758.json,palsystem,0,1,0.6183,M-Lopunny
90935520,/Users/nickzwart/Desktop/Palsystem 2/90935520.json,palsystem,1,1,0.6183,other
90939953,/Users/nickzwart/Desktop/Palsystem 2/90939953.json,palsystem,0,1,0.6183,M-Lucario
90948177,/Users/nickzwart/Desktop/Palsystem 2/90948177.json,ANDPAD kaggler team,0,0,0.6301,Ogerpon
90948177,/Users/nickzwart/Desktop/Palsystem 2/90948177.json,palsystem,1,1,0.6183,Ogerpon
90948909,/Users/nickzwart/Desktop/Palsystem 2/90948909.json,palsystem,0,0,0.6183,other
90950703,/Users/nickzwart/Desktop/Palsystem 2/90950703.json,palsystem,1,1,0.6183,Grimmsnarl
90959765,/Users/nickzwart/Desktop/Palsystem 2/90959765.json,palsystem,0,1,0.6183,other
90968103,/Users/nickzwart/Desktop/Palsystem 2/90968103.json,palsystem,1,1,0.6183,other
90976510,/Users/nickzwart/Desktop/Palsystem 2/90976510.json,palsystem,1,0,0.6183,M-Lucario
90994831,/Users/nickzwart/Desktop/Palsystem 2/90994831.json,palsystem,1,0,0.6183,M-Lopunny
91080263,/Users/nickzwart/Desktop/Palsystem 2/91080263.json,palsystem,0,1,0.6183,Dragapult
91081137,/Users/nickzwart/Desktop/Palsystem 2/91081137.json,palsystem,0,1,0.6183,Dragapult
91093430,/Users/nickzwart/Desktop/Palsystem 2/91093430.json,palsystem,0,1,0.6183,Grimmsnarl
91109180,/Users/nickzwart/Desktop/Palsystem 2/91109180.json,palsystem,1,0,0.6183,M-Kangaskhan
91125632,/Users/nickzwart/Desktop/Palsystem 2/91125632.json,palsystem,0,1,0.6183,M-Lopunny
91131017,/Users/nickzwart/Desktop/Palsystem 2/91131017.json,palsystem,1,0,0.6183,M-Lucario
91139685,/Users/nickzwart/Desktop/Palsystem 2/91139685.json,palsystem,1,1,0.6183,Dragapult
91012274,/Users/nickzwart/Desktop/Palsystem 2/91012274.json,palsystem,0,1,0.6183,Grimmsnarl
91024153,/Users/nickzwart/Desktop/Palsystem 2/91024153.json,palsystem,1,0,0.6183,Alakazam
91026658,/Users/nickzwart/Desktop/Palsystem 2/91026658.json,palsystem,0,0,0.6183,M-Lucario
91051900,/Users/nickzwart/Desktop/Palsystem 2/91051900.json,palsystem,0,0,0.6183,Alakazam
91059422,/Users/nickzwart/Desktop/Palsystem 2/91059422.json,palsystem,1,0,0.6183,M-Lopunny
91068166,/Users/nickzwart/Desktop/Palsystem 2/91068166.json,palsystem,1,1,0.6183,M-Lopunny
91073266,/Users/nickzwart/Desktop/Palsystem 2/91073266.json,palsystem,1,0,0.6183,Dragapult
91076781,/Users/nickzwart/Desktop/Palsystem 2/91076781.json,palsystem,0,0,0.6183,Dragapult
91140528,/Users/nickzwart/Desktop/Palsystem 2/91140528.json,palsystem,0,1,0.6183,other
91143203,/Users/nickzwart/Desktop/Palsystem 2/91143203.json,palsystem,0,0,0.6183,Alakazam
91148404,/Users/nickzwart/Desktop/Palsystem 2/91148404.json,palsystem,1,0,0.6183,M-Lucario
91151120,/Users/nickzwart/Desktop/Palsystem 2/91151120.json,palsystem,0,1,0.6183,Grimmsnarl
91155598,/Users/nickzwart/Desktop/Palsystem 2/91155598.json,palsystem,0,0,0.6183,M-Lucario
91159856,/Users/nickzwart/Desktop/Palsystem 2/91159856.json,palsystem,0,1,0.6183,Garchomp
91184632,/Users/nickzwart/Desktop/Palsystem 2/91184632.json,palsystem,1,1,0.6183,Grimmsnarl
91191540,/Users/nickzwart/Desktop/Palsystem 2/91191540.json,palsystem,0,0,0.6183,Dragapult
91192415,/Users/nickzwart/Desktop/Palsystem 2/91192415.json,palsystem,1,0,0.6183,Dragapult
91194188,/Users/nickzwart/Desktop/Palsystem 2/91194188.json,palsystem,1,1,0.6183,Dragapult
91214330,/Users/nickzwart/Desktop/Palsystem 2/91214330.json,palsystem,1,1,0.6183,Grimmsnarl
91240039,/Users/nickzwart/Desktop/Palsystem 2/91240039.json,palsystem,0,1,0.6183,M-Lopunny
91240241,/Users/nickzwart/Desktop/Palsystem 2/91240241.json,palsystem,0,1,0.6183,Grimmsnarl
91248983,/Users/nickzwart/Desktop/Palsystem 2/91248983.json,palsystem,0,1,0.6183,M-Lopunny
91276681,/Users/nickzwart/Desktop/Palsystem 2/91276681.json,palsystem,1,1,0.6183,M-Kangaskhan
91289085,/Users/nickzwart/Desktop/Palsystem 2/91289085.json,palsystem,1,0,0.6183,M-Lucario
91460366,/Users/nickzwart/Desktop/Palsystem 2/91460366.json,palsystem,0,0,0.6183,M-Kangaskhan
91471234,/Users/nickzwart/Desktop/Palsystem 2/91471234.json,palsystem,0,0,0.6183,Ogerpon
91471234,/Users/nickzwart/Desktop/Palsystem 2/91471234.json,flg,1,1,0.6902,Ogerpon
91503355,/Users/nickzwart/Desktop/Palsystem 2/91503355.json,palsystem,1,1,0.6183,Grimmsnarl
91513373,/Users/nickzwart/Desktop/Palsystem 2/91513373.json,palsystem,1,0,0.6183,M-Lopunny
91544481,/Users/nickzwart/Desktop/Palsystem 2/91544481.json,palsystem,0,1,0.6183,Ogerpon
91544481,/Users/nickzwart/Desktop/Palsystem 2/91544481.json,goonew,1,0,0.5714,Ogerpon
91545450,/Users/nickzwart/Desktop/Palsystem 2/91545450.json,palsystem,1,0,0.6183,Alakazam
91569263,/Users/nickzwart/Desktop/Palsystem 2/91569263.json,palsystem,0,1,0.6183,M-Lopunny
91319578,/Users/nickzwart/Desktop/Palsystem 2/91319578.json,palsystem,0,1,0.6183,M-Lopunny
91365484,/Users/nickzwart/Desktop/Palsystem 2/91365484.json,palsystem,1,1,0.6183,M-Lopunny
91388266,/Users/nickzwart/Desktop/Palsystem 2/91388266.json,palsystem,0,1,0.6183,M-Lucario
91397002,/Users/nickzwart/Desktop/Palsystem 2/91397002.json,palsystem,0,1,0.6183,M-Lucario
91423346,/Users/nickzwart/Desktop/Palsystem 2/91423346.json,palsystem,1,1,0.6183,Dragapult
91423368,/Users/nickzwart/Desktop/Palsystem 2/91423368.json,palsystem,0,1,0.6183,Dragapult
91442363,/Users/nickzwart/Desktop/Palsystem 2/91442363.json,palsystem,1,1,0.6183,M-Lopunny
91455853,/Users/nickzwart/Desktop/Palsystem 2/91455853.json,palsystem,0,0,0.6183,M-Lopunny
91590301,/Users/nickzwart/Desktop/Palsystem 2/91590301.json,palsystem,1,1,0.6183,Dragapult
91605212,/Users/nickzwart/Desktop/Palsystem 2/91605212.json,palsystem,1,0,0.6183,Dragapult
91608835,/Users/nickzwart/Desktop/Palsystem 2/91608835.json,palsystem,1,0,0.6183,Dragapult
91610462,/Users/nickzwart/Desktop/Palsystem 2/91610462.json,palsystem,1,0,0.6183,M-Kangaskhan
91616124,/Users/nickzwart/Desktop/Palsystem 2/91616124.json,palsystem,0,1,0.6183,M-Kangaskhan
91621647,/Users/nickzwart/Desktop/Palsystem 2/91621647.json,palsystem,1,1,0.6183,Grimmsnarl
91627257,/Users/nickzwart/Desktop/Palsystem 2/91627257.json,palsystem,1,1,0.6183,M-Kangaskhan
91656060,/Users/nickzwart/Desktop/Palsystem 2/91656060.json,tktkyamyam,0,0,0.4797,Ogerpon
91656060,/Users/nickzwart/Desktop/Palsystem 2/91656060.json,palsystem,1,1,0.6183,Ogerpon
91671599,/Users/nickzwart/Desktop/Palsystem 2/91671599.json,palsystem,0,1,0.6183,Grimmsnarl
91695012,/Users/nickzwart/Desktop/Palsystem 2/91695012.json,palsystem,0,1,0.6183,Ogerpon
91695012,/Users/nickzwart/Desktop/Palsystem 2/91695012.json,Marshall Maximizer,1,0,0.6389,Ogerpon
91708929,/Users/nickzwart/Desktop/Palsystem 2/91708929.json,palsystem,1,1,0.6183,M-Kangaskhan
91724674,/Users/nickzwart/Desktop/Palsystem 2/91724674.json,palsystem,0,1,0.6183,M-Lucario
91724725,/Users/nickzwart/Desktop/Palsystem 2/91724725.json,palsystem,1,0,0.6183,M-Lucario
91726505,/Users/nickzwart/Desktop/Palsystem 2/91726505.json,palsystem,1,1,0.6183,Dragapult
91734890,/Users/nickzwart/Desktop/Palsystem 2/91734890.json,palsystem,1,1,0.6183,Dragapult
91153613,/Users/nickzwart/Desktop/8-8-2026/91153613.json,takayosi,1,0,0.3967,Crustle
91153706,/Users/nickzwart/Desktop/8-8-2026/91153706.json,kashiwashira,1,0,0.4925,Grimmsnarl
91154684,/Users/nickzwart/Desktop/8-8-2026/91154684.json,Dipam Chakraborty,0,1,0.7491,Grimmsnarl
91155362,/Users/nickzwart/Desktop/8-8-2026/91155362.json,Luca,0,0,0.6349,M-Lopunny
91155505,/Users/nickzwart/Desktop/8-8-2026/91155505.json,takayosi,0,1,0.3967,Grimmsnarl
91155584,/Users/nickzwart/Desktop/8-8-2026/91155584.json,Dipam Chakraborty,0,0,0.7491,Grimmsnarl
91156456,/Users/nickzwart/Desktop/8-8-2026/91156456.json,kashiwashira,0,0,0.4925,Grimmsnarl
91156458,/Users/nickzwart/Desktop/8-8-2026/91156458.json,KouFu,1,1,0.3906,Grimmsnarl
91156508,/Users/nickzwart/Desktop/8-8-2026/91156508.json,takayosi,1,1,0.3967,Grimmsnarl
91157108,/Users/nickzwart/Desktop/8-8-2026/91157108.json,Marshall Maximizer,1,0,0.6389,Grimmsnarl
91157109,/Users/nickzwart/Desktop/8-8-2026/91157109.json,Luca,0,1,0.6349,Ogerpon
91157109,/Users/nickzwart/Desktop/8-8-2026/91157109.json,Jose Coronel,1,0,0.2222,Ogerpon
91157133,/Users/nickzwart/Desktop/8-8-2026/91157133.json,Battle Data Base,0,0,0.419,M-Lopunny
91157176,/Users/nickzwart/Desktop/8-8-2026/91157176.json,Nghia Tran,1,1,0.3864,Dragapult
91157348,/Users/nickzwart/Desktop/8-8-2026/91157348.json,Changyuan Chen,1,0,0.3962,Grimmsnarl
91157364,/Users/nickzwart/Desktop/8-8-2026/91157364.json,Dipam Chakraborty,1,1,0.7491,Grimmsnarl
91158010,/Users/nickzwart/Desktop/8-8-2026/91158010.json,Luca,0,1,0.6349,Grimmsnarl
91158018,/Users/nickzwart/Desktop/8-8-2026/91158018.json,Confusion,1,0,0.4651,Dragapult
91158185,/Users/nickzwart/Desktop/8-8-2026/91158185.json,Boss's Orders Are All You Need,0,1,0.4872,Crustle
91158244,/Users/nickzwart/Desktop/8-8-2026/91158244.json,Dipam Chakraborty,0,1,0.7491,Alakazam
91158291,/Users/nickzwart/Desktop/8-8-2026/91158291.json,flg,0,1,0.6902,Grimmsnarl
91158955,/Users/nickzwart/Desktop/8-8-2026/91158955.json,Luca,1,0,0.6349,M-Lopunny
91159123,/Users/nickzwart/Desktop/8-8-2026/91159123.json,Dipam Chakraborty,1,1,0.7491,M-Kangaskhan
91159774,/Users/nickzwart/Desktop/8-8-2026/91159774.json,Luca,0,1,0.6349,Alakazam
91159831,/Users/nickzwart/Desktop/8-8-2026/91159831.json,__Taichicchi__,1,1,0.6119,Grimmsnarl
91159836,/Users/nickzwart/Desktop/8-8-2026/91159836.json,tktkyamyam,0,1,0.4797,Alakazam
91160665,/Users/nickzwart/Desktop/8-8-2026/91160665.json,Luca,0,1,0.6349,Grimmsnarl
91160769,/Users/nickzwart/Desktop/8-8-2026/91160769.json,__Taichicchi__,0,1,0.6119,Grimmsnarl
91161551,/Users/nickzwart/Desktop/8-8-2026/91161551.json,__Taichicchi__,1,1,0.6119,M-Kangaskhan
91161597,/Users/nickzwart/Desktop/8-8-2026/91161597.json,yuki0202,0,0,0.4483,M-Lopunny
91161444,/Users/nickzwart/Desktop/8-8-2026/91161444.json,KouFu,0,0,0.3906,Alakazam
91161506,/Users/nickzwart/Desktop/8-8-2026/91161506.json,Luca,1,1,0.6349,Grimmsnarl
91162387,/Users/nickzwart/Desktop/8-8-2026/91162387.json,Luca,1,1,0.6349,Grimmsnarl
91162431,/Users/nickzwart/Desktop/8-8-2026/91162431.json,__Taichicchi__,1,1,0.6119,Grimmsnarl
91163339,/Users/nickzwart/Desktop/8-8-2026/91163339.json,__Taichicchi__,1,1,0.6119,Grimmsnarl
91163362,/Users/nickzwart/Desktop/8-8-2026/91163362.json,Nghia Tran,0,0,0.3864,M-Lopunny
91162561,/Users/nickzwart/Desktop/8-8-2026/91162561.json,yuki0202,1,0,0.4483,Grimmsnarl
91163281,/Users/nickzwart/Desktop/8-8-2026/91163281.json,flg,0,0,0.6902,Ogerpon
91163281,/Users/nickzwart/Desktop/8-8-2026/91163281.json,Luca,1,1,0.6349,Ogerpon
91164217,/Users/nickzwart/Desktop/8-8-2026/91164217.json,__Taichicchi__,0,1,0.6119,M-Lucario
91164319,/Users/nickzwart/Desktop/8-8-2026/91164319.json,__Taichicchi__,0,1,0.6119,other
91164159,/Users/nickzwart/Desktop/8-8-2026/91164159.json,Luca,1,1,0.6349,Alakazam
91164959,/Users/nickzwart/Desktop/8-8-2026/91164959.json,Confusion,0,0,0.4651,M-Lucario
91165048,/Users/nickzwart/Desktop/8-8-2026/91165048.json,Luca,1,0,0.6349,M-Lucario
91165102,/Users/nickzwart/Desktop/8-8-2026/91165102.json,__Taichicchi__,0,0,0.6119,Hydrapple
91165925,/Users/nickzwart/Desktop/8-8-2026/91165925.json,Luca,1,0,0.6349,M-Kangaskhan
91165979,/Users/nickzwart/Desktop/8-8-2026/91165979.json,__Taichicchi__,1,0,0.6119,Grimmsnarl
91166081,/Users/nickzwart/Desktop/8-8-2026/91166081.json,takayosi,0,1,0.3967,Grimmsnarl
91166762,/Users/nickzwart/Desktop/8-8-2026/91166762.json,Luca,0,1,0.6349,Grimmsnarl
91166793,/Users/nickzwart/Desktop/8-8-2026/91166793.json,Luca,0,1,0.6349,Alakazam
91166859,/Users/nickzwart/Desktop/8-8-2026/91166859.json,__Taichicchi__,1,0,0.6119,Grimmsnarl
91166896,/Users/nickzwart/Desktop/8-8-2026/91166896.json,palsystem,1,1,0.6183,M-Lopunny
91167671,/Users/nickzwart/Desktop/8-8-2026/91167671.json,takayosi,1,1,0.3967,Grimmsnarl
91167689,/Users/nickzwart/Desktop/8-8-2026/91167689.json,__Taichicchi__,1,0,0.6119,Dragapult
91167892,/Users/nickzwart/Desktop/8-8-2026/91167892.json,flg,0,1,0.6902,Alakazam
91167945,/Users/nickzwart/Desktop/8-8-2026/91167945.json,Luca,1,1,0.6349,Grimmsnarl
91168631,/Users/nickzwart/Desktop/8-8-2026/91168631.json,__Taichicchi__,0,1,0.6119,Grimmsnarl
91170222,/Users/nickzwart/Desktop/8-8-2026/91170222.json,PokeBot,1,1,0.4545,Grimmsnarl
91168817,/Users/nickzwart/Desktop/8-8-2026/91168817.json,tktkyamyam,0,1,0.4797,Grimmsnarl
91169453,/Users/nickzwart/Desktop/8-8-2026/91169453.json,Luca,1,0,0.6349,Alakazam
91169484,/Users/nickzwart/Desktop/8-8-2026/91169484.json,__Taichicchi__,0,0,0.6119,Dragapult
91169580,/Users/nickzwart/Desktop/8-8-2026/91169580.json,flg,0,1,0.6902,Alakazam
91170237,/Users/nickzwart/Desktop/8-8-2026/91170237.json,Changyuan Chen,0,1,0.3962,Grimmsnarl
91170377,/Users/nickzwart/Desktop/8-8-2026/91170377.json,__Taichicchi__,0,1,0.6119,Hydrapple
91171119,/Users/nickzwart/Desktop/8-8-2026/91171119.json,PokeBot,0,0,0.4545,M-Lopunny
91171152,/Users/nickzwart/Desktop/8-8-2026/91171152.json,takayosi,0,1,0.3967,Dragapult
91171214,/Users/nickzwart/Desktop/8-8-2026/91171214.json,Luca,1,1,0.6349,M-Kangaskhan
91171263,/Users/nickzwart/Desktop/8-8-2026/91171263.json,__Taichicchi__,1,1,0.6119,Grimmsnarl
91172086,/Users/nickzwart/Desktop/8-8-2026/91172086.json,Luca,1,0,0.6349,M-Kangaskhan
91171990,/Users/nickzwart/Desktop/8-8-2026/91171990.json,takayosi,0,0,0.3967,Grimmsnarl
91171991,/Users/nickzwart/Desktop/8-8-2026/91171991.json,PokeBot,0,1,0.4545,Grimmsnarl
91172135,/Users/nickzwart/Desktop/8-8-2026/91172135.json,__Taichicchi__,1,0,0.6119,Grimmsnarl
91172967,/Users/nickzwart/Desktop/8-8-2026/91172967.json,takayosi,1,0,0.3967,Dragapult
91172973,/Users/nickzwart/Desktop/8-8-2026/91172973.json,KouFu,0,0,0.3906,Dragapult
91173022,/Users/nickzwart/Desktop/8-8-2026/91173022.json,takayosi,1,0,0.3967,Alakazam
91172875,/Users/nickzwart/Desktop/8-8-2026/91172875.json,PokeBot,0,0,0.4545,Ogerpon
91172875,/Users/nickzwart/Desktop/8-8-2026/91172875.json,takayosi,1,1,0.3967,Ogerpon
91172964,/Users/nickzwart/Desktop/8-8-2026/91172964.json,Luca,1,0,0.6349,M-Lopunny
91173898,/Users/nickzwart/Desktop/8-8-2026/91173898.json,Dipam Chakraborty,0,1,0.7491,Ogerpon
91173898,/Users/nickzwart/Desktop/8-8-2026/91173898.json,__Taichicchi__,1,0,0.6119,Ogerpon
91174613,/Users/nickzwart/Desktop/8-8-2026/91174613.json,Nghia Tran,1,1,0.3864,M-Kangaskhan
91174651,/Users/nickzwart/Desktop/8-8-2026/91174651.json,PokeBot,1,1,0.4545,Grimmsnarl
91174701,/Users/nickzwart/Desktop/8-8-2026/91174701.json,llkarill,1,1,0.4375,Grimmsnarl
91174736,/Users/nickzwart/Desktop/8-8-2026/91174736.json,Luca,1,1,0.6349,Grimmsnarl
91174778,/Users/nickzwart/Desktop/8-8-2026/91174778.json,__Taichicchi__,0,0,0.6119,Dragapult
91174817,/Users/nickzwart/Desktop/8-8-2026/91174817.json,llkarill,0,0,0.4375,M-Lopunny
91174830,/Users/nickzwart/Desktop/8-8-2026/91174830.json,takayosi,1,0,0.3967,M-Lopunny
91175518,/Users/nickzwart/Desktop/8-8-2026/91175518.json,PokeBot,0,1,0.4545,Grimmsnarl
91175625,/Users/nickzwart/Desktop/8-8-2026/91175625.json,Luca,0,0,0.6349,Hydrapple
91175661,/Users/nickzwart/Desktop/8-8-2026/91175661.json,__Taichicchi__,1,1,0.6119,Grimmsnarl
91176381,/Users/nickzwart/Desktop/8-8-2026/91176381.json,MissingNo.,0,1,0.6389,Hydrapple
91176396,/Users/nickzwart/Desktop/8-8-2026/91176396.json,takayosi,0,0,0.3967,M-Kangaskhan
91176437,/Users/nickzwart/Desktop/8-8-2026/91176437.json,tktkyamyam,1,0,0.4797,M-Kangaskhan
91176512,/Users/nickzwart/Desktop/8-8-2026/91176512.json,Battle Data Base,1,0,0.419,Dragapult
91176514,/Users/nickzwart/Desktop/8-8-2026/91176514.json,Luca,1,0,0.6349,M-Lopunny
91176571,/Users/nickzwart/Desktop/8-8-2026/91176571.json,__Taichicchi__,0,0,0.6119,M-Froslass
91177290,/Users/nickzwart/Desktop/8-8-2026/91177290.json,PokeBot,1,0,0.4545,Garchomp
91177384,/Users/nickzwart/Desktop/8-8-2026/91177384.json,Luca,1,1,0.6349,M-Lopunny
91177408,/Users/nickzwart/Desktop/8-8-2026/91177408.json,tktkyamyam,1,1,0.4797,Grimmsnarl
91178113,/Users/nickzwart/Desktop/8-8-2026/91178113.json,Nghia Tran,0,0,0.3864,Alakazam
91177427,/Users/nickzwart/Desktop/8-8-2026/91177427.json,__Taichicchi__,1,1,0.6119,M-Kangaskhan
91178217,/Users/nickzwart/Desktop/8-8-2026/91178217.json,PokeBot,0,0,0.4545,Grimmsnarl
91178248,/Users/nickzwart/Desktop/8-8-2026/91178248.json,Luca,0,0,0.6349,Alakazam
91178291,/Users/nickzwart/Desktop/8-8-2026/91178291.json,__Taichicchi__,0,0,0.6119,Alakazam
91178332,/Users/nickzwart/Desktop/8-8-2026/91178332.json,yuki0202,1,0,0.4483,Alakazam
91179325,/Users/nickzwart/Desktop/8-8-2026/91179325.json,Saber,0,0,0.5385,Grimmsnarl
91179171,/Users/nickzwart/Desktop/8-8-2026/91179171.json,Luca,0,0,0.6349,Ogerpon
91179171,/Users/nickzwart/Desktop/8-8-2026/91179171.json,Dipam Chakraborty,1,1,0.7491,Ogerpon
91179225,/Users/nickzwart/Desktop/8-8-2026/91179225.json,__Taichicchi__,1,1,0.6119,Grimmsnarl
91179961,/Users/nickzwart/Desktop/8-8-2026/91179961.json,KouFu,0,0,0.3906,M-Kangaskhan
91179975,/Users/nickzwart/Desktop/8-8-2026/91179975.json,PokeBot,0,0,0.4545,M-Lopunny
91179987,/Users/nickzwart/Desktop/8-8-2026/91179987.json,tktkyamyam,0,0,0.4797,M-Lopunny
91180047,/Users/nickzwart/Desktop/8-8-2026/91180047.json,Luca,0,1,0.6349,Alakazam
91180100,/Users/nickzwart/Desktop/8-8-2026/91180100.json,__Taichicchi__,1,1,0.6119,Garchomp
91180868,/Users/nickzwart/Desktop/8-8-2026/91180868.json,PokeBot,0,0,0.4545,Ogerpon
91180868,/Users/nickzwart/Desktop/8-8-2026/91180868.json,Nghia Tran,1,1,0.3864,Ogerpon
91180886,/Users/nickzwart/Desktop/8-8-2026/91180886.json,Battle Data Base,0,1,0.419,Grimmsnarl
91180894,/Users/nickzwart/Desktop/8-8-2026/91180894.json,Battle Data Base,0,1,0.419,M-Kangaskhan
91180952,/Users/nickzwart/Desktop/8-8-2026/91180952.json,Luca,1,1,0.6349,Dragapult
91181751,/Users/nickzwart/Desktop/8-8-2026/91181751.json,tktkyamyam,0,0,0.4797,Dragapult
91181781,/Users/nickzwart/Desktop/8-8-2026/91181781.json,Nghia Tran,0,0,0.3864,M-Lopunny
91181787,/Users/nickzwart/Desktop/8-8-2026/91181787.json,flg,0,1,0.6902,Grimmsnarl
91181884,/Users/nickzwart/Desktop/8-8-2026/91181884.json,__Taichicchi__,1,0,0.6119,M-Kangaskhan
91181936,/Users/nickzwart/Desktop/8-8-2026/91181936.json,tktkyamyam,0,0,0.4797,Garchomp
91182694,/Users/nickzwart/Desktop/8-8-2026/91182694.json,NIWATORI,1,1,0.5652,Grimmsnarl
91182737,/Users/nickzwart/Desktop/8-8-2026/91182737.json,Luca,1,1,0.6349,Grimmsnarl
91182776,/Users/nickzwart/Desktop/8-8-2026/91182776.json,__Taichicchi__,0,1,0.6119,Ogerpon
91182776,/Users/nickzwart/Desktop/8-8-2026/91182776.json,Changyuan Chen,1,0,0.3962,Ogerpon
91181841,/Users/nickzwart/Desktop/8-8-2026/91181841.json,Luca,0,1,0.6349,Dragapult
91181853,/Users/nickzwart/Desktop/8-8-2026/91181853.json,Changyuan Chen,1,0,0.3962,Grimmsnarl
91181860,/Users/nickzwart/Desktop/8-8-2026/91181860.json,Luca,1,0,0.6349,Dragapult
91183530,/Users/nickzwart/Desktop/8-8-2026/91183530.json,Luca,1,0,0.6349,Grimmsnarl
91183550,/Users/nickzwart/Desktop/8-8-2026/91183550.json,__Taichicchi__,1,1,0.6119,Grimmsnarl
91184414,/Users/nickzwart/Desktop/8-8-2026/91184414.json,PokeBot,0,1,0.4545,Grimmsnarl
91184513,/Users/nickzwart/Desktop/8-8-2026/91184513.json,Luca,0,1,0.6349,Grimmsnarl
91184531,/Users/nickzwart/Desktop/8-8-2026/91184531.json,__Taichicchi__,0,1,0.6119,Garchomp
91186194,/Users/nickzwart/Desktop/8-8-2026/91186194.json,tktkyamyam,1,1,0.4797,Grimmsnarl
91185398,/Users/nickzwart/Desktop/8-8-2026/91185398.json,Luca,1,0,0.6349,Alakazam
91185411,/Users/nickzwart/Desktop/8-8-2026/91185411.json,takayosi,0,0,0.3967,Ogerpon
91185411,/Users/nickzwart/Desktop/8-8-2026/91185411.json,__Taichicchi__,1,1,0.6119,Ogerpon
91186297,/Users/nickzwart/Desktop/8-8-2026/91186297.json,__Taichicchi__,1,0,0.6119,Alakazam
91186298,/Users/nickzwart/Desktop/8-8-2026/91186298.json,Luca,0,1,0.6349,M-Lopunny
91187139,/Users/nickzwart/Desktop/8-8-2026/91187139.json,Luca,0,1,0.6349,M-Kangaskhan
91187155,/Users/nickzwart/Desktop/8-8-2026/91187155.json,MissingNo.,1,0,0.6389,Dragapult
91187166,/Users/nickzwart/Desktop/8-8-2026/91187166.json,Dipam Chakraborty,0,1,0.7491,Grimmsnarl
91187181,/Users/nickzwart/Desktop/8-8-2026/91187181.json,__Taichicchi__,0,0,0.6119,Grimmsnarl
91187986,/Users/nickzwart/Desktop/8-8-2026/91187986.json,Dipam Chakraborty,0,1,0.7491,Grimmsnarl
91188023,/Users/nickzwart/Desktop/8-8-2026/91188023.json,llkarill,1,0,0.4375,Grimmsnarl
91188053,/Users/nickzwart/Desktop/8-8-2026/91188053.json,Luca,1,0,0.6349,Alakazam
91188066,/Users/nickzwart/Desktop/8-8-2026/91188066.json,__Taichicchi__,0,0,0.6119,Crustle
91188903,/Users/nickzwart/Desktop/8-8-2026/91188903.json,takayosi,1,1,0.3967,Grimmsnarl
91188934,/Users/nickzwart/Desktop/8-8-2026/91188934.json,Luca,0,1,0.6349,Grimmsnarl
91188942,/Users/nickzwart/Desktop/8-8-2026/91188942.json,__Taichicchi__,0,1,0.6119,Ogerpon
91188942,/Users/nickzwart/Desktop/8-8-2026/91188942.json,takayosi,1,0,0.3967,Ogerpon
91189674,/Users/nickzwart/Desktop/8-8-2026/91189674.json,takayosi,1,0,0.3967,Dragapult
91189718,/Users/nickzwart/Desktop/8-8-2026/91189718.json,Luca,0,1,0.6349,Grimmsnarl
91189745,/Users/nickzwart/Desktop/8-8-2026/91189745.json,Luca,0,1,0.6349,Grimmsnarl
91189785,/Users/nickzwart/Desktop/8-8-2026/91189785.json,Dipam Chakraborty,1,0,0.7491,Dragapult
91189810,/Users/nickzwart/Desktop/8-8-2026/91189810.json,Luca,0,1,0.6349,M-Kangaskhan
91190676,/Users/nickzwart/Desktop/8-8-2026/91190676.json,flg,1,1,0.6902,Grimmsnarl
91192344,/Users/nickzwart/Desktop/8-8-2026/91192344.json,palsystem,1,0,0.6183,Hydrapple
91192373,/Users/nickzwart/Desktop/8-8-2026/91192373.json,__Taichicchi__,1,1,0.6119,Grimmsnarl
91192382,/Users/nickzwart/Desktop/8-8-2026/91192382.json,tktkyamyam,0,1,0.4797,Grimmsnarl
91192402,/Users/nickzwart/Desktop/8-8-2026/91192402.json,yuki0202,0,1,0.4483,Grimmsnarl
91193208,/Users/nickzwart/Desktop/8-8-2026/91193208.json,Saber,1,0,0.5385,M-Lucario
91193220,/Users/nickzwart/Desktop/8-8-2026/91193220.json,Yan,0,0,0.3462,Alakazam
91193264,/Users/nickzwart/Desktop/8-8-2026/91193264.json,Battle Data Base,0,1,0.419,Crustle
91194238,/Users/nickzwart/Desktop/8-8-2026/91194238.json,Dipam Chakraborty,1,1,0.7491,Grimmsnarl
91194866,/Users/nickzwart/Desktop/8-8-2026/91194866.json,タニシ,1,1,0.4324,Grimmsnarl
91193336,/Users/nickzwart/Desktop/8-8-2026/91193336.json,Nghia Tran,1,0,0.3864,Dragapult
91195952,/Users/nickzwart/Desktop/8-8-2026/91195952.json,llkarill,1,1,0.4375,M-Lopunny
91196036,/Users/nickzwart/Desktop/8-8-2026/91196036.json,Nghia Tran,1,0,0.3864,Alakazam
91196045,/Users/nickzwart/Desktop/8-8-2026/91196045.json,Confusion,1,0,0.4651,M-Kangaskhan
91196052,/Users/nickzwart/Desktop/8-8-2026/91196052.json,Luca,0,0,0.6349,Ogerpon
91196052,/Users/nickzwart/Desktop/8-8-2026/91196052.json,Dipam Chakraborty,1,1,0.7491,Ogerpon
91194979,/Users/nickzwart/Desktop/8-8-2026/91194979.json,Nghia Tran,1,0,0.3864,Dragapult
91195043,/Users/nickzwart/Desktop/8-8-2026/91195043.json,Battle Data Base,0,1,0.419,Grimmsnarl
91196588,/Users/nickzwart/Desktop/8-8-2026/91196588.json,kashiwashira,1,1,0.4925,Grimmsnarl
91197489,/Users/nickzwart/Desktop/8-8-2026/91197489.json,kashiwashira,1,1,0.4925,M-Kangaskhan
91198378,/Users/nickzwart/Desktop/8-8-2026/91198378.json,kashiwashira,1,1,0.4925,Alakazam
91199264,/Users/nickzwart/Desktop/8-8-2026/91199264.json,kashiwashira,0,1,0.4925,Alakazam
91199517,/Users/nickzwart/Desktop/8-8-2026/91199517.json,tktkyamyam,0,1,0.4797,Grimmsnarl
91200101,/Users/nickzwart/Desktop/8-8-2026/91200101.json,Nghia Tran,1,0,0.3864,Alakazam
91200141,/Users/nickzwart/Desktop/8-8-2026/91200141.json,kashiwashira,0,0,0.4925,Crustle
91200987,/Users/nickzwart/Desktop/8-8-2026/91200987.json,flg,0,0,0.6902,Grimmsnarl
91201033,/Users/nickzwart/Desktop/8-8-2026/91201033.json,kashiwashira,1,1,0.4925,Grimmsnarl
91201921,/Users/nickzwart/Desktop/8-8-2026/91201921.json,kashiwashira,0,0,0.4925,Alakazam
91203059,/Users/nickzwart/Desktop/8-8-2026/91203059.json,Battle Data Base,0,1,0.419,Hydrapple
91202795,/Users/nickzwart/Desktop/8-8-2026/91202795.json,kashiwashira,0,1,0.4925,M-Kangaskhan
91204573,/Users/nickzwart/Desktop/8-8-2026/91204573.json,kashiwashira,0,0,0.4925,Ogerpon
91204573,/Users/nickzwart/Desktop/8-8-2026/91204573.json,Nghia Tran,1,1,0.3864,Ogerpon
91203700,/Users/nickzwart/Desktop/8-8-2026/91203700.json,kashiwashira,0,1,0.4925,Dragapult
91203730,/Users/nickzwart/Desktop/8-8-2026/91203730.json,takayosi,1,0,0.3967,Alakazam
91205472,/Users/nickzwart/Desktop/8-8-2026/91205472.json,kashiwashira,1,1,0.4925,M-Lopunny
91205736,/Users/nickzwart/Desktop/8-8-2026/91205736.json,Luca,1,0,0.6349,M-Lopunny
91206356,/Users/nickzwart/Desktop/8-8-2026/91206356.json,kashiwashira,0,1,0.4925,Alakazam
91206435,/Users/nickzwart/Desktop/8-8-2026/91206435.json,Battle Data Base,0,0,0.419,Hydrapple
91206577,/Users/nickzwart/Desktop/8-8-2026/91206577.json,kashiwashira,1,0,0.4925,M-Kangaskhan
91207159,/Users/nickzwart/Desktop/8-8-2026/91207159.json,takayosi,1,0,0.3967,Hydrapple
91207214,/Users/nickzwart/Desktop/8-8-2026/91207214.json,Confusion,1,1,0.4651,Grimmsnarl
91207416,/Users/nickzwart/Desktop/8-8-2026/91207416.json,Confusion,0,0,0.4651,Alakazam
91208126,/Users/nickzwart/Desktop/8-8-2026/91208126.json,yuki0202,1,0,0.4483,Grimmsnarl
91208159,/Users/nickzwart/Desktop/8-8-2026/91208159.json,kashiwashira,0,0,0.4925,Ogerpon
91208159,/Users/nickzwart/Desktop/8-8-2026/91208159.json,Battle Data Base,1,1,0.419,Ogerpon
91209119,/Users/nickzwart/Desktop/8-8-2026/91209119.json,kashiwashira,0,0,0.4925,Grimmsnarl
91208367,/Users/nickzwart/Desktop/8-8-2026/91208367.json,flg,0,1,0.6902,M-Kangaskhan
91208397,/Users/nickzwart/Desktop/8-8-2026/91208397.json,yuki0202,0,0,0.4483,Grimmsnarl
91209295,/Users/nickzwart/Desktop/8-8-2026/91209295.json,takayosi,1,0,0.3967,Alakazam
91209848,/Users/nickzwart/Desktop/8-8-2026/91209848.json,__Taichicchi__,0,1,0.6119,Dragapult
91210778,/Users/nickzwart/Desktop/8-8-2026/91210778.json,kashiwashira,1,1,0.4925,Grimmsnarl
91210838,/Users/nickzwart/Desktop/8-8-2026/91210838.json,kashiwashira,0,0,0.4925,Alakazam
91210969,/Users/nickzwart/Desktop/8-8-2026/91210969.json,Battle Data Base,0,0,0.419,Dragapult
91209947,/Users/nickzwart/Desktop/8-8-2026/91209947.json,kashiwashira,0,0,0.4925,M-Lucario
91211749,/Users/nickzwart/Desktop/8-8-2026/91211749.json,kashiwashira,0,1,0.4925,Garchomp
91212519,/Users/nickzwart/Desktop/8-8-2026/91212519.json,Dipam Chakraborty,0,1,0.7491,Hydrapple
91213426,/Users/nickzwart/Desktop/8-8-2026/91213426.json,tktkyamyam,0,0,0.4797,Dragapult
91213455,/Users/nickzwart/Desktop/8-8-2026/91213455.json,Nghia Tran,1,0,0.3864,M-Kangaskhan
91213517,/Users/nickzwart/Desktop/8-8-2026/91213517.json,yuki0202,0,1,0.4483,Ogerpon
91213517,/Users/nickzwart/Desktop/8-8-2026/91213517.json,Nghia Tran,1,0,0.3864,Ogerpon
91214388,/Users/nickzwart/Desktop/8-8-2026/91214388.json,KouFu,1,0,0.3906,Alakazam
91214413,/Users/nickzwart/Desktop/8-8-2026/91214413.json,kashiwashira,0,0,0.4925,Ogerpon
91214413,/Users/nickzwart/Desktop/8-8-2026/91214413.json,tktkyamyam,1,1,0.4797,Ogerpon
91214424,/Users/nickzwart/Desktop/8-8-2026/91214424.json,Confusion,0,1,0.4651,Dragapult
91213523,/Users/nickzwart/Desktop/8-8-2026/91213523.json,kashiwashira,0,1,0.4925,Ogerpon
91215447,/Users/nickzwart/Desktop/8-8-2026/91215447.json,MissingNo.,0,0,0.6389,Alakazam
91216047,/Users/nickzwart/Desktop/8-8-2026/91216047.json,yuki0202,0,1,0.4483,other
91216939,/Users/nickzwart/Desktop/8-8-2026/91216939.json,yuki0202,1,0,0.4483,Grimmsnarl
91217069,/Users/nickzwart/Desktop/8-8-2026/91217069.json,Nghia Tran,1,0,0.3864,Dudunsparce
91216199,/Users/nickzwart/Desktop/8-8-2026/91216199.json,tktkyamyam,0,0,0.4797,Alakazam
91216217,/Users/nickzwart/Desktop/8-8-2026/91216217.json,kashiwashira,0,1,0.4925,Grimmsnarl
91217263,/Users/nickzwart/Desktop/8-8-2026/91217263.json,__Taichicchi__,1,0,0.6119,Grimmsnarl
91217822,/Users/nickzwart/Desktop/8-8-2026/91217822.json,flg,0,0,0.6902,Grimmsnarl
91217827,/Users/nickzwart/Desktop/8-8-2026/91217827.json,yuki0202,1,1,0.4483,M-Kangaskhan
91217914,/Users/nickzwart/Desktop/8-8-2026/91217914.json,tktkyamyam,0,0,0.4797,Grimmsnarl
91217969,/Users/nickzwart/Desktop/8-8-2026/91217969.json,kashiwashira,0,0,0.4925,Alakazam
91219015,/Users/nickzwart/Desktop/8-8-2026/91219015.json,Luca,0,0,0.6349,Alakazam
91218738,/Users/nickzwart/Desktop/8-8-2026/91218738.json,yuki0202,0,0,0.4483,Ogerpon
91218738,/Users/nickzwart/Desktop/8-8-2026/91218738.json,tw_shin,1,1,0.475,Ogerpon
91219568,/Users/nickzwart/Desktop/8-8-2026/91219568.json,yuki0202,1,0,0.4483,M-Lopunny
91219606,/Users/nickzwart/Desktop/8-8-2026/91219606.json,Dipam Chakraborty,0,1,0.7491,Grimmsnarl
91219623,/Users/nickzwart/Desktop/8-8-2026/91219623.json,Saber,1,0,0.5385,other
91220745,/Users/nickzwart/Desktop/8-8-2026/91220745.json,Luca,0,0,0.6349,M-Lopunny
91220797,/Users/nickzwart/Desktop/8-8-2026/91220797.json,Dipam Chakraborty,1,1,0.7491,Grimmsnarl
91221672,/Users/nickzwart/Desktop/8-8-2026/91221672.json,KouFu,0,0,0.3906,Dragapult
91220489,/Users/nickzwart/Desktop/8-8-2026/91220489.json,Luca,1,1,0.6349,Grimmsnarl
91221422,/Users/nickzwart/Desktop/8-8-2026/91221422.json,tktkyamyam,0,0,0.4797,M-Lucario
91221582,/Users/nickzwart/Desktop/8-8-2026/91221582.json,palsystem,0,0,0.6183,M-Lopunny
91222364,/Users/nickzwart/Desktop/8-8-2026/91222364.json,tw_shin,1,0,0.475,Hydrapple
91224119,/Users/nickzwart/Desktop/8-8-2026/91224119.json,Nghia Tran + ketchum alt,1,1,0.375,Grimmsnarl
91224992,/Users/nickzwart/Desktop/8-8-2026/91224992.json,Confusion,1,1,0.4651,Grimmsnarl
91225021,/Users/nickzwart/Desktop/8-8-2026/91225021.json,__Taichicchi__,0,1,0.6119,Grimmsnarl
91225084,/Users/nickzwart/Desktop/8-8-2026/91225084.json,takayosi,0,1,0.3967,Grimmsnarl
91223140,/Users/nickzwart/Desktop/8-8-2026/91223140.json,__Taichicchi__,1,1,0.6119,Grimmsnarl
91227583,/Users/nickzwart/Desktop/8-8-2026/91227583.json,Battle Data Base,0,0,0.419,M-Lopunny
91227595,/Users/nickzwart/Desktop/8-8-2026/91227595.json,tktkyamyam,1,0,0.4797,M-Lopunny
91227652,/Users/nickzwart/Desktop/8-8-2026/91227652.json,takayosi,1,0,0.3967,Dragapult
91230185,/Users/nickzwart/Desktop/8-8-2026/91230185.json,タニシ,1,0,0.4324,Alakazam
91229381,/Users/nickzwart/Desktop/8-8-2026/91229381.json,__Taichicchi__,1,1,0.6119,M-Kangaskhan
91230329,/Users/nickzwart/Desktop/8-8-2026/91230329.json,yuki0202,1,0,0.4483,M-Lucario
91231988,/Users/nickzwart/Desktop/8-8-2026/91231988.json,タニシ,1,0,0.4324,Grimmsnarl
91233005,/Users/nickzwart/Desktop/8-8-2026/91233005.json,yuki0202,0,0,0.4483,Grimmsnarl
91233101,/Users/nickzwart/Desktop/8-8-2026/91233101.json,flg,0,1,0.6902,Grimmsnarl
91233913,/Users/nickzwart/Desktop/8-8-2026/91233913.json,KouFu,1,0,0.3906,Dragapult
91233984,/Users/nickzwart/Desktop/8-8-2026/91233984.json,tktkyamyam,1,1,0.4797,Grimmsnarl
91234040,/Users/nickzwart/Desktop/8-8-2026/91234040.json,yuki0202,1,1,0.4483,Grimmsnarl
91236565,/Users/nickzwart/Desktop/8-8-2026/91236565.json,yuki0202,0,1,0.4483,Grimmsnarl
91236581,/Users/nickzwart/Desktop/8-8-2026/91236581.json,tktkyamyam,0,1,0.4797,Grimmsnarl
91237267,/Users/nickzwart/Desktop/8-8-2026/91237267.json,Luca,0,1,0.6349,Alakazam
91237363,/Users/nickzwart/Desktop/8-8-2026/91237363.json,Luca,1,1,0.6349,M-Lopunny
91237443,/Users/nickzwart/Desktop/8-8-2026/91237443.json,yuki0202,0,0,0.4483,M-Lopunny
91234773,/Users/nickzwart/Desktop/8-8-2026/91234773.json,Nghia Tran + ketchum alt,0,0,0.375,Ogerpon
91234773,/Users/nickzwart/Desktop/8-8-2026/91234773.json,yuki0202,1,1,0.4483,Ogerpon
91235782,/Users/nickzwart/Desktop/8-8-2026/91235782.json,llkarill,0,0,0.4375,M-Kangaskhan
91239149,/Users/nickzwart/Desktop/8-8-2026/91239149.json,tktkyamyam,0,0,0.4797,M-Lopunny
91239226,/Users/nickzwart/Desktop/8-8-2026/91239226.json,yuki0202,1,1,0.4483,M-Kangaskhan
91241911,/Users/nickzwart/Desktop/8-8-2026/91241911.json,Nghia Tran + ketchum alt,1,1,0.375,Grimmsnarl
91242601,/Users/nickzwart/Desktop/8-8-2026/91242601.json,tktkyamyam,1,0,0.4797,Alakazam
91242614,/Users/nickzwart/Desktop/8-8-2026/91242614.json,takayosi,0,0,0.3967,M-Kangaskhan
91242681,/Users/nickzwart/Desktop/8-8-2026/91242681.json,Confusion,1,1,0.4651,Alakazam
91243529,/Users/nickzwart/Desktop/8-8-2026/91243529.json,llkarill,1,0,0.4375,Alakazam
91243576,/Users/nickzwart/Desktop/8-8-2026/91243576.json,タニシ,1,1,0.4324,Grimmsnarl
91243682,/Users/nickzwart/Desktop/8-8-2026/91243682.json,KouFu,1,0,0.3906,M-Lopunny
91244460,/Users/nickzwart/Desktop/8-8-2026/91244460.json,タニシ,0,0,0.4324,M-Kangaskhan
91244565,/Users/nickzwart/Desktop/8-8-2026/91244565.json,yuki0202,1,0,0.4483,Dragapult
91245388,/Users/nickzwart/Desktop/8-8-2026/91245388.json,タニシ,0,1,0.4324,M-Kangaskhan
91246231,/Users/nickzwart/Desktop/8-8-2026/91246231.json,__Taichicchi__,0,0,0.6119,Alakazam
91246279,/Users/nickzwart/Desktop/8-8-2026/91246279.json,タニシ,0,0,0.4324,M-Lopunny
91247047,/Users/nickzwart/Desktop/8-8-2026/91247047.json,llkarill,0,0,0.4375,Alakazam
91247096,/Users/nickzwart/Desktop/8-8-2026/91247096.json,Changyuan Chen,0,1,0.3962,Grimmsnarl
91249036,/Users/nickzwart/Desktop/8-8-2026/91249036.json,Changyuan Chen,1,1,0.3962,Grimmsnarl
91249993,/Users/nickzwart/Desktop/8-8-2026/91249993.json,takayosi,1,1,0.3967,Grimmsnarl
91250603,/Users/nickzwart/Desktop/8-8-2026/91250603.json,guruguru000,0,1,0.4286,Grimmsnarl
91251579,/Users/nickzwart/Desktop/8-8-2026/91251579.json,guruguru000,1,1,0.4286,Grimmsnarl
91251793,/Users/nickzwart/Desktop/8-8-2026/91251793.json,__Taichicchi__,0,0,0.6119,Ogerpon
91251793,/Users/nickzwart/Desktop/8-8-2026/91251793.json,MissingNo.,1,1,0.6389,Ogerpon
91252402,/Users/nickzwart/Desktop/8-8-2026/91252402.json,guruguru000,1,1,0.4286,M-Kangaskhan
91253360,/Users/nickzwart/Desktop/8-8-2026/91253360.json,takayosi,1,0,0.3967,Alakazam
91253308,/Users/nickzwart/Desktop/8-8-2026/91253308.json,guruguru000,0,1,0.4286,Ogerpon
91253308,/Users/nickzwart/Desktop/8-8-2026/91253308.json,Nghia Tran + ketchum alt,1,0,0.375,Ogerpon
91254187,/Users/nickzwart/Desktop/8-8-2026/91254187.json,guruguru000,1,0,0.4286,Dragapult
91254395,/Users/nickzwart/Desktop/8-8-2026/91254395.json,tktkyamyam,1,0,0.4797,Dragapult
91255020,/Users/nickzwart/Desktop/8-8-2026/91255020.json,llkarill,0,1,0.4375,Alakazam
91255069,/Users/nickzwart/Desktop/8-8-2026/91255069.json,guruguru000,1,1,0.4286,Grimmsnarl
91255963,/Users/nickzwart/Desktop/8-8-2026/91255963.json,kashiwashira,0,1,0.4925,other
91255968,/Users/nickzwart/Desktop/8-8-2026/91255968.json,guruguru000,0,0,0.4286,Ogerpon
91255968,/Users/nickzwart/Desktop/8-8-2026/91255968.json,Battle Data Base,1,1,0.419,Ogerpon
91255285,/Users/nickzwart/Desktop/8-8-2026/91255285.json,Saber,1,0,0.5385,Alakazam
91256855,/Users/nickzwart/Desktop/8-8-2026/91256855.json,kashiwashira,1,1,0.4925,Alakazam
91257648,/Users/nickzwart/Desktop/8-8-2026/91257648.json,Battle Data Base,0,0,0.419,other
91257730,/Users/nickzwart/Desktop/8-8-2026/91257730.json,kashiwashira,0,1,0.4925,Ogerpon
91257730,/Users/nickzwart/Desktop/8-8-2026/91257730.json,Nghia Tran + ketchum alt,1,0,0.375,Ogerpon
91256856,/Users/nickzwart/Desktop/8-8-2026/91256856.json,guruguru000,0,0,0.4286,Grimmsnarl
91258555,/Users/nickzwart/Desktop/8-8-2026/91258555.json,Boss's Orders Are All You Need,1,0,0.4872,Grimmsnarl
91258640,/Users/nickzwart/Desktop/8-8-2026/91258640.json,kashiwashira,1,1,0.4925,Grimmsnarl
91258692,/Users/nickzwart/Desktop/8-8-2026/91258692.json,MissingNo.,1,0,0.6389,Alakazam
91258714,/Users/nickzwart/Desktop/8-8-2026/91258714.json,takayosi,1,1,0.3967,Grimmsnarl
91259531,/Users/nickzwart/Desktop/8-8-2026/91259531.json,kashiwashira,1,0,0.4925,Alakazam
91259549,/Users/nickzwart/Desktop/8-8-2026/91259549.json,guruguru000,0,0,0.4286,Alakazam
91259638,/Users/nickzwart/Desktop/8-8-2026/91259638.json,Nghia Tran + ketchum alt,0,1,0.375,Alakazam
91259685,/Users/nickzwart/Desktop/8-8-2026/91259685.json,Battle Data Base,1,0,0.419,Grimmsnarl
91260346,/Users/nickzwart/Desktop/8-8-2026/91260346.json,llkarill,0,0,0.4375,Alakazam
91260396,/Users/nickzwart/Desktop/8-8-2026/91260396.json,kashiwashira,1,0,0.4925,M-Lopunny
91260471,/Users/nickzwart/Desktop/8-8-2026/91260471.json,Yan,0,1,0.3462,M-Kangaskhan
91260589,/Users/nickzwart/Desktop/8-8-2026/91260589.json,James Cox & Henry Chao,1,0,0.3846,Alakazam
91262226,/Users/nickzwart/Desktop/8-8-2026/91262226.json,Confusion,0,1,0.4651,Grimmsnarl
91262318,/Users/nickzwart/Desktop/8-8-2026/91262318.json,guruguru000,0,0,0.4286,M-Lopunny
91261230,/Users/nickzwart/Desktop/8-8-2026/91261230.json,Yan,0,0,0.3462,other
91261325,/Users/nickzwart/Desktop/8-8-2026/91261325.json,kashiwashira,0,0,0.4925,M-Lopunny
91261394,/Users/nickzwart/Desktop/8-8-2026/91261394.json,goonew,1,1,0.5714,Grimmsnarl
91263188,/Users/nickzwart/Desktop/8-8-2026/91263188.json,tw_shin,0,1,0.475,Grimmsnarl
91263269,/Users/nickzwart/Desktop/8-8-2026/91263269.json,flg,0,1,0.6902,Grimmsnarl
91264008,/Users/nickzwart/Desktop/8-8-2026/91264008.json,kashiwashira,0,0,0.4925,Hydrapple
91264054,/Users/nickzwart/Desktop/8-8-2026/91264054.json,goonew,0,1,0.5714,Grimmsnarl
91264160,/Users/nickzwart/Desktop/8-8-2026/91264160.json,Luca,0,1,0.6349,M-Kangaskhan
91265699,/Users/nickzwart/Desktop/8-8-2026/91265699.json,Nghia Tran + ketchum alt,0,1,0.375,other
91264916,/Users/nickzwart/Desktop/8-8-2026/91264916.json,guruguru000,1,0,0.4286,Grimmsnarl
91265808,/Users/nickzwart/Desktop/8-8-2026/91265808.json,Changyuan Chen,0,1,0.3962,Ogerpon
91265808,/Users/nickzwart/Desktop/8-8-2026/91265808.json,guruguru000,1,0,0.4286,Ogerpon
91265874,/Users/nickzwart/Desktop/8-8-2026/91265874.json,goonew,1,1,0.5714,M-Lopunny
91267639,/Users/nickzwart/Desktop/8-8-2026/91267639.json,goonew,1,1,0.5714,Grimmsnarl
91269423,/Users/nickzwart/Desktop/8-8-2026/91269423.json,goonew,0,0,0.5714,Alakazam
91268405,/Users/nickzwart/Desktop/8-8-2026/91268405.json,goonew,0,1,0.5714,Grimmsnarl
91270216,/Users/nickzwart/Desktop/8-8-2026/91270216.json,Luca,0,1,0.6349,Dragapult
91270321,/Users/nickzwart/Desktop/8-8-2026/91270321.json,goonew,1,0,0.5714,Alakazam
91273041,/Users/nickzwart/Desktop/8-8-2026/91273041.json,goonew,1,1,0.5714,M-Lopunny
91272084,/Users/nickzwart/Desktop/8-8-2026/91272084.json,__Taichicchi__,1,0,0.6119,Grimmsnarl
91272128,/Users/nickzwart/Desktop/8-8-2026/91272128.json,goonew,0,0,0.5714,Dragapult
91272988,/Users/nickzwart/Desktop/8-8-2026/91272988.json,kashiwashira,1,1,0.4925,Grimmsnarl
91274783,/Users/nickzwart/Desktop/8-8-2026/91274783.json,kashiwashira,0,1,0.4925,Ogerpon
91274783,/Users/nickzwart/Desktop/8-8-2026/91274783.json,goonew,1,0,0.5714,Ogerpon
91274789,/Users/nickzwart/Desktop/8-8-2026/91274789.json,Confusion,1,1,0.4651,Grimmsnarl
91276589,/Users/nickzwart/Desktop/8-8-2026/91276589.json,kashiwashira,1,0,0.4925,Grimmsnarl
91275779,/Users/nickzwart/Desktop/8-8-2026/91275779.json,kashiwashira,0,0,0.4925,Ogerpon
91275779,/Users/nickzwart/Desktop/8-8-2026/91275779.json,Saber,1,1,0.5385,Ogerpon
91277303,/Users/nickzwart/Desktop/8-8-2026/91277303.json,Shardul Gharat,1,1,0.48,Alakazam
91277440,/Users/nickzwart/Desktop/8-8-2026/91277440.json,tktkyamyam,0,0,0.4797,Alakazam
91277485,/Users/nickzwart/Desktop/8-8-2026/91277485.json,takayosi,1,0,0.3967,Dragapult
91278197,/Users/nickzwart/Desktop/8-8-2026/91278197.json,Shardul Gharat,1,1,0.48,Grimmsnarl
91278325,/Users/nickzwart/Desktop/8-8-2026/91278325.json,Battle Data Base,1,0,0.419,Dragapult
91278412,/Users/nickzwart/Desktop/8-8-2026/91278412.json,flg,1,0,0.6902,Grimmsnarl
91279045,/Users/nickzwart/Desktop/8-8-2026/91279045.json,yuki0202,1,0,0.4483,M-Lucario
91279233,/Users/nickzwart/Desktop/8-8-2026/91279233.json,Luca,0,0,0.6349,Alakazam
91279945,/Users/nickzwart/Desktop/8-8-2026/91279945.json,タニシ,1,0,0.4324,Grimmsnarl
91279948,/Users/nickzwart/Desktop/8-8-2026/91279948.json,Battle Data Base,1,1,0.419,M-Kangaskhan
91279990,/Users/nickzwart/Desktop/8-8-2026/91279990.json,Shardul Gharat,1,1,0.48,Grimmsnarl
91280121,/Users/nickzwart/Desktop/8-8-2026/91280121.json,Shardul Gharat,0,1,0.48,Dragapult
91281073,/Users/nickzwart/Desktop/8-8-2026/91281073.json,Yan,1,1,0.3462,Grimmsnarl
91281084,/Users/nickzwart/Desktop/8-8-2026/91281084.json,kashiwashira,1,1,0.4925,Grimmsnarl
91281751,/Users/nickzwart/Desktop/8-8-2026/91281751.json,KouFu,0,0,0.3906,M-Lopunny
91281789,/Users/nickzwart/Desktop/8-8-2026/91281789.json,Shardul Gharat,0,0,0.48,M-Lopunny
91280895,/Users/nickzwart/Desktop/8-8-2026/91280895.json,Shardul Gharat,0,1,0.48,Grimmsnarl
91280994,/Users/nickzwart/Desktop/8-8-2026/91280994.json,flg,1,0,0.6902,Alakazam
91281914,/Users/nickzwart/Desktop/8-8-2026/91281914.json,takayosi,1,0,0.3967,Dragapult
91282653,/Users/nickzwart/Desktop/8-8-2026/91282653.json,__Taichicchi__,0,1,0.6119,M-Lopunny
91282695,/Users/nickzwart/Desktop/8-8-2026/91282695.json,Shardul Gharat,0,1,0.48,other
91282713,/Users/nickzwart/Desktop/8-8-2026/91282713.json,Changyuan Chen,1,0,0.3962,Dragapult
91283584,/Users/nickzwart/Desktop/8-8-2026/91283584.json,Shardul Gharat,0,1,0.48,Grimmsnarl
91283714,/Users/nickzwart/Desktop/8-8-2026/91283714.json,Saber,1,0,0.5385,Alakazam
91284423,/Users/nickzwart/Desktop/8-8-2026/91284423.json,Shardul Gharat,1,0,0.48,M-Lopunny
91285520,/Users/nickzwart/Desktop/8-8-2026/91285520.json,Confusion,0,0,0.4651,Dragapult
91285605,/Users/nickzwart/Desktop/8-8-2026/91285605.json,kashiwashira,0,1,0.4925,Grimmsnarl
91284568,/Users/nickzwart/Desktop/8-8-2026/91284568.json,llkarill,1,0,0.4375,Dragapult
91284627,/Users/nickzwart/Desktop/8-8-2026/91284627.json,Nghia Tran + ketchum alt,1,1,0.375,Grimmsnarl
91284630,/Users/nickzwart/Desktop/8-8-2026/91284630.json,kashiwashira,0,0,0.4925,Alakazam
91285301,/Users/nickzwart/Desktop/8-8-2026/91285301.json,Changyuan Chen,1,0,0.3962,Grimmsnarl
91285399,/Users/nickzwart/Desktop/8-8-2026/91285399.json,Shardul Gharat,0,1,0.48,Alakazam
91286326,/Users/nickzwart/Desktop/8-8-2026/91286326.json,Shardul Gharat,1,0,0.48,Grimmsnarl
91286435,/Users/nickzwart/Desktop/8-8-2026/91286435.json,kashiwashira,0,1,0.4925,Alakazam
91286437,/Users/nickzwart/Desktop/8-8-2026/91286437.json,KouFu,1,1,0.3906,Grimmsnarl
91287192,/Users/nickzwart/Desktop/8-8-2026/91287192.json,Shardul Gharat,1,1,0.48,Garchomp
91287265,/Users/nickzwart/Desktop/8-8-2026/91287265.json,takayosi,0,1,0.3967,Hydrapple
91287325,/Users/nickzwart/Desktop/8-8-2026/91287325.json,kashiwashira,1,0,0.4925,Grimmsnarl
91288149,/Users/nickzwart/Desktop/8-8-2026/91288149.json,Shardul Gharat,0,0,0.48,Alakazam
91288252,/Users/nickzwart/Desktop/8-8-2026/91288252.json,Nghia Tran + ketchum alt,1,0,0.375,Alakazam
91288277,/Users/nickzwart/Desktop/8-8-2026/91288277.json,Luca,1,0,0.6349,M-Kangaskhan
91289189,/Users/nickzwart/Desktop/8-8-2026/91289189.json,Shardul Gharat,0,0,0.48,M-Lopunny
91289770,/Users/nickzwart/Desktop/8-8-2026/91289770.json,kashiwashira,1,0,0.4925,Archaludon
91290678,/Users/nickzwart/Desktop/8-8-2026/91290678.json,__Taichicchi__,0,0,0.6119,Grimmsnarl
91290849,/Users/nickzwart/Desktop/8-8-2026/91290849.json,tktkyamyam,1,1,0.4797,Grimmsnarl
91290855,/Users/nickzwart/Desktop/8-8-2026/91290855.json,Shardul Gharat,1,0,0.48,Alakazam
91289952,/Users/nickzwart/Desktop/8-8-2026/91289952.json,Yan,0,0,0.3462,Ogerpon
91289952,/Users/nickzwart/Desktop/8-8-2026/91289952.json,Shardul Gharat,1,1,0.48,Ogerpon
91291663,/Users/nickzwart/Desktop/8-8-2026/91291663.json,Changyuan Chen,1,1,0.3962,Grimmsnarl
91291790,/Users/nickzwart/Desktop/8-8-2026/91291790.json,Shardul Gharat,0,0,0.48,Alakazam
91293528,/Users/nickzwart/Desktop/8-8-2026/91293528.json,Confusion,0,1,0.4651,Ogerpon
91293528,/Users/nickzwart/Desktop/8-8-2026/91293528.json,Shardul Gharat,1,0,0.48,Ogerpon
91292646,/Users/nickzwart/Desktop/8-8-2026/91292646.json,Shardul Gharat,0,1,0.48,Grimmsnarl
91294425,/Users/nickzwart/Desktop/8-8-2026/91294425.json,Shardul Gharat,1,0,0.48,M-Kangaskhan
91296232,/Users/nickzwart/Desktop/8-8-2026/91296232.json,Shardul Gharat,1,0,0.48,M-Lopunny
91296255,/Users/nickzwart/Desktop/8-8-2026/91296255.json,tktkyamyam,0,0,0.4797,Dragapult
91295120,/Users/nickzwart/Desktop/8-8-2026/91295120.json,tktkyamyam,1,0,0.4797,M-Lucario
91296860,/Users/nickzwart/Desktop/8-8-2026/91296860.json,Shelgon,0,1,0.6154,Ogerpon
91296860,/Users/nickzwart/Desktop/8-8-2026/91296860.json,kashiwashira,1,0,0.4925,Ogerpon
91297877,/Users/nickzwart/Desktop/8-8-2026/91297877.json,Shelgon,1,1,0.6154,other
91298667,/Users/nickzwart/Desktop/8-8-2026/91298667.json,__Taichicchi__,0,1,0.6119,Ogerpon
91298667,/Users/nickzwart/Desktop/8-8-2026/91298667.json,Shelgon,1,0,0.6154,Ogerpon
91298922,/Users/nickzwart/Desktop/8-8-2026/91298922.json,Shardul Gharat,0,0,0.48,M-Lopunny
91298949,/Users/nickzwart/Desktop/8-8-2026/91298949.json,palsystem,0,0,0.6183,Dragapult
91300468,/Users/nickzwart/Desktop/8-8-2026/91300468.json,Shelgon,1,1,0.6154,Grimmsnarl
91302276,/Users/nickzwart/Desktop/8-8-2026/91302276.json,Shelgon,0,1,0.6154,M-Kangaskhan
91301378,/Users/nickzwart/Desktop/8-8-2026/91301378.json,Shelgon,1,1,0.6154,Grimmsnarl
91304089,/Users/nickzwart/Desktop/8-8-2026/91304089.json,Shelgon,0,0,0.6154,Garchomp
91302402,/Users/nickzwart/Desktop/8-8-2026/91302402.json,kashiwashira,0,0,0.4925,Alakazam
91303191,/Users/nickzwart/Desktop/8-8-2026/91303191.json,Shelgon,0,1,0.6154,Alakazam
91305003,/Users/nickzwart/Desktop/8-8-2026/91305003.json,Shelgon,0,1,0.6154,M-Lopunny
91305902,/Users/nickzwart/Desktop/8-8-2026/91305902.json,Shelgon,1,0,0.6154,Grimmsnarl
91306809,/Users/nickzwart/Desktop/8-8-2026/91306809.json,Shelgon,0,0,0.6154,Ogerpon
91306809,/Users/nickzwart/Desktop/8-8-2026/91306809.json,Luca,1,1,0.6349,Ogerpon
91307812,/Users/nickzwart/Desktop/8-8-2026/91307812.json,flg,1,1,0.6902,Alakazam
91307728,/Users/nickzwart/Desktop/8-8-2026/91307728.json,tktkyamyam,0,0,0.4797,M-Kangaskhan
91308602,/Users/nickzwart/Desktop/8-8-2026/91308602.json,Changyuan Chen,0,0,0.3962,Ogerpon
91308602,/Users/nickzwart/Desktop/8-8-2026/91308602.json,Shelgon,1,1,0.6154,Ogerpon
91309510,/Users/nickzwart/Desktop/8-8-2026/91309510.json,Shelgon,1,0,0.6154,Dragapult
91310506,/Users/nickzwart/Desktop/8-8-2026/91310506.json,takayosi,0,0,0.3967,Hydrapple
91311488,/Users/nickzwart/Desktop/8-8-2026/91311488.json,Battle Data Base,0,0,0.419,M-Lucario
91311523,/Users/nickzwart/Desktop/8-8-2026/91311523.json,takayosi,0,1,0.3967,Garchomp
91311295,/Users/nickzwart/Desktop/8-8-2026/91311295.json,Luca,1,0,0.6349,M-Lucario
91311382,/Users/nickzwart/Desktop/8-8-2026/91311382.json,flg,0,0,0.6902,Alakazam
91312958,/Users/nickzwart/Desktop/8-8-2026/91312958.json,__Taichicchi__,0,1,0.6119,Grimmsnarl
91313205,/Users/nickzwart/Desktop/8-8-2026/91313205.json,Battle Data Base,0,0,0.419,M-Kangaskhan
91313324,/Users/nickzwart/Desktop/8-8-2026/91313324.json,Shardul Gharat,0,1,0.48,Grimmsnarl
91320248,/Users/nickzwart/Desktop/8-8-2026/91320248.json,Nghia Tran + ketchum alt,0,0,0.375,Grimmsnarl
91321241,/Users/nickzwart/Desktop/8-8-2026/91321241.json,tktkyamyam,0,1,0.4797,Grimmsnarl
91323189,/Users/nickzwart/Desktop/8-8-2026/91323189.json,llkarill,0,0,0.4375,Alakazam
91324689,/Users/nickzwart/Desktop/8-8-2026/91324689.json,__Taichicchi__,0,0,0.6119,M-Lopunny
91324864,/Users/nickzwart/Desktop/8-8-2026/91324864.json,goonew,0,1,0.5714,other
91324913,/Users/nickzwart/Desktop/8-8-2026/91324913.json,KouFu,1,0,0.3906,Grimmsnarl
91327581,/Users/nickzwart/Desktop/8-8-2026/91327581.json,yuki0202,0,0,0.4483,Grimmsnarl
91327640,/Users/nickzwart/Desktop/8-8-2026/91327640.json,Confusion,1,1,0.4651,M-Lucario
91329349,/Users/nickzwart/Desktop/8-8-2026/91329349.json,tonakaiiii,1,0,0.1429,Alakazam
91330310,/Users/nickzwart/Desktop/8-8-2026/91330310.json,KouFu,0,1,0.3906,Grimmsnarl
91331830,/Users/nickzwart/Desktop/8-8-2026/91331830.json,zzholo,1,1,0.52,Grimmsnarl
91331894,/Users/nickzwart/Desktop/8-8-2026/91331894.json,NIWATORI,1,0,0.5652,Grimmsnarl
91333803,/Users/nickzwart/Desktop/8-8-2026/91333803.json,KouFu,0,1,0.3906,Grimmsnarl
91336601,/Users/nickzwart/Desktop/8-8-2026/91336601.json,llkarill,0,1,0.4375,Grimmsnarl
91338260,/Users/nickzwart/Desktop/8-8-2026/91338260.json,zzholo,1,1,0.52,Grimmsnarl
91339164,/Users/nickzwart/Desktop/8-8-2026/91339164.json,KouFu,0,1,0.3906,Alakazam
91339194,/Users/nickzwart/Desktop/8-8-2026/91339194.json,tktkyamyam,1,0,0.4797,Dragapult
91340016,/Users/nickzwart/Desktop/8-8-2026/91340016.json,Yan,1,0,0.3462,Alakazam
91340060,/Users/nickzwart/Desktop/8-8-2026/91340060.json,zzholo,0,1,0.52,M-Lopunny
91340275,/Users/nickzwart/Desktop/8-8-2026/91340275.json,takayosi,1,1,0.3967,Grimmsnarl
91340888,/Users/nickzwart/Desktop/8-8-2026/91340888.json,Confusion,1,0,0.4651,Crustle
91340935,/Users/nickzwart/Desktop/8-8-2026/91340935.json,zzholo,1,1,0.52,Grimmsnarl
91341816,/Users/nickzwart/Desktop/8-8-2026/91341816.json,takayosi,1,0,0.3967,Archaludon
91341906,/Users/nickzwart/Desktop/8-8-2026/91341906.json,Changyuan Chen,0,0,0.3962,Alakazam
91341980,/Users/nickzwart/Desktop/8-8-2026/91341980.json,zzholo,0,0,0.52,Alakazam
91342689,/Users/nickzwart/Desktop/8-8-2026/91342689.json,Luca,0,0,0.6349,M-Kangaskhan
91343624,/Users/nickzwart/Desktop/8-8-2026/91343624.json,flg,0,0,0.6902,Archaludon
91343746,/Users/nickzwart/Desktop/8-8-2026/91343746.json,palsystem,0,0,0.6183,Dragapult
91344736,/Users/nickzwart/Desktop/8-8-2026/91344736.json,takayosi,0,1,0.3967,Alakazam
91345491,/Users/nickzwart/Desktop/8-8-2026/91345491.json,kashiwashira,1,0,0.4925,Alakazam
91346486,/Users/nickzwart/Desktop/8-8-2026/91346486.json,zzholo,1,1,0.52,Grimmsnarl
91347446,/Users/nickzwart/Desktop/8-8-2026/91347446.json,tktkyamyam,0,1,0.4797,M-Lucario
91348210,/Users/nickzwart/Desktop/8-8-2026/91348210.json,KouFu,1,0,0.3906,M-Lucario
91348289,/Users/nickzwart/Desktop/8-8-2026/91348289.json,Luca,0,1,0.6349,Grimmsnarl
91349343,/Users/nickzwart/Desktop/8-8-2026/91349343.json,zzholo,0,0,0.52,M-Lopunny
91349226,/Users/nickzwart/Desktop/8-8-2026/91349226.json,flg,0,1,0.6902,M-Lucario
91349238,/Users/nickzwart/Desktop/8-8-2026/91349238.json,takayosi,1,0,0.3967,Alakazam
91350094,/Users/nickzwart/Desktop/8-8-2026/91350094.json,KouFu,0,0,0.3906,M-Lopunny
91351991,/Users/nickzwart/Desktop/8-8-2026/91351991.json,__Taichicchi__,1,1,0.6119,Grimmsnarl
91352787,/Users/nickzwart/Desktop/8-8-2026/91352787.json,goonew,1,0,0.5714,M-Lucario
91352957,/Users/nickzwart/Desktop/8-8-2026/91352957.json,gecogeco,1,0,0.4118,Alakazam
91353004,/Users/nickzwart/Desktop/8-8-2026/91353004.json,tktkyamyam,0,1,0.4797,Alakazam
91353727,/Users/nickzwart/Desktop/8-8-2026/91353727.json,Nghia Tran + ketchum alt,1,0,0.375,Alakazam
91355477,/Users/nickzwart/Desktop/8-8-2026/91355477.json,flg,1,0,0.6902,Grimmsnarl
91354540,/Users/nickzwart/Desktop/8-8-2026/91354540.json,flg,1,0,0.6902,M-Lopunny
91356442,/Users/nickzwart/Desktop/8-8-2026/91356442.json,__Taichicchi__,1,1,0.6119,Grimmsnarl
91357516,/Users/nickzwart/Desktop/8-8-2026/91357516.json,Battle Data Base,1,0,0.419,Dragapult
91358122,/Users/nickzwart/Desktop/8-8-2026/91358122.json,tktkyamyam,0,0,0.4797,M-Lucario
91359116,/Users/nickzwart/Desktop/8-8-2026/91359116.json,MissingNo.,1,1,0.6389,Grimmsnarl
91359235,/Users/nickzwart/Desktop/8-8-2026/91359235.json,goonew,1,0,0.5714,Crustle
91359960,/Users/nickzwart/Desktop/8-8-2026/91359960.json,gecogeco,1,0,0.4118,Grimmsnarl
91360000,/Users/nickzwart/Desktop/8-8-2026/91360000.json,gecogeco,1,1,0.4118,Grimmsnarl
91362005,/Users/nickzwart/Desktop/8-8-2026/91362005.json,Battle Data Base,0,1,0.419,Grimmsnarl
91364588,/Users/nickzwart/Desktop/8-8-2026/91364588.json,gecogeco,0,0,0.4118,M-Kangaskhan
91364734,/Users/nickzwart/Desktop/8-8-2026/91364734.json,tktkyamyam,1,1,0.4797,Grimmsnarl
91363678,/Users/nickzwart/Desktop/8-8-2026/91363678.json,gecogeco,0,1,0.4118,Alakazam
91365350,/Users/nickzwart/Desktop/8-8-2026/91365350.json,flg,1,1,0.6902,Grimmsnarl
91365624,/Users/nickzwart/Desktop/8-8-2026/91365624.json,HD h Joratos,0,0,0.5,M-Lopunny
91365640,/Users/nickzwart/Desktop/8-8-2026/91365640.json,llkarill,1,1,0.4375,Grimmsnarl
91366524,/Users/nickzwart/Desktop/8-8-2026/91366524.json,tktkyamyam,0,0,0.4797,Alakazam
91367439,/Users/nickzwart/Desktop/8-8-2026/91367439.json,MissingNo.,1,1,0.6389,Grimmsnarl
91368180,/Users/nickzwart/Desktop/8-8-2026/91368180.json,gecogeco,1,0,0.4118,M-Kangaskhan
91369045,/Users/nickzwart/Desktop/8-8-2026/91369045.json,tktkyamyam,0,1,0.4797,Grimmsnarl
91369173,/Users/nickzwart/Desktop/8-8-2026/91369173.json,gecogeco,0,0,0.4118,Alakazam
91370099,/Users/nickzwart/Desktop/8-8-2026/91370099.json,flg,1,1,0.6902,M-Lopunny
91371745,/Users/nickzwart/Desktop/8-8-2026/91371745.json,takayosi,0,1,0.3967,Grimmsnarl
91371876,/Users/nickzwart/Desktop/8-8-2026/91371876.json,gecogeco,1,1,0.4118,Grimmsnarl
91373612,/Users/nickzwart/Desktop/8-8-2026/91373612.json,HD h Joratos,1,0,0.5,M-Lopunny
91373619,/Users/nickzwart/Desktop/8-8-2026/91373619.json,MissingNo.,0,0,0.6389,M-Lucario
91374671,/Users/nickzwart/Desktop/8-8-2026/91374671.json,gecogeco,0,0,0.4118,M-Kangaskhan
91375583,/Users/nickzwart/Desktop/8-8-2026/91375583.json,flg,1,0,0.6902,M-Lopunny
91375613,/Users/nickzwart/Desktop/8-8-2026/91375613.json,HD h Joratos,1,1,0.5,Grimmsnarl
91377372,/Users/nickzwart/Desktop/8-8-2026/91377372.json,gecogeco,1,1,0.4118,Alakazam
91377427,/Users/nickzwart/Desktop/8-8-2026/91377427.json,Changyuan Chen,0,0,0.3962,Ogerpon
91377427,/Users/nickzwart/Desktop/8-8-2026/91377427.json,gecogeco,1,1,0.4118,Ogerpon
91378096,/Users/nickzwart/Desktop/8-8-2026/91378096.json,Confusion,0,0,0.4651,M-Lopunny
91378190,/Users/nickzwart/Desktop/8-8-2026/91378190.json,HD h Joratos,1,1,0.5,Dragapult
91378213,/Users/nickzwart/Desktop/8-8-2026/91378213.json,__Taichicchi__,0,1,0.6119,Grimmsnarl
91378285,/Users/nickzwart/Desktop/8-8-2026/91378285.json,__Taichicchi__,1,1,0.6119,Garchomp
91378306,/Users/nickzwart/Desktop/8-8-2026/91378306.json,Confusion,1,0,0.4651,M-Lopunny
91379298,/Users/nickzwart/Desktop/8-8-2026/91379298.json,HD h Joratos,0,0,0.5,Alakazam
91379941,/Users/nickzwart/Desktop/8-8-2026/91379941.json,__Taichicchi__,0,0,0.6119,Grimmsnarl
91379970,/Users/nickzwart/Desktop/8-8-2026/91379970.json,__Taichicchi__,0,1,0.6119,Dudunsparce
91380026,/Users/nickzwart/Desktop/8-8-2026/91380026.json,HD h Joratos,0,1,0.5,Grimmsnarl
91381690,/Users/nickzwart/Desktop/8-8-2026/91381690.json,HD h Joratos,0,0,0.5,Ogerpon
91381690,/Users/nickzwart/Desktop/8-8-2026/91381690.json,goonew,1,1,0.5714,Ogerpon
91380868,/Users/nickzwart/Desktop/8-8-2026/91380868.json,Confusion,1,1,0.4651,Grimmsnarl
91380940,/Users/nickzwart/Desktop/8-8-2026/91380940.json,HD h Joratos,1,1,0.5,Grimmsnarl
91382744,/Users/nickzwart/Desktop/8-8-2026/91382744.json,HD h Joratos,0,1,0.5,Grimmsnarl
91383483,/Users/nickzwart/Desktop/8-8-2026/91383483.json,tktkyamyam,1,1,0.4797,M-Lucario
91384544,/Users/nickzwart/Desktop/8-8-2026/91384544.json,tktkyamyam,1,1,0.4797,Grimmsnarl
91384586,/Users/nickzwart/Desktop/8-8-2026/91384586.json,HD h Joratos,0,1,0.5,Grimmsnarl
91387136,/Users/nickzwart/Desktop/8-8-2026/91387136.json,Sixth Sense,0,1,0.6541,other
91387157,/Users/nickzwart/Desktop/8-8-2026/91387157.json,Battle Data Base,1,0,0.419,M-Lopunny
91386174,/Users/nickzwart/Desktop/8-8-2026/91386174.json,tktkyamyam,0,1,0.4797,Grimmsnarl
91388020,/Users/nickzwart/Desktop/8-8-2026/91388020.json,Confusion,0,0,0.4651,M-Lucario
91388173,/Users/nickzwart/Desktop/8-8-2026/91388173.json,__Taichicchi__,0,0,0.6119,Grimmsnarl
91388257,/Users/nickzwart/Desktop/8-8-2026/91388257.json,HD h Joratos,0,1,0.5,Grimmsnarl
91389070,/Users/nickzwart/Desktop/8-8-2026/91389070.json,HD h Joratos,1,1,0.5,Grimmsnarl
91389141,/Users/nickzwart/Desktop/8-8-2026/91389141.json,Luca,0,1,0.6349,Garchomp
91389821,/Users/nickzwart/Desktop/8-8-2026/91389821.json,tktkyamyam,1,0,0.4797,M-Starmie
91389979,/Users/nickzwart/Desktop/8-8-2026/91389979.json,HD h Joratos,0,0,0.5,Crustle
91390118,/Users/nickzwart/Desktop/8-8-2026/91390118.json,llkarill,1,0,0.4375,M-Kangaskhan
91390891,/Users/nickzwart/Desktop/8-8-2026/91390891.json,HD h Joratos,0,0,0.5,M-Kangaskhan
91390932,/Users/nickzwart/Desktop/8-8-2026/91390932.json,Luca,1,1,0.6349,Grimmsnarl
91391826,/Users/nickzwart/Desktop/8-8-2026/91391826.json,HD h Joratos,0,1,0.5,Grimmsnarl
91392562,/Users/nickzwart/Desktop/8-8-2026/91392562.json,Confusion,0,0,0.4651,M-Starmie
91393511,/Users/nickzwart/Desktop/8-8-2026/91393511.json,Sixth Sense,0,1,0.6541,Grimmsnarl
91393580,/Users/nickzwart/Desktop/8-8-2026/91393580.json,HD h Joratos,0,0,0.5,M-Lopunny
91393621,/Users/nickzwart/Desktop/8-8-2026/91393621.json,HD h Joratos,1,0,0.5,Alakazam
91394297,/Users/nickzwart/Desktop/8-8-2026/91394297.json,Confusion,0,1,0.4651,other
91394611,/Users/nickzwart/Desktop/8-8-2026/91394611.json,Yan,0,0,0.3462,Alakazam
91394540,/Users/nickzwart/Desktop/8-8-2026/91394540.json,HD h Joratos,1,0,0.5,Alakazam
91396244,/Users/nickzwart/Desktop/8-8-2026/91396244.json,MissingNo.,1,1,0.6389,M-Kangaskhan
91396369,/Users/nickzwart/Desktop/8-8-2026/91396369.json,Nghia Tran + ketchum alt,0,0,0.375,Dragapult
91399037,/Users/nickzwart/Desktop/8-8-2026/91399037.json,HD h Joratos,0,0,0.5,Hydrapple
91399766,/Users/nickzwart/Desktop/8-8-2026/91399766.json,Battle Data Base,0,1,0.419,Hydrapple
91398074,/Users/nickzwart/Desktop/8-8-2026/91398074.json,MissingNo.,1,1,0.6389,M-Kangaskhan
91398179,/Users/nickzwart/Desktop/8-8-2026/91398179.json,Confusion,0,0,0.4651,M-Lopunny
91400673,/Users/nickzwart/Desktop/8-8-2026/91400673.json,Battle Data Base,1,1,0.419,Grimmsnarl
91400735,/Users/nickzwart/Desktop/8-8-2026/91400735.json,MissingNo.,1,1,0.6389,Dragapult
91400931,/Users/nickzwart/Desktop/8-8-2026/91400931.json,MissingNo.,1,0,0.6389,Grimmsnarl
91401624,/Users/nickzwart/Desktop/8-8-2026/91401624.json,flg,0,1,0.6902,M-Starmie
91401826,/Users/nickzwart/Desktop/8-8-2026/91401826.json,Nghia Tran + ketchum alt,0,0,0.375,Alakazam
91404378,/Users/nickzwart/Desktop/8-8-2026/91404378.json,Masaruto,1,0,0.5,Crustle
91405282,/Users/nickzwart/Desktop/8-8-2026/91405282.json,llkarill,1,0,0.4375,Grimmsnarl
91406084,/Users/nickzwart/Desktop/8-8-2026/91406084.json,Battle Data Base,0,1,0.419,Grimmsnarl
91407129,/Users/nickzwart/Desktop/8-8-2026/91407129.json,Sixth Sense,1,1,0.6541,other
91406977,/Users/nickzwart/Desktop/8-8-2026/91406977.json,goonew,0,1,0.5714,Grimmsnarl
91408096,/Users/nickzwart/Desktop/8-8-2026/91408096.json,Shardul Gharat,1,0,0.48,M-Lopunny
91408015,/Users/nickzwart/Desktop/8-8-2026/91408015.json,llkarill,0,1,0.4375,Grimmsnarl
91409042,/Users/nickzwart/Desktop/8-8-2026/91409042.json,Battle Data Base,0,1,0.419,Grimmsnarl
91409694,/Users/nickzwart/Desktop/8-8-2026/91409694.json,goonew,0,1,0.5714,M-Kangaskhan
91409726,/Users/nickzwart/Desktop/8-8-2026/91409726.json,Battle Data Base,0,0,0.419,M-Lopunny
91411559,/Users/nickzwart/Desktop/8-8-2026/91411559.json,Battle Data Base,1,0,0.419,Grimmsnarl
91411781,/Users/nickzwart/Desktop/8-8-2026/91411781.json,gecogeco,1,0,0.4118,Alakazam
91412444,/Users/nickzwart/Desktop/8-8-2026/91412444.json,goonew,1,0,0.5714,Alakazam
91412706,/Users/nickzwart/Desktop/8-8-2026/91412706.json,tktkyamyam,1,0,0.4797,M-Kangaskhan
91412718,/Users/nickzwart/Desktop/8-8-2026/91412718.json,goonew,0,0,0.5714,M-Kangaskhan
91412551,/Users/nickzwart/Desktop/8-8-2026/91412551.json,tktkyamyam,1,0,0.4797,M-Starmie
91415216,/Users/nickzwart/Desktop/8-8-2026/91415216.json,Battle Data Base,0,1,0.419,Ogerpon
91415216,/Users/nickzwart/Desktop/8-8-2026/91415216.json,tktkyamyam,1,0,0.4797,Ogerpon
91416110,/Users/nickzwart/Desktop/8-8-2026/91416110.json,Battle Data Base,0,0,0.419,M-Lucario
91415406,/Users/nickzwart/Desktop/8-8-2026/91415406.json,llkarill,1,0,0.4375,M-Lopunny
91417184,/Users/nickzwart/Desktop/8-8-2026/91417184.json,takayosi,0,0,0.3967,M-Kangaskhan
91416875,/Users/nickzwart/Desktop/8-8-2026/91416875.json,MissingNo.,0,0,0.6389,Grimmsnarl
91417016,/Users/nickzwart/Desktop/8-8-2026/91417016.json,Battle Data Base,0,0,0.419,Dragapult
91417877,/Users/nickzwart/Desktop/8-8-2026/91417877.json,goonew,1,0,0.5714,M-Kangaskhan
91419669,/Users/nickzwart/Desktop/8-8-2026/91419669.json,Confusion,0,0,0.4651,M-Lopunny
91418803,/Users/nickzwart/Desktop/8-8-2026/91418803.json,tktkyamyam,0,0,0.4797,Dragapult
91420673,/Users/nickzwart/Desktop/8-8-2026/91420673.json,__Taichicchi__,1,1,0.6119,Alakazam
91420731,/Users/nickzwart/Desktop/8-8-2026/91420731.json,llkarill,0,1,0.4375,Grimmsnarl
91420732,/Users/nickzwart/Desktop/8-8-2026/91420732.json,gecogeco,1,0,0.4118,M-Lucario
91423321,/Users/nickzwart/Desktop/8-8-2026/91423321.json,Battle Data Base,0,0,0.419,M-Lopunny
91423403,/Users/nickzwart/Desktop/8-8-2026/91423403.json,kashiwashira,1,0,0.4925,M-Lopunny
91424380,/Users/nickzwart/Desktop/8-8-2026/91424380.json,tktkyamyam,1,0,0.4797,M-Lopunny
91424410,/Users/nickzwart/Desktop/8-8-2026/91424410.json,flg,0,1,0.6902,M-Lucario
91425010,/Users/nickzwart/Desktop/8-8-2026/91425010.json,HD h Joratos,0,1,0.5,Grimmsnarl
91423264,/Users/nickzwart/Desktop/8-8-2026/91423264.json,takayosi,1,1,0.3967,Grimmsnarl
91430385,/Users/nickzwart/Desktop/8-8-2026/91430385.json,Luca,1,1,0.6349,Grimmsnarl
91431348,/Users/nickzwart/Desktop/8-8-2026/91431348.json,NIWATORI,0,0,0.5652,Dudunsparce
91431523,/Users/nickzwart/Desktop/8-8-2026/91431523.json,Sixth Sense,1,0,0.6541,Alakazam
91432320,/Users/nickzwart/Desktop/8-8-2026/91432320.json,goonew,0,0,0.5714,Grimmsnarl
91432416,/Users/nickzwart/Desktop/8-8-2026/91432416.json,Confusion,0,1,0.4651,other
91431526,/Users/nickzwart/Desktop/8-8-2026/91431526.json,Confusion,0,0,0.4651,Ogerpon
91431526,/Users/nickzwart/Desktop/8-8-2026/91431526.json,Battle Data Base,1,1,0.419,Ogerpon
91433225,/Users/nickzwart/Desktop/8-8-2026/91433225.json,goonew,0,0,0.5714,Grimmsnarl
91436110,/Users/nickzwart/Desktop/8-8-2026/91436110.json,HD h Joratos,0,0,0.5,Alakazam
91436723,/Users/nickzwart/Desktop/8-8-2026/91436723.json,Luca,0,1,0.6349,Grimmsnarl
91438561,/Users/nickzwart/Desktop/8-8-2026/91438561.json,tktkyamyam,1,1,0.4797,Grimmsnarl
91440612,/Users/nickzwart/Desktop/8-8-2026/91440612.json,Luca,0,1,0.6349,Dragapult
91441175,/Users/nickzwart/Desktop/8-8-2026/91441175.json,takayosi,1,0,0.3967,M-Lopunny
91439733,/Users/nickzwart/Desktop/8-8-2026/91439733.json,takayosi,0,0,0.3967,M-Lopunny
91441368,/Users/nickzwart/Desktop/8-8-2026/91441368.json,tktkyamyam,0,1,0.4797,Grimmsnarl
91441466,/Users/nickzwart/Desktop/8-8-2026/91441466.json,tktkyamyam,0,0,0.4797,Ogerpon
91441466,/Users/nickzwart/Desktop/8-8-2026/91441466.json,Sixth Sense,1,1,0.6541,Ogerpon
91443289,/Users/nickzwart/Desktop/8-8-2026/91443289.json,tktkyamyam,0,0,0.4797,Grimmsnarl
91445830,/Users/nickzwart/Desktop/8-8-2026/91445830.json,__Taichicchi__,1,1,0.6119,Alakazam
91446029,/Users/nickzwart/Desktop/8-8-2026/91446029.json,Battle Data Base,1,0,0.419,Grimmsnarl
91446052,/Users/nickzwart/Desktop/8-8-2026/91446052.json,goonew,0,1,0.5714,Grimmsnarl
91446780,/Users/nickzwart/Desktop/8-8-2026/91446780.json,flg,1,0,0.6902,Grimmsnarl
91446833,/Users/nickzwart/Desktop/8-8-2026/91446833.json,NIWATORI,1,0,0.5652,Alakazam
91447819,/Users/nickzwart/Desktop/8-8-2026/91447819.json,HD h Joratos,0,0,0.5,Alakazam
91448648,/Users/nickzwart/Desktop/8-8-2026/91448648.json,Yan,0,0,0.3462,M-Lopunny
91449352,/Users/nickzwart/Desktop/8-8-2026/91449352.json,Confusion,0,1,0.4651,Grimmsnarl
91449445,/Users/nickzwart/Desktop/8-8-2026/91449445.json,Luca,1,1,0.6349,Grimmsnarl
91452078,/Users/nickzwart/Desktop/8-8-2026/91452078.json,__Taichicchi__,0,0,0.6119,Dragapult
91453029,/Users/nickzwart/Desktop/8-8-2026/91453029.json,llkarill,0,1,0.4375,Grimmsnarl
91453060,/Users/nickzwart/Desktop/8-8-2026/91453060.json,kashiwashira,1,0,0.4925,M-Kangaskhan
91451245,/Users/nickzwart/Desktop/8-8-2026/91451245.json,Nghia Tran + ketchum alt,0,0,0.375,M-Lopunny
91452346,/Users/nickzwart/Desktop/8-8-2026/91452346.json,HD h Joratos,0,1,0.5,Grimmsnarl
91454157,/Users/nickzwart/Desktop/8-8-2026/91454157.json,Battle Data Base,0,1,0.419,Grimmsnarl
91455711,/Users/nickzwart/Desktop/8-8-2026/91455711.json,__Taichicchi__,0,0,0.6119,Alakazam
91455686,/Users/nickzwart/Desktop/8-8-2026/91455686.json,kashiwashira,0,0,0.4925,Alakazam
91457574,/Users/nickzwart/Desktop/8-8-2026/91457574.json,__Taichicchi__,1,1,0.6119,Grimmsnarl
91457718,/Users/nickzwart/Desktop/8-8-2026/91457718.json,Battle Data Base,1,1,0.419,Grimmsnarl
91459222,/Users/nickzwart/Desktop/8-8-2026/91459222.json,Boss's Orders Are All You Need,1,1,0.4872,Alakazam
91459460,/Users/nickzwart/Desktop/8-8-2026/91459460.json,takayosi,0,0,0.3967,Ogerpon
91459460,/Users/nickzwart/Desktop/8-8-2026/91459460.json,Sixth Sense,1,1,0.6541,Ogerpon
91460124,/Users/nickzwart/Desktop/8-8-2026/91460124.json,Boss's Orders Are All You Need,0,1,0.4872,Grimmsnarl
91460427,/Users/nickzwart/Desktop/8-8-2026/91460427.json,flg,1,0,0.6902,Garchomp
91461030,/Users/nickzwart/Desktop/8-8-2026/91461030.json,Boss's Orders Are All You Need,0,1,0.4872,Dragapult
91461089,/Users/nickzwart/Desktop/8-8-2026/91461089.json,__Taichicchi__,1,1,0.6119,M-Lopunny
91463749,/Users/nickzwart/Desktop/8-8-2026/91463749.json,Boss's Orders Are All You Need,0,1,0.4872,Grimmsnarl
91462187,/Users/nickzwart/Desktop/8-8-2026/91462187.json,kashiwashira,0,1,0.4925,M-Lopunny
91464669,/Users/nickzwart/Desktop/8-8-2026/91464669.json,Boss's Orders Are All You Need,0,0,0.4872,Dragapult
91463850,/Users/nickzwart/Desktop/8-8-2026/91463850.json,Nghia Tran + ketchum alt,1,0,0.375,Hydrapple
91464760,/Users/nickzwart/Desktop/8-8-2026/91464760.json,HD h Joratos,1,1,0.5,Hydrapple
91464891,/Users/nickzwart/Desktop/8-8-2026/91464891.json,tonakaiiii,1,0,0.1429,Alakazam
91465553,/Users/nickzwart/Desktop/8-8-2026/91465553.json,Boss's Orders Are All You Need,1,1,0.4872,Alakazam
91466469,/Users/nickzwart/Desktop/8-8-2026/91466469.json,Boss's Orders Are All You Need,0,0,0.4872,Alakazam
91465702,/Users/nickzwart/Desktop/8-8-2026/91465702.json,gecogeco,1,0,0.4118,Alakazam
91466654,/Users/nickzwart/Desktop/8-8-2026/91466654.json,tktkyamyam,1,1,0.4797,Grimmsnarl
91467387,/Users/nickzwart/Desktop/8-8-2026/91467387.json,Boss's Orders Are All You Need,0,1,0.4872,M-Lopunny
91467467,/Users/nickzwart/Desktop/8-8-2026/91467467.json,takayosi,0,1,0.3967,M-Lopunny
91467478,/Users/nickzwart/Desktop/8-8-2026/91467478.json,tktkyamyam,0,1,0.4797,Alakazam
91468440,/Users/nickzwart/Desktop/8-8-2026/91468440.json,tktkyamyam,0,0,0.4797,Alakazam
91468442,/Users/nickzwart/Desktop/8-8-2026/91468442.json,Battle Data Base,0,1,0.419,Grimmsnarl
91468534,/Users/nickzwart/Desktop/8-8-2026/91468534.json,Boss's Orders Are All You Need,1,1,0.4872,M-Kangaskhan
91469199,/Users/nickzwart/Desktop/8-8-2026/91469199.json,Boss's Orders Are All You Need,0,1,0.4872,other
91469280,/Users/nickzwart/Desktop/8-8-2026/91469280.json,takayosi,0,1,0.3967,Grimmsnarl
91470174,/Users/nickzwart/Desktop/8-8-2026/91470174.json,flg,0,0,0.6902,M-Lopunny
91470126,/Users/nickzwart/Desktop/8-8-2026/91470126.json,Boss's Orders Are All You Need,0,1,0.4872,Dragapult
91470414,/Users/nickzwart/Desktop/8-8-2026/91470414.json,Battle Data Base,0,1,0.419,Ogerpon
91470414,/Users/nickzwart/Desktop/8-8-2026/91470414.json,yuki0202,1,0,0.4483,Ogerpon
91471030,/Users/nickzwart/Desktop/8-8-2026/91471030.json,Boss's Orders Are All You Need,1,0,0.4872,M-Starmie
91471200,/Users/nickzwart/Desktop/8-8-2026/91471200.json,Battle Data Base,1,0,0.419,M-Lopunny
91471236,/Users/nickzwart/Desktop/8-8-2026/91471236.json,Confusion,1,0,0.4651,M-Lucario
91471943,/Users/nickzwart/Desktop/8-8-2026/91471943.json,Boss's Orders Are All You Need,1,1,0.4872,Grimmsnarl
91472122,/Users/nickzwart/Desktop/8-8-2026/91472122.json,flg,0,0,0.6902,M-Lopunny
91472159,/Users/nickzwart/Desktop/8-8-2026/91472159.json,tktkyamyam,1,1,0.4797,Alakazam
91472844,/Users/nickzwart/Desktop/8-8-2026/91472844.json,Boss's Orders Are All You Need,0,0,0.4872,Garchomp
91472864,/Users/nickzwart/Desktop/8-8-2026/91472864.json,Confusion,0,1,0.4651,Hydrapple
91472877,/Users/nickzwart/Desktop/8-8-2026/91472877.json,goonew,1,0,0.5714,M-Lopunny
91473767,/Users/nickzwart/Desktop/8-8-2026/91473767.json,Boss's Orders Are All You Need,0,1,0.4872,Garchomp
91473769,/Users/nickzwart/Desktop/8-8-2026/91473769.json,Changyuan Chen,1,1,0.3962,Hydrapple
91474001,/Users/nickzwart/Desktop/8-8-2026/91474001.json,gecogeco,1,1,0.4118,Grimmsnarl
91474672,/Users/nickzwart/Desktop/8-8-2026/91474672.json,Boss's Orders Are All You Need,0,0,0.4872,Ogerpon
91474672,/Users/nickzwart/Desktop/8-8-2026/91474672.json,flg,1,1,0.6902,Ogerpon
91474683,/Users/nickzwart/Desktop/8-8-2026/91474683.json,tktkyamyam,1,0,0.4797,M-Kangaskhan
91474759,/Users/nickzwart/Desktop/8-8-2026/91474759.json,goonew,1,0,0.5714,Alakazam
90849076,/Users/nickzwart/Desktop/9-8-2026/90849076.json,Boss's Orders Are All You Need,0,0,0.4872,Grimmsnarl
90849011,/Users/nickzwart/Desktop/9-8-2026/90849011.json,palsystem,1,0,0.6183,Alakazam
90849867,/Users/nickzwart/Desktop/9-8-2026/90849867.json,palsystem,0,0,0.6183,M-Lucario
90849909,/Users/nickzwart/Desktop/9-8-2026/90849909.json,palsystem,0,1,0.6183,M-Lopunny
90850599,/Users/nickzwart/Desktop/9-8-2026/90850599.json,palsystem,0,1,0.6183,other
90850764,/Users/nickzwart/Desktop/9-8-2026/90850764.json,Artalmaz31,1,0,0.2667,Dragapult
90851577,/Users/nickzwart/Desktop/9-8-2026/90851577.json,palsystem,1,1,0.6183,M-Lopunny
90851660,/Users/nickzwart/Desktop/9-8-2026/90851660.json,llkarill,0,1,0.4375,Dragapult
90852150,/Users/nickzwart/Desktop/9-8-2026/90852150.json,Changyuan Chen,0,0,0.3962,Alakazam
90851548,/Users/nickzwart/Desktop/9-8-2026/90851548.json,palsystem,1,0,0.6183,M-Lucario
90853161,/Users/nickzwart/Desktop/9-8-2026/90853161.json,Confusion,1,1,0.4651,M-Lopunny
90853212,/Users/nickzwart/Desktop/9-8-2026/90853212.json,llkarill,1,0,0.4375,Alakazam
90853229,/Users/nickzwart/Desktop/9-8-2026/90853229.json,tktkyamyam,0,1,0.4797,Alakazam
90853268,/Users/nickzwart/Desktop/9-8-2026/90853268.json,palsystem,1,0,0.6183,Alakazam
90854939,/Users/nickzwart/Desktop/9-8-2026/90854939.json,Boss's Orders Are All You Need,1,0,0.4872,Alakazam
90854139,/Users/nickzwart/Desktop/9-8-2026/90854139.json,palsystem,1,0,0.6183,M-Kangaskhan
90854151,/Users/nickzwart/Desktop/9-8-2026/90854151.json,flg,0,1,0.6902,Grimmsnarl
90854978,/Users/nickzwart/Desktop/9-8-2026/90854978.json,Nghia Tran,0,1,0.3864,Garchomp
90856606,/Users/nickzwart/Desktop/9-8-2026/90856606.json,tktkyamyam,0,1,0.4797,Grimmsnarl
90857429,/Users/nickzwart/Desktop/9-8-2026/90857429.json,Boss's Orders Are All You Need,1,0,0.4872,M-Lopunny
90858921,/Users/nickzwart/Desktop/9-8-2026/90858921.json,Marshall Maximizer,0,0,0.6389,Alakazam
90858963,/Users/nickzwart/Desktop/9-8-2026/90858963.json,gecogeco,1,0,0.4118,Alakazam
90860068,/Users/nickzwart/Desktop/9-8-2026/90860068.json,KouFu,0,0,0.3906,Crustle
90859894,/Users/nickzwart/Desktop/9-8-2026/90859894.json,Nghia Tran,0,0,0.3864,Alakazam
90861595,/Users/nickzwart/Desktop/9-8-2026/90861595.json,gecogeco,0,1,0.4118,Grimmsnarl
90863103,/Users/nickzwart/Desktop/9-8-2026/90863103.json,gecogeco,0,0,0.4118,Grimmsnarl
90864836,/Users/nickzwart/Desktop/9-8-2026/90864836.json,Nghia Tran,0,0,0.3864,Alakazam
90864858,/Users/nickzwart/Desktop/9-8-2026/90864858.json,KouFu,0,0,0.3906,Alakazam
90864064,/Users/nickzwart/Desktop/9-8-2026/90864064.json,KouFu,0,1,0.3906,Grimmsnarl
90864088,/Users/nickzwart/Desktop/9-8-2026/90864088.json,gecogeco,1,1,0.4118,Alakazam
90864097,/Users/nickzwart/Desktop/9-8-2026/90864097.json,gecogeco,1,1,0.4118,Alakazam
90865791,/Users/nickzwart/Desktop/9-8-2026/90865791.json,gecogeco,1,0,0.4118,Grimmsnarl
90865858,/Users/nickzwart/Desktop/9-8-2026/90865858.json,Confusion,0,0,0.4651,Alakazam
90865900,/Users/nickzwart/Desktop/9-8-2026/90865900.json,takayosi,1,0,0.3967,Dragapult
90866655,/Users/nickzwart/Desktop/9-8-2026/90866655.json,gecogeco,0,1,0.4118,Grimmsnarl
90867533,/Users/nickzwart/Desktop/9-8-2026/90867533.json,llkarill,1,0,0.4375,Grimmsnarl
90867676,/Users/nickzwart/Desktop/9-8-2026/90867676.json,flg,1,1,0.6902,Dragapult
90868434,/Users/nickzwart/Desktop/9-8-2026/90868434.json,tktkyamyam,1,1,0.4797,Grimmsnarl
90869240,/Users/nickzwart/Desktop/9-8-2026/90869240.json,Changyuan Chen,0,1,0.3962,Grimmsnarl
90870982,/Users/nickzwart/Desktop/9-8-2026/90870982.json,gecogeco,1,0,0.4118,Alakazam
90871726,/Users/nickzwart/Desktop/9-8-2026/90871726.json,Changyuan Chen,1,0,0.3962,Grimmsnarl
90873335,/Users/nickzwart/Desktop/9-8-2026/90873335.json,NIWATORI,1,1,0.5652,Grimmsnarl
90872688,/Users/nickzwart/Desktop/9-8-2026/90872688.json,e-toppo + kurupical,0,1,0.4211,M-Kangaskhan
90872689,/Users/nickzwart/Desktop/9-8-2026/90872689.json,e-toppo + kurupical,0,1,0.4211,Grimmsnarl
90871873,/Users/nickzwart/Desktop/9-8-2026/90871873.json,Changyuan Chen,1,1,0.3962,M-Lopunny
90872473,/Users/nickzwart/Desktop/9-8-2026/90872473.json,Confusion,1,1,0.4651,Grimmsnarl
90873601,/Users/nickzwart/Desktop/9-8-2026/90873601.json,takayosi,1,0,0.3967,M-Lopunny
90874193,/Users/nickzwart/Desktop/9-8-2026/90874193.json,Changyuan Chen,0,0,0.3962,Alakazam
90874215,/Users/nickzwart/Desktop/9-8-2026/90874215.json,Marshall Maximizer,0,0,0.6389,M-Kangaskhan
90875021,/Users/nickzwart/Desktop/9-8-2026/90875021.json,tktkyamyam,0,0,0.4797,Alakazam
90875109,/Users/nickzwart/Desktop/9-8-2026/90875109.json,takayosi,0,0,0.3967,Crustle
90874327,/Users/nickzwart/Desktop/9-8-2026/90874327.json,Confusion,0,1,0.4651,Grimmsnarl
90875172,/Users/nickzwart/Desktop/9-8-2026/90875172.json,MissingNo.,0,1,0.6389,Grimmsnarl
90875902,/Users/nickzwart/Desktop/9-8-2026/90875902.json,flg,1,1,0.6902,Alakazam
90876002,/Users/nickzwart/Desktop/9-8-2026/90876002.json,takayosi,1,1,0.3967,Alakazam
90876727,/Users/nickzwart/Desktop/9-8-2026/90876727.json,takayosi,1,0,0.3967,Alakazam
90877716,/Users/nickzwart/Desktop/9-8-2026/90877716.json,Yan,1,1,0.3462,Grimmsnarl
90878478,/Users/nickzwart/Desktop/9-8-2026/90878478.json,gecogeco,0,0,0.4118,Garchomp
90878602,/Users/nickzwart/Desktop/9-8-2026/90878602.json,gecogeco,1,1,0.4118,Grimmsnarl
90878613,/Users/nickzwart/Desktop/9-8-2026/90878613.json,Boss's Orders Are All You Need,1,0,0.4872,Alakazam
90878651,/Users/nickzwart/Desktop/9-8-2026/90878651.json,MissingNo.,1,1,0.6389,Grimmsnarl
90879177,/Users/nickzwart/Desktop/9-8-2026/90879177.json,Marshall Maximizer,0,0,0.6389,Grimmsnarl
90879285,/Users/nickzwart/Desktop/9-8-2026/90879285.json,MissingNo.,0,0,0.6389,Alakazam
90879381,/Users/nickzwart/Desktop/9-8-2026/90879381.json,llkarill,1,0,0.4375,M-Lopunny
90879447,/Users/nickzwart/Desktop/9-8-2026/90879447.json,e-toppo + kurupical,1,0,0.4211,Alakazam
90880285,/Users/nickzwart/Desktop/9-8-2026/90880285.json,Confusion,1,0,0.4651,Grimmsnarl
90881086,/Users/nickzwart/Desktop/9-8-2026/90881086.json,Nghia Tran,0,1,0.3864,M-Froslass
90881772,/Users/nickzwart/Desktop/9-8-2026/90881772.json,MissingNo.,0,1,0.6389,Alakazam
90881825,/Users/nickzwart/Desktop/9-8-2026/90881825.json,Marshall Maximizer,1,0,0.6389,Alakazam
90881947,/Users/nickzwart/Desktop/9-8-2026/90881947.json,takayosi,1,1,0.3967,Grimmsnarl
90883454,/Users/nickzwart/Desktop/9-8-2026/90883454.json,flg,0,0,0.6902,M-Kangaskhan
90885116,/Users/nickzwart/Desktop/9-8-2026/90885116.json,MissingNo.,0,1,0.6389,M-Kangaskhan
90885232,/Users/nickzwart/Desktop/9-8-2026/90885232.json,Changyuan Chen,0,1,0.3962,M-Lopunny
90886143,/Users/nickzwart/Desktop/9-8-2026/90886143.json,flg,0,1,0.6902,Alakazam
90886909,/Users/nickzwart/Desktop/9-8-2026/90886909.json,KouFu,1,0,0.3906,M-Lopunny
90887645,/Users/nickzwart/Desktop/9-8-2026/90887645.json,e-toppo + kurupical,0,0,0.4211,Alakazam
90889461,/Users/nickzwart/Desktop/9-8-2026/90889461.json,flg,0,1,0.6902,Grimmsnarl
90889584,/Users/nickzwart/Desktop/9-8-2026/90889584.json,Boss's Orders Are All You Need,0,0,0.4872,Grimmsnarl
90888671,/Users/nickzwart/Desktop/9-8-2026/90888671.json,Changyuan Chen,0,1,0.3962,other
90891905,/Users/nickzwart/Desktop/9-8-2026/90891905.json,KouFu,0,1,0.3906,Grimmsnarl
90892683,/Users/nickzwart/Desktop/9-8-2026/90892683.json,Yan,1,1,0.3462,Grimmsnarl
90895104,/Users/nickzwart/Desktop/9-8-2026/90895104.json,Nghia Tran,1,1,0.3864,Grimmsnarl
90896160,/Users/nickzwart/Desktop/9-8-2026/90896160.json,KouFu,1,0,0.3906,M-Lopunny
90896255,/Users/nickzwart/Desktop/9-8-2026/90896255.json,KouFu,1,1,0.3906,Grimmsnarl
90897788,/Users/nickzwart/Desktop/9-8-2026/90897788.json,タニシ,1,1,0.4324,Grimmsnarl
90897807,/Users/nickzwart/Desktop/9-8-2026/90897807.json,KouFu,1,0,0.3906,Alakazam
90898580,/Users/nickzwart/Desktop/9-8-2026/90898580.json,flg,0,0,0.6902,M-Kangaskhan
90898417,/Users/nickzwart/Desktop/9-8-2026/90898417.json,Yan,1,0,0.3462,Alakazam
90900303,/Users/nickzwart/Desktop/9-8-2026/90900303.json,MissingNo.,0,0,0.6389,Alakazam
90900120,/Users/nickzwart/Desktop/9-8-2026/90900120.json,e-toppo + kurupical,1,0,0.4211,Dragapult
90901303,/Users/nickzwart/Desktop/9-8-2026/90901303.json,tktkyamyam,0,0,0.4797,M-Kangaskhan
90907262,/Users/nickzwart/Desktop/9-8-2026/90907262.json,takayosi,0,0,0.3967,M-Lopunny
90907770,/Users/nickzwart/Desktop/9-8-2026/90907770.json,ANDPAD kaggler team,0,1,0.6301,Grimmsnarl
90907136,/Users/nickzwart/Desktop/9-8-2026/90907136.json,e-toppo + kurupical,1,1,0.4211,M-Lopunny
90907174,/Users/nickzwart/Desktop/9-8-2026/90907174.json,KouFu,0,0,0.3906,Alakazam
90908615,/Users/nickzwart/Desktop/9-8-2026/90908615.json,ANDPAD kaggler team,0,1,0.6301,Alakazam
90909536,/Users/nickzwart/Desktop/9-8-2026/90909536.json,takayosi,0,1,0.3967,Dragapult
90909537,/Users/nickzwart/Desktop/9-8-2026/90909537.json,KouFu,1,0,0.3906,M-Lucario
90909546,/Users/nickzwart/Desktop/9-8-2026/90909546.json,MissingNo.,0,1,0.6389,Grimmsnarl
90910571,/Users/nickzwart/Desktop/9-8-2026/90910571.json,Confusion,1,1,0.4651,Alakazam
90909667,/Users/nickzwart/Desktop/9-8-2026/90909667.json,ANDPAD kaggler team,0,0,0.6301,Alakazam
90910314,/Users/nickzwart/Desktop/9-8-2026/90910314.json,ANDPAD kaggler team,0,1,0.6301,M-Kangaskhan
90911180,/Users/nickzwart/Desktop/9-8-2026/90911180.json,ANDPAD kaggler team,1,1,0.6301,M-Kangaskhan
90911262,/Users/nickzwart/Desktop/9-8-2026/90911262.json,takayosi,1,0,0.3967,Dragapult
90911322,/Users/nickzwart/Desktop/9-8-2026/90911322.json,tktkyamyam,0,1,0.4797,Grimmsnarl
90911349,/Users/nickzwart/Desktop/9-8-2026/90911349.json,Nghia Tran,1,0,0.3864,M-Lopunny
90912186,/Users/nickzwart/Desktop/9-8-2026/90912186.json,KouFu,0,1,0.3906,Grimmsnarl
90912891,/Users/nickzwart/Desktop/9-8-2026/90912891.json,ANDPAD kaggler team,0,1,0.6301,Grimmsnarl
90913157,/Users/nickzwart/Desktop/9-8-2026/90913157.json,flg,0,1,0.6902,Grimmsnarl
90913721,/Users/nickzwart/Desktop/9-8-2026/90913721.json,tktkyamyam,0,1,0.4797,Grimmsnarl
90913746,/Users/nickzwart/Desktop/9-8-2026/90913746.json,ANDPAD kaggler team,0,1,0.6301,M-Lucario
90912038,/Users/nickzwart/Desktop/9-8-2026/90912038.json,ANDPAD kaggler team,1,1,0.6301,M-Lopunny
90913920,/Users/nickzwart/Desktop/9-8-2026/90913920.json,Confusion,1,1,0.4651,Grimmsnarl
90914001,/Users/nickzwart/Desktop/9-8-2026/90914001.json,flg,0,0,0.6902,Alakazam
90914589,/Users/nickzwart/Desktop/9-8-2026/90914589.json,ANDPAD kaggler team,1,1,0.6301,M-Kangaskhan
90915460,/Users/nickzwart/Desktop/9-8-2026/90915460.json,ANDPAD kaggler team,0,1,0.6301,M-Lopunny
90915555,/Users/nickzwart/Desktop/9-8-2026/90915555.json,KouFu,0,1,0.3906,Dragapult
90915728,/Users/nickzwart/Desktop/9-8-2026/90915728.json,タニシ,1,0,0.4324,Grimmsnarl
90916290,/Users/nickzwart/Desktop/9-8-2026/90916290.json,ANDPAD kaggler team,1,0,0.6301,Alakazam
90916327,/Users/nickzwart/Desktop/9-8-2026/90916327.json,llkarill,1,1,0.4375,M-Kangaskhan
90917111,/Users/nickzwart/Desktop/9-8-2026/90917111.json,ANDPAD kaggler team,0,1,0.6301,Grimmsnarl
90917975,/Users/nickzwart/Desktop/9-8-2026/90917975.json,ANDPAD kaggler team,1,0,0.6301,Grimmsnarl
90918821,/Users/nickzwart/Desktop/9-8-2026/90918821.json,ANDPAD kaggler team,0,1,0.6301,M-Kangaskhan
90920500,/Users/nickzwart/Desktop/9-8-2026/90920500.json,ANDPAD kaggler team,0,1,0.6301,M-Kangaskhan
90920587,/Users/nickzwart/Desktop/9-8-2026/90920587.json,Nghia Tran,1,0,0.3864,M-Lucario
90919665,/Users/nickzwart/Desktop/9-8-2026/90919665.json,ANDPAD kaggler team,1,0,0.6301,Alakazam
90920596,/Users/nickzwart/Desktop/9-8-2026/90920596.json,tktkyamyam,1,0,0.4797,Dragapult
90921323,/Users/nickzwart/Desktop/9-8-2026/90921323.json,ANDPAD kaggler team,1,0,0.6301,Dragapult
90921522,/Users/nickzwart/Desktop/9-8-2026/90921522.json,Changyuan Chen,0,1,0.3962,Alakazam
90922167,/Users/nickzwart/Desktop/9-8-2026/90922167.json,ANDPAD kaggler team,1,0,0.6301,Grimmsnarl
90922225,/Users/nickzwart/Desktop/9-8-2026/90922225.json,KouFu,1,1,0.3906,other
90921372,/Users/nickzwart/Desktop/9-8-2026/90921372.json,Nghia Tran,1,1,0.3864,M-Kangaskhan
90923093,/Users/nickzwart/Desktop/9-8-2026/90923093.json,Yan,1,0,0.3462,Dragapult
90923822,/Users/nickzwart/Desktop/9-8-2026/90923822.json,ANDPAD kaggler team,0,1,0.6301,M-Lopunny
90925479,/Users/nickzwart/Desktop/9-8-2026/90925479.json,ANDPAD kaggler team,0,1,0.6301,other
90926252,/Users/nickzwart/Desktop/9-8-2026/90926252.json,tktkyamyam,1,0,0.4797,Alakazam
90924758,/Users/nickzwart/Desktop/9-8-2026/90924758.json,ANDPAD kaggler team,1,1,0.6301,M-Kangaskhan
90925442,/Users/nickzwart/Desktop/9-8-2026/90925442.json,KouFu,1,1,0.3906,Grimmsnarl
90927380,/Users/nickzwart/Desktop/9-8-2026/90927380.json,ANDPAD kaggler team,0,1,0.6301,Alakazam
90928045,/Users/nickzwart/Desktop/9-8-2026/90928045.json,ANDPAD kaggler team,0,1,0.6301,M-Lopunny
90926549,/Users/nickzwart/Desktop/9-8-2026/90926549.json,gecogeco,0,1,0.4118,Grimmsnarl
90927198,/Users/nickzwart/Desktop/9-8-2026/90927198.json,takayosi,0,0,0.3967,Ogerpon
90927198,/Users/nickzwart/Desktop/9-8-2026/90927198.json,ANDPAD kaggler team,1,1,0.6301,Ogerpon
90928152,/Users/nickzwart/Desktop/9-8-2026/90928152.json,Boss's Orders Are All You Need,0,0,0.4872,Dragapult
90928204,/Users/nickzwart/Desktop/9-8-2026/90928204.json,Yan,0,1,0.3462,Alakazam
90928806,/Users/nickzwart/Desktop/9-8-2026/90928806.json,KouFu,1,0,0.3906,other
90928887,/Users/nickzwart/Desktop/9-8-2026/90928887.json,ANDPAD kaggler team,1,0,0.6301,Alakazam
90928997,/Users/nickzwart/Desktop/9-8-2026/90928997.json,llkarill,0,0,0.4375,Dragapult
90929725,/Users/nickzwart/Desktop/9-8-2026/90929725.json,ANDPAD kaggler team,0,0,0.6301,M-Kangaskhan
90930575,/Users/nickzwart/Desktop/9-8-2026/90930575.json,Nghia Tran,0,1,0.3864,Grimmsnarl
90931309,/Users/nickzwart/Desktop/9-8-2026/90931309.json,ANDPAD kaggler team,0,1,0.6301,other
90931395,/Users/nickzwart/Desktop/9-8-2026/90931395.json,ANDPAD kaggler team,1,1,0.6301,Grimmsnarl
90931586,/Users/nickzwart/Desktop/9-8-2026/90931586.json,tonakaiiii,1,0,0.1429,Grimmsnarl
90932160,/Users/nickzwart/Desktop/9-8-2026/90932160.json,Yan,1,1,0.3462,M-Kangaskhan
90932257,/Users/nickzwart/Desktop/9-8-2026/90932257.json,takayosi,0,0,0.3967,Alakazam
90932312,/Users/nickzwart/Desktop/9-8-2026/90932312.json,ANDPAD kaggler team,0,1,0.6301,Alakazam
90933232,/Users/nickzwart/Desktop/9-8-2026/90933232.json,e-toppo + kurupical,0,1,0.4211,Ogerpon
90933232,/Users/nickzwart/Desktop/9-8-2026/90933232.json,KouFu,1,0,0.3906,Ogerpon
90933843,/Users/nickzwart/Desktop/9-8-2026/90933843.json,Confusion,1,1,0.4651,other
90933931,/Users/nickzwart/Desktop/9-8-2026/90933931.json,ANDPAD kaggler team,1,1,0.6301,M-Kangaskhan
90934032,/Users/nickzwart/Desktop/9-8-2026/90934032.json,flg,1,1,0.6902,Dragapult
90933086,/Users/nickzwart/Desktop/9-8-2026/90933086.json,ANDPAD kaggler team,1,0,0.6301,M-Kangaskhan
90933140,/Users/nickzwart/Desktop/9-8-2026/90933140.json,タニシ,0,1,0.4324,M-Kangaskhan
90935805,/Users/nickzwart/Desktop/9-8-2026/90935805.json,Yan,0,1,0.3462,Dragapult
90936448,/Users/nickzwart/Desktop/9-8-2026/90936448.json,ANDPAD kaggler team,0,0,0.6301,Alakazam
90936452,/Users/nickzwart/Desktop/9-8-2026/90936452.json,tktkyamyam,1,1,0.4797,Grimmsnarl
90937163,/Users/nickzwart/Desktop/9-8-2026/90937163.json,ANDPAD kaggler team,0,1,0.6301,M-Kangaskhan
90935584,/Users/nickzwart/Desktop/9-8-2026/90935584.json,Artalmaz31,1,0,0.2667,Grimmsnarl
90935610,/Users/nickzwart/Desktop/9-8-2026/90935610.json,ANDPAD kaggler team,0,0,0.6301,M-Lopunny
90934853,/Users/nickzwart/Desktop/9-8-2026/90934853.json,ANDPAD kaggler team,0,1,0.6301,Alakazam
90938293,/Users/nickzwart/Desktop/9-8-2026/90938293.json,Changyuan Chen,1,0,0.3962,M-Lucario
90938981,/Users/nickzwart/Desktop/9-8-2026/90938981.json,ANDPAD kaggler team,0,0,0.6301,Alakazam
90937243,/Users/nickzwart/Desktop/9-8-2026/90937243.json,Artalmaz31,0,1,0.2667,Grimmsnarl
90937412,/Users/nickzwart/Desktop/9-8-2026/90937412.json,sobameshi,0,1,0.481,M-Kangaskhan
90938137,/Users/nickzwart/Desktop/9-8-2026/90938137.json,ANDPAD kaggler team,0,0,0.6301,Alakazam
90939785,/Users/nickzwart/Desktop/9-8-2026/90939785.json,takayosi,0,1,0.3967,Grimmsnarl
90939813,/Users/nickzwart/Desktop/9-8-2026/90939813.json,ANDPAD kaggler team,1,1,0.6301,Grimmsnarl
90940682,/Users/nickzwart/Desktop/9-8-2026/90940682.json,ANDPAD kaggler team,1,1,0.6301,Grimmsnarl
90940728,/Users/nickzwart/Desktop/9-8-2026/90940728.json,Nghia Tran,0,0,0.3864,M-Kangaskhan
90941519,/Users/nickzwart/Desktop/9-8-2026/90941519.json,ANDPAD kaggler team,0,1,0.6301,Dragapult
90943109,/Users/nickzwart/Desktop/9-8-2026/90943109.json,ANDPAD kaggler team,1,0,0.6301,M-Lopunny
90944037,/Users/nickzwart/Desktop/9-8-2026/90944037.json,ANDPAD kaggler team,1,1,0.6301,Dudunsparce
90944104,/Users/nickzwart/Desktop/9-8-2026/90944104.json,Yan,1,0,0.3462,Alakazam
90942354,/Users/nickzwart/Desktop/9-8-2026/90942354.json,ANDPAD kaggler team,1,0,0.6301,Grimmsnarl
90942408,/Users/nickzwart/Desktop/9-8-2026/90942408.json,flg,0,1,0.6902,M-Kangaskhan
90943000,/Users/nickzwart/Desktop/9-8-2026/90943000.json,kigasudayooo,0,1,0.4103,M-Lopunny
90944870,/Users/nickzwart/Desktop/9-8-2026/90944870.json,ANDPAD kaggler team,0,1,0.6301,M-Kangaskhan
90945579,/Users/nickzwart/Desktop/9-8-2026/90945579.json,kigasudayooo,0,0,0.4103,Alakazam
90945691,/Users/nickzwart/Desktop/9-8-2026/90945691.json,ANDPAD kaggler team,1,1,0.6301,Dragapult
90948136,/Users/nickzwart/Desktop/9-8-2026/90948136.json,takayosi,1,1,0.3967,Grimmsnarl
90946561,/Users/nickzwart/Desktop/9-8-2026/90946561.json,flg,0,1,0.6902,Ogerpon
90946561,/Users/nickzwart/Desktop/9-8-2026/90946561.json,ANDPAD kaggler team,1,0,0.6301,Ogerpon
90947421,/Users/nickzwart/Desktop/9-8-2026/90947421.json,ANDPAD kaggler team,0,1,0.6301,other
90949094,/Users/nickzwart/Desktop/9-8-2026/90949094.json,タニシ,0,0,0.4324,Grimmsnarl
90949824,/Users/nickzwart/Desktop/9-8-2026/90949824.json,takayosi,1,1,0.3967,M-Lopunny
90949852,/Users/nickzwart/Desktop/9-8-2026/90949852.json,ANDPAD kaggler team,1,1,0.6301,M-Lopunny
90948905,/Users/nickzwart/Desktop/9-8-2026/90948905.json,kigasudayooo,1,1,0.4103,Hydrapple
90948985,/Users/nickzwart/Desktop/9-8-2026/90948985.json,Changyuan Chen,0,1,0.3962,Grimmsnarl
90949001,/Users/nickzwart/Desktop/9-8-2026/90949001.json,ANDPAD kaggler team,0,0,0.6301,Dragapult
90950564,/Users/nickzwart/Desktop/9-8-2026/90950564.json,kigasudayooo,0,1,0.4103,Grimmsnarl
90952244,/Users/nickzwart/Desktop/9-8-2026/90952244.json,kigasudayooo,0,0,0.4103,Alakazam
90951299,/Users/nickzwart/Desktop/9-8-2026/90951299.json,kashiwashira,0,1,0.4925,M-Kangaskhan
90951378,/Users/nickzwart/Desktop/9-8-2026/90951378.json,kigasudayooo,0,0,0.4103,M-Froslass
90951497,/Users/nickzwart/Desktop/9-8-2026/90951497.json,ANDPAD kaggler team,1,1,0.6301,Alakazam
90950687,/Users/nickzwart/Desktop/9-8-2026/90950687.json,ANDPAD kaggler team,0,0,0.6301,Dudunsparce
90953077,/Users/nickzwart/Desktop/9-8-2026/90953077.json,kigasudayooo,0,1,0.4103,Grimmsnarl
90952980,/Users/nickzwart/Desktop/9-8-2026/90952980.json,kashiwashira,0,0,0.4925,M-Kangaskhan
90953731,/Users/nickzwart/Desktop/9-8-2026/90953731.json,Changyuan Chen,0,1,0.3962,M-Lopunny
90953803,/Users/nickzwart/Desktop/9-8-2026/90953803.json,kashiwashira,0,1,0.4925,Grimmsnarl
90953866,/Users/nickzwart/Desktop/9-8-2026/90953866.json,takayosi,0,1,0.3967,Grimmsnarl
90953901,/Users/nickzwart/Desktop/9-8-2026/90953901.json,kigasudayooo,0,1,0.4103,Ogerpon
90953901,/Users/nickzwart/Desktop/9-8-2026/90953901.json,Yan,1,0,0.3462,Ogerpon
90954595,/Users/nickzwart/Desktop/9-8-2026/90954595.json,Yan,1,0,0.3462,Alakazam
90954669,/Users/nickzwart/Desktop/9-8-2026/90954669.json,kashiwashira,0,0,0.4925,Alakazam
90954762,/Users/nickzwart/Desktop/9-8-2026/90954762.json,kigasudayooo,1,0,0.4103,M-Lopunny
90954813,/Users/nickzwart/Desktop/9-8-2026/90954813.json,Yan,0,1,0.3462,Grimmsnarl
90956435,/Users/nickzwart/Desktop/9-8-2026/90956435.json,kigasudayooo,1,0,0.4103,Dragapult
90956580,/Users/nickzwart/Desktop/9-8-2026/90956580.json,Confusion,1,1,0.4651,M-Lopunny
90955611,/Users/nickzwart/Desktop/9-8-2026/90955611.json,kigasudayooo,1,1,0.4103,Grimmsnarl
90956400,/Users/nickzwart/Desktop/9-8-2026/90956400.json,KouFu,1,0,0.3906,Alakazam
90958085,/Users/nickzwart/Desktop/9-8-2026/90958085.json,kigasudayooo,1,1,0.4103,Grimmsnarl
90958159,/Users/nickzwart/Desktop/9-8-2026/90958159.json,llkarill,0,1,0.4375,other
90957310,/Users/nickzwart/Desktop/9-8-2026/90957310.json,kigasudayooo,1,1,0.4103,M-Lopunny
90957404,/Users/nickzwart/Desktop/9-8-2026/90957404.json,e-toppo + kurupical,1,0,0.4211,Grimmsnarl
90957410,/Users/nickzwart/Desktop/9-8-2026/90957410.json,MissingNo.,0,0,0.6389,Grimmsnarl
90957869,/Users/nickzwart/Desktop/9-8-2026/90957869.json,Confusion,1,0,0.4651,Dudunsparce
90958881,/Users/nickzwart/Desktop/9-8-2026/90958881.json,e-toppo + kurupical,0,0,0.4211,Alakazam
90958915,/Users/nickzwart/Desktop/9-8-2026/90958915.json,kigasudayooo,0,0,0.4103,Ogerpon
90958915,/Users/nickzwart/Desktop/9-8-2026/90958915.json,タニシ,1,1,0.4324,Ogerpon
90959513,/Users/nickzwart/Desktop/9-8-2026/90959513.json,タニシ,1,1,0.4324,Grimmsnarl
90959876,/Users/nickzwart/Desktop/9-8-2026/90959876.json,ANDPAD kaggler team,0,1,0.6301,M-Lopunny
90959742,/Users/nickzwart/Desktop/9-8-2026/90959742.json,kigasudayooo,0,1,0.4103,M-Lopunny
90962199,/Users/nickzwart/Desktop/9-8-2026/90962199.json,kigasudayooo,1,0,0.4103,Alakazam
90961364,/Users/nickzwart/Desktop/9-8-2026/90961364.json,Confusion,1,0,0.4651,Alakazam
90963096,/Users/nickzwart/Desktop/9-8-2026/90963096.json,ANDPAD kaggler team,0,1,0.6301,other
90963104,/Users/nickzwart/Desktop/9-8-2026/90963104.json,kigasudayooo,0,0,0.4103,Grimmsnarl
90963148,/Users/nickzwart/Desktop/9-8-2026/90963148.json,e-toppo + kurupical,0,0,0.4211,Grimmsnarl
90963765,/Users/nickzwart/Desktop/9-8-2026/90963765.json,Yan,1,0,0.3462,Dudunsparce
90963944,/Users/nickzwart/Desktop/9-8-2026/90963944.json,kigasudayooo,0,1,0.4103,Grimmsnarl
90964604,/Users/nickzwart/Desktop/9-8-2026/90964604.json,KouFu,1,0,0.3906,Alakazam
90965425,/Users/nickzwart/Desktop/9-8-2026/90965425.json,takayosi,1,0,0.3967,M-Lopunny
90964819,/Users/nickzwart/Desktop/9-8-2026/90964819.json,kigasudayooo,0,0,0.4103,Hydrapple
90965575,/Users/nickzwart/Desktop/9-8-2026/90965575.json,kigasudayooo,1,1,0.4103,Grimmsnarl
90965599,/Users/nickzwart/Desktop/9-8-2026/90965599.json,Artalmaz31,1,0,0.2667,Alakazam
90965655,/Users/nickzwart/Desktop/9-8-2026/90965655.json,kigasudayooo,1,0,0.4103,Crustle
90966492,/Users/nickzwart/Desktop/9-8-2026/90966492.json,kigasudayooo,1,1,0.4103,Grimmsnarl
90966562,/Users/nickzwart/Desktop/9-8-2026/90966562.json,flg,1,1,0.6902,Alakazam
90967094,/Users/nickzwart/Desktop/9-8-2026/90967094.json,takayosi,0,0,0.3967,Alakazam
90967241,/Users/nickzwart/Desktop/9-8-2026/90967241.json,MissingNo.,0,1,0.6389,Grimmsnarl
90967247,/Users/nickzwart/Desktop/9-8-2026/90967247.json,Boss's Orders Are All You Need,0,1,0.4872,Grimmsnarl
90967927,/Users/nickzwart/Desktop/9-8-2026/90967927.json,llkarill,0,1,0.4375,Alakazam
90968132,/Users/nickzwart/Desktop/9-8-2026/90968132.json,tktkyamyam,1,1,0.4797,Grimmsnarl
90968917,/Users/nickzwart/Desktop/9-8-2026/90968917.json,Yan,0,1,0.3462,Grimmsnarl
90969729,/Users/nickzwart/Desktop/9-8-2026/90969729.json,MissingNo.,0,0,0.6389,Grimmsnarl
90969853,/Users/nickzwart/Desktop/9-8-2026/90969853.json,flg,0,1,0.6902,Grimmsnarl
90969624,/Users/nickzwart/Desktop/9-8-2026/90969624.json,Yan,0,0,0.3462,M-Lopunny
90970634,/Users/nickzwart/Desktop/9-8-2026/90970634.json,tktkyamyam,1,0,0.4797,Alakazam
90971296,/Users/nickzwart/Desktop/9-8-2026/90971296.json,kigasudayooo,1,0,0.4103,M-Lopunny
90971447,/Users/nickzwart/Desktop/9-8-2026/90971447.json,Nghia Tran,0,0,0.3864,Alakazam
90972217,/Users/nickzwart/Desktop/9-8-2026/90972217.json,takayosi,1,1,0.3967,Grimmsnarl
90972845,/Users/nickzwart/Desktop/9-8-2026/90972845.json,e-toppo + kurupical,0,0,0.4211,Alakazam
90973103,/Users/nickzwart/Desktop/9-8-2026/90973103.json,Changyuan Chen,1,1,0.3962,Grimmsnarl
90973800,/Users/nickzwart/Desktop/9-8-2026/90973800.json,takayosi,0,1,0.3967,M-Lucario
90973952,/Users/nickzwart/Desktop/9-8-2026/90973952.json,hatata,0,1,0.5238,Grimmsnarl
90974591,/Users/nickzwart/Desktop/9-8-2026/90974591.json,Nghia Tran,1,0,0.3864,Alakazam
90974639,/Users/nickzwart/Desktop/9-8-2026/90974639.json,Confusion,1,1,0.4651,Dragapult
90974683,/Users/nickzwart/Desktop/9-8-2026/90974683.json,takayosi,1,1,0.3967,Hydrapple
90975394,/Users/nickzwart/Desktop/9-8-2026/90975394.json,llkarill,1,0,0.4375,Alakazam
90976480,/Users/nickzwart/Desktop/9-8-2026/90976480.json,takayosi,1,1,0.3967,Grimmsnarl
90977051,/Users/nickzwart/Desktop/9-8-2026/90977051.json,takayosi,0,0,0.3967,Alakazam
90977052,/Users/nickzwart/Desktop/9-8-2026/90977052.json,palsystem,1,0,0.6183,Alakazam
90977293,/Users/nickzwart/Desktop/9-8-2026/90977293.json,タニシ,1,1,0.4324,Grimmsnarl
90977891,/Users/nickzwart/Desktop/9-8-2026/90977891.json,tktkyamyam,1,1,0.4797,Alakazam
90978737,/Users/nickzwart/Desktop/9-8-2026/90978737.json,Confusion,1,1,0.4651,Alakazam
90979036,/Users/nickzwart/Desktop/9-8-2026/90979036.json,Nghia Tran,1,0,0.3864,Crustle
90981242,/Users/nickzwart/Desktop/9-8-2026/90981242.json,flg,0,0,0.6902,Alakazam
90981265,/Users/nickzwart/Desktop/9-8-2026/90981265.json,takayosi,0,0,0.3967,Alakazam
90984727,/Users/nickzwart/Desktop/9-8-2026/90984727.json,NIWATORI,1,0,0.5652,Alakazam
90984782,/Users/nickzwart/Desktop/9-8-2026/90984782.json,Yan,0,0,0.3462,M-Lopunny
90983753,/Users/nickzwart/Desktop/9-8-2026/90983753.json,kigasudayooo,1,0,0.4103,Alakazam
90985664,/Users/nickzwart/Desktop/9-8-2026/90985664.json,NIWATORI,0,0,0.5652,Alakazam
90986338,/Users/nickzwart/Desktop/9-8-2026/90986338.json,llkarill,1,0,0.4375,Alakazam
90988742,/Users/nickzwart/Desktop/9-8-2026/90988742.json,takayosi,0,0,0.3967,Hydrapple
90988811,/Users/nickzwart/Desktop/9-8-2026/90988811.json,kigasudayooo,0,0,0.4103,Crustle
90989759,/Users/nickzwart/Desktop/9-8-2026/90989759.json,Yan,1,0,0.3462,Grimmsnarl
90989554,/Users/nickzwart/Desktop/9-8-2026/90989554.json,Battle Data Base,1,1,0.419,M-Lopunny
90990618,/Users/nickzwart/Desktop/9-8-2026/90990618.json,e-toppo + kurupical,0,1,0.4211,M-Lopunny
90990397,/Users/nickzwart/Desktop/9-8-2026/90990397.json,Battle Data Base,1,1,0.419,Grimmsnarl
90990486,/Users/nickzwart/Desktop/9-8-2026/90990486.json,Confusion,1,0,0.4651,Alakazam
90991242,/Users/nickzwart/Desktop/9-8-2026/90991242.json,takayosi,0,1,0.3967,Alakazam
90992121,/Users/nickzwart/Desktop/9-8-2026/90992121.json,Battle Data Base,0,1,0.419,Grimmsnarl
90992926,/Users/nickzwart/Desktop/9-8-2026/90992926.json,e-toppo + kurupical,1,1,0.4211,Alakazam
90992937,/Users/nickzwart/Desktop/9-8-2026/90992937.json,Battle Data Base,0,0,0.419,M-Kangaskhan
90993004,/Users/nickzwart/Desktop/9-8-2026/90993004.json,Battle Data Base,1,1,0.419,Grimmsnarl
90993790,/Users/nickzwart/Desktop/9-8-2026/90993790.json,Battle Data Base,0,1,0.419,M-Kangaskhan
90993848,/Users/nickzwart/Desktop/9-8-2026/90993848.json,flg,1,0,0.6902,Alakazam
90994798,/Users/nickzwart/Desktop/9-8-2026/90994798.json,KouFu,0,0,0.3906,Alakazam
90995418,/Users/nickzwart/Desktop/9-8-2026/90995418.json,Battle Data Base,1,1,0.419,M-Kangaskhan
90995422,/Users/nickzwart/Desktop/9-8-2026/90995422.json,Battle Data Base,1,0,0.419,M-Lopunny
90995635,/Users/nickzwart/Desktop/9-8-2026/90995635.json,Nghia Tran,0,0,0.3864,Alakazam
90996226,/Users/nickzwart/Desktop/9-8-2026/90996226.json,KouFu,0,0,0.3906,Hydrapple
90994587,/Users/nickzwart/Desktop/9-8-2026/90994587.json,Battle Data Base,0,1,0.419,Grimmsnarl
90996315,/Users/nickzwart/Desktop/9-8-2026/90996315.json,Battle Data Base,0,1,0.419,Grimmsnarl
90999602,/Users/nickzwart/Desktop/9-8-2026/90999602.json,タニシ,1,1,0.4324,M-Kangaskhan
90999726,/Users/nickzwart/Desktop/9-8-2026/90999726.json,Battle Data Base,1,0,0.419,Dragapult
90998206,/Users/nickzwart/Desktop/9-8-2026/90998206.json,Changyuan Chen,1,0,0.3962,M-Lopunny
90998786,/Users/nickzwart/Desktop/9-8-2026/90998786.json,Battle Data Base,0,1,0.419,Grimmsnarl
90997956,/Users/nickzwart/Desktop/9-8-2026/90997956.json,Battle Data Base,0,1,0.419,Grimmsnarl
90997970,/Users/nickzwart/Desktop/9-8-2026/90997970.json,kigasudayooo,1,0,0.4103,M-Kangaskhan
90997971,/Users/nickzwart/Desktop/9-8-2026/90997971.json,Battle Data Base,0,0,0.419,M-Lopunny
90997105,/Users/nickzwart/Desktop/9-8-2026/90997105.json,Confusion,1,1,0.4651,other
90997118,/Users/nickzwart/Desktop/9-8-2026/90997118.json,Battle Data Base,0,0,0.419,Dragapult
90998808,/Users/nickzwart/Desktop/9-8-2026/90998808.json,Battle Data Base,1,1,0.419,Grimmsnarl
90998940,/Users/nickzwart/Desktop/9-8-2026/90998940.json,Yan,1,0,0.3462,Hydrapple
90999789,/Users/nickzwart/Desktop/9-8-2026/90999789.json,kashiwashira,0,1,0.4925,M-Lopunny
91000470,/Users/nickzwart/Desktop/9-8-2026/91000470.json,Battle Data Base,0,0,0.419,Dragapult
91001267,/Users/nickzwart/Desktop/9-8-2026/91001267.json,Battle Data Base,0,1,0.419,Garchomp
91001427,/Users/nickzwart/Desktop/9-8-2026/91001427.json,Boss's Orders Are All You Need,0,0,0.4872,Alakazam
91000664,/Users/nickzwart/Desktop/9-8-2026/91000664.json,Artalmaz31,0,0,0.2667,Ogerpon
91000664,/Users/nickzwart/Desktop/9-8-2026/91000664.json,Confusion,1,1,0.4651,Ogerpon
91002398,/Users/nickzwart/Desktop/9-8-2026/91002398.json,tktkyamyam,1,1,0.4797,Grimmsnarl
91002920,/Users/nickzwart/Desktop/9-8-2026/91002920.json,Nghia Tran,1,1,0.3864,Grimmsnarl
91003011,/Users/nickzwart/Desktop/9-8-2026/91003011.json,Battle Data Base,1,1,0.419,M-Kangaskhan
91002157,/Users/nickzwart/Desktop/9-8-2026/91002157.json,Battle Data Base,1,0,0.419,Grimmsnarl
91002191,/Users/nickzwart/Desktop/9-8-2026/91002191.json,Changyuan Chen,1,0,0.3962,M-Lopunny
91003859,/Users/nickzwart/Desktop/9-8-2026/91003859.json,gecogeco,0,0,0.4118,M-Lopunny
91004685,/Users/nickzwart/Desktop/9-8-2026/91004685.json,Battle Data Base,0,0,0.419,M-Kangaskhan
91004842,/Users/nickzwart/Desktop/9-8-2026/91004842.json,llkarill,1,0,0.4375,Alakazam
91005536,/Users/nickzwart/Desktop/9-8-2026/91005536.json,Nghia Tran,1,0,0.3864,M-Kangaskhan
91005589,/Users/nickzwart/Desktop/9-8-2026/91005589.json,Yan,1,0,0.3462,Alakazam
91007082,/Users/nickzwart/Desktop/9-8-2026/91007082.json,takayosi,1,1,0.3967,Grimmsnarl
91006435,/Users/nickzwart/Desktop/9-8-2026/91006435.json,Artalmaz31,1,1,0.2667,Grimmsnarl
91008077,/Users/nickzwart/Desktop/9-8-2026/91008077.json,Battle Data Base,1,1,0.419,M-Lopunny
91008919,/Users/nickzwart/Desktop/9-8-2026/91008919.json,Battle Data Base,0,0,0.419,M-Froslass
91009731,/Users/nickzwart/Desktop/9-8-2026/91009731.json,Battle Data Base,0,0,0.419,M-Lopunny
91009740,/Users/nickzwart/Desktop/9-8-2026/91009740.json,Battle Data Base,1,0,0.419,M-Lopunny
91009950,/Users/nickzwart/Desktop/9-8-2026/91009950.json,kashiwashira,1,1,0.4925,Alakazam
91010593,/Users/nickzwart/Desktop/9-8-2026/91010593.json,Battle Data Base,1,1,0.419,Grimmsnarl
91010633,/Users/nickzwart/Desktop/9-8-2026/91010633.json,takayosi,0,0,0.3967,M-Lopunny
91011424,/Users/nickzwart/Desktop/9-8-2026/91011424.json,Battle Data Base,0,0,0.419,M-Lopunny
91012206,/Users/nickzwart/Desktop/9-8-2026/91012206.json,Battle Data Base,1,0,0.419,Alakazam
91012225,/Users/nickzwart/Desktop/9-8-2026/91012225.json,Battle Data Base,0,1,0.419,Hydrapple
91012924,/Users/nickzwart/Desktop/9-8-2026/91012924.json,kigasudayooo,1,1,0.4103,Alakazam
91013069,/Users/nickzwart/Desktop/9-8-2026/91013069.json,kashiwashira,0,0,0.4925,Alakazam
91014803,/Users/nickzwart/Desktop/9-8-2026/91014803.json,Battle Data Base,1,0,0.419,Grimmsnarl
91015572,/Users/nickzwart/Desktop/9-8-2026/91015572.json,KouFu,0,1,0.3906,Grimmsnarl
91015759,/Users/nickzwart/Desktop/9-8-2026/91015759.json,flg,0,0,0.6902,Grimmsnarl
91017982,/Users/nickzwart/Desktop/9-8-2026/91017982.json,llkarill,1,1,0.4375,Grimmsnarl
91017153,/Users/nickzwart/Desktop/9-8-2026/91017153.json,sobameshi,1,0,0.481,Grimmsnarl
91018085,/Users/nickzwart/Desktop/9-8-2026/91018085.json,kashiwashira,1,0,0.4925,M-Lopunny
91018301,/Users/nickzwart/Desktop/9-8-2026/91018301.json,sobameshi,0,0,0.481,Alakazam
91019028,/Users/nickzwart/Desktop/9-8-2026/91019028.json,Battle Data Base,0,0,0.419,Dragapult
91020734,/Users/nickzwart/Desktop/9-8-2026/91020734.json,Battle Data Base,1,0,0.419,Dragapult
91020741,/Users/nickzwart/Desktop/9-8-2026/91020741.json,Battle Data Base,1,0,0.419,M-Lopunny
91020743,/Users/nickzwart/Desktop/9-8-2026/91020743.json,palsystem,1,1,0.6183,M-Lopunny
91021604,/Users/nickzwart/Desktop/9-8-2026/91021604.json,Battle Data Base,0,1,0.419,M-Kangaskhan
91022237,/Users/nickzwart/Desktop/9-8-2026/91022237.json,tktkyamyam,1,1,0.4797,M-Kangaskhan
91022273,/Users/nickzwart/Desktop/9-8-2026/91022273.json,Confusion,0,1,0.4651,Grimmsnarl
91023166,/Users/nickzwart/Desktop/9-8-2026/91023166.json,tktkyamyam,0,1,0.4797,Grimmsnarl
91022390,/Users/nickzwart/Desktop/9-8-2026/91022390.json,Battle Data Base,0,0,0.419,Grimmsnarl
91023290,/Users/nickzwart/Desktop/9-8-2026/91023290.json,Battle Data Base,0,0,0.419,Alakazam
91023321,/Users/nickzwart/Desktop/9-8-2026/91023321.json,Battle Data Base,0,0,0.419,Alakazam
91024845,/Users/nickzwart/Desktop/9-8-2026/91024845.json,Nghia Tran,0,1,0.3864,Grimmsnarl
91025755,/Users/nickzwart/Desktop/9-8-2026/91025755.json,NIWATORI,0,1,0.5652,Grimmsnarl
91024938,/Users/nickzwart/Desktop/9-8-2026/91024938.json,MissingNo.,0,1,0.6389,Garchomp
91025524,/Users/nickzwart/Desktop/9-8-2026/91025524.json,sobameshi,0,0,0.481,M-Lopunny
91026516,/Users/nickzwart/Desktop/9-8-2026/91026516.json,KouFu,0,1,0.3906,Grimmsnarl
91028321,/Users/nickzwart/Desktop/9-8-2026/91028321.json,Confusion,1,0,0.4651,other
91028986,/Users/nickzwart/Desktop/9-8-2026/91028986.json,Confusion,1,1,0.4651,Grimmsnarl
91029197,/Users/nickzwart/Desktop/9-8-2026/91029197.json,Confusion,1,0,0.4651,M-Kangaskhan
91029837,/Users/nickzwart/Desktop/9-8-2026/91029837.json,James Cox & Henry Chao,1,1,0.3846,other
91029885,/Users/nickzwart/Desktop/9-8-2026/91029885.json,flg,1,1,0.6902,Grimmsnarl
91029925,/Users/nickzwart/Desktop/9-8-2026/91029925.json,kashiwashira,0,0,0.4925,Grimmsnarl
91030547,/Users/nickzwart/Desktop/9-8-2026/91030547.json,KouFu,1,0,0.3906,Grimmsnarl
91030691,/Users/nickzwart/Desktop/9-8-2026/91030691.json,tktkyamyam,0,1,0.4797,Grimmsnarl
91031525,/Users/nickzwart/Desktop/9-8-2026/91031525.json,e-toppo + kurupical,1,1,0.4211,Hydrapple
91031564,/Users/nickzwart/Desktop/9-8-2026/91031564.json,NIWATORI,1,0,0.5652,Grimmsnarl
91033219,/Users/nickzwart/Desktop/9-8-2026/91033219.json,Changyuan Chen,0,1,0.3962,Grimmsnarl
91032310,/Users/nickzwart/Desktop/9-8-2026/91032310.json,Battle Data Base,1,0,0.419,Grimmsnarl
91035794,/Users/nickzwart/Desktop/9-8-2026/91035794.json,Confusion,1,0,0.4651,M-Kangaskhan
91035816,/Users/nickzwart/Desktop/9-8-2026/91035816.json,takayosi,0,0,0.3967,M-Lopunny
91035596,/Users/nickzwart/Desktop/9-8-2026/91035596.json,NIWATORI,0,1,0.5652,Grimmsnarl
91035768,/Users/nickzwart/Desktop/9-8-2026/91035768.json,kashiwashira,1,1,0.4925,Hydrapple
91035903,/Users/nickzwart/Desktop/9-8-2026/91035903.json,takayosi,0,1,0.3967,Grimmsnarl
91036637,/Users/nickzwart/Desktop/9-8-2026/91036637.json,NIWATORI,0,0,0.5652,Grimmsnarl
91037555,/Users/nickzwart/Desktop/9-8-2026/91037555.json,Nghia Tran,1,0,0.3864,M-Lopunny
91037581,/Users/nickzwart/Desktop/9-8-2026/91037581.json,kigasudayooo,0,1,0.4103,Grimmsnarl
91038359,/Users/nickzwart/Desktop/9-8-2026/91038359.json,Yan,1,1,0.3462,Grimmsnarl
91038366,/Users/nickzwart/Desktop/9-8-2026/91038366.json,tktkyamyam,0,1,0.4797,Grimmsnarl
91038374,/Users/nickzwart/Desktop/9-8-2026/91038374.json,takayosi,0,1,0.3967,Grimmsnarl
91039061,/Users/nickzwart/Desktop/9-8-2026/91039061.json,Battle Data Base,0,0,0.419,M-Lucario
91040041,/Users/nickzwart/Desktop/9-8-2026/91040041.json,Confusion,1,0,0.4651,Grimmsnarl
91039884,/Users/nickzwart/Desktop/9-8-2026/91039884.json,Nghia Tran,0,0,0.3864,M-Lopunny
91042605,/Users/nickzwart/Desktop/9-8-2026/91042605.json,takayosi,0,0,0.3967,Hydrapple
91043438,/Users/nickzwart/Desktop/9-8-2026/91043438.json,MissingNo.,0,1,0.6389,Grimmsnarl
91044289,/Users/nickzwart/Desktop/9-8-2026/91044289.json,e-toppo + kurupical,0,0,0.4211,Alakazam
91045956,/Users/nickzwart/Desktop/9-8-2026/91045956.json,KouFu,0,0,0.3906,Alakazam
91047572,/Users/nickzwart/Desktop/9-8-2026/91047572.json,kashiwashira,0,1,0.4925,other
91047580,/Users/nickzwart/Desktop/9-8-2026/91047580.json,kashiwashira,1,1,0.4925,M-Lopunny
91047625,/Users/nickzwart/Desktop/9-8-2026/91047625.json,tktkyamyam,0,0,0.4797,Dragapult
91048178,/Users/nickzwart/Desktop/9-8-2026/91048178.json,tktkyamyam,1,0,0.4797,Archaludon
91048424,/Users/nickzwart/Desktop/9-8-2026/91048424.json,sobameshi,1,0,0.481,M-Lopunny
91049083,/Users/nickzwart/Desktop/9-8-2026/91049083.json,KouFu,0,1,0.3906,Grimmsnarl
91049199,/Users/nickzwart/Desktop/9-8-2026/91049199.json,e-toppo + kurupical,1,0,0.4211,M-Lucario
91050023,/Users/nickzwart/Desktop/9-8-2026/91050023.json,KouFu,1,0,0.3906,M-Lopunny
91050180,/Users/nickzwart/Desktop/9-8-2026/91050180.json,takayosi,1,1,0.3967,Dragapult
91050719,/Users/nickzwart/Desktop/9-8-2026/91050719.json,Confusion,1,1,0.4651,Dragapult
91050937,/Users/nickzwart/Desktop/9-8-2026/91050937.json,Changyuan Chen,1,1,0.3962,Grimmsnarl
91051013,/Users/nickzwart/Desktop/9-8-2026/91051013.json,llkarill,0,1,0.4375,Ogerpon
91051013,/Users/nickzwart/Desktop/9-8-2026/91051013.json,takayosi,1,0,0.3967,Ogerpon
91051730,/Users/nickzwart/Desktop/9-8-2026/91051730.json,KouFu,1,1,0.3906,Grimmsnarl
91052645,/Users/nickzwart/Desktop/9-8-2026/91052645.json,Confusion,1,0,0.4651,Grimmsnarl
91052731,/Users/nickzwart/Desktop/9-8-2026/91052731.json,Boss's Orders Are All You Need,1,1,0.4872,Grimmsnarl
91052757,/Users/nickzwart/Desktop/9-8-2026/91052757.json,kashiwashira,1,1,0.4925,Grimmsnarl
91055794,/Users/nickzwart/Desktop/9-8-2026/91055794.json,KouFu,0,0,0.3906,Hydrapple
91056621,/Users/nickzwart/Desktop/9-8-2026/91056621.json,sobameshi,1,1,0.481,Dragapult
91059289,/Users/nickzwart/Desktop/9-8-2026/91059289.json,tktkyamyam,1,0,0.4797,M-Lopunny
91059492,/Users/nickzwart/Desktop/9-8-2026/91059492.json,flg,1,1,0.6902,Alakazam
91060110,/Users/nickzwart/Desktop/9-8-2026/91060110.json,takayosi,1,0,0.3967,M-Lopunny
91060292,/Users/nickzwart/Desktop/9-8-2026/91060292.json,Confusion,1,0,0.4651,M-Lopunny
91060379,/Users/nickzwart/Desktop/9-8-2026/91060379.json,Yan,0,0,0.3462,Alakazam
91060946,/Users/nickzwart/Desktop/9-8-2026/91060946.json,sobameshi,0,1,0.481,Grimmsnarl
91061821,/Users/nickzwart/Desktop/9-8-2026/91061821.json,sobameshi,0,1,0.481,Grimmsnarl
91061870,/Users/nickzwart/Desktop/9-8-2026/91061870.json,sobameshi,1,0,0.481,Dragapult
91061930,/Users/nickzwart/Desktop/9-8-2026/91061930.json,llkarill,1,0,0.4375,Dragapult
91062818,/Users/nickzwart/Desktop/9-8-2026/91062818.json,sobameshi,0,1,0.481,M-Lopunny
91062861,/Users/nickzwart/Desktop/9-8-2026/91062861.json,Confusion,1,0,0.4651,Dragapult
91063572,/Users/nickzwart/Desktop/9-8-2026/91063572.json,sobameshi,0,0,0.481,Grimmsnarl
91063616,/Users/nickzwart/Desktop/9-8-2026/91063616.json,takayosi,1,0,0.3967,M-Lopunny
91063670,/Users/nickzwart/Desktop/9-8-2026/91063670.json,Nghia Tran,1,0,0.3864,Hydrapple
91064444,/Users/nickzwart/Desktop/9-8-2026/91064444.json,sobameshi,1,0,0.481,M-Lopunny
91064564,/Users/nickzwart/Desktop/9-8-2026/91064564.json,Yan,0,0,0.3462,Dragapult
91065480,/Users/nickzwart/Desktop/9-8-2026/91065480.json,Battle Data Base,1,0,0.419,M-Lucario
91066212,/Users/nickzwart/Desktop/9-8-2026/91066212.json,sobameshi,1,1,0.481,Alakazam
91065329,/Users/nickzwart/Desktop/9-8-2026/91065329.json,sobameshi,1,1,0.481,Grimmsnarl
91066439,/Users/nickzwart/Desktop/9-8-2026/91066439.json,kigasudayooo,1,0,0.4103,M-Lucario
91067064,/Users/nickzwart/Desktop/9-8-2026/91067064.json,sobameshi,0,1,0.481,M-Lucario
91067099,/Users/nickzwart/Desktop/9-8-2026/91067099.json,tktkyamyam,0,0,0.4797,Hydrapple
91066237,/Users/nickzwart/Desktop/9-8-2026/91066237.json,Nghia Tran,1,0,0.3864,Alakazam
91066295,/Users/nickzwart/Desktop/9-8-2026/91066295.json,Changyuan Chen,0,1,0.3962,Dragapult
91067206,/Users/nickzwart/Desktop/9-8-2026/91067206.json,Artalmaz31,0,0,0.2667,Dragapult
91068085,/Users/nickzwart/Desktop/9-8-2026/91068085.json,llkarill,0,1,0.4375,Dragapult
91067952,/Users/nickzwart/Desktop/9-8-2026/91067952.json,sobameshi,1,1,0.481,M-Kangaskhan
91069021,/Users/nickzwart/Desktop/9-8-2026/91069021.json,flg,0,1,0.6902,Grimmsnarl
91069965,/Users/nickzwart/Desktop/9-8-2026/91069965.json,takayosi,1,1,0.3967,M-Kangaskhan
91070674,/Users/nickzwart/Desktop/9-8-2026/91070674.json,sobameshi,1,0,0.481,M-Kangaskhan
91068827,/Users/nickzwart/Desktop/9-8-2026/91068827.json,sobameshi,0,1,0.481,M-Kangaskhan
91068972,/Users/nickzwart/Desktop/9-8-2026/91068972.json,Artalmaz31,1,0,0.2667,Grimmsnarl
91070882,/Users/nickzwart/Desktop/9-8-2026/91070882.json,e-toppo + kurupical,1,0,0.4211,Grimmsnarl
91071461,/Users/nickzwart/Desktop/9-8-2026/91071461.json,sobameshi,0,0,0.481,Ogerpon
91071461,/Users/nickzwart/Desktop/9-8-2026/91071461.json,Artalmaz31,1,1,0.2667,Ogerpon
91071500,/Users/nickzwart/Desktop/9-8-2026/91071500.json,KouFu,0,0,0.3906,M-Lopunny
91071614,/Users/nickzwart/Desktop/9-8-2026/91071614.json,KouFu,0,0,0.3906,M-Lucario
91072346,/Users/nickzwart/Desktop/9-8-2026/91072346.json,sobameshi,0,1,0.481,Grimmsnarl
91072454,/Users/nickzwart/Desktop/9-8-2026/91072454.json,e-toppo + kurupical,1,0,0.4211,M-Lopunny
91072497,/Users/nickzwart/Desktop/9-8-2026/91072497.json,e-toppo + kurupical,0,1,0.4211,M-Lucario
91072514,/Users/nickzwart/Desktop/9-8-2026/91072514.json,takayosi,0,0,0.3967,M-Kangaskhan
91073189,/Users/nickzwart/Desktop/9-8-2026/91073189.json,sobameshi,1,1,0.481,M-Lucario
91073224,/Users/nickzwart/Desktop/9-8-2026/91073224.json,tktkyamyam,1,0,0.4797,M-Lopunny
91073301,/Users/nickzwart/Desktop/9-8-2026/91073301.json,Nghia Tran,1,0,0.3864,Dragapult
91074112,/Users/nickzwart/Desktop/9-8-2026/91074112.json,sobameshi,1,0,0.481,Alakazam
91074875,/Users/nickzwart/Desktop/9-8-2026/91074875.json,tw_shin,0,1,0.475,Grimmsnarl
91075002,/Users/nickzwart/Desktop/9-8-2026/91075002.json,sobameshi,0,0,0.481,M-Lucario
91075205,/Users/nickzwart/Desktop/9-8-2026/91075205.json,llkarill,1,0,0.4375,Alakazam
91075763,/Users/nickzwart/Desktop/9-8-2026/91075763.json,sobameshi,1,1,0.481,Grimmsnarl
91076071,/Users/nickzwart/Desktop/9-8-2026/91076071.json,tw_shin,1,1,0.475,Grimmsnarl
91076626,/Users/nickzwart/Desktop/9-8-2026/91076626.json,tw_shin,1,0,0.475,M-Lopunny
91076748,/Users/nickzwart/Desktop/9-8-2026/91076748.json,takayosi,0,1,0.3967,Ogerpon
91076748,/Users/nickzwart/Desktop/9-8-2026/91076748.json,sobameshi,1,0,0.481,Ogerpon
91077608,/Users/nickzwart/Desktop/9-8-2026/91077608.json,KouFu,0,1,0.3906,Ogerpon
91077608,/Users/nickzwart/Desktop/9-8-2026/91077608.json,sobameshi,1,0,0.481,Ogerpon
91077836,/Users/nickzwart/Desktop/9-8-2026/91077836.json,tw_shin,1,0,0.475,M-Lopunny
91078520,/Users/nickzwart/Desktop/9-8-2026/91078520.json,tktkyamyam,0,1,0.4797,Ogerpon
91078520,/Users/nickzwart/Desktop/9-8-2026/91078520.json,sobameshi,1,0,0.481,Ogerpon
91078633,/Users/nickzwart/Desktop/9-8-2026/91078633.json,takayosi,0,1,0.3967,Grimmsnarl
91078634,/Users/nickzwart/Desktop/9-8-2026/91078634.json,Battle Data Base,0,1,0.419,Dragapult
91078660,/Users/nickzwart/Desktop/9-8-2026/91078660.json,Battle Data Base,0,0,0.419,Alakazam
91079383,/Users/nickzwart/Desktop/9-8-2026/91079383.json,sobameshi,1,1,0.481,M-Kangaskhan
91079415,/Users/nickzwart/Desktop/9-8-2026/91079415.json,MissingNo.,1,1,0.6389,Hydrapple
91079493,/Users/nickzwart/Desktop/9-8-2026/91079493.json,Artalmaz31,0,1,0.2667,Grimmsnarl
91080137,/Users/nickzwart/Desktop/9-8-2026/91080137.json,tw_shin,0,1,0.475,Grimmsnarl
91080258,/Users/nickzwart/Desktop/9-8-2026/91080258.json,sobameshi,0,1,0.481,Ogerpon
91080258,/Users/nickzwart/Desktop/9-8-2026/91080258.json,Changyuan Chen,1,0,0.3962,Ogerpon
91080991,/Users/nickzwart/Desktop/9-8-2026/91080991.json,tw_shin,1,0,0.475,Alakazam
91081011,/Users/nickzwart/Desktop/9-8-2026/91081011.json,KouFu,0,1,0.3906,Ogerpon
91081011,/Users/nickzwart/Desktop/9-8-2026/91081011.json,tw_shin,1,0,0.475,Ogerpon
91081120,/Users/nickzwart/Desktop/9-8-2026/91081120.json,sobameshi,0,1,0.481,Grimmsnarl
91081156,/Users/nickzwart/Desktop/9-8-2026/91081156.json,tw_shin,1,0,0.475,Hydrapple
91081177,/Users/nickzwart/Desktop/9-8-2026/91081177.json,KouFu,0,0,0.3906,Dragapult
91081205,/Users/nickzwart/Desktop/9-8-2026/91081205.json,Battle Data Base,1,0,0.419,Grimmsnarl
91082751,/Users/nickzwart/Desktop/9-8-2026/91082751.json,tw_shin,0,1,0.475,Grimmsnarl
91082864,/Users/nickzwart/Desktop/9-8-2026/91082864.json,sobameshi,0,1,0.481,Grimmsnarl
91082883,/Users/nickzwart/Desktop/9-8-2026/91082883.json,Artalmaz31,1,0,0.2667,M-Lopunny
91082042,/Users/nickzwart/Desktop/9-8-2026/91082042.json,Confusion,1,0,0.4651,M-Lopunny
91082188,/Users/nickzwart/Desktop/9-8-2026/91082188.json,kigasudayooo,0,0,0.4103,Hydrapple
91082713,/Users/nickzwart/Desktop/9-8-2026/91082713.json,tw_shin,0,0,0.475,Hydrapple
91083764,/Users/nickzwart/Desktop/9-8-2026/91083764.json,sobameshi,0,1,0.481,Grimmsnarl
91084533,/Users/nickzwart/Desktop/9-8-2026/91084533.json,tw_shin,1,0,0.475,Crustle
91084639,/Users/nickzwart/Desktop/9-8-2026/91084639.json,sobameshi,0,0,0.481,Dragapult
91084647,/Users/nickzwart/Desktop/9-8-2026/91084647.json,Changyuan Chen,0,0,0.3962,Alakazam
91085409,/Users/nickzwart/Desktop/9-8-2026/91085409.json,tw_shin,1,1,0.475,Grimmsnarl
91085514,/Users/nickzwart/Desktop/9-8-2026/91085514.json,Nghia Tran,0,1,0.3864,Ogerpon
91085514,/Users/nickzwart/Desktop/9-8-2026/91085514.json,sobameshi,1,0,0.481,Ogerpon
91086388,/Users/nickzwart/Desktop/9-8-2026/91086388.json,sobameshi,0,1,0.481,Grimmsnarl
91086448,/Users/nickzwart/Desktop/9-8-2026/91086448.json,tktkyamyam,0,1,0.4797,Dragapult
91087243,/Users/nickzwart/Desktop/9-8-2026/91087243.json,KouFu,0,0,0.3906,M-Lopunny
91087282,/Users/nickzwart/Desktop/9-8-2026/91087282.json,Yan,0,1,0.3462,Ogerpon
91087282,/Users/nickzwart/Desktop/9-8-2026/91087282.json,sobameshi,1,0,0.481,Ogerpon
91087429,/Users/nickzwart/Desktop/9-8-2026/91087429.json,tw_shin,1,1,0.475,Grimmsnarl
91087996,/Users/nickzwart/Desktop/9-8-2026/91087996.json,Kers Aoyagi,0,1,0.3333,Grimmsnarl
91088291,/Users/nickzwart/Desktop/9-8-2026/91088291.json,yuki0202,1,1,0.4483,M-Lucario
91088884,/Users/nickzwart/Desktop/9-8-2026/91088884.json,Saber,0,0,0.5385,M-Lopunny
91088909,/Users/nickzwart/Desktop/9-8-2026/91088909.json,Kers Aoyagi,1,0,0.3333,M-Kangaskhan
91088053,/Users/nickzwart/Desktop/9-8-2026/91088053.json,tw_shin,0,1,0.475,Ogerpon
91088053,/Users/nickzwart/Desktop/9-8-2026/91088053.json,Yan,1,0,0.3462,Ogerpon
91088144,/Users/nickzwart/Desktop/9-8-2026/91088144.json,tktkyamyam,1,1,0.4797,Grimmsnarl
91088148,/Users/nickzwart/Desktop/9-8-2026/91088148.json,takayosi,1,0,0.3967,Hydrapple
91088150,/Users/nickzwart/Desktop/9-8-2026/91088150.json,sobameshi,0,1,0.481,Grimmsnarl
91088913,/Users/nickzwart/Desktop/9-8-2026/91088913.json,KouFu,1,1,0.3906,Alakazam
91089006,/Users/nickzwart/Desktop/9-8-2026/91089006.json,tw_shin,0,1,0.475,M-Kangaskhan
91089191,/Users/nickzwart/Desktop/9-8-2026/91089191.json,KouFu,0,1,0.3906,M-Lopunny
91089738,/Users/nickzwart/Desktop/9-8-2026/91089738.json,Saber,0,1,0.5385,Grimmsnarl
91089743,/Users/nickzwart/Desktop/9-8-2026/91089743.json,Kers Aoyagi,0,0,0.3333,M-Lopunny
91089789,/Users/nickzwart/Desktop/9-8-2026/91089789.json,Battle Data Base,0,0,0.419,Ogerpon
91089789,/Users/nickzwart/Desktop/9-8-2026/91089789.json,tw_shin,1,1,0.475,Ogerpon
91089076,/Users/nickzwart/Desktop/9-8-2026/91089076.json,Battle Data Base,1,0,0.419,Dragapult
91089897,/Users/nickzwart/Desktop/9-8-2026/91089897.json,flg,1,0,0.6902,Dragapult
91090606,/Users/nickzwart/Desktop/9-8-2026/91090606.json,Kers Aoyagi,1,0,0.3333,Garchomp
91090646,/Users/nickzwart/Desktop/9-8-2026/91090646.json,tw_shin,1,0,0.475,Grimmsnarl
91090805,/Users/nickzwart/Desktop/9-8-2026/91090805.json,sobameshi,0,1,0.481,Grimmsnarl
91091469,/Users/nickzwart/Desktop/9-8-2026/91091469.json,Saber,0,0,0.5385,Ogerpon
91091469,/Users/nickzwart/Desktop/9-8-2026/91091469.json,Boss's Orders Are All You Need,1,1,0.4872,Ogerpon
91091515,/Users/nickzwart/Desktop/9-8-2026/91091515.json,tw_shin,0,1,0.475,M-Kangaskhan
91091611,/Users/nickzwart/Desktop/9-8-2026/91091611.json,sobameshi,1,1,0.481,Garchomp
91091697,/Users/nickzwart/Desktop/9-8-2026/91091697.json,Artalmaz31,0,0,0.2667,M-Lopunny
91092404,/Users/nickzwart/Desktop/9-8-2026/91092404.json,tw_shin,1,0,0.475,Grimmsnarl
91092477,/Users/nickzwart/Desktop/9-8-2026/91092477.json,Artalmaz31,1,0,0.2667,M-Lopunny
91092504,/Users/nickzwart/Desktop/9-8-2026/91092504.json,sobameshi,0,1,0.481,M-Lopunny
91093357,/Users/nickzwart/Desktop/9-8-2026/91093357.json,sobameshi,0,0,0.481,M-Lucario
91093392,/Users/nickzwart/Desktop/9-8-2026/91093392.json,llkarill,0,1,0.4375,Hydrapple
91093226,/Users/nickzwart/Desktop/9-8-2026/91093226.json,Saber,0,1,0.5385,Grimmsnarl
91093270,/Users/nickzwart/Desktop/9-8-2026/91093270.json,tw_shin,1,0,0.475,Grimmsnarl
91093508,/Users/nickzwart/Desktop/9-8-2026/91093508.json,tw_shin,0,0,0.475,M-Lopunny
91094108,/Users/nickzwart/Desktop/9-8-2026/91094108.json,Saber,0,0,0.5385,M-Lopunny
91094109,/Users/nickzwart/Desktop/9-8-2026/91094109.json,Kers Aoyagi,1,0,0.3333,Grimmsnarl
91094186,/Users/nickzwart/Desktop/9-8-2026/91094186.json,tw_shin,0,1,0.475,Grimmsnarl
91094202,/Users/nickzwart/Desktop/9-8-2026/91094202.json,sobameshi,0,0,0.481,M-Kangaskhan
91094270,/Users/nickzwart/Desktop/9-8-2026/91094270.json,kashiwashira,1,0,0.4925,M-Kangaskhan
91094351,/Users/nickzwart/Desktop/9-8-2026/91094351.json,Changyuan Chen,0,0,0.3962,Grimmsnarl
91095879,/Users/nickzwart/Desktop/9-8-2026/91095879.json,kigasudayooo,0,0,0.4103,Hydrapple
91095986,/Users/nickzwart/Desktop/9-8-2026/91095986.json,sobameshi,0,1,0.481,Alakazam
91096094,/Users/nickzwart/Desktop/9-8-2026/91096094.json,yuki0202,1,1,0.4483,Crustle
91096138,/Users/nickzwart/Desktop/9-8-2026/91096138.json,flg,1,0,0.6902,Hydrapple
91096667,/Users/nickzwart/Desktop/9-8-2026/91096667.json,Nghia Tran,1,0,0.3864,M-Lopunny
91097660,/Users/nickzwart/Desktop/9-8-2026/91097660.json,tw_shin,0,1,0.475,Grimmsnarl
91096954,/Users/nickzwart/Desktop/9-8-2026/91096954.json,sobameshi,1,0,0.481,Grimmsnarl
91097546,/Users/nickzwart/Desktop/9-8-2026/91097546.json,Confusion,0,0,0.4651,M-Lopunny
91098512,/Users/nickzwart/Desktop/9-8-2026/91098512.json,KouFu,0,1,0.3906,Hydrapple
91098604,/Users/nickzwart/Desktop/9-8-2026/91098604.json,sobameshi,0,0,0.481,Ogerpon
91098604,/Users/nickzwart/Desktop/9-8-2026/91098604.json,llkarill,1,1,0.4375,Ogerpon
91098621,/Users/nickzwart/Desktop/9-8-2026/91098621.json,tw_shin,1,0,0.475,M-Lopunny
91099396,/Users/nickzwart/Desktop/9-8-2026/91099396.json,tw_shin,1,0,0.475,M-Kangaskhan
91099564,/Users/nickzwart/Desktop/9-8-2026/91099564.json,yuki0202,0,1,0.4483,M-Lucario
91100366,/Users/nickzwart/Desktop/9-8-2026/91100366.json,sobameshi,1,1,0.481,Ogerpon
91101065,/Users/nickzwart/Desktop/9-8-2026/91101065.json,KouFu,1,0,0.3906,M-Kangaskhan
91101272,/Users/nickzwart/Desktop/9-8-2026/91101272.json,sobameshi,0,1,0.481,Grimmsnarl
91102067,/Users/nickzwart/Desktop/9-8-2026/91102067.json,Confusion,0,0,0.4651,Ogerpon
91102067,/Users/nickzwart/Desktop/9-8-2026/91102067.json,Saber,1,1,0.5385,Ogerpon
91102248,/Users/nickzwart/Desktop/9-8-2026/91102248.json,yuki0202,1,1,0.4483,Grimmsnarl
91102852,/Users/nickzwart/Desktop/9-8-2026/91102852.json,Saber,1,1,0.5385,Grimmsnarl
91103027,/Users/nickzwart/Desktop/9-8-2026/91103027.json,Boss's Orders Are All You Need,1,0,0.4872,Grimmsnarl
91103045,/Users/nickzwart/Desktop/9-8-2026/91103045.json,kigasudayooo,0,0,0.4103,Dragapult
91103066,/Users/nickzwart/Desktop/9-8-2026/91103066.json,sobameshi,0,1,0.481,Hydrapple
91103082,/Users/nickzwart/Desktop/9-8-2026/91103082.json,sobameshi,0,0,0.481,M-Lopunny
91103734,/Users/nickzwart/Desktop/9-8-2026/91103734.json,Saber,0,0,0.5385,M-Kangaskhan
91103841,/Users/nickzwart/Desktop/9-8-2026/91103841.json,NIWATORI,0,1,0.5652,Grimmsnarl
91103908,/Users/nickzwart/Desktop/9-8-2026/91103908.json,MissingNo.,0,1,0.6389,Hydrapple
91103923,/Users/nickzwart/Desktop/9-8-2026/91103923.json,sobameshi,0,1,0.481,Grimmsnarl
91104730,/Users/nickzwart/Desktop/9-8-2026/91104730.json,takayosi,1,0,0.3967,Alakazam
91104554,/Users/nickzwart/Desktop/9-8-2026/91104554.json,KouFu,0,0,0.3906,M-Lopunny
91106364,/Users/nickzwart/Desktop/9-8-2026/91106364.json,Saber,1,1,0.5385,Grimmsnarl
91106508,/Users/nickzwart/Desktop/9-8-2026/91106508.json,MissingNo.,0,1,0.6389,Dragapult
91106575,/Users/nickzwart/Desktop/9-8-2026/91106575.json,takayosi,0,1,0.3967,Grimmsnarl
91108059,/Users/nickzwart/Desktop/9-8-2026/91108059.json,Battle Data Base,0,0,0.419,Dragapult
91109153,/Users/nickzwart/Desktop/9-8-2026/91109153.json,Changyuan Chen,1,0,0.3962,Hydrapple
91109195,/Users/nickzwart/Desktop/9-8-2026/91109195.json,Boss's Orders Are All You Need,1,1,0.4872,Dragapult
91109939,/Users/nickzwart/Desktop/9-8-2026/91109939.json,tktkyamyam,0,0,0.4797,Crustle
91111862,/Users/nickzwart/Desktop/9-8-2026/91111862.json,sobameshi,1,0,0.481,Grimmsnarl
91112455,/Users/nickzwart/Desktop/9-8-2026/91112455.json,kigasudayooo,0,0,0.4103,M-Lopunny
91111666,/Users/nickzwart/Desktop/9-8-2026/91111666.json,Saber,0,1,0.5385,Grimmsnarl
91110868,/Users/nickzwart/Desktop/9-8-2026/91110868.json,Battle Data Base,0,0,0.419,Grimmsnarl
91113406,/Users/nickzwart/Desktop/9-8-2026/91113406.json,tktkyamyam,0,0,0.4797,Dragapult
91114280,/Users/nickzwart/Desktop/9-8-2026/91114280.json,Saber,0,1,0.5385,Grimmsnarl
91114413,/Users/nickzwart/Desktop/9-8-2026/91114413.json,sobameshi,1,0,0.481,M-Lopunny
91113492,/Users/nickzwart/Desktop/9-8-2026/91113492.json,KouFu,1,0,0.3906,Alakazam
91114480,/Users/nickzwart/Desktop/9-8-2026/91114480.json,sobameshi,0,0,0.481,M-Lopunny
91115057,/Users/nickzwart/Desktop/9-8-2026/91115057.json,Battle Data Base,0,1,0.419,Grimmsnarl
91115926,/Users/nickzwart/Desktop/9-8-2026/91115926.json,sobameshi,1,1,0.481,Grimmsnarl
91116099,/Users/nickzwart/Desktop/9-8-2026/91116099.json,sobameshi,1,0,0.481,M-Lopunny
91116170,/Users/nickzwart/Desktop/9-8-2026/91116170.json,Jose Coronel,0,1,0.2222,Dragapult
91116238,/Users/nickzwart/Desktop/9-8-2026/91116238.json,flg,0,1,0.6902,Grimmsnarl
91116764,/Users/nickzwart/Desktop/9-8-2026/91116764.json,takayosi,1,0,0.3967,Alakazam
91116789,/Users/nickzwart/Desktop/9-8-2026/91116789.json,kigasudayooo,1,0,0.4103,M-Lopunny
91117988,/Users/nickzwart/Desktop/9-8-2026/91117988.json,Confusion,0,1,0.4651,Grimmsnarl
91116928,/Users/nickzwart/Desktop/9-8-2026/91116928.json,Saber,1,1,0.5385,Grimmsnarl
91118697,/Users/nickzwart/Desktop/9-8-2026/91118697.json,Saber,0,1,0.5385,Grimmsnarl
91118718,/Users/nickzwart/Desktop/9-8-2026/91118718.json,kashiwashira,0,0,0.4925,M-Lopunny
91119563,/Users/nickzwart/Desktop/9-8-2026/91119563.json,kigasudayooo,1,1,0.4103,Dragapult
91119626,/Users/nickzwart/Desktop/9-8-2026/91119626.json,Nghia Tran,0,1,0.3864,Grimmsnarl
91119366,/Users/nickzwart/Desktop/9-8-2026/91119366.json,Saber,0,0,0.5385,Dragapult
91120258,/Users/nickzwart/Desktop/9-8-2026/91120258.json,MissingNo.,1,1,0.6389,Alakazam
91120527,/Users/nickzwart/Desktop/9-8-2026/91120527.json,llkarill,1,1,0.4375,Alakazam
91121109,/Users/nickzwart/Desktop/9-8-2026/91121109.json,takayosi,0,0,0.3967,Alakazam
91121315,/Users/nickzwart/Desktop/9-8-2026/91121315.json,tktkyamyam,1,0,0.4797,Dragapult
91121419,/Users/nickzwart/Desktop/9-8-2026/91121419.json,Saber,0,0,0.5385,Dragapult
91122065,/Users/nickzwart/Desktop/9-8-2026/91122065.json,llkarill,0,0,0.4375,M-Lopunny
91123106,/Users/nickzwart/Desktop/9-8-2026/91123106.json,tktkyamyam,0,1,0.4797,Hydrapple
91122306,/Users/nickzwart/Desktop/9-8-2026/91122306.json,tonakaiiii,0,1,0.1429,M-Kangaskhan
91123831,/Users/nickzwart/Desktop/9-8-2026/91123831.json,Saber,0,1,0.5385,Grimmsnarl
91124648,/Users/nickzwart/Desktop/9-8-2026/91124648.json,llkarill,1,0,0.4375,Grimmsnarl
91124963,/Users/nickzwart/Desktop/9-8-2026/91124963.json,takayosi,0,1,0.3967,Grimmsnarl
91125571,/Users/nickzwart/Desktop/9-8-2026/91125571.json,yuki0202,1,1,0.4483,Grimmsnarl
91126545,/Users/nickzwart/Desktop/9-8-2026/91126545.json,tktkyamyam,0,1,0.4797,Grimmsnarl
91126659,/Users/nickzwart/Desktop/9-8-2026/91126659.json,KouFu,1,1,0.3906,Grimmsnarl
91127293,/Users/nickzwart/Desktop/9-8-2026/91127293.json,kigasudayooo,0,0,0.4103,Dragapult
91128189,/Users/nickzwart/Desktop/9-8-2026/91128189.json,Confusion,0,0,0.4651,M-Lopunny
91128397,/Users/nickzwart/Desktop/9-8-2026/91128397.json,KouFu,0,1,0.3906,Dragapult
91129028,/Users/nickzwart/Desktop/9-8-2026/91129028.json,sobameshi,1,0,0.481,Alakazam
91129061,/Users/nickzwart/Desktop/9-8-2026/91129061.json,Dipam Chakraborty,1,1,0.7491,Alakazam
91129066,/Users/nickzwart/Desktop/9-8-2026/91129066.json,tktkyamyam,1,1,0.4797,Grimmsnarl
91129904,/Users/nickzwart/Desktop/9-8-2026/91129904.json,yuki0202,0,0,0.4483,M-Lopunny
91130177,/Users/nickzwart/Desktop/9-8-2026/91130177.json,Changyuan Chen,1,0,0.3962,Hydrapple
91130029,/Users/nickzwart/Desktop/9-8-2026/91130029.json,sobameshi,1,0,0.481,M-Lopunny
91131019,/Users/nickzwart/Desktop/9-8-2026/91131019.json,flg,1,1,0.6902,M-Lopunny
91131873,/Users/nickzwart/Desktop/9-8-2026/91131873.json,タニシ,1,1,0.4324,Grimmsnarl
91131943,/Users/nickzwart/Desktop/9-8-2026/91131943.json,Battle Data Base,1,0,0.419,Alakazam
91132642,/Users/nickzwart/Desktop/9-8-2026/91132642.json,llkarill,1,1,0.4375,M-Lopunny
91133592,/Users/nickzwart/Desktop/9-8-2026/91133592.json,Nghia Tran,0,0,0.3864,Alakazam
91134492,/Users/nickzwart/Desktop/9-8-2026/91134492.json,James Cox & Henry Chao,1,0,0.3846,Alakazam
91135058,/Users/nickzwart/Desktop/9-8-2026/91135058.json,Boss's Orders Are All You Need,1,1,0.4872,Alakazam
91135167,/Users/nickzwart/Desktop/9-8-2026/91135167.json,Dipam Chakraborty,0,1,0.7491,Ogerpon
91135167,/Users/nickzwart/Desktop/9-8-2026/91135167.json,Saber,1,0,0.5385,Ogerpon
91135343,/Users/nickzwart/Desktop/9-8-2026/91135343.json,KouFu,0,0,0.3906,Hydrapple
91135399,/Users/nickzwart/Desktop/9-8-2026/91135399.json,KouFu,0,0,0.3906,Hydrapple
91135931,/Users/nickzwart/Desktop/9-8-2026/91135931.json,Boss's Orders Are All You Need,0,0,0.4872,Grimmsnarl
91135994,/Users/nickzwart/Desktop/9-8-2026/91135994.json,Dipam Chakraborty,1,1,0.7491,Grimmsnarl
91136011,/Users/nickzwart/Desktop/9-8-2026/91136011.json,Battle Data Base,1,0,0.419,Grimmsnarl
91136038,/Users/nickzwart/Desktop/9-8-2026/91136038.json,Dipam Chakraborty,1,1,0.7491,Grimmsnarl
91136071,/Users/nickzwart/Desktop/9-8-2026/91136071.json,takayosi,0,0,0.3967,M-Lopunny
91136148,/Users/nickzwart/Desktop/9-8-2026/91136148.json,takayosi,0,0,0.3967,M-Lopunny
91136923,/Users/nickzwart/Desktop/9-8-2026/91136923.json,KouFu,0,0,0.3906,Ogerpon
91136923,/Users/nickzwart/Desktop/9-8-2026/91136923.json,Dipam Chakraborty,1,1,0.7491,Ogerpon
91136953,/Users/nickzwart/Desktop/9-8-2026/91136953.json,Changyuan Chen,0,0,0.3962,Crustle
91138008,/Users/nickzwart/Desktop/9-8-2026/91138008.json,kashiwashira,0,1,0.4925,Hydrapple
91137803,/Users/nickzwart/Desktop/9-8-2026/91137803.json,Dipam Chakraborty,1,0,0.7491,Alakazam
91138702,/Users/nickzwart/Desktop/9-8-2026/91138702.json,Marshall Maximizer,0,0,0.6389,M-Lopunny
91139464,/Users/nickzwart/Desktop/9-8-2026/91139464.json,tktkyamyam,1,0,0.4797,M-Lopunny
91141418,/Users/nickzwart/Desktop/9-8-2026/91141418.json,llkarill,1,1,0.4375,Grimmsnarl
91141452,/Users/nickzwart/Desktop/9-8-2026/91141452.json,MissingNo.,0,0,0.6389,Dragapult
91141264,/Users/nickzwart/Desktop/9-8-2026/91141264.json,Battle Data Base,1,1,0.419,Grimmsnarl
91141377,/Users/nickzwart/Desktop/9-8-2026/91141377.json,Saber,0,1,0.5385,Alakazam
91141390,/Users/nickzwart/Desktop/9-8-2026/91141390.json,Dipam Chakraborty,0,1,0.7491,Alakazam
91142166,/Users/nickzwart/Desktop/9-8-2026/91142166.json,Battle Data Base,1,1,0.419,Grimmsnarl
91142184,/Users/nickzwart/Desktop/9-8-2026/91142184.json,Dipam Chakraborty,1,1,0.7491,Grimmsnarl
91143000,/Users/nickzwart/Desktop/9-8-2026/91143000.json,llkarill,1,1,0.4375,Grimmsnarl
91143060,/Users/nickzwart/Desktop/9-8-2026/91143060.json,tktkyamyam,1,1,0.4797,Grimmsnarl
91143067,/Users/nickzwart/Desktop/9-8-2026/91143067.json,Confusion,0,1,0.4651,Alakazam
91143076,/Users/nickzwart/Desktop/9-8-2026/91143076.json,Dipam Chakraborty,0,0,0.7491,M-Lucario
91143193,/Users/nickzwart/Desktop/9-8-2026/91143193.json,MissingNo.,0,1,0.6389,Grimmsnarl
91143197,/Users/nickzwart/Desktop/9-8-2026/91143197.json,tktkyamyam,0,0,0.4797,Crustle
91143210,/Users/nickzwart/Desktop/9-8-2026/91143210.json,MissingNo.,0,0,0.6389,Ogerpon
91143210,/Users/nickzwart/Desktop/9-8-2026/91143210.json,flg,1,1,0.6902,Ogerpon
91143870,/Users/nickzwart/Desktop/9-8-2026/91143870.json,sobameshi,1,0,0.481,M-Lopunny
91143105,/Users/nickzwart/Desktop/9-8-2026/91143105.json,Marshall Maximizer,1,0,0.6389,M-Lopunny
91144104,/Users/nickzwart/Desktop/9-8-2026/91144104.json,gecogeco,1,0,0.4118,M-Lopunny
91144143,/Users/nickzwart/Desktop/9-8-2026/91144143.json,Yan,0,0,0.3462,Alakazam
91144031,/Users/nickzwart/Desktop/9-8-2026/91144031.json,Dipam Chakraborty,0,1,0.7491,Dragapult
91144073,/Users/nickzwart/Desktop/9-8-2026/91144073.json,Marshall Maximizer,1,1,0.6389,Alakazam
91144819,/Users/nickzwart/Desktop/9-8-2026/91144819.json,Confusion,1,0,0.4651,Dudunsparce
91144832,/Users/nickzwart/Desktop/9-8-2026/91144832.json,Dipam Chakraborty,0,1,0.7491,M-Lopunny
91144852,/Users/nickzwart/Desktop/9-8-2026/91144852.json,Battle Data Base,0,0,0.419,Dragapult
91145599,/Users/nickzwart/Desktop/9-8-2026/91145599.json,sobameshi,1,0,0.481,Alakazam
91145848,/Users/nickzwart/Desktop/9-8-2026/91145848.json,tktkyamyam,1,0,0.4797,M-Lopunny
91146590,/Users/nickzwart/Desktop/9-8-2026/91146590.json,Dipam Chakraborty,1,0,0.7491,Hydrapple
91146480,/Users/nickzwart/Desktop/9-8-2026/91146480.json,sobameshi,1,0,0.481,Hydrapple
91147485,/Users/nickzwart/Desktop/9-8-2026/91147485.json,Dipam Chakraborty,0,1,0.7491,Ogerpon
91147485,/Users/nickzwart/Desktop/9-8-2026/91147485.json,kigasudayooo,1,0,0.4103,Ogerpon
91148396,/Users/nickzwart/Desktop/9-8-2026/91148396.json,llkarill,0,0,0.4375,Dragapult
91149276,/Users/nickzwart/Desktop/9-8-2026/91149276.json,Nghia Tran,0,1,0.3864,M-Kangaskhan
91149068,/Users/nickzwart/Desktop/9-8-2026/91149068.json,Saber,0,1,0.5385,Garchomp
91149143,/Users/nickzwart/Desktop/9-8-2026/91149143.json,Dipam Chakraborty,1,1,0.7491,Dudunsparce
91149173,/Users/nickzwart/Desktop/9-8-2026/91149173.json,Marshall Maximizer,1,0,0.6389,Alakazam
91149187,/Users/nickzwart/Desktop/9-8-2026/91149187.json,MissingNo.,1,1,0.6389,Grimmsnarl
91150124,/Users/nickzwart/Desktop/9-8-2026/91150124.json,Dipam Chakraborty,1,0,0.7491,Alakazam
91151887,/Users/nickzwart/Desktop/9-8-2026/91151887.json,tktkyamyam,0,1,0.4797,Grimmsnarl
91152738,/Users/nickzwart/Desktop/9-8-2026/91152738.json,Marshall Maximizer,1,1,0.6389,Grimmsnarl
91152786,/Users/nickzwart/Desktop/9-8-2026/91152786.json,Dipam Chakraborty,0,1,0.7491,M-Kangaskhan
91497702,/Users/nickzwart/Desktop/kdcyberdude/91497702.json,ANDPAD kaggler team,1,1,0.6301,Grimmsnarl
91653054,/Users/nickzwart/Desktop/kdcyberdude/91653054.json,cabbage patch,1,1,0.4706,Grimmsnarl
91711881,/Users/nickzwart/Desktop/kdcyberdude/91711881.json,wwwwwwwwwwwwwwwwwwwwwwwwwwwwww,0,1,0.375,Grimmsnarl
88677287,scraped/flg_full/episode-88677287-replay.json,NIWATORI,0,0,0.5652,other
88820258,scraped/flg_full/episode-88820258-replay.json,Majkel1337,0,1,0.4255,other
88872156,scraped/flg_full/episode-88872156-replay.json,James Cox & Henry Chao,1,1,0.3846,other
88895831,scraped/flg_full/episode-88895831-replay.json,flg,0,1,0.6902,other
88896314,scraped/flg_full/episode-88896314-replay.json,Majkel1337,0,0,0.4255,other
88894893,scraped/flg_full/episode-88894893-replay.json,flg,1,0,0.6902,M-Kangaskhan
88893888,scraped/flg_full/episode-88893888-replay.json,flg,0,1,0.6902,Grimmsnarl
88902473,scraped/flg_full/episode-88902473-replay.json,flg,0,0,0.6902,Grimmsnarl
88957510,scraped/flg_full/episode-88957510-replay.json,flg,0,1,0.6902,Hydrapple
88938623,scraped/flg_full/episode-88938623-replay.json,flg,1,1,0.6902,Grimmsnarl
88912720,scraped/flg_full/episode-88912720-replay.json,flg,1,0,0.6902,Grimmsnarl
88921752,scraped/flg_full/episode-88921752-replay.json,flg,0,0,0.6902,Grimmsnarl
88988097,scraped/flg_full/episode-88988097-replay.json,flg,0,1,0.6902,other
88983711,scraped/flg_full/episode-88983711-replay.json,flg,1,1,0.6902,other
89023194,scraped/flg_full/episode-89023194-replay.json,flg,0,1,0.6902,M-Lucario
89023545,scraped/flg_full/episode-89023545-replay.json,Majkel1337,1,1,0.4255,other
89024936,scraped/flg_full/episode-89024936-replay.json,flg,0,1,0.6902,Garchomp
89025344,scraped/flg_full/episode-89025344-replay.json,flg,1,1,0.6902,M-Kangaskhan
89029889,scraped/flg_full/episode-89029889-replay.json,flg,1,1,0.6902,M-Kangaskhan
89028462,scraped/flg_full/episode-89028462-replay.json,flg,0,1,0.6902,Grimmsnarl
89027103,scraped/flg_full/episode-89027103-replay.json,flg,0,1,0.6902,Grimmsnarl
89033960,scraped/flg_full/episode-89033960-replay.json,flg,1,0,0.6902,Alakazam
89037196,scraped/flg_full/episode-89037196-replay.json,flg,1,1,0.6902,Grimmsnarl
89042223,scraped/flg_full/episode-89042223-replay.json,flg,1,1,0.6902,M-Kangaskhan
89039491,scraped/flg_full/episode-89039491-replay.json,flg,1,1,0.6902,Grimmsnarl
89044610,scraped/flg_full/episode-89044610-replay.json,flg,1,1,0.6902,Grimmsnarl
89045029,scraped/flg_full/episode-89045029-replay.json,flg,0,1,0.6902,Dragapult
89045088,scraped/flg_full/episode-89045088-replay.json,Majkel1337,0,1,0.4255,M-Kangaskhan
89045594,scraped/flg_full/episode-89045594-replay.json,flg,1,1,0.6902,other
89047610,scraped/flg_full/episode-89047610-replay.json,flg,1,1,0.6902,Hydrapple
89050189,scraped/flg_full/episode-89050189-replay.json,flg,0,0,0.6902,Dragapult
89051728,scraped/flg_full/episode-89051728-replay.json,MissingNo.,1,1,0.6389,other
89052713,scraped/flg_full/episode-89052713-replay.json,flg,0,1,0.6902,Hydrapple
89054216,scraped/flg_full/episode-89054216-replay.json,keidroid,1,0,0.3778,Crustle
89056715,scraped/flg_full/episode-89056715-replay.json,keidroid,0,0,0.3778,M-Kangaskhan
89054726,scraped/flg_full/episode-89054726-replay.json,flg,0,1,0.6902,Garchomp
89068887,scraped/flg_full/episode-89068887-replay.json,flg,1,1,0.6902,Hydrapple
89103799,scraped/flg_full/episode-89103799-replay.json,flg,1,0,0.6902,Grimmsnarl
89139258,scraped/flg_full/episode-89139258-replay.json,keidroid,0,0,0.3778,M-Kangaskhan
89111987,scraped/flg_full/episode-89111987-replay.json,flg,0,1,0.6902,Grimmsnarl
89113194,scraped/flg_full/episode-89113194-replay.json,flg,1,1,0.6902,Hydrapple
89195638,scraped/flg_full/episode-89195638-replay.json,flg,0,1,0.6902,Grimmsnarl
89198547,scraped/flg_full/episode-89198547-replay.json,flg,1,1,0.6902,M-Kangaskhan
89204691,scraped/flg_full/episode-89204691-replay.json,flg,1,1,0.6902,M-Kangaskhan
89205137,scraped/flg_full/episode-89205137-replay.json,Rmy,0,0,0.5102,M-Kangaskhan
89203659,scraped/flg_full/episode-89203659-replay.json,keidroid,0,1,0.3778,other
89202672,scraped/flg_full/episode-89202672-replay.json,flg,1,0,0.6902,Grimmsnarl
89206690,scraped/flg_full/episode-89206690-replay.json,NIWATORI,0,0,0.5652,other
89207163,scraped/flg_full/episode-89207163-replay.json,Rmy,1,0,0.5102,Crustle
89207698,scraped/flg_full/episode-89207698-replay.json,gecogeco,1,0,0.4118,other
89212709,scraped/flg_full/episode-89212709-replay.json,flg,1,0,0.6902,M-Kangaskhan
89215699,scraped/flg_full/episode-89215699-replay.json,keidroid,1,0,0.3778,Crustle
89215718,scraped/flg_full/episode-89215718-replay.json,flg,0,1,0.6902,Grimmsnarl
89216237,scraped/flg_full/episode-89216237-replay.json,Majkel1337,0,1,0.4255,other
89216396,scraped/flg_full/episode-89216396-replay.json,flg,1,1,0.6902,M-Kangaskhan
89220734,scraped/flg_full/episode-89220734-replay.json,flg,1,0,0.6902,Grimmsnarl
89222763,scraped/flg_full/episode-89222763-replay.json,keidroid,0,0,0.3778,M-Kangaskhan
89225263,scraped/flg_full/episode-89225263-replay.json,keidroid,0,0,0.3778,M-Kangaskhan
89227216,scraped/flg_full/episode-89227216-replay.json,Majkel1337,1,0,0.4255,M-Kangaskhan
89227284,scraped/flg_full/episode-89227284-replay.json,flg,1,1,0.6902,Garchomp
89227292,scraped/flg_full/episode-89227292-replay.json,keidroid,1,0,0.3778,Crustle
89225758,scraped/flg_full/episode-89225758-replay.json,flg,0,1,0.6902,other
89230932,scraped/flg_full/episode-89230932-replay.json,flg,1,1,0.6902,Grimmsnarl
89235055,scraped/flg_full/episode-89235055-replay.json,keidroid,1,0,0.3778,M-Kangaskhan
89240204,scraped/flg_full/episode-89240204-replay.json,keidroid,1,0,0.3778,M-Kangaskhan
89240210,scraped/flg_full/episode-89240210-replay.json,flg,1,1,0.6902,Grimmsnarl
89241207,scraped/flg_full/episode-89241207-replay.json,Rmy,0,0,0.5102,Crustle
89239157,scraped/flg_full/episode-89239157-replay.json,Majkel1337,0,0,0.4255,M-Kangaskhan
89239163,scraped/flg_full/episode-89239163-replay.json,Rmy,0,0,0.5102,M-Kangaskhan
89243794,scraped/flg_full/episode-89243794-replay.json,Rmy,1,0,0.5102,M-Kangaskhan
89243815,scraped/flg_full/episode-89243815-replay.json,Rmy,1,0,0.5102,M-Kangaskhan
89244814,scraped/flg_full/episode-89244814-replay.json,keidroid,0,0,0.3778,Crustle
89244815,scraped/flg_full/episode-89244815-replay.json,James Cox & Henry Chao,1,1,0.3846,Crustle
89245346,scraped/flg_full/episode-89245346-replay.json,keidroid,1,0,0.3778,M-Kangaskhan
89245871,scraped/flg_full/episode-89245871-replay.json,keidroid,1,0,0.3778,M-Kangaskhan
89245915,scraped/flg_full/episode-89245915-replay.json,Majkel1337,1,0,0.4255,Crustle
89241768,scraped/flg_full/episode-89241768-replay.json,Rmy,0,0,0.5102,M-Kangaskhan
89243271,scraped/flg_full/episode-89243271-replay.json,keidroid,0,0,0.3778,M-Kangaskhan
89243272,scraped/flg_full/episode-89243272-replay.json,flg,0,1,0.6902,Ogerpon
89243272,scraped/flg_full/episode-89243272-replay.json,Majkel1337,1,0,0.4255,Ogerpon
89247409,scraped/flg_full/episode-89247409-replay.json,Majkel1337,0,0,0.4255,M-Kangaskhan
89247849,scraped/flg_full/episode-89247849-replay.json,Majkel1337,1,1,0.4255,Crustle
89251544,scraped/flg_full/episode-89251544-replay.json,Rmy,1,1,0.5102,other
89262737,scraped/flg_full/episode-89262737-replay.json,flg,0,1,0.6902,M-Lucario
89260632,scraped/flg_full/episode-89260632-replay.json,flg,0,0,0.6902,other
89261598,scraped/flg_full/episode-89261598-replay.json,Majkel1337,0,0,0.4255,M-Kangaskhan
89262238,scraped/flg_full/episode-89262238-replay.json,Majkel1337,1,0,0.4255,M-Kangaskhan
89265694,scraped/flg_full/episode-89265694-replay.json,Majkel1337,0,0,0.4255,M-Kangaskhan
89272533,scraped/flg_full/episode-89272533-replay.json,Rmy,0,0,0.5102,M-Kangaskhan
89276116,scraped/flg_full/episode-89276116-replay.json,Kazama Yusuke,0,0,0.3333,Crustle
89276632,scraped/flg_full/episode-89276632-replay.json,Majkel1337,1,0,0.4255,Crustle
89277029,scraped/flg_full/episode-89277029-replay.json,Rmy,1,0,0.5102,Crustle
89277670,scraped/flg_full/episode-89277670-replay.json,flg,0,1,0.6902,other
89274001,scraped/flg_full/episode-89274001-replay.json,flg,1,0,0.6902,Grimmsnarl
89275046,scraped/flg_full/episode-89275046-replay.json,flg,1,1,0.6902,M-Kangaskhan
89279222,scraped/flg_full/episode-89279222-replay.json,flg,0,1,0.6902,Grimmsnarl
89284030,scraped/flg_full/episode-89284030-replay.json,Majkel1337,0,0,0.4255,Crustle
89285091,scraped/flg_full/episode-89285091-replay.json,flg,0,1,0.6902,Grimmsnarl
89289446,scraped/flg_full/episode-89289446-replay.json,keidroid,0,0,0.3778,M-Kangaskhan
89291098,scraped/flg_full/episode-89291098-replay.json,Majkel1337,1,0,0.4255,Crustle
89296188,scraped/flg_full/episode-89296188-replay.json,flg,0,0,0.6902,Grimmsnarl
89313872,scraped/flg_full/episode-89313872-replay.json,flg,0,0,0.6902,Grimmsnarl
89315011,scraped/flg_full/episode-89315011-replay.json,flg,1,1,0.6902,Grimmsnarl
89315524,scraped/flg_full/episode-89315524-replay.json,keidroid,0,0,0.3778,M-Kangaskhan
89321850,scraped/flg_full/episode-89321850-replay.json,keidroid,1,0,0.3778,M-Kangaskhan
89322317,scraped/flg_full/episode-89322317-replay.json,keidroid,1,0,0.3778,Crustle
89323383,scraped/flg_full/episode-89323383-replay.json,keidroid,0,0,0.3778,M-Kangaskhan
89324507,scraped/flg_full/episode-89324507-replay.json,Rmy,0,0,0.5102,other
89317609,scraped/flg_full/episode-89317609-replay.json,flg,0,1,0.6902,Grimmsnarl
89326036,scraped/flg_full/episode-89326036-replay.json,flg,0,1,0.6902,Hydrapple
89327101,scraped/flg_full/episode-89327101-replay.json,Majkel1337,1,0,0.4255,Crustle
89327618,scraped/flg_full/episode-89327618-replay.json,flg,0,1,0.6902,Grimmsnarl
89380092,scraped/flg_full/episode-89380092-replay.json,Rmy,1,0,0.5102,Crustle
89381190,scraped/flg_full/episode-89381190-replay.json,flg,0,1,0.6902,Grimmsnarl
89384200,scraped/flg_full/episode-89384200-replay.json,Tatsuya Kayama,0,0,0.4375,Ogerpon
89384200,scraped/flg_full/episode-89384200-replay.json,flg,1,1,0.6902,Ogerpon
89385279,scraped/flg_full/episode-89385279-replay.json,flg,0,1,0.6902,Garchomp
89382964,scraped/flg_full/episode-89382964-replay.json,flg,0,0,0.6902,M-Lopunny
89383686,scraped/flg_full/episode-89383686-replay.json,Majkel1337,1,0,0.4255,Crustle
89393631,scraped/flg_full/episode-89393631-replay.json,gecogeco,1,0,0.4118,M-Kangaskhan
89394162,scraped/flg_full/episode-89394162-replay.json,Kazama Yusuke,0,0,0.3333,M-Kangaskhan
89394688,scraped/flg_full/episode-89394688-replay.json,flg,0,0,0.6902,other
89392064,scraped/flg_full/episode-89392064-replay.json,flg,0,0,0.6902,Garchomp
89395218,scraped/flg_full/episode-89395218-replay.json,flg,0,1,0.6902,Hydrapple
89395743,scraped/flg_full/episode-89395743-replay.json,flg,1,1,0.6902,other
89396803,scraped/flg_full/episode-89396803-replay.json,keidroid,0,0,0.3778,M-Kangaskhan
89403131,scraped/flg_full/episode-89403131-replay.json,flg,1,1,0.6902,Grimmsnarl
89399972,scraped/flg_full/episode-89399972-replay.json,keidroid,1,1,0.3778,other
89399993,scraped/flg_full/episode-89399993-replay.json,flg,0,1,0.6902,Grimmsnarl
89401550,scraped/flg_full/episode-89401550-replay.json,Kazama Yusuke,0,0,0.3333,M-Kangaskhan
89404719,scraped/flg_full/episode-89404719-replay.json,flg,1,0,0.6902,Grimmsnarl
89407330,scraped/flg_full/episode-89407330-replay.json,flg,1,1,0.6902,Grimmsnarl
89406283,scraped/flg_full/episode-89406283-replay.json,keidroid,0,0,0.3778,Crustle
89406288,scraped/flg_full/episode-89406288-replay.json,Rmy,1,0,0.5102,M-Kangaskhan
89410475,scraped/flg_full/episode-89410475-replay.json,Rmy,0,0,0.5102,Crustle
89412049,scraped/flg_full/episode-89412049-replay.json,Majkel1337,1,0,0.4255,M-Kangaskhan
89415761,scraped/flg_full/episode-89415761-replay.json,keidroid,1,0,0.3778,Crustle
89414189,scraped/flg_full/episode-89414189-replay.json,flg,1,0,0.6902,M-Lopunny
89414718,scraped/flg_full/episode-89414718-replay.json,flg,1,0,0.6902,Dragapult
89417999,scraped/flg_full/episode-89417999-replay.json,tonakaiiii,0,0,0.1429,Ogerpon
89417999,scraped/flg_full/episode-89417999-replay.json,flg,1,1,0.6902,Ogerpon
89418569,scraped/flg_full/episode-89418569-replay.json,Tatsuya Kayama,0,0,0.4375,M-Kangaskhan
89420690,scraped/flg_full/episode-89420690-replay.json,keidroid,1,0,0.3778,Crustle
89421786,scraped/flg_full/episode-89421786-replay.json,flg,1,0,0.6902,Grimmsnarl
89426636,scraped/flg_full/episode-89426636-replay.json,flg,0,1,0.6902,Ogerpon
89426636,scraped/flg_full/episode-89426636-replay.json,Jose Coronel,1,0,0.2222,Ogerpon
89432015,scraped/flg_full/episode-89432015-replay.json,flg,1,1,0.6902,Grimmsnarl
89432097,scraped/flg_full/episode-89432097-replay.json,flg,1,1,0.6902,Hydrapple
89428791,scraped/flg_full/episode-89428791-replay.json,flg,0,1,0.6902,Grimmsnarl
89429325,scraped/flg_full/episode-89429325-replay.json,Majkel1337,1,0,0.4255,Crustle
89518930,scraped/flg_full/episode-89518930-replay.json,flg,1,0,0.6902,M-Lopunny
89541690,scraped/flg_full/episode-89541690-replay.json,tonakaiiii,0,0,0.1429,Crustle
89573980,scraped/flg_full/episode-89573980-replay.json,Kazama Yusuke,1,0,0.3333,other
89577369,scraped/flg_full/episode-89577369-replay.json,flg,1,1,0.6902,Grimmsnarl
89580234,scraped/flg_full/episode-89580234-replay.json,keidroid,0,0,0.3778,Crustle
89581648,scraped/flg_full/episode-89581648-replay.json,flg,1,1,0.6902,Hydrapple
89592171,scraped/flg_full/episode-89592171-replay.json,Tatsuya Kayama,0,0,0.4375,M-Kangaskhan
89592732,scraped/flg_full/episode-89592732-replay.json,flg,0,1,0.6902,Hydrapple
89587244,scraped/flg_full/episode-89587244-replay.json,Majkel1337,0,0,0.4255,Crustle
89589986,scraped/flg_full/episode-89589986-replay.json,flg,1,1,0.6902,Hydrapple
89590535,scraped/flg_full/episode-89590535-replay.json,Majkel1337,0,0,0.4255,M-Kangaskhan
89596565,scraped/flg_full/episode-89596565-replay.json,tonakaiiii,1,0,0.1429,M-Kangaskhan
89598757,scraped/flg_full/episode-89598757-replay.json,flg,0,1,0.6902,Archaludon
89599494,scraped/flg_full/episode-89599494-replay.json,Jose Coronel,0,1,0.2222,other
89599888,scraped/flg_full/episode-89599888-replay.json,flg,1,1,0.6902,Dragapult
89605952,scraped/flg_full/episode-89605952-replay.json,Majkel1337,1,0,0.4255,M-Kangaskhan
89606358,scraped/flg_full/episode-89606358-replay.json,LiamK,0,1,0.6667,M-Kangaskhan
89607059,scraped/flg_full/episode-89607059-replay.json,flg,1,0,0.6902,Garchomp
89602628,scraped/flg_full/episode-89602628-replay.json,Majkel1337,1,1,0.4255,other
89603180,scraped/flg_full/episode-89603180-replay.json,Rmy,0,0,0.5102,M-Kangaskhan
89604829,scraped/flg_full/episode-89604829-replay.json,flg,0,1,0.6902,Ogerpon
89604829,scraped/flg_full/episode-89604829-replay.json,Tatsuya Kayama,1,0,0.4375,Ogerpon
89609276,scraped/flg_full/episode-89609276-replay.json,flg,0,1,0.6902,Dragapult
89609414,scraped/flg_full/episode-89609414-replay.json,Tatsuya Kayama,0,0,0.4375,other
89616080,scraped/flg_full/episode-89616080-replay.json,flg,1,1,0.6902,other
89617235,scraped/flg_full/episode-89617235-replay.json,flg,0,1,0.6902,Grimmsnarl
89617783,scraped/flg_full/episode-89617783-replay.json,Rmy,0,0,0.5102,Ogerpon
89617783,scraped/flg_full/episode-89617783-replay.json,flg,1,1,0.6902,Ogerpon
89611511,scraped/flg_full/episode-89611511-replay.json,flg,0,1,0.6902,Hydrapple
89612041,scraped/flg_full/episode-89612041-replay.json,Tatsuya Kayama,0,0,0.4375,Crustle
89613144,scraped/flg_full/episode-89613144-replay.json,Rmy,0,0,0.5102,M-Kangaskhan
89619976,scraped/flg_full/episode-89619976-replay.json,flg,0,1,0.6902,M-Kangaskhan
89656345,scraped/flg_full/episode-89656345-replay.json,flg,0,1,0.6902,Alakazam
89689186,scraped/flg_full/episode-89689186-replay.json,flg,0,0,0.6902,Grimmsnarl
89693138,scraped/flg_full/episode-89693138-replay.json,flg,1,0,0.6902,M-Lucario
89746473,scraped/flg_full/episode-89746473-replay.json,Majkel1337,1,0,0.4255,M-Kangaskhan
89780761,scraped/flg_full/episode-89780761-replay.json,flg,1,0,0.6902,M-Kangaskhan
89797123,scraped/flg_full/episode-89797123-replay.json,tw_shin,0,0,0.475,Ogerpon
89797123,scraped/flg_full/episode-89797123-replay.json,flg,1,1,0.6902,Ogerpon
89798843,scraped/flg_full/episode-89798843-replay.json,MissingNo.,1,0,0.6389,Crustle
89799428,scraped/flg_full/episode-89799428-replay.json,flg,0,1,0.6902,Grimmsnarl
89782525,scraped/flg_full/episode-89782525-replay.json,Tatsuya Kayama,0,0,0.4375,other
89801264,scraped/flg_full/episode-89801264-replay.json,flg,0,0,0.6902,Grimmsnarl
89803716,scraped/flg_full/episode-89803716-replay.json,flg,1,1,0.6902,Hydrapple
89804920,scraped/flg_full/episode-89804920-replay.json,flg,1,0,0.6902,M-Kangaskhan
89805481,scraped/flg_full/episode-89805481-replay.json,flg,1,0,0.6902,M-Lopunny
89816015,scraped/flg_full/episode-89816015-replay.json,flg,1,1,0.6902,Ogerpon
89816602,scraped/flg_full/episode-89816602-replay.json,flg,0,1,0.6902,other
89811009,scraped/flg_full/episode-89811009-replay.json,flg,1,1,0.6902,Ogerpon
89812318,scraped/flg_full/episode-89812318-replay.json,flg,0,0,0.6902,M-Lopunny
89819484,scraped/flg_full/episode-89819484-replay.json,keidroid,1,1,0.3778,other
89843816,scraped/flg_full/episode-89843816-replay.json,flg,0,1,0.6902,Hydrapple
89897549,scraped/flg_full/episode-89897549-replay.json,flg,0,0,0.6902,Alakazam
89902328,scraped/flg_full/episode-89902328-replay.json,flg,1,1,0.6902,Archaludon
89930166,scraped/flg_full/episode-89930166-replay.json,Changyuan Chen,1,0,0.3962,other
89944273,scraped/flg_full/episode-89944273-replay.json,keidroid,1,0,0.3778,Crustle
89963022,scraped/flg_full/episode-89963022-replay.json,flg,0,1,0.6902,Ogerpon
89967946,scraped/flg_full/episode-89967946-replay.json,flg,0,1,0.6902,Dragapult
89983532,scraped/flg_full/episode-89983532-replay.json,flg,0,0,0.6902,Grimmsnarl
89997429,scraped/flg_full/episode-89997429-replay.json,flg,0,1,0.6902,Garchomp
90002825,scraped/flg_full/episode-90002825-replay.json,Battle Data Base,0,0,0.419,other
90010599,scraped/flg_full/episode-90010599-replay.json,flg,1,0,0.6902,Alakazam
90011840,scraped/flg_full/episode-90011840-replay.json,Battle Data Base,1,1,0.419,other
90061780,scraped/flg_full/episode-90061780-replay.json,flg,1,1,0.6902,Ogerpon
90048800,scraped/flg_full/episode-90048800-replay.json,flg,1,0,0.6902,Alakazam
90041269,scraped/flg_full/episode-90041269-replay.json,flg,0,0,0.6902,M-Kangaskhan
90099953,scraped/flg_full/episode-90099953-replay.json,gecogeco,0,0,0.4118,other
90127169,scraped/flg_full/episode-90127169-replay.json,flg,0,1,0.6902,Hydrapple
90224405,scraped/flg_full/episode-90224405-replay.json,llkarill,0,0,0.4375,Dragapult
90225878,scraped/flg_full/episode-90225878-replay.json,タニシ,1,0,0.4324,Dragapult
90219376,scraped/flg_full/episode-90219376-replay.json,Changyuan Chen,0,0,0.3962,Dragapult
90220084,scraped/flg_full/episode-90220084-replay.json,Nghia Tran,1,1,0.3864,Dragapult
90227207,scraped/flg_full/episode-90227207-replay.json,llkarill,0,0,0.4375,Dragapult
90230852,scraped/flg_full/episode-90230852-replay.json,kigasudayooo,1,0,0.4103,Dragapult
90237272,scraped/flg_full/episode-90237272-replay.json,タニシ,0,0,0.4324,Dragapult
90270782,scraped/flg_full/episode-90270782-replay.json,tw_shin,1,0,0.475,Dragapult
90271493,scraped/flg_full/episode-90271493-replay.json,tw_shin,0,1,0.475,Dragapult
90296792,scraped/flg_full/episode-90296792-replay.json,ANDPAD kaggler team,1,0,0.6301,Dragapult
90298967,scraped/flg_full/episode-90298967-replay.json,ANDPAD kaggler team,0,0,0.6301,Dragapult
90365339,scraped/flg_full/episode-90365339-replay.json,flg,0,1,0.6902,Ogerpon
90365339,scraped/flg_full/episode-90365339-replay.json,flg,1,0,0.6902,Ogerpon
90365453,scraped/flg_full/episode-90365453-replay.json,flg,1,1,0.6902,M-Lucario
90366192,scraped/flg_full/episode-90366192-replay.json,flg,0,1,0.6902,Crustle
90366960,scraped/flg_full/episode-90366960-replay.json,flg,1,0,0.6902,M-Lucario
90367703,scraped/flg_full/episode-90367703-replay.json,flg,1,1,0.6902,Grimmsnarl
90368446,scraped/flg_full/episode-90368446-replay.json,flg,1,1,0.6902,Archaludon
90369193,scraped/flg_full/episode-90369193-replay.json,flg,0,0,0.6902,M-Lucario
90369973,scraped/flg_full/episode-90369973-replay.json,flg,0,1,0.6902,M-Lucario
90370713,scraped/flg_full/episode-90370713-replay.json,flg,1,0,0.6902,M-Lucario
90371478,scraped/flg_full/episode-90371478-replay.json,flg,0,1,0.6902,Crustle
90375204,scraped/flg_full/episode-90375204-replay.json,flg,0,1,0.6902,Grimmsnarl
90375923,scraped/flg_full/episode-90375923-replay.json,Majkel1337,1,0,0.4255,Grimmsnarl
90375946,scraped/flg_full/episode-90375946-replay.json,flg,0,1,0.6902,other
90376697,scraped/flg_full/episode-90376697-replay.json,flg,0,0,0.6902,Archaludon
90376706,scraped/flg_full/episode-90376706-replay.json,タニシ,0,1,0.4324,Grimmsnarl
90377442,scraped/flg_full/episode-90377442-replay.json,flg,1,1,0.6902,Alakazam
90372207,scraped/flg_full/episode-90372207-replay.json,flg,1,0,0.6902,Alakazam
90372963,scraped/flg_full/episode-90372963-replay.json,flg,0,1,0.6902,Crustle
90373719,scraped/flg_full/episode-90373719-replay.json,flg,1,1,0.6902,Grimmsnarl
90374462,scraped/flg_full/episode-90374462-replay.json,flg,0,0,0.6902,Archaludon
90378189,scraped/flg_full/episode-90378189-replay.json,flg,1,1,0.6902,Archaludon
90379667,scraped/flg_full/episode-90379667-replay.json,flg,0,1,0.6902,other
90380409,scraped/flg_full/episode-90380409-replay.json,Majkel1337,1,0,0.4255,Grimmsnarl
90380421,scraped/flg_full/episode-90380421-replay.json,flg,1,1,0.6902,Grimmsnarl
90381171,scraped/flg_full/episode-90381171-replay.json,Marshall Maximizer,0,1,0.6389,Grimmsnarl
90381184,scraped/flg_full/episode-90381184-replay.json,flg,1,1,0.6902,Crustle
90381961,scraped/flg_full/episode-90381961-replay.json,flg,0,1,0.6902,Grimmsnarl
90382674,scraped/flg_full/episode-90382674-replay.json,flg,0,1,0.6902,Grimmsnarl
90383424,scraped/flg_full/episode-90383424-replay.json,flg,0,1,0.6902,Grimmsnarl
90384162,scraped/flg_full/episode-90384162-replay.json,flg,1,1,0.6902,Alakazam
90384893,scraped/flg_full/episode-90384893-replay.json,KouFu,0,1,0.3906,Grimmsnarl
90384906,scraped/flg_full/episode-90384906-replay.json,flg,0,1,0.6902,M-Lucario
90385664,scraped/flg_full/episode-90385664-replay.json,flg,1,1,0.6902,M-Lucario
90386407,scraped/flg_full/episode-90386407-replay.json,flg,0,1,0.6902,other
90387140,scraped/flg_full/episode-90387140-replay.json,flg,0,1,0.6902,Grimmsnarl
90388659,scraped/flg_full/episode-90388659-replay.json,flg,0,1,0.6902,Grimmsnarl
90389407,scraped/flg_full/episode-90389407-replay.json,flg,1,1,0.6902,M-Starmie
90390160,scraped/flg_full/episode-90390160-replay.json,flg,0,1,0.6902,Garchomp
90390932,scraped/flg_full/episode-90390932-replay.json,flg,1,1,0.6902,Grimmsnarl
90391770,scraped/flg_full/episode-90391770-replay.json,flg,0,1,0.6902,Grimmsnarl
90392474,scraped/flg_full/episode-90392474-replay.json,flg,0,0,0.6902,Ogerpon
90392474,scraped/flg_full/episode-90392474-replay.json,Nghia Tran,1,1,0.3864,Ogerpon
90393295,scraped/flg_full/episode-90393295-replay.json,flg,0,1,0.6902,other
90394008,scraped/flg_full/episode-90394008-replay.json,KouFu,0,0,0.3906,Ogerpon
90394008,scraped/flg_full/episode-90394008-replay.json,flg,1,1,0.6902,Ogerpon
90394764,scraped/flg_full/episode-90394764-replay.json,flg,0,1,0.6902,Grimmsnarl
90395521,scraped/flg_full/episode-90395521-replay.json,flg,0,1,0.6902,Alakazam
90398525,scraped/flg_full/episode-90398525-replay.json,flg,1,1,0.6902,Grimmsnarl
90399229,scraped/flg_full/episode-90399229-replay.json,flg,1,1,0.6902,Grimmsnarl
90400001,scraped/flg_full/episode-90400001-replay.json,flg,0,1,0.6902,M-Kangaskhan
90400766,scraped/flg_full/episode-90400766-replay.json,flg,1,1,0.6902,Grimmsnarl
90395527,scraped/flg_full/episode-90395527-replay.json,Majkel1337,1,0,0.4255,Grimmsnarl
90396261,scraped/flg_full/episode-90396261-replay.json,flg,1,1,0.6902,Grimmsnarl
90397051,scraped/flg_full/episode-90397051-replay.json,flg,0,1,0.6902,Alakazam
90397763,scraped/flg_full/episode-90397763-replay.json,flg,1,1,0.6902,other
90404564,scraped/flg_full/episode-90404564-replay.json,flg,1,0,0.6902,Alakazam
90404608,scraped/flg_full/episode-90404608-replay.json,ANDPAD kaggler team,1,0,0.6301,Grimmsnarl
90408838,scraped/flg_full/episode-90408838-replay.json,flg,0,1,0.6902,M-Kangaskhan
90417362,scraped/flg_full/episode-90417362-replay.json,flg,1,0,0.6902,Ogerpon
90401524,scraped/flg_full/episode-90401524-replay.json,flg,1,0,0.6902,M-Kangaskhan
90402276,scraped/flg_full/episode-90402276-replay.json,flg,0,1,0.6902,M-Lopunny
90403026,scraped/flg_full/episode-90403026-replay.json,Majkel1337,0,0,0.4255,Grimmsnarl
90403031,scraped/flg_full/episode-90403031-replay.json,flg,1,1,0.6902,Grimmsnarl
90403785,scraped/flg_full/episode-90403785-replay.json,flg,1,0,0.6902,Alakazam
90423964,scraped/flg_full/episode-90423964-replay.json,flg,1,1,0.6902,Dragapult
90436202,scraped/flg_full/episode-90436202-replay.json,flg,1,0,0.6902,M-Kangaskhan
90449118,scraped/flg_full/episode-90449118-replay.json,flg,0,1,0.6902,Grimmsnarl
90479424,scraped/flg_full/episode-90479424-replay.json,flg,0,1,0.6902,Dragapult
90479645,scraped/flg_full/episode-90479645-replay.json,flg,0,1,0.6902,Grimmsnarl
90480220,scraped/flg_full/episode-90480220-replay.json,flg,0,1,0.6902,M-Kangaskhan
90488094,scraped/flg_full/episode-90488094-replay.json,flg,0,0,0.6902,Alakazam
90495786,scraped/flg_full/episode-90495786-replay.json,flg,0,0,0.6902,Alakazam
90500245,scraped/flg_full/episode-90500245-replay.json,takayosi,1,1,0.3967,Grimmsnarl
90504205,scraped/flg_full/episode-90504205-replay.json,flg,1,1,0.6902,Grimmsnarl
90547771,scraped/flg_full/episode-90547771-replay.json,flg,0,1,0.6902,Archaludon
90547986,scraped/flg_full/episode-90547986-replay.json,flg,1,1,0.6902,M-Lopunny
90513206,scraped/flg_full/episode-90513206-replay.json,takayosi,1,0,0.3967,Grimmsnarl
90513276,scraped/flg_full/episode-90513276-replay.json,flg,1,0,0.6902,M-Lopunny
90532445,scraped/flg_full/episode-90532445-replay.json,flg,1,0,0.6902,Alakazam
90558695,scraped/flg_full/episode-90558695-replay.json,Nghia Tran,1,1,0.3864,Grimmsnarl
90560199,scraped/flg_full/episode-90560199-replay.json,flg,0,0,0.6902,M-Kangaskhan
90552324,scraped/flg_full/episode-90552324-replay.json,flg,1,1,0.6902,Hydrapple
90569732,scraped/flg_full/episode-90569732-replay.json,palsystem,0,0,0.6183,Ogerpon
90569732,scraped/flg_full/episode-90569732-replay.json,flg,1,1,0.6902,Ogerpon
90569777,scraped/flg_full/episode-90569777-replay.json,flg,0,0,0.6902,other
90580052,scraped/flg_full/episode-90580052-replay.json,flg,0,0,0.6902,other
90590901,scraped/flg_full/episode-90590901-replay.json,flg,0,1,0.6902,M-Lopunny
90601918,scraped/flg_full/episode-90601918-replay.json,flg,1,0,0.6902,Alakazam
90611345,scraped/flg_full/episode-90611345-replay.json,flg,1,1,0.6902,Grimmsnarl
90617425,scraped/flg_full/episode-90617425-replay.json,flg,0,1,0.6902,Grimmsnarl
90623736,scraped/flg_full/episode-90623736-replay.json,palsystem,0,1,0.6183,Ogerpon
90623736,scraped/flg_full/episode-90623736-replay.json,flg,1,0,0.6902,Ogerpon
90629097,scraped/flg_full/episode-90629097-replay.json,flg,0,1,0.6902,Dragapult
90630739,scraped/flg_full/episode-90630739-replay.json,flg,1,0,0.6902,Alakazam
90635648,scraped/flg_full/episode-90635648-replay.json,tktkyamyam,1,1,0.4797,Grimmsnarl
90636531,scraped/flg_full/episode-90636531-replay.json,flg,1,1,0.6902,other
90638683,scraped/flg_full/episode-90638683-replay.json,flg,0,0,0.6902,Alakazam
90643301,scraped/flg_full/episode-90643301-replay.json,flg,0,1,0.6902,Alakazam
90646559,scraped/flg_full/episode-90646559-replay.json,flg,0,1,0.6902,Grimmsnarl
90652055,scraped/flg_full/episode-90652055-replay.json,flg,1,1,0.6902,Grimmsnarl
90656966,scraped/flg_full/episode-90656966-replay.json,flg,1,0,0.6902,Alakazam
90657823,scraped/flg_full/episode-90657823-replay.json,flg,1,1,0.6902,Grimmsnarl
90659190,scraped/flg_full/episode-90659190-replay.json,flg,1,1,0.6902,Dragapult
90666511,scraped/flg_full/episode-90666511-replay.json,flg,1,1,0.6902,M-Froslass
90692042,scraped/flg_full/episode-90692042-replay.json,flg,1,1,0.6902,Alakazam
90714432,scraped/flg_full/episode-90714432-replay.json,flg,1,1,0.6902,Grimmsnarl
90723319,scraped/flg_full/episode-90723319-replay.json,flg,1,1,0.6902,Grimmsnarl
90778322,scraped/flg_full/episode-90778322-replay.json,flg,1,0,0.6902,Dragapult
90778393,scraped/flg_full/episode-90778393-replay.json,flg,1,1,0.6902,Grimmsnarl
90796847,scraped/flg_full/episode-90796847-replay.json,flg,0,1,0.6902,M-Kangaskhan
90796939,scraped/flg_full/episode-90796939-replay.json,palsystem,0,1,0.6183,Grimmsnarl
90797722,scraped/flg_full/episode-90797722-replay.json,flg,0,1,0.6902,M-Kangaskhan
90800946,scraped/flg_full/episode-90800946-replay.json,flg,0,1,0.6902,M-Kangaskhan
90736248,scraped/flg_full/episode-90736248-replay.json,flg,0,1,0.6902,Dragapult
90736760,scraped/flg_full/episode-90736760-replay.json,flg,1,0,0.6902,Grimmsnarl
90749121,scraped/flg_full/episode-90749121-replay.json,flg,0,1,0.6902,M-Lopunny
90773412,scraped/flg_full/episode-90773412-replay.json,flg,1,0,0.6902,M-Lopunny
90774217,scraped/flg_full/episode-90774217-replay.json,flg,1,0,0.6902,Alakazam
90810047,scraped/flg_full/episode-90810047-replay.json,flg,1,1,0.6902,Crustle
90825943,scraped/flg_full/episode-90825943-replay.json,flg,0,1,0.6902,Dudunsparce
90830666,scraped/flg_full/episode-90830666-replay.json,flg,0,0,0.6902,Alakazam
90838957,scraped/flg_full/episode-90838957-replay.json,flg,1,1,0.6902,Grimmsnarl
91098566,scraped/flg_full/episode-91098566-replay.json,flg,1,1,0.6902,other
90839913,scraped/flg_full/episode-90839913-replay.json,flg,1,1,0.6902,M-Kangaskhan
90842306,scraped/flg_full/episode-90842306-replay.json,flg,0,1,0.6902,M-Lopunny
90842310,scraped/flg_full/episode-90842310-replay.json,palsystem,0,1,0.6183,Grimmsnarl
90842368,scraped/flg_full/episode-90842368-replay.json,palsystem,1,1,0.6183,Grimmsnarl
91677458,scraped/flg_full/episode-91677458-replay.json,flg,0,1,0.6902,M-Lopunny
91684718,scraped/flg_full/episode-91684718-replay.json,flg,0,1,0.6902,Ogerpon
91684718,scraped/flg_full/episode-91684718-replay.json,wwwwwwwwwwwwwwwwwwwwwwwwwwwwww,1,0,0.375,Ogerpon
91494118,scraped/flg_full/episode-91494118-replay.json,flg,0,0,0.6902,Hydrapple
91496879,scraped/flg_full/episode-91496879-replay.json,flg,1,0,0.6902,Hydrapple
91596858,scraped/flg_full/episode-91596858-replay.json,flg,0,1,0.6902,Dragapult
91603239,scraped/flg_full/episode-91603239-replay.json,flg,1,1,0.6902,M-Lopunny
91609743,scraped/flg_full/episode-91609743-replay.json,flg,0,0,0.6902,Alakazam
91612422,scraped/flg_full/episode-91612422-replay.json,flg,1,1,0.6902,M-Kangaskhan
91641910,scraped/flg_full/episode-91641910-replay.json,flg,1,1,0.6902,Dragapult
91532606,scraped/flg_full/episode-91532606-replay.json,flg,0,1,0.6902,Alakazam
91550957,scraped/flg_full/episode-91550957-replay.json,flg,1,1,0.6902,M-Lucario
91555517,scraped/flg_full/episode-91555517-replay.json,flg,1,0,0.6902,Dragapult
91583924,scraped/flg_full/episode-91583924-replay.json,flg,1,1,0.6902,M-Froslass
91604999,scraped/top60_0814/episode-91604999-replay.json,タニシ,1,0,0.4324,Grimmsnarl
91625459,scraped/top60_0814/episode-91625459-replay.json,タニシ,1,0,0.4324,Grimmsnarl
91695034,scraped/top60_0814/episode-91695034-replay.json,Saber,0,1,0.5385,Grimmsnarl
92239504,scraped/top60_0814/episode-92239504-replay.json,Jose Coronel,0,0,0.2222,Grimmsnarl
92244226,scraped/top60_0814/episode-92244226-replay.json,Confusion,0,1,0.4651,Grimmsnarl
92230985,scraped/top60_0814/episode-92230985-replay.json,Katasonov Evgeny,0,0,0.4091,Grimmsnarl
92176731,scraped/top60_0814/episode-92176731-replay.json,熱異常,1,1,0.5,Grimmsnarl
92288777,scraped/top60_0814/episode-92288777-replay.json,ANDPAD kaggler team,0,1,0.6301,Garchomp
92289687,scraped/top60_0814/episode-92289687-replay.json,ANDPAD kaggler team,0,1,0.6301,Ogerpon
92290620,scraped/top60_0814/episode-92290620-replay.json,ANDPAD kaggler team,1,1,0.6301,Alakazam
92291563,scraped/top60_0814/episode-92291563-replay.json,ANDPAD kaggler team,1,1,0.6301,Alakazam
92292498,scraped/top60_0814/episode-92292498-replay.json,ANDPAD kaggler team,0,1,0.6301,other
92293441,scraped/top60_0814/episode-92293441-replay.json,ANDPAD kaggler team,0,1,0.6301,Grimmsnarl
92294368,scraped/top60_0814/episode-92294368-replay.json,ANDPAD kaggler team,0,1,0.6301,Alakazam
92248957,scraped/top60_0814/episode-92248957-replay.json,Masaruto,0,1,0.5,Grimmsnarl
92266756,scraped/top60_0814/episode-92266756-replay.json,yamakawanin,1,1,0.1111,Grimmsnarl
92288674,scraped/top60_0814/episode-92288674-replay.json,ANDPAD kaggler team,0,1,0.6301,Ogerpon
92288674,scraped/top60_0814/episode-92288674-replay.json,ANDPAD kaggler team,1,0,0.6301,Ogerpon
92295326,scraped/top60_0814/episode-92295326-replay.json,ANDPAD kaggler team,1,1,0.6301,Grimmsnarl
92296253,scraped/top60_0814/episode-92296253-replay.json,ANDPAD kaggler team,1,1,0.6301,Alakazam
92297183,scraped/top60_0814/episode-92297183-replay.json,ANDPAD kaggler team,0,0,0.6301,Ogerpon
92297183,scraped/top60_0814/episode-92297183-replay.json,palsystem,1,1,0.6183,Ogerpon
92297364,scraped/top60_0814/episode-92297364-replay.json,ANDPAD kaggler team,0,0,0.6301,Dragapult
92298131,scraped/top60_0814/episode-92298131-replay.json,Dries @ Tufa Labs,0,0,0.561,Ogerpon
92298131,scraped/top60_0814/episode-92298131-replay.json,ANDPAD kaggler team,1,1,0.6301,Ogerpon
92299065,scraped/top60_0814/episode-92299065-replay.json,ANDPAD kaggler team,0,0,0.6301,Grimmsnarl
92300013,scraped/top60_0814/episode-92300013-replay.json,ANDPAD kaggler team,1,1,0.6301,Grimmsnarl
92300071,scraped/top60_0814/episode-92300071-replay.json,ANDPAD kaggler team,0,1,0.6301,Dragapult
92300967,scraped/top60_0814/episode-92300967-replay.json,ANDPAD kaggler team,1,1,0.6301,Grimmsnarl
92301923,scraped/top60_0814/episode-92301923-replay.json,ANDPAD kaggler team,0,1,0.6301,Ogerpon
92301923,scraped/top60_0814/episode-92301923-replay.json,Dries @ Tufa Labs,1,0,0.561,Ogerpon
92302848,scraped/top60_0814/episode-92302848-replay.json,ANDPAD kaggler team,0,1,0.6301,other
92303786,scraped/top60_0814/episode-92303786-replay.json,KatR,0,1,0.6364,Ogerpon
92303786,scraped/top60_0814/episode-92303786-replay.json,ANDPAD kaggler team,1,0,0.6301,Ogerpon
92304729,scraped/top60_0814/episode-92304729-replay.json,ANDPAD kaggler team,1,1,0.6301,Hydrapple
92305657,scraped/top60_0814/episode-92305657-replay.json,ANDPAD kaggler team,0,1,0.6301,Ogerpon
92306587,scraped/top60_0814/episode-92306587-replay.json,ANDPAD kaggler team,1,1,0.6301,Grimmsnarl
92307526,scraped/top60_0814/episode-92307526-replay.json,ANDPAD kaggler team,0,1,0.6301,Alakazam
92308452,scraped/top60_0814/episode-92308452-replay.json,ANDPAD kaggler team,0,1,0.6301,Dragapult
92309389,scraped/top60_0814/episode-92309389-replay.json,ANDPAD kaggler team,1,1,0.6301,M-Lopunny
92310336,scraped/top60_0814/episode-92310336-replay.json,palsystem,0,0,0.6183,Ogerpon
92310336,scraped/top60_0814/episode-92310336-replay.json,ANDPAD kaggler team,1,1,0.6301,Ogerpon
92312209,scraped/top60_0814/episode-92312209-replay.json,ANDPAD kaggler team,0,1,0.6301,Dragapult
92313160,scraped/top60_0814/episode-92313160-replay.json,ANDPAD kaggler team,1,1,0.6301,M-Froslass
92314116,scraped/top60_0814/episode-92314116-replay.json,ANDPAD kaggler team,0,1,0.6301,M-Kangaskhan
92315980,scraped/top60_0814/episode-92315980-replay.json,ANDPAD kaggler team,0,1,0.6301,Grimmsnarl
92316928,scraped/top60_0814/episode-92316928-replay.json,ANDPAD kaggler team,1,1,0.6301,other
92317872,scraped/top60_0814/episode-92317872-replay.json,ANDPAD kaggler team,1,1,0.6301,Alakazam
92318814,scraped/top60_0814/episode-92318814-replay.json,ANDPAD kaggler team,1,0,0.6301,M-Kangaskhan
92320712,scraped/top60_0814/episode-92320712-replay.json,ANDPAD kaggler team,1,0,0.6301,M-Lucario
92321654,scraped/top60_0814/episode-92321654-replay.json,ANDPAD kaggler team,1,1,0.6301,M-Lucario
92322597,scraped/top60_0814/episode-92322597-replay.json,ANDPAD kaggler team,1,0,0.6301,M-Lucario
92323526,scraped/top60_0814/episode-92323526-replay.json,ANDPAD kaggler team,1,0,0.6301,Alakazam
92324477,scraped/top60_0814/episode-92324477-replay.json,ANDPAD kaggler team,0,0,0.6301,Ogerpon
92324477,scraped/top60_0814/episode-92324477-replay.json,Oshbocker,1,1,0.6304,Ogerpon
92325424,scraped/top60_0814/episode-92325424-replay.json,ANDPAD kaggler team,1,1,0.6301,other
92326399,scraped/top60_0814/episode-92326399-replay.json,ANDPAD kaggler team,1,1,0.6301,M-Lucario
92327292,scraped/top60_0814/episode-92327292-replay.json,ANDPAD kaggler team,0,1,0.6301,M-Kangaskhan
92328232,scraped/top60_0814/episode-92328232-replay.json,ANDPAD kaggler team,0,1,0.6301,M-Lucario
92329211,scraped/top60_0814/episode-92329211-replay.json,ANDPAD kaggler team,1,1,0.6301,other
92330111,scraped/top60_0814/episode-92330111-replay.json,Oshbocker,0,1,0.6304,Ogerpon
92330111,scraped/top60_0814/episode-92330111-replay.json,ANDPAD kaggler team,1,0,0.6301,Ogerpon
92331064,scraped/top60_0814/episode-92331064-replay.json,ANDPAD kaggler team,0,1,0.6301,M-Kangaskhan
92331998,scraped/top60_0814/episode-92331998-replay.json,ANDPAD kaggler team,1,1,0.6301,other
92332926,scraped/top60_0814/episode-92332926-replay.json,ANDPAD kaggler team,0,0,0.6301,M-Kangaskhan
92334840,scraped/top60_0814/episode-92334840-replay.json,ANDPAD kaggler team,0,1,0.6301,Alakazam
92335761,scraped/top60_0814/episode-92335761-replay.json,ANDPAD kaggler team,1,0,0.6301,Archaludon
92336726,scraped/top60_0814/episode-92336726-replay.json,ANDPAD kaggler team,0,0,0.6301,Ogerpon
92336726,scraped/top60_0814/episode-92336726-replay.json,Oshbocker,1,1,0.6304,Ogerpon
92347935,scraped/top60_0814/episode-92347935-replay.json,ANDPAD kaggler team,1,0,0.6301,M-Lucario
92359125,scraped/top60_0814/episode-92359125-replay.json,ANDPAD kaggler team,1,1,0.6301,Dragapult
92381639,scraped/top60_0814/episode-92381639-replay.json,ANDPAD kaggler team,0,1,0.6301,Crustle
92388064,scraped/top60_0814/episode-92388064-replay.json,ANDPAD kaggler team,0,0,0.6301,Dragapult
92406583,scraped/top60_0814/episode-92406583-replay.json,ANDPAD kaggler team,1,1,0.6301,Dragapult
92416814,scraped/top60_0814/episode-92416814-replay.json,ANDPAD kaggler team,1,0,0.6301,M-Lucario
92424919,scraped/top60_0814/episode-92424919-replay.json,Kers Aoyagi,0,1,0.3333,Grimmsnarl
92425164,scraped/top60_0814/episode-92425164-replay.json,ANDPAD kaggler team,1,1,0.6301,Ogerpon
92429843,scraped/top60_0814/episode-92429843-replay.json,ANDPAD kaggler team,1,0,0.6301,Dragapult
92430691,scraped/top60_0814/episode-92430691-replay.json,ANDPAD kaggler team,1,1,0.6301,M-Lopunny
92430785,scraped/top60_0814/episode-92430785-replay.json,ANDPAD kaggler team,0,0,0.6301,Dragapult
92440096,scraped/top60_0814/episode-92440096-replay.json,ANDPAD kaggler team,1,1,0.6301,Alakazam
92447425,scraped/top60_0814/episode-92447425-replay.json,ANDPAD kaggler team,0,1,0.6301,M-Kangaskhan
92453055,scraped/top60_0814/episode-92453055-replay.json,ANDPAD kaggler team,1,1,0.6301,M-Lopunny
92463825,scraped/top60_0814/episode-92463825-replay.json,Yan,0,0,0.3462,Alakazam
92459461,scraped/top60_0814/episode-92459461-replay.json,ANDPAD kaggler team,0,1,0.6301,M-Kangaskhan
92462318,scraped/top60_0814/episode-92462318-replay.json,ANDPAD kaggler team,1,1,0.6301,M-Lucario
92476293,scraped/top60_0814/episode-92476293-replay.json,loIzpo + emonga,0,0,0.5254,Alakazam
92477219,scraped/top60_0814/episode-92477219-replay.json,Tatsuya Kayama,0,1,0.4375,Alakazam
92492031,scraped/top60_0814/episode-92492031-replay.json,KatR,1,1,0.6364,Grimmsnarl
92498613,scraped/top60_0814/episode-92498613-replay.json,ANDPAD kaggler team,0,1,0.6301,M-Lucario
92532083,scraped/top60_0814/episode-92532083-replay.json,Boss's Orders Are All You Need,0,0,0.4872,Alakazam
92532775,scraped/top60_0814/episode-92532775-replay.json,ANDPAD kaggler team,0,1,0.6301,Alakazam
92518165,scraped/top60_0814/episode-92518165-replay.json,ANDPAD kaggler team,0,1,0.6301,Dragapult
92522681,scraped/top60_0814/episode-92522681-replay.json,熱異常,0,0,0.5,Grimmsnarl
92524551,scraped/top60_0814/episode-92524551-replay.json,熱異常,1,0,0.5,Grimmsnarl
92546716,scraped/top60_0814/episode-92546716-replay.json,熱異常,1,0,0.5,Alakazam
92547846,scraped/top60_0814/episode-92547846-replay.json,ANDPAD kaggler team,0,1,0.6301,Alakazam
92555187,scraped/top60_0814/episode-92555187-replay.json,tw_shin,1,0,0.475,Alakazam
92556168,scraped/top60_0814/episode-92556168-replay.json,Yan,0,1,0.3462,Alakazam
92598820,scraped/top60_0814/episode-92598820-replay.json,ANDPAD kaggler team,0,0,0.6301,M-Kangaskhan
92603493,scraped/top60_0814/episode-92603493-replay.json,ANDPAD kaggler team,0,0,0.6301,M-Kangaskhan
92604441,scraped/top60_0814/episode-92604441-replay.json,ANDPAD kaggler team,1,1,0.6301,M-Kangaskhan
92605386,scraped/top60_0814/episode-92605386-replay.json,ANDPAD kaggler team,0,1,0.6301,M-Kangaskhan
92577463,scraped/top60_0814/episode-92577463-replay.json,ANDPAD kaggler team,1,1,0.6301,Grimmsnarl
92577613,scraped/top60_0814/episode-92577613-replay.json,ANDPAD kaggler team,0,1,0.6301,Grimmsnarl
92580497,scraped/top60_0814/episode-92580497-replay.json,tw_shin,1,1,0.475,Grimmsnarl
92617552,scraped/top60_0814/episode-92617552-replay.json,Dipam Chakraborty,0,0,0.7491,Alakazam
92635382,scraped/top60_0814/episode-92635382-replay.json,Dipam Chakraborty,1,0,0.7491,Grimmsnarl
92638316,scraped/top60_0814/episode-92638316-replay.json,ANDPAD kaggler team,0,0,0.6301,M-Kangaskhan
92641958,scraped/top60_0814/episode-92641958-replay.json,ANDPAD kaggler team,0,0,0.6301,Ogerpon
92641958,scraped/top60_0814/episode-92641958-replay.json,Dipam Chakraborty,1,1,0.7491,Ogerpon
92651228,scraped/top60_0814/episode-92651228-replay.json,ANDPAD kaggler team,0,0,0.6301,Dragapult
92651266,scraped/top60_0814/episode-92651266-replay.json,ANDPAD kaggler team,1,0,0.6301,M-Kangaskhan
92653175,scraped/top60_0814/episode-92653175-replay.json,Dipam Chakraborty,0,1,0.7491,Ogerpon
92653175,scraped/top60_0814/episode-92653175-replay.json,ANDPAD kaggler team,1,0,0.6301,Ogerpon
92654012,scraped/top60_0814/episode-92654012-replay.json,ANDPAD kaggler team,0,0,0.6301,M-Kangaskhan
92678366,scraped/top60_0814/episode-92678366-replay.json,tw_shin,0,0,0.475,M-Kangaskhan
92679415,scraped/top60_0814/episode-92679415-replay.json,Rmy,0,1,0.5102,Ogerpon
92679415,scraped/top60_0814/episode-92679415-replay.json,ANDPAD kaggler team,1,0,0.6301,Ogerpon
92682142,scraped/top60_0814/episode-92682142-replay.json,ANDPAD kaggler team,0,1,0.6301,M-Kangaskhan
92683089,scraped/top60_0814/episode-92683089-replay.json,tw_shin,1,0,0.475,M-Kangaskhan
92694275,scraped/top60_0814/episode-92694275-replay.json,ANDPAD kaggler team,0,1,0.6301,Dragapult
92715619,scraped/top60_0814/episode-92715619-replay.json,loIzpo + emonga,0,0,0.5254,M-Kangaskhan
92715653,scraped/top60_0814/episode-92715653-replay.json,Boss's Orders Are All You Need,1,0,0.4872,Dragapult
92705382,scraped/top60_0814/episode-92705382-replay.json,ANDPAD kaggler team,0,0,0.6301,Alakazam
92721933,scraped/top60_0814/episode-92721933-replay.json,KatR,0,1,0.6364,Alakazam
92725675,scraped/top60_0814/episode-92725675-replay.json,KatR,0,1,0.6364,Dragapult
92731362,scraped/top60_0814/episode-92731362-replay.json,Nghia Tran + ketchum alt,0,1,0.375,Dragapult
92731465,scraped/top60_0814/episode-92731465-replay.json,ANDPAD kaggler team,0,0,0.6301,Ogerpon
92731465,scraped/top60_0814/episode-92731465-replay.json,熱異常,1,1,0.5,Ogerpon
92735180,scraped/top60_0814/episode-92735180-replay.json,Rmy,1,0,0.5102,Dragapult
92755554,scraped/top60_0814/episode-92755554-replay.json,goonew,1,0,0.5714,Dragapult
92759266,scraped/top60_0814/episode-92759266-replay.json,Rmy,0,1,0.5102,M-Kangaskhan
92739644,scraped/top60_0814/episode-92739644-replay.json,goonew,1,0,0.5714,Grimmsnarl
92744428,scraped/top60_0814/episode-92744428-replay.json,ANDPAD kaggler team,0,0,0.6301,Dragapult
92745319,scraped/top60_0814/episode-92745319-replay.json,Rmy,0,0,0.5102,Dragapult
92771937,scraped/top60_0814/episode-92771937-replay.json,ANDPAD kaggler team,1,0,0.6301,Dragapult
92760798,scraped/top60_0814/episode-92760798-replay.json,ANDPAD kaggler team,0,1,0.6301,Grimmsnarl
92760803,scraped/top60_0814/episode-92760803-replay.json,ANDPAD kaggler team,0,1,0.6301,Ogerpon
92760803,scraped/top60_0814/episode-92760803-replay.json,Majkel1337,1,0,0.4255,Ogerpon
92761963,scraped/top60_0814/episode-92761963-replay.json,熱異常,0,0,0.5,Dragapult
92767505,scraped/top60_0814/episode-92767505-replay.json,熱異常,0,1,0.5,Dragapult
92783098,scraped/top60_0814/episode-92783098-replay.json,ANDPAD kaggler team,0,1,0.6301,Dragapult
92786824,scraped/top60_0814/episode-92786824-replay.json,ANDPAD kaggler team,1,0,0.6301,Dragapult
92796174,scraped/top60_0814/episode-92796174-replay.json,ANDPAD kaggler team,1,1,0.6301,other
92801438,scraped/top60_0814/episode-92801438-replay.json,ANDPAD kaggler team,0,1,0.6301,Alakazam
92802394,scraped/top60_0814/episode-92802394-replay.json,ANDPAD kaggler team,0,1,0.6301,Ogerpon
92802394,scraped/top60_0814/episode-92802394-replay.json,guruguru000,1,0,0.4286,Ogerpon
92803358,scraped/top60_0814/episode-92803358-replay.json,ANDPAD kaggler team,0,1,0.6301,M-Lopunny
92804301,scraped/top60_0814/episode-92804301-replay.json,ANDPAD kaggler team,1,0,0.6301,Dragapult
92805289,scraped/top60_0814/episode-92805289-replay.json,yamakawanin,0,0,0.1111,Ogerpon
92805289,scraped/top60_0814/episode-92805289-replay.json,ANDPAD kaggler team,1,1,0.6301,Ogerpon
92806331,scraped/top60_0814/episode-92806331-replay.json,ANDPAD kaggler team,0,1,0.6301,other
92798549,scraped/top60_0814/episode-92798549-replay.json,ANDPAD kaggler team,0,1,0.6301,Ogerpon
92798549,scraped/top60_0814/episode-92798549-replay.json,ANDPAD kaggler team,1,0,0.6301,Ogerpon
92798645,scraped/top60_0814/episode-92798645-replay.json,ANDPAD kaggler team,1,1,0.6301,Alakazam
92799554,scraped/top60_0814/episode-92799554-replay.json,ANDPAD kaggler team,1,1,0.6301,other
92800485,scraped/top60_0814/episode-92800485-replay.json,ANDPAD kaggler team,1,1,0.6301,Grimmsnarl
92807238,scraped/top60_0814/episode-92807238-replay.json,ANDPAD kaggler team,0,1,0.6301,Dragapult
92807286,scraped/top60_0814/episode-92807286-replay.json,Jose Coronel,0,0,0.2222,Ogerpon
92807286,scraped/top60_0814/episode-92807286-replay.json,ANDPAD kaggler team,1,1,0.6301,Ogerpon
92808228,scraped/top60_0814/episode-92808228-replay.json,ANDPAD kaggler team,1,0,0.6301,Dragapult
92809194,scraped/top60_0814/episode-92809194-replay.json,ANDPAD kaggler team,1,1,0.6301,Alakazam
92810130,scraped/top60_0814/episode-92810130-replay.json,ANDPAD kaggler team,1,1,0.6301,M-Lucario
92810210,scraped/top60_0814/episode-92810210-replay.json,goonew,1,0,0.5714,Grimmsnarl
92811034,scraped/top60_0814/episode-92811034-replay.json,ANDPAD kaggler team,1,1,0.6301,Grimmsnarl
92811881,scraped/top60_0814/episode-92811881-replay.json,ANDPAD kaggler team,0,1,0.6301,Dragapult
92812893,scraped/top60_0814/episode-92812893-replay.json,ANDPAD kaggler team,0,1,0.6301,Ogerpon
92812893,scraped/top60_0814/episode-92812893-replay.json,KatR,1,0,0.6364,Ogerpon
92813824,scraped/top60_0814/episode-92813824-replay.json,ANDPAD kaggler team,0,1,0.6301,Dragapult
92814752,scraped/top60_0814/episode-92814752-replay.json,ANDPAD kaggler team,1,1,0.6301,Grimmsnarl
92815684,scraped/top60_0814/episode-92815684-replay.json,ANDPAD kaggler team,1,0,0.6301,Dragapult
92816671,scraped/top60_0814/episode-92816671-replay.json,ANDPAD kaggler team,0,0,0.6301,Dragapult
92816779,scraped/top60_0814/episode-92816779-replay.json,ANDPAD kaggler team,1,1,0.6301,Hydrapple
92817487,scraped/top60_0814/episode-92817487-replay.json,ANDPAD kaggler team,0,1,0.6301,Meganium
92818505,scraped/top60_0814/episode-92818505-replay.json,ANDPAD kaggler team,0,1,0.6301,M-Kangaskhan
92818512,scraped/top60_0814/episode-92818512-replay.json,ANDPAD kaggler team,0,1,0.6301,Grimmsnarl
92819434,scraped/top60_0814/episode-92819434-replay.json,ANDPAD kaggler team,0,1,0.6301,Grimmsnarl
92824139,scraped/top60_0814/episode-92824139-replay.json,ANDPAD kaggler team,0,0,0.6301,Dragapult
92825080,scraped/top60_0814/episode-92825080-replay.json,ANDPAD kaggler team,0,1,0.6301,Ogerpon
92825080,scraped/top60_0814/episode-92825080-replay.json,Dipam Chakraborty,1,0,0.7491,Ogerpon
92826004,scraped/top60_0814/episode-92826004-replay.json,ANDPAD kaggler team,0,1,0.6301,Grimmsnarl
92826011,scraped/top60_0814/episode-92826011-replay.json,ANDPAD kaggler team,0,1,0.6301,Grimmsnarl
92826934,scraped/top60_0814/episode-92826934-replay.json,ANDPAD kaggler team,0,1,0.6301,Ogerpon
92826934,scraped/top60_0814/episode-92826934-replay.json,Dipam Chakraborty,1,0,0.7491,Ogerpon
92827868,scraped/top60_0814/episode-92827868-replay.json,ANDPAD kaggler team,1,0,0.6301,M-Lucario
92828817,scraped/top60_0814/episode-92828817-replay.json,ANDPAD kaggler team,1,1,0.6301,M-Lopunny
92820381,scraped/top60_0814/episode-92820381-replay.json,ANDPAD kaggler team,1,1,0.6301,Alakazam
92821324,scraped/top60_0814/episode-92821324-replay.json,ANDPAD kaggler team,0,1,0.6301,Alakazam
92822244,scraped/top60_0814/episode-92822244-replay.json,ANDPAD kaggler team,0,0,0.6301,Grimmsnarl
92822250,scraped/top60_0814/episode-92822250-replay.json,ANDPAD kaggler team,1,1,0.6301,Dragapult
92823190,scraped/top60_0814/episode-92823190-replay.json,ANDPAD kaggler team,1,1,0.6301,Dragapult
92823311,scraped/top60_0814/episode-92823311-replay.json,ANDPAD kaggler team,1,0,0.6301,Dragapult
92837220,scraped/top60_0814/episode-92837220-replay.json,ANDPAD kaggler team,1,0,0.6301,Grimmsnarl
92844597,scraped/top60_0814/episode-92844597-replay.json,ANDPAD kaggler team,0,1,0.6301,Dragapult
92847351,scraped/top60_0814/episode-92847351-replay.json,ANDPAD kaggler team,1,1,0.6301,Dragapult
92829741,scraped/top60_0814/episode-92829741-replay.json,ANDPAD kaggler team,1,1,0.6301,M-Lopunny
92830682,scraped/top60_0814/episode-92830682-replay.json,ANDPAD kaggler team,0,1,0.6301,Grimmsnarl
92831633,scraped/top60_0814/episode-92831633-replay.json,ANDPAD kaggler team,0,0,0.6301,Dragapult
92832535,scraped/top60_0814/episode-92832535-replay.json,ANDPAD kaggler team,0,0,0.6301,M-Lucario
92834399,scraped/top60_0814/episode-92834399-replay.json,ANDPAD kaggler team,0,1,0.6301,Alakazam
92859548,scraped/top60_0814/episode-92859548-replay.json,ANDPAD kaggler team,1,0,0.6301,Dragapult
92870667,scraped/top60_0814/episode-92870667-replay.json,ANDPAD kaggler team,1,1,0.6301,Alakazam
92872202,scraped/top60_0814/episode-92872202-replay.json,ANDPAD kaggler team,1,1,0.6301,M-Lopunny
92876185,scraped/top60_0814/episode-92876185-replay.json,Dipam Chakraborty,1,1,0.7491,M-Kangaskhan
92878974,scraped/top60_0814/episode-92878974-replay.json,ANDPAD kaggler team,1,1,0.6301,Dragapult
92888325,scraped/top60_0814/episode-92888325-replay.json,ANDPAD kaggler team,1,0,0.6301,Alakazam
92897482,scraped/top60_0814/episode-92897482-replay.json,EliKal,1,0,0.4118,Alakazam
92900323,scraped/top60_0814/episode-92900323-replay.json,ANDPAD kaggler team,1,1,0.6301,Grimmsnarl
92904982,scraped/top60_0814/episode-92904982-replay.json,ANDPAD kaggler team,0,1,0.6301,Dragapult
92911488,scraped/top60_0814/episode-92911488-replay.json,熱異常,0,1,0.5,Dragapult
92921583,scraped/top60_0814/episode-92921583-replay.json,ANDPAD kaggler team,0,1,0.6301,M-Lopunny
92921699,scraped/top60_0814/episode-92921699-replay.json,LiamK,1,1,0.6667,M-Kangaskhan
92921845,scraped/top60_0814/episode-92921845-replay.json,ANDPAD kaggler team,1,1,0.6301,M-Kangaskhan
92923355,scraped/top60_0814/episode-92923355-replay.json,Dipam Chakraborty,0,1,0.7491,M-Lucario
92923540,scraped/top60_0814/episode-92923540-replay.json,LiamK,0,1,0.6667,Dragapult
92933686,scraped/top60_0814/episode-92933686-replay.json,熱異常,1,0,0.5,M-Lucario
92936620,scraped/top60_0814/episode-92936620-replay.json,Dipam Chakraborty,0,1,0.7491,M-Kangaskhan
92942139,scraped/top60_0814/episode-92942139-replay.json,Rmy,0,1,0.5102,other
92944023,scraped/top60_0814/episode-92944023-replay.json,Rmy,0,0,0.5102,M-Lucario
92937618,scraped/top60_0814/episode-92937618-replay.json,LiamK,0,1,0.6667,Dragapult
92938395,scraped/top60_0814/episode-92938395-replay.json,Rmy,1,1,0.5102,M-Lucario
92939290,scraped/top60_0814/episode-92939290-replay.json,ANDPAD kaggler team,0,0,0.6301,M-Lucario
92940390,scraped/top60_0814/episode-92940390-replay.json,Dipam Chakraborty,1,1,0.7491,Dragapult
92944955,scraped/top60_0814/episode-92944955-replay.json,Sixth Sense,1,1,0.6541,M-Lucario
92945723,scraped/top60_0814/episode-92945723-replay.json,EliKal,0,0,0.4118,Dragapult
92947580,scraped/top60_0814/episode-92947580-replay.json,hatata,1,0,0.5238,Dragapult
92948702,scraped/top60_0814/episode-92948702-replay.json,Sixth Sense,1,0,0.6541,M-Lucario
92948792,scraped/top60_0814/episode-92948792-replay.json,Dipam Chakraborty,0,0,0.7491,M-Lucario
92948867,scraped/top60_0814/episode-92948867-replay.json,ANDPAD kaggler team,0,1,0.6301,Ogerpon
92948867,scraped/top60_0814/episode-92948867-replay.json,goonew,1,0,0.5714,Ogerpon
92957040,scraped/top60_0814/episode-92957040-replay.json,goonew,0,1,0.5714,M-Lucario
92957969,scraped/top60_0814/episode-92957969-replay.json,ANDPAD kaggler team,1,1,0.6301,M-Lucario
92958907,scraped/top60_0814/episode-92958907-replay.json,goonew,0,1,0.5714,M-Lucario
92961835,scraped/top60_0814/episode-92961835-replay.json,LiamK,1,1,0.6667,Grimmsnarl
92962528,scraped/top60_0814/episode-92962528-replay.json,Majkel1337,1,0,0.4255,Dragapult
92965520,scraped/top60_0814/episode-92965520-replay.json,LiamK,1,1,0.6667,Dragapult
92970182,scraped/top60_0814/episode-92970182-replay.json,ANDPAD kaggler team,0,1,0.6301,M-Lucario
92972910,scraped/top60_0814/episode-92972910-replay.json,ANDPAD kaggler team,0,0,0.6301,Ogerpon
92972910,scraped/top60_0814/episode-92972910-replay.json,LiamK,1,1,0.6667,Ogerpon
93021434,scraped/top60_0814/episode-93021434-replay.json,ANDPAD kaggler team,1,0,0.6301,M-Lopunny
92978320,scraped/top60_0814/episode-92978320-replay.json,Dipam Chakraborty,1,1,0.7491,Grimmsnarl
92979393,scraped/top60_0814/episode-92979393-replay.json,LiamK,1,0,0.6667,Dragapult
92980331,scraped/top60_0814/episode-92980331-replay.json,palsystem,0,1,0.6183,Dragapult
92992336,scraped/top60_0814/episode-92992336-replay.json,Dipam Chakraborty,1,1,0.7491,M-Lucario
92996215,scraped/top60_0814/episode-92996215-replay.json,ANDPAD kaggler team,0,1,0.6301,Ogerpon
92996215,scraped/top60_0814/episode-92996215-replay.json,goonew,1,0,0.5714,Ogerpon
93013922,scraped/top60_0814/episode-93013922-replay.json,Luca,1,1,0.6349,Grimmsnarl
93047344,scraped/v8_extra/episode-93047344-replay.json,Sixth Sense,0,0,0.6541,M-Lucario
93052988,scraped/v8_extra/episode-93052988-replay.json,Sixth Sense,1,0,0.6541,M-Lucario
93054906,scraped/v8_extra/episode-93054906-replay.json,Sixth Sense,0,1,0.6541,M-Lucario
92954416,scraped/v8_extra/episode-92954416-replay.json,Sixth Sense,1,1,0.6541,Dragapult
93002756,scraped/v8_extra/episode-93002756-replay.json,Dipam Chakraborty,0,1,0.7491,Dragapult
93022369,scraped/v8_extra/episode-93022369-replay.json,Dipam Chakraborty,1,0,0.7491,M-Lucario
93038952,scraped/v8_extra/episode-93038952-replay.json,Sixth Sense,0,0,0.6541,M-Lucario
92890146,scraped/v8_extra/episode-92890146-replay.json,Rmy,1,1,0.5102,Dragapult
91983447,kd_fresh/_kdcyberdude/91983447.json,タニシ,1,0,0.4324,M-Kangaskhan
